id,conversation_id,line_order,speaker,hanzi,pinyin,meaning_ja,segs,source_site
1,1,1,小明,你好！我叫小明，你呢？,"Nǐ hǎo! Wǒ jiào Xiǎomíng, nǐ ne?",こんにちは！僕は小明といいます、あなたは？,"[{""text"": ""你好"", ""type"": ""vocab"", ""py"": ""nǐhǎo"", ""note"": ""こんにちは""}, {""text"": ""！"", ""type"": ""punct""}, {""text"": ""我"", ""type"": ""vocab"", ""py"": ""wǒ"", ""note"": ""私""}, {""text"": ""叫"", ""type"": ""grammar"", ""py"": ""jiào"", ""note"": ""「（人に）〜させる」使役、または「〜という名前だ」を表す動詞。""}, {""text"": ""小明"", ""type"": ""vocab"", ""py"": ""xiǎomíng"", ""note"": ""（人名）""}, {""text"": ""，"", ""type"": ""punct""}, {""text"": ""你"", ""type"": ""vocab"", ""py"": ""nǐ"", ""note"": ""あなた""}, {""text"": ""呢"", ""type"": ""grammar"", ""py"": ""ne"", ""note"": ""疑問文を柔らかくしたり「〜は？」と聞き返すときに使う文末助詞。""}, {""text"": ""？"", ""type"": ""punct""}]",HSKspeaking_practice
2,1,2,丽丽,你好，我叫丽丽。认识你很高兴。,"Nǐ hǎo, wǒ jiào Lìli. Rènshi nǐ hěn gāoxìng.",こんにちは、私は丽丽です。あなたに会えて嬉しいです。,"[{""text"": ""你好"", ""type"": ""vocab"", ""py"": ""nǐhǎo"", ""note"": ""こんにちは""}, {""text"": ""，"", ""type"": ""punct""}, {""text"": ""我"", ""type"": ""vocab"", ""py"": ""wǒ"", ""note"": ""私""}, {""text"": ""叫"", ""type"": ""grammar"", ""py"": ""jiào"", ""note"": ""「（人に）〜させる」使役、または「〜という名前だ」を表す動詞。""}, {""text"": ""丽丽"", ""type"": ""vocab"", ""py"": ""lìlì"", ""note"": ""（人名）""}, {""text"": ""。"", ""type"": ""punct""}, {""text"": ""认识"", ""type"": ""vocab"", ""py"": ""rènshí"", ""note"": ""知り合う、知っている""}, {""text"": ""你"", ""type"": ""vocab"", ""py"": ""nǐ"", ""note"": ""あなた""}, {""text"": ""很"", ""type"": ""grammar"", ""py"": ""hěn"", ""note"": ""「とても」を表す程度の副詞。形容詞文でよく使われる。""}, {""text"": ""高兴"", ""type"": ""vocab"", ""py"": ""gāoxìng"", ""note"": ""うれしい""}, {""text"": ""。"", ""type"": ""punct""}]",HSKspeaking_practice
3,1,3,小明,我也很高兴认识你。你是学生吗？,Wǒ yě hěn gāoxìng rènshi nǐ. Nǐ shì xuéshēng ma?,僕もあなたに会えて嬉しいです。あなたは学生ですか？,"[{""text"": ""我"", ""type"": ""vocab"", ""py"": ""wǒ"", ""note"": ""私""}, {""text"": ""也"", ""type"": ""grammar"", ""py"": ""yě"", ""note"": ""「〜も」を表す副詞。""}, {""text"": ""很"", ""type"": ""grammar"", ""py"": ""hěn"", ""note"": ""「とても」を表す程度の副詞。形容詞文でよく使われる。""}, {""text"": ""高兴"", ""type"": ""vocab"", ""py"": ""gāoxìng"", ""note"": ""うれしい""}, {""text"": ""认识"", ""type"": ""vocab"", ""py"": ""rènshí"", ""note"": ""知り合う、知っている""}, {""text"": ""你"", ""type"": ""vocab"", ""py"": ""nǐ"", ""note"": ""あなた""}, {""text"": ""。"", ""type"": ""punct""}, {""text"": ""你"", ""type"": ""vocab"", ""py"": ""nǐ"", ""note"": ""あなた""}, {""text"": ""是"", ""type"": ""grammar"", ""py"": ""shì"", ""note"": ""「〜である」を表すbe動詞。""}, {""text"": ""学生"", ""type"": ""vocab"", ""py"": ""xuéshēng"", ""note"": ""学生""}, {""text"": ""吗"", ""type"": ""grammar"", ""py"": ""ma"", ""note"": ""「はい/いいえ」で答える疑問文を作る文末助詞。""}, {""text"": ""？"", ""type"": ""punct""}]",HSKspeaking_practice
4,1,4,丽丽,是，我是学生。你也是学生吗？,"Shì, wǒ shì xuéshēng. Nǐ yě shì xuéshēng ma?",はい、私は学生です。あなたも学生ですか？,"[{""text"": ""是"", ""type"": ""grammar"", ""py"": ""shì"", ""note"": ""「〜である」を表すbe動詞。""}, {""text"": ""，"", ""type"": ""punct""}, {""text"": ""我"", ""type"": ""vocab"", ""py"": ""wǒ"", ""note"": ""私""}, {""text"": ""是"", ""type"": ""grammar"", ""py"": ""shì"", ""note"": ""「〜である」を表すbe動詞。""}, {""text"": ""学生"", ""type"": ""vocab"", ""py"": ""xuéshēng"", ""note"": ""学生""}, {""text"": ""。"", ""type"": ""punct""}, {""text"": ""你"", ""type"": ""vocab"", ""py"": ""nǐ"", ""note"": ""あなた""}, {""text"": ""也"", ""type"": ""grammar"", ""py"": ""yě"", ""note"": ""「〜も」を表す副詞。""}, {""text"": ""是"", ""type"": ""grammar"", ""py"": ""shì"", ""note"": ""「〜である」を表すbe動詞。""}, {""text"": ""学生"", ""type"": ""vocab"", ""py"": ""xuéshēng"", ""note"": ""学生""}, {""text"": ""吗"", ""type"": ""grammar"", ""py"": ""ma"", ""note"": ""「はい/いいえ」で答える疑問文を作る文末助詞。""}, {""text"": ""？"", ""type"": ""punct""}]",HSKspeaking_practice
5,1,5,小明,我也是学生。我今年二十岁，你呢？,"Wǒ yě shì xuéshēng. Wǒ jīnnián èrshí suì, nǐ ne?",僕も学生です。僕は今年20歳です、あなたは？,"[{""text"": ""我"", ""type"": ""vocab"", ""py"": ""wǒ"", ""note"": ""私""}, {""text"": ""也"", ""type"": ""grammar"", ""py"": ""yě"", ""note"": ""「〜も」を表す副詞。""}, {""text"": ""是"", ""type"": ""grammar"", ""py"": ""shì"", ""note"": ""「〜である」を表すbe動詞。""}, {""text"": ""学生"", ""type"": ""vocab"", ""py"": ""xuéshēng"", ""note"": ""学生""}, {""text"": ""。"", ""type"": ""punct""}, {""text"": ""我"", ""type"": ""vocab"", ""py"": ""wǒ"", ""note"": ""私""}, {""text"": ""今年"", ""type"": ""vocab"", ""py"": ""jīnnián"", ""note"": ""今年""}, {""text"": ""二十岁"", ""type"": ""vocab"", ""py"": ""èrshísuì"", ""note"": ""20歳""}, {""text"": ""，"", ""type"": ""punct""}, {""text"": ""你"", ""type"": ""vocab"", ""py"": ""nǐ"", ""note"": ""あなた""}, {""text"": ""呢"", ""type"": ""grammar"", ""py"": ""ne"", ""note"": ""疑問文を柔らかくしたり「〜は？」と聞き返すときに使う文末助詞。""}, {""text"": ""？"", ""type"": ""punct""}]",HSKspeaking_practice
6,1,6,丽丽,我今年十九岁。你家有几口人？,Wǒ jīnnián shíjiǔ suì. Nǐ jiā yǒu jǐ kǒu rén?,私は今年19歳です。あなたの家族は何人ですか？,"[{""text"": ""我"", ""type"": ""vocab"", ""py"": ""wǒ"", ""note"": ""私""}, {""text"": ""今年"", ""type"": ""vocab"", ""py"": ""jīnnián"", ""note"": ""今年""}, {""text"": ""十九岁"", ""type"": ""vocab"", ""py"": ""shíjiǔsuì"", ""note"": ""19歳""}, {""text"": ""。"", ""type"": ""punct""}, {""text"": ""你家"", ""type"": ""vocab"", ""py"": ""nǐjiā"", ""note"": ""あなたの家""}, {""text"": ""有"", ""type"": ""grammar"", ""py"": ""yǒu"", ""note"": ""「持っている、ある」を表す動詞。否定形は「没有」。""}, {""text"": ""几口"", ""type"": ""vocab"", ""py"": ""jǐkǒu"", ""note"": ""何人（家族を数える）""}, {""text"": ""人"", ""type"": ""vocab"", ""py"": ""rén"", ""note"": ""人""}, {""text"": ""？"", ""type"": ""punct""}]",HSKspeaking_practice
7,1,7,小明,我家有四口人：爸爸、妈妈、姐姐和我。,"Wǒ jiā yǒu sì kǒu rén: bàba, māma, jiějie hé wǒ.",僕の家は4人家族です：父、母、姉、そして僕です。,"[{""text"": ""我家"", ""type"": ""vocab"", ""py"": ""wǒjiā"", ""note"": ""私の家""}, {""text"": ""有"", ""type"": ""grammar"", ""py"": ""yǒu"", ""note"": ""「持っている、ある」を表す動詞。否定形は「没有」。""}, {""text"": ""四口"", ""type"": ""vocab"", ""py"": ""sìkǒu"", ""note"": ""4人（家族）""}, {""text"": ""人"", ""type"": ""vocab"", ""py"": ""rén"", ""note"": ""人""}, {""text"": ""："", ""type"": ""punct""}, {""text"": ""爸爸"", ""type"": ""vocab"", ""py"": ""bàbà"", ""note"": ""お父さん""}, {""text"": ""、"", ""type"": ""punct""}, {""text"": ""妈妈"", ""type"": ""vocab"", ""py"": ""māmā"", ""note"": ""お母さん""}, {""text"": ""、"", ""type"": ""punct""}, {""text"": ""姐姐"", ""type"": ""vocab"", ""py"": ""jiějiě"", ""note"": ""お姉さん""}, {""text"": ""和"", ""type"": ""grammar"", ""py"": ""hé"", ""note"": ""「〜と」を表す接続詞・介詞。""}, {""text"": ""我"", ""type"": ""vocab"", ""py"": ""wǒ"", ""note"": ""私""}, {""text"": ""。"", ""type"": ""punct""}]",HSKspeaking_practice
8,1,8,丽丽,你喜欢什么运动？,Nǐ xǐhuan shénme yùndòng?,あなたはどんなスポーツが好きですか？,"[{""text"": ""你"", ""type"": ""vocab"", ""py"": ""nǐ"", ""note"": ""あなた""}, {""text"": ""喜欢"", ""type"": ""vocab"", ""py"": ""xǐhuān"", ""note"": ""好きだ、気に入る""}, {""text"": ""什么"", ""type"": ""vocab"", ""py"": ""shénme"", ""note"": ""何""}, {""text"": ""运动"", ""type"": ""vocab"", ""py"": ""yùndòng"", ""note"": ""運動、スポーツ""}, {""text"": ""？"", ""type"": ""punct""}]",HSKspeaking_practice
9,1,9,小明,我喜欢打篮球，你呢？,"Wǒ xǐhuan dǎ lánqiú, nǐ ne?",僕はバスケットボールが好きです、あなたは？,"[{""text"": ""我"", ""type"": ""vocab"", ""py"": ""wǒ"", ""note"": ""私""}, {""text"": ""喜欢"", ""type"": ""vocab"", ""py"": ""xǐhuān"", ""note"": ""好きだ、気に入る""}, {""text"": ""打篮球"", ""type"": ""vocab"", ""py"": ""dǎlánqiú"", ""note"": ""バスケットボールをする""}, {""text"": ""，"", ""type"": ""punct""}, {""text"": ""你"", ""type"": ""vocab"", ""py"": ""nǐ"", ""note"": ""あなた""}, {""text"": ""呢"", ""type"": ""grammar"", ""py"": ""ne"", ""note"": ""疑問文を柔らかくしたり「〜は？」と聞き返すときに使う文末助詞。""}, {""text"": ""？"", ""type"": ""punct""}]",HSKspeaking_practice
10,1,10,丽丽,我喜欢游泳。我们做朋友吧！,Wǒ xǐhuan yóuyǒng. Wǒmen zuò péngyou ba!,私は水泳が好きです。友達になりましょう！,"[{""text"": ""我"", ""type"": ""vocab"", ""py"": ""wǒ"", ""note"": ""私""}, {""text"": ""喜欢"", ""type"": ""vocab"", ""py"": ""xǐhuān"", ""note"": ""好きだ、気に入る""}, {""text"": ""游泳"", ""type"": ""vocab"", ""py"": ""yóuyǒng"", ""note"": ""泳ぐ""}, {""text"": ""。"", ""type"": ""punct""}, {""text"": ""我们"", ""type"": ""vocab"", ""py"": ""wǒmen"", ""note"": ""私たち""}, {""text"": ""做"", ""type"": ""vocab"", ""py"": ""zuò"", ""note"": ""する、作る""}, {""text"": ""朋友"", ""type"": ""vocab"", ""py"": ""péngyǒu"", ""note"": ""友達""}, {""text"": ""吧"", ""type"": ""grammar"", ""py"": ""ba"", ""note"": ""提案・推量・軽い命令を表す文末助詞（〜しよう、〜でしょう）。""}, {""text"": ""！"", ""type"": ""punct""}]",HSKspeaking_practice
11,1,11,小明,好啊，谢谢你！,"Hǎo a, xièxie nǐ!",いいですね、ありがとう！,"[{""text"": ""好"", ""type"": ""vocab"", ""py"": ""hǎo"", ""note"": ""良い、元気だ""}, {""text"": ""啊"", ""type"": ""grammar"", ""py"": ""a"", ""note"": ""感嘆や語気をやわらげる文末助詞。""}, {""text"": ""，"", ""type"": ""punct""}, {""text"": ""谢谢"", ""type"": ""vocab"", ""py"": ""xièxiè"", ""note"": ""ありがとう""}, {""text"": ""你"", ""type"": ""vocab"", ""py"": ""nǐ"", ""note"": ""あなた""}, {""text"": ""！"", ""type"": ""punct""}]",HSKspeaking_practice
12,2,1,小红,你好，我想买一件衣服。,"Nǐ hǎo, wǒ xiǎng mǎi yí jiàn yīfu.",こんにちは、服を一着買いたいです。,"[{""text"": ""你好"", ""type"": ""vocab"", ""py"": ""nǐhǎo"", ""note"": ""こんにちは""}, {""text"": ""，"", ""type"": ""punct""}, {""text"": ""我"", ""type"": ""vocab"", ""py"": ""wǒ"", ""note"": ""私""}, {""text"": ""想"", ""type"": ""grammar"", ""py"": ""xiǎng"", ""note"": ""「〜したい」という願望を表す助動詞。""}, {""text"": ""买"", ""type"": ""vocab"", ""py"": ""mǎi"", ""note"": ""買う""}, {""text"": ""一件"", ""type"": ""vocab"", ""py"": ""yījiàn"", ""note"": ""一着（服の量詞）""}, {""text"": ""衣服"", ""type"": ""vocab"", ""py"": ""yīfú"", ""note"": ""服""}, {""text"": ""。"", ""type"": ""punct""}]",HSKspeaking_practice
13,2,2,售货员,你好，你喜欢什么颜色？,"Nǐ hǎo, nǐ xǐhuan shénme yánsè?",こんにちは、何色がお好きですか？,"[{""text"": ""你好"", ""type"": ""vocab"", ""py"": ""nǐhǎo"", ""note"": ""こんにちは""}, {""text"": ""，"", ""type"": ""punct""}, {""text"": ""你"", ""type"": ""vocab"", ""py"": ""nǐ"", ""note"": ""あなた""}, {""text"": ""喜欢"", ""type"": ""vocab"", ""py"": ""xǐhuān"", ""note"": ""好きだ、気に入る""}, {""text"": ""什么"", ""type"": ""vocab"", ""py"": ""shénme"", ""note"": ""何""}, {""text"": ""颜色"", ""type"": ""vocab"", ""py"": ""yánsè"", ""note"": ""色""}, {""text"": ""？"", ""type"": ""punct""}]",HSKspeaking_practice
14,2,3,小红,我喜欢红色。这件多少钱？,Wǒ xǐhuan hóngsè. Zhè jiàn duōshao qián?,私は赤が好きです。これはいくらですか？,"[{""text"": ""我"", ""type"": ""vocab"", ""py"": ""wǒ"", ""note"": ""私""}, {""text"": ""喜欢"", ""type"": ""vocab"", ""py"": ""xǐhuān"", ""note"": ""好きだ、気に入る""}, {""text"": ""红色"", ""type"": ""vocab"", ""py"": ""hóngsè"", ""note"": ""赤色""}, {""text"": ""。"", ""type"": ""punct""}, {""text"": ""这件"", ""type"": ""vocab"", ""py"": ""zhèjiàn"", ""note"": ""これ（この一着）""}, {""text"": ""多少钱"", ""type"": ""vocab"", ""py"": ""duōshǎoqián"", ""note"": ""いくらですか""}, {""text"": ""？"", ""type"": ""punct""}]",HSKspeaking_practice
15,2,4,售货员,这件一百二十块钱。,Zhè jiàn yìbǎi èrshí kuài qián.,これは120元です。,"[{""text"": ""这件"", ""type"": ""vocab"", ""py"": ""zhèjiàn"", ""note"": ""これ（この一着）""}, {""text"": ""一百二十块"", ""type"": ""vocab"", ""py"": ""yìbǎièrshíkuài"", ""note"": ""120元""}, {""text"": ""钱"", ""type"": ""vocab"", ""py"": ""qián"", ""note"": ""お金""}, {""text"": ""。"", ""type"": ""punct""}]",HSKspeaking_practice
16,2,5,小李,小红，这件也很漂亮，你看看。,"Xiǎohóng, zhè jiàn yě hěn piàoliang, nǐ kànkan.",小红、これもとても綺麗だよ、見てみて。,"[{""text"": ""小红"", ""type"": ""vocab"", ""py"": ""xiǎohóng"", ""note"": ""（人名）""}, {""text"": ""，"", ""type"": ""punct""}, {""text"": ""这件"", ""type"": ""vocab"", ""py"": ""zhèjiàn"", ""note"": ""これ（この一着）""}, {""text"": ""也"", ""type"": ""grammar"", ""py"": ""yě"", ""note"": ""「〜も」を表す副詞。""}, {""text"": ""很漂亮"", ""type"": ""vocab"", ""py"": ""hěnpiàoliàng"", ""note"": ""とても綺麗だ""}, {""text"": ""，"", ""type"": ""punct""}, {""text"": ""你"", ""type"": ""vocab"", ""py"": ""nǐ"", ""note"": ""あなた""}, {""text"": ""看看"", ""type"": ""vocab"", ""py"": ""kànkàn"", ""note"": ""ちょっと見る""}, {""text"": ""。"", ""type"": ""punct""}]",HSKspeaking_practice
17,2,6,小红,这件也不错。这件多少钱？,Zhè jiàn yě búcuò. Zhè jiàn duōshao qián?,これもいいね。これはいくら？,"[{""text"": ""这件"", ""type"": ""vocab"", ""py"": ""zhèjiàn"", ""note"": ""これ（この一着）""}, {""text"": ""也"", ""type"": ""grammar"", ""py"": ""yě"", ""note"": ""「〜も」を表す副詞。""}, {""text"": ""不错"", ""type"": ""vocab"", ""py"": ""bùcuò"", ""note"": ""なかなか良い""}, {""text"": ""。"", ""type"": ""punct""}, {""text"": ""这件"", ""type"": ""vocab"", ""py"": ""zhèjiàn"", ""note"": ""これ（この一着）""}, {""text"": ""多少钱"", ""type"": ""vocab"", ""py"": ""duōshǎoqián"", ""note"": ""いくらですか""}, {""text"": ""？"", ""type"": ""punct""}]",HSKspeaking_practice
18,2,7,售货员,这件八十块钱，很便宜。,"Zhè jiàn bāshí kuài qián, hěn piányi.",これは80元で、とても安いです。,"[{""text"": ""这件"", ""type"": ""vocab"", ""py"": ""zhèjiàn"", ""note"": ""これ（この一着）""}, {""text"": ""八十块"", ""type"": ""vocab"", ""py"": ""bāshíkuài"", ""note"": ""80元""}, {""text"": ""钱"", ""type"": ""vocab"", ""py"": ""qián"", ""note"": ""お金""}, {""text"": ""，"", ""type"": ""punct""}, {""text"": ""很"", ""type"": ""grammar"", ""py"": ""hěn"", ""note"": ""「とても」を表す程度の副詞。形容詞文でよく使われる。""}, {""text"": ""便宜"", ""type"": ""vocab"", ""py"": ""piányi"", ""note"": ""安い""}, {""text"": ""。"", ""type"": ""punct""}]",HSKspeaking_practice
19,2,8,小红,好，我买这件白色的。,"Hǎo, wǒ mǎi zhè jiàn báisè de.",分かりました、この白いのを買います。,"[{""text"": ""好"", ""type"": ""vocab"", ""py"": ""hǎo"", ""note"": ""良い、元気だ""}, {""text"": ""，"", ""type"": ""punct""}, {""text"": ""我"", ""type"": ""vocab"", ""py"": ""wǒ"", ""note"": ""私""}, {""text"": ""买"", ""type"": ""vocab"", ""py"": ""mǎi"", ""note"": ""買う""}, {""text"": ""这件"", ""type"": ""vocab"", ""py"": ""zhèjiàn"", ""note"": ""これ（この一着）""}, {""text"": ""白色"", ""type"": ""vocab"", ""py"": ""báisè"", ""note"": ""白色""}, {""text"": ""的"", ""type"": ""grammar"", ""py"": ""de"", ""note"": ""名詞を修飾し、所有・限定を表す助詞（〜の）。""}, {""text"": ""。"", ""type"": ""punct""}]",HSKspeaking_practice
20,2,9,小李,我们再去买点儿水果吧。,Wǒmen zài qù mǎi diǎnr shuǐguǒ ba.,ちょっと果物も買いに行こうよ。,"[{""text"": ""我们"", ""type"": ""vocab"", ""py"": ""wǒmen"", ""note"": ""私たち""}, {""text"": ""再"", ""type"": ""grammar"", ""py"": ""zài"", ""note"": ""「また、さらに（これから先の繰り返し）」を表す副詞。""}, {""text"": ""去"", ""type"": ""vocab"", ""py"": ""qù"", ""note"": ""行く""}, {""text"": ""买点儿"", ""type"": ""vocab"", ""py"": ""mǎidiǎnér"", ""note"": ""少し買う""}, {""text"": ""水果"", ""type"": ""vocab"", ""py"": ""shuǐguǒ"", ""note"": ""果物""}, {""text"": ""吧"", ""type"": ""grammar"", ""py"": ""ba"", ""note"": ""提案・推量・軽い命令を表す文末助詞（〜しよう、〜でしょう）。""}, {""text"": ""。"", ""type"": ""punct""}]",HSKspeaking_practice
21,2,10,小红,好啊，我想买苹果。,"Hǎo a, wǒ xiǎng mǎi píngguǒ.",いいね、私はリンゴを買いたい。,"[{""text"": ""好"", ""type"": ""vocab"", ""py"": ""hǎo"", ""note"": ""良い、元気だ""}, {""text"": ""啊"", ""type"": ""grammar"", ""py"": ""a"", ""note"": ""感嘆や語気をやわらげる文末助詞。""}, {""text"": ""，"", ""type"": ""punct""}, {""text"": ""我"", ""type"": ""vocab"", ""py"": ""wǒ"", ""note"": ""私""}, {""text"": ""想"", ""type"": ""grammar"", ""py"": ""xiǎng"", ""note"": ""「〜したい」という願望を表す助動詞。""}, {""text"": ""买"", ""type"": ""vocab"", ""py"": ""mǎi"", ""note"": ""買う""}, {""text"": ""苹果"", ""type"": ""vocab"", ""py"": ""píngguǒ"", ""note"": ""りんご""}, {""text"": ""。"", ""type"": ""punct""}]",HSKspeaking_practice
22,3,1,王芳,喂，张伟，你好！,"Wéi, Zhāng Wěi, nǐ hǎo!",もしもし、張偉、こんにちは！,"[{""text"": ""喂"", ""type"": ""vocab"", ""py"": ""wèi"", ""note"": ""もしもし""}, {""text"": ""，"", ""type"": ""punct""}, {""text"": ""张伟"", ""type"": ""vocab"", ""py"": ""zhāngwěi"", ""note"": ""（人名）""}, {""text"": ""，"", ""type"": ""punct""}, {""text"": ""你好"", ""type"": ""vocab"", ""py"": ""nǐhǎo"", ""note"": ""こんにちは""}, {""text"": ""！"", ""type"": ""punct""}]",HSKspeaking_practice
23,3,2,张伟,你好，王芳！有事吗？,"Nǐ hǎo, Wáng Fāng! Yǒu shì ma?",こんにちは、王芳！何かあった？,"[{""text"": ""你好"", ""type"": ""vocab"", ""py"": ""nǐhǎo"", ""note"": ""こんにちは""}, {""text"": ""，"", ""type"": ""punct""}, {""text"": ""王芳"", ""type"": ""vocab"", ""py"": ""wángfāng"", ""note"": ""（人名）""}, {""text"": ""！"", ""type"": ""punct""}, {""text"": ""有事吗"", ""type"": ""vocab"", ""py"": ""yǒushìma"", ""note"": ""何かあるの？""}, {""text"": ""？"", ""type"": ""punct""}]",HSKspeaking_practice
24,3,3,王芳,明天你有时间吗？我们一起吃饭吧。,Míngtiān nǐ yǒu shíjiān ma? Wǒmen yìqǐ chīfàn ba.,明日時間ある？一緒にご飯食べよう。,"[{""text"": ""明天"", ""type"": ""vocab"", ""py"": ""míngtiān"", ""note"": ""明日""}, {""text"": ""你"", ""type"": ""vocab"", ""py"": ""nǐ"", ""note"": ""あなた""}, {""text"": ""有"", ""type"": ""grammar"", ""py"": ""yǒu"", ""note"": ""「持っている、ある」を表す動詞。否定形は「没有」。""}, {""text"": ""时间"", ""type"": ""vocab"", ""py"": ""shíjiān"", ""note"": ""時間""}, {""text"": ""吗"", ""type"": ""grammar"", ""py"": ""ma"", ""note"": ""「はい/いいえ」で答える疑問文を作る文末助詞。""}, {""text"": ""？"", ""type"": ""punct""}, {""text"": ""我们"", ""type"": ""vocab"", ""py"": ""wǒmen"", ""note"": ""私たち""}, {""text"": ""一起"", ""type"": ""vocab"", ""py"": ""yìqǐ"", ""note"": ""一緒に""}, {""text"": ""吃饭"", ""type"": ""vocab"", ""py"": ""chīfàn"", ""note"": ""ご飯を食べる""}, {""text"": ""吧"", ""type"": ""grammar"", ""py"": ""ba"", ""note"": ""提案・推量・軽い命令を表す文末助詞（〜しよう、〜でしょう）。""}, {""text"": ""。"", ""type"": ""punct""}]",HSKspeaking_practice
25,3,4,张伟,好啊，明天几点？,"Hǎo a, míngtiān jǐ diǎn?",いいよ、明日何時？,"[{""text"": ""好"", ""type"": ""vocab"", ""py"": ""hǎo"", ""note"": ""良い、元気だ""}, {""text"": ""啊"", ""type"": ""grammar"", ""py"": ""a"", ""note"": ""感嘆や語気をやわらげる文末助詞。""}, {""text"": ""，"", ""type"": ""punct""}, {""text"": ""明天"", ""type"": ""vocab"", ""py"": ""míngtiān"", ""note"": ""明日""}, {""text"": ""几点"", ""type"": ""vocab"", ""py"": ""jǐdiǎn"", ""note"": ""何時""}, {""text"": ""？"", ""type"": ""punct""}]",HSKspeaking_practice
26,3,5,王芳,中午十二点，怎么样？,"Zhōngwǔ shí'èr diǎn, zěnmeyàng?",お昼の12時はどう？,"[{""text"": ""中午"", ""type"": ""vocab"", ""py"": ""zhōngwǔ"", ""note"": ""昼、正午""}, {""text"": ""十二点"", ""type"": ""vocab"", ""py"": ""shíèrdiǎn"", ""note"": ""12時""}, {""text"": ""，"", ""type"": ""punct""}, {""text"": ""怎么样"", ""type"": ""grammar"", ""py"": ""zěnmeyàng"", ""note"": ""「どうですか」と相手の意見や様子を尋ねる表現。""}, {""text"": ""？"", ""type"": ""punct""}]",HSKspeaking_practice
27,3,6,张伟,可以。在哪儿吃？,Kěyǐ. Zài nǎr chī?,いいよ。どこで食べる？,"[{""text"": ""可以"", ""type"": ""grammar"", ""py"": ""kěyǐ"", ""note"": ""「〜してもよい、〜できる」という許可・可能を表す助動詞。""}, {""text"": ""。"", ""type"": ""punct""}, {""text"": ""在"", ""type"": ""grammar"", ""py"": ""zài"", ""note"": ""「〜にいる／ある」を表す動詞、または動詞の前について進行「〜している」を表す。""}, {""text"": ""哪儿"", ""type"": ""vocab"", ""py"": ""nǎér"", ""note"": ""どこ""}, {""text"": ""吃"", ""type"": ""vocab"", ""py"": ""chī"", ""note"": ""食べる""}, {""text"": ""？"", ""type"": ""punct""}]",HSKspeaking_practice
28,3,7,王芳,学校前边有一个饭馆，很好吃。,"Xuéxiào qiánbian yǒu yí ge fànguǎn, hěn hǎochī.",学校の前に美味しいレストランがあるの。,"[{""text"": ""学校"", ""type"": ""vocab"", ""py"": ""xuéxiào"", ""note"": ""学校""}, {""text"": ""前边"", ""type"": ""vocab"", ""py"": ""qiánbiān"", ""note"": ""前、前方""}, {""text"": ""有"", ""type"": ""grammar"", ""py"": ""yǒu"", ""note"": ""「持っている、ある」を表す動詞。否定形は「没有」。""}, {""text"": ""一个"", ""type"": ""vocab"", ""py"": ""yígè"", ""note"": ""一つ""}, {""text"": ""饭馆"", ""type"": ""vocab"", ""py"": ""fànguǎn"", ""note"": ""レストラン""}, {""text"": ""，"", ""type"": ""punct""}, {""text"": ""很"", ""type"": ""grammar"", ""py"": ""hěn"", ""note"": ""「とても」を表す程度の副詞。形容詞文でよく使われる。""}, {""text"": ""好吃"", ""type"": ""vocab"", ""py"": ""hǎochī"", ""note"": ""おいしい""}, {""text"": ""。"", ""type"": ""punct""}]",HSKspeaking_practice
29,3,8,张伟,好，那儿见！,"Hǎo, nàr jiàn!",分かった、そこで会おう！,"[{""text"": ""好"", ""type"": ""vocab"", ""py"": ""hǎo"", ""note"": ""良い、元気だ""}, {""text"": ""，"", ""type"": ""punct""}, {""text"": ""那儿"", ""type"": ""vocab"", ""py"": ""nàér"", ""note"": ""そこ、あそこ""}, {""text"": ""见"", ""type"": ""vocab"", ""py"": ""jiàn"", ""note"": ""会う""}, {""text"": ""！"", ""type"": ""punct""}]",HSKspeaking_practice
30,3,9,王芳,好，明天见！,"Hǎo, míngtiān jiàn!",うん、また明日！,"[{""text"": ""好"", ""type"": ""vocab"", ""py"": ""hǎo"", ""note"": ""良い、元気だ""}, {""text"": ""，"", ""type"": ""punct""}, {""text"": ""明天"", ""type"": ""vocab"", ""py"": ""míngtiān"", ""note"": ""明日""}, {""text"": ""见"", ""type"": ""vocab"", ""py"": ""jiàn"", ""note"": ""会う""}, {""text"": ""！"", ""type"": ""punct""}]",HSKspeaking_practice
31,4,1,服务员,欢迎光临，你们几位？,"Huānyíng guānglín, nǐmen jǐ wèi?",いらっしゃいませ、何名様ですか？,"[{""text"": ""欢迎光临"", ""type"": ""vocab"", ""py"": ""huānyíngguānglín"", ""note"": ""いらっしゃいませ""}, {""text"": ""，"", ""type"": ""punct""}, {""text"": ""你们"", ""type"": ""vocab"", ""py"": ""nǐmen"", ""note"": ""あなたたち""}, {""text"": ""几位"", ""type"": ""vocab"", ""py"": ""jǐwèi"", ""note"": ""何名様""}, {""text"": ""？"", ""type"": ""punct""}]",HSKspeaking_practice
32,4,2,李明,我们两个人，有位子吗？,"Wǒmen liǎng ge rén, yǒu wèizi ma?",2人ですが、席はありますか？,"[{""text"": ""我们"", ""type"": ""vocab"", ""py"": ""wǒmen"", ""note"": ""私たち""}, {""text"": ""两个"", ""type"": ""vocab"", ""py"": ""liǎnggè"", ""note"": ""二つ""}, {""text"": ""人"", ""type"": ""vocab"", ""py"": ""rén"", ""note"": ""人""}, {""text"": ""，"", ""type"": ""punct""}, {""text"": ""有"", ""type"": ""grammar"", ""py"": ""yǒu"", ""note"": ""「持っている、ある」を表す動詞。否定形は「没有」。""}, {""text"": ""位子"", ""type"": ""vocab"", ""py"": ""wèizi"", ""note"": ""席""}, {""text"": ""吗"", ""type"": ""grammar"", ""py"": ""ma"", ""note"": ""「はい/いいえ」で答える疑問文を作る文末助詞。""}, {""text"": ""？"", ""type"": ""punct""}]",HSKspeaking_practice
33,4,3,服务员,有，这边请。你们想吃点儿什么？,"Yǒu, zhèbiān qǐng. Nǐmen xiǎng chī diǎnr shénme?",ございます、こちらへどうぞ。何を召し上がりますか？,"[{""text"": ""有"", ""type"": ""grammar"", ""py"": ""yǒu"", ""note"": ""「持っている、ある」を表す動詞。否定形は「没有」。""}, {""text"": ""，"", ""type"": ""punct""}, {""text"": ""这边"", ""type"": ""vocab"", ""py"": ""zhèbiān"", ""note"": ""こちら""}, {""text"": ""请"", ""type"": ""vocab"", ""py"": ""qǐng"", ""note"": ""どうぞ〜してください""}, {""text"": ""。"", ""type"": ""punct""}, {""text"": ""你们"", ""type"": ""vocab"", ""py"": ""nǐmen"", ""note"": ""あなたたち""}, {""text"": ""想"", ""type"": ""grammar"", ""py"": ""xiǎng"", ""note"": ""「〜したい」という願望を表す助動詞。""}, {""text"": ""吃"", ""type"": ""vocab"", ""py"": ""chī"", ""note"": ""食べる""}, {""text"": ""点儿"", ""type"": ""vocab"", ""py"": ""diǎnér"", ""note"": ""少し（量を表す）""}, {""text"": ""什么"", ""type"": ""vocab"", ""py"": ""shénme"", ""note"": ""何""}, {""text"": ""？"", ""type"": ""punct""}]",HSKspeaking_practice
34,4,4,小美,我还没决定，你先看看菜单吧。,"Wǒ hái méi juédìng, nǐ xiān kànkan càidān ba.",まだ決めてないの、先にメニュー見て。,"[{""text"": ""我"", ""type"": ""vocab"", ""py"": ""wǒ"", ""note"": ""私""}, {""text"": ""还"", ""type"": ""grammar"", ""py"": ""hái"", ""note"": ""「まだ、さらに」を表す副詞。""}, {""text"": ""没"", ""type"": ""grammar"", ""py"": ""méi"", ""note"": ""「〜していない、〜がない」を表す否定の副詞（過去・完了・所有の否定）。""}, {""text"": ""决定"", ""type"": ""vocab"", ""py"": ""juédìng"", ""note"": ""決める、決定""}, {""text"": ""，"", ""type"": ""punct""}, {""text"": ""你"", ""type"": ""vocab"", ""py"": ""nǐ"", ""note"": ""あなた""}, {""text"": ""先"", ""type"": ""grammar"", ""py"": ""xiān"", ""note"": ""「まず、先に」を表す副詞。""}, {""text"": ""看看"", ""type"": ""vocab"", ""py"": ""kànkàn"", ""note"": ""ちょっと見る""}, {""text"": ""菜单"", ""type"": ""vocab"", ""py"": ""càidān"", ""note"": ""メニュー""}, {""text"": ""吧"", ""type"": ""grammar"", ""py"": ""ba"", ""note"": ""提案・推量・軽い命令を表す文末助詞（〜しよう、〜でしょう）。""}, {""text"": ""。"", ""type"": ""punct""}]",HSKspeaking_practice
35,4,5,李明,我要一个宫保鸡丁和一碗米饭。,Wǒ yào yí ge Gōngbǎo Jīdīng hé yì wǎn mǐfàn.,私は宮保鶏丁とご飯一杯にします。,"[{""text"": ""我要"", ""type"": ""vocab"", ""py"": ""wǒyào"", ""note"": ""私は〜が欲しい""}, {""text"": ""一个"", ""type"": ""vocab"", ""py"": ""yígè"", ""note"": ""一つ""}, {""text"": ""宫保鸡"", ""type"": ""vocab"", ""py"": ""gōngbǎojī"", ""note"": ""宮保鶏丁（料理名の一部）""}, {""text"": ""丁"", ""type"": ""vocab"", ""py"": ""dīng"", ""note"": ""角切り（料理名の一部）""}, {""text"": ""和"", ""type"": ""grammar"", ""py"": ""hé"", ""note"": ""「〜と」を表す接続詞・介詞。""}, {""text"": ""一碗"", ""type"": ""vocab"", ""py"": ""yīwǎn"", ""note"": ""お椀一杯""}, {""text"": ""米饭"", ""type"": ""vocab"", ""py"": ""mǐfàn"", ""note"": ""ご飯""}, {""text"": ""。"", ""type"": ""punct""}]",HSKspeaking_practice
36,4,6,小美,我也一样，因为我今天不太饿，所以点得少一点儿。,"Wǒ yě yíyàng, yīnwèi wǒ jīntiān bú tài è, suǒyǐ diǎn de shǎo yìdiǎnr.",私も同じにするわ、今日はあまりお腹が空いてないから、少なめに注文するね。,"[{""text"": ""我"", ""type"": ""vocab"", ""py"": ""wǒ"", ""note"": ""私""}, {""text"": ""也"", ""type"": ""grammar"", ""py"": ""yě"", ""note"": ""「〜も」を表す副詞。""}, {""text"": ""一样"", ""type"": ""vocab"", ""py"": ""yīyàng"", ""note"": ""同じ""}, {""text"": ""，"", ""type"": ""punct""}, {""text"": ""因为"", ""type"": ""grammar"", ""py"": ""yīnwèi"", ""note"": ""「なぜなら、〜なので」と原因を表す接続詞。「因为…所以…」の形でよく使う。""}, {""text"": ""我"", ""type"": ""vocab"", ""py"": ""wǒ"", ""note"": ""私""}, {""text"": ""今天"", ""type"": ""vocab"", ""py"": ""jīntiān"", ""note"": ""今日""}, {""text"": ""不太饿"", ""type"": ""vocab"", ""py"": ""bùtàiè"", ""note"": ""あまりお腹が空いていない""}, {""text"": ""，"", ""type"": ""punct""}, {""text"": ""所以"", ""type"": ""grammar"", ""py"": ""suǒyǐ"", ""note"": ""「だから」と結果を表す接続詞。""}, {""text"": ""点得少"", ""type"": ""vocab"", ""py"": ""diǎndéshǎo"", ""note"": ""少なめに注文する""}, {""text"": ""一点儿"", ""type"": ""vocab"", ""py"": ""yìdiǎnér"", ""note"": ""少し""}, {""text"": ""。"", ""type"": ""punct""}]",HSKspeaking_practice
37,4,7,服务员,好的，还要喝点儿什么吗？,"Hǎo de, hái yào hē diǎnr shénme ma?",かしこまりました、お飲み物は何になさいますか？,"[{""text"": ""好"", ""type"": ""vocab"", ""py"": ""hǎo"", ""note"": ""良い、元気だ""}, {""text"": ""的"", ""type"": ""grammar"", ""py"": ""de"", ""note"": ""名詞を修飾し、所有・限定を表す助詞（〜の）。""}, {""text"": ""，"", ""type"": ""punct""}, {""text"": ""还要"", ""type"": ""vocab"", ""py"": ""háiyào"", ""note"": ""まだ〜が必要、さらに〜したい""}, {""text"": ""喝"", ""type"": ""vocab"", ""py"": ""hē"", ""note"": ""飲む""}, {""text"": ""点儿"", ""type"": ""vocab"", ""py"": ""diǎnér"", ""note"": ""少し（量を表す）""}, {""text"": ""什么"", ""type"": ""vocab"", ""py"": ""shénme"", ""note"": ""何""}, {""text"": ""吗"", ""type"": ""grammar"", ""py"": ""ma"", ""note"": ""「はい/いいえ」で答える疑問文を作る文末助詞。""}, {""text"": ""？"", ""type"": ""punct""}]",HSKspeaking_practice
38,4,8,李明,来两杯茶，谢谢。,"Lái liǎng bēi chá, xièxie.",お茶を2杯お願いします、ありがとう。,"[{""text"": ""来"", ""type"": ""vocab"", ""py"": ""lái"", ""note"": ""来る""}, {""text"": ""两杯"", ""type"": ""vocab"", ""py"": ""liǎngbēi"", ""note"": ""2杯""}, {""text"": ""茶"", ""type"": ""vocab"", ""py"": ""chá"", ""note"": ""お茶""}, {""text"": ""，"", ""type"": ""punct""}, {""text"": ""谢谢"", ""type"": ""vocab"", ""py"": ""xièxiè"", ""note"": ""ありがとう""}, {""text"": ""。"", ""type"": ""punct""}]",HSKspeaking_practice
39,4,9,小美,这家饭馆的菜做得怎么样？,Zhè jiā fànguǎn de cài zuò de zěnmeyàng?,このお店の料理は美味しいの？,"[{""text"": ""这家"", ""type"": ""vocab"", ""py"": ""zhèjiā"", ""note"": ""この店""}, {""text"": ""饭馆"", ""type"": ""vocab"", ""py"": ""fànguǎn"", ""note"": ""レストラン""}, {""text"": ""的"", ""type"": ""grammar"", ""py"": ""de"", ""note"": ""名詞を修飾し、所有・限定を表す助詞（〜の）。""}, {""text"": ""菜"", ""type"": ""vocab"", ""py"": ""cài"", ""note"": ""料理""}, {""text"": ""做"", ""type"": ""vocab"", ""py"": ""zuò"", ""note"": ""する、作る""}, {""text"": ""得"", ""type"": ""grammar"", ""py"": ""dé"", ""note"": ""動詞・形容詞の後について程度や結果を表す補語を導く助詞（〜するのが…だ）。文脈により「〜しなければならない(děi)」の助動詞の場合もある。""}, {""text"": ""怎么样"", ""type"": ""grammar"", ""py"": ""zěnmeyàng"", ""note"": ""「どうですか」と相手の意見や様子を尋ねる表現。""}, {""text"": ""？"", ""type"": ""punct""}]",HSKspeaking_practice
40,4,10,李明,听说做得很好吃，而且服务也不错。,"Tīngshuō zuò de hěn hǎochī, érqiě fúwù yě búcuò.",美味しいって聞いたよ、それにサービスもいいって。,"[{""text"": ""听说"", ""type"": ""vocab"", ""py"": ""tīngshuō"", ""note"": ""〜と聞いている""}, {""text"": ""做"", ""type"": ""vocab"", ""py"": ""zuò"", ""note"": ""する、作る""}, {""text"": ""得"", ""type"": ""grammar"", ""py"": ""dé"", ""note"": ""動詞・形容詞の後について程度や結果を表す補語を導く助詞（〜するのが…だ）。文脈により「〜しなければならない(děi)」の助動詞の場合もある。""}, {""text"": ""很"", ""type"": ""grammar"", ""py"": ""hěn"", ""note"": ""「とても」を表す程度の副詞。形容詞文でよく使われる。""}, {""text"": ""好吃"", ""type"": ""vocab"", ""py"": ""hǎochī"", ""note"": ""おいしい""}, {""text"": ""，"", ""type"": ""punct""}, {""text"": ""而且"", ""type"": ""grammar"", ""py"": ""érqiě"", ""note"": ""「その上、しかも」を表す接続詞。「不但…而且…」の形でよく使う。""}, {""text"": ""服务"", ""type"": ""vocab"", ""py"": ""fúwù"", ""note"": ""サービス""}, {""text"": ""也"", ""type"": ""grammar"", ""py"": ""yě"", ""note"": ""「〜も」を表す副詞。""}, {""text"": ""不错"", ""type"": ""vocab"", ""py"": ""bùcuò"", ""note"": ""なかなか良い""}, {""text"": ""。"", ""type"": ""punct""}]",HSKspeaking_practice
41,4,11,服务员,菜马上就好，请稍等。,"Cài mǎshàng jiù hǎo, qǐng shāo děng.",料理はすぐできますので、少々お待ちください。,"[{""text"": ""菜"", ""type"": ""vocab"", ""py"": ""cài"", ""note"": ""料理""}, {""text"": ""马上"", ""type"": ""vocab"", ""py"": ""mǎshàng"", ""note"": ""すぐに""}, {""text"": ""就"", ""type"": ""grammar"", ""py"": ""jiù"", ""note"": ""「すぐに、まさに」など、条件の帰結や強調を表す副詞。""}, {""text"": ""好"", ""type"": ""vocab"", ""py"": ""hǎo"", ""note"": ""良い、元気だ""}, {""text"": ""，"", ""type"": ""punct""}, {""text"": ""请稍等"", ""type"": ""vocab"", ""py"": ""qǐngshāoděng"", ""note"": ""少々お待ちください""}, {""text"": ""。"", ""type"": ""punct""}]",HSKspeaking_practice
42,4,12,小美,好，谢谢你。,"Hǎo, xièxie nǐ.",はい、ありがとう。,"[{""text"": ""好"", ""type"": ""vocab"", ""py"": ""hǎo"", ""note"": ""良い、元気だ""}, {""text"": ""，"", ""type"": ""punct""}, {""text"": ""谢谢"", ""type"": ""vocab"", ""py"": ""xièxiè"", ""note"": ""ありがとう""}, {""text"": ""你"", ""type"": ""vocab"", ""py"": ""nǐ"", ""note"": ""あなた""}, {""text"": ""。"", ""type"": ""punct""}]",HSKspeaking_practice
43,5,1,Tom,阿姨，请问，去火车站怎么走？,"Āyí, qǐngwèn, qù huǒchēzhàn zěnme zǒu?",おばさん、すみません、駅へはどう行けばいいですか？,"[{""text"": ""阿姨"", ""type"": ""vocab"", ""py"": ""āyí"", ""note"": ""おばさん""}, {""text"": ""，"", ""type"": ""punct""}, {""text"": ""请问"", ""type"": ""vocab"", ""py"": ""qǐngwèn"", ""note"": ""お尋ねします""}, {""text"": ""，"", ""type"": ""punct""}, {""text"": ""去"", ""type"": ""vocab"", ""py"": ""qù"", ""note"": ""行く""}, {""text"": ""火车站"", ""type"": ""vocab"", ""py"": ""huǒchēzhàn"", ""note"": ""駅（鉄道駅）""}, {""text"": ""怎么"", ""type"": ""grammar"", ""py"": ""zěnme"", ""note"": ""「どうやって、なぜ」を表す疑問詞。""}, {""text"": ""走"", ""type"": ""vocab"", ""py"": ""zǒu"", ""note"": ""歩く、行く、離れる""}, {""text"": ""？"", ""type"": ""punct""}]",HSKspeaking_practice
44,5,2,阿姨,你先往前走，到红绿灯往右拐。,"Nǐ xiān wǎng qián zǒu, dào hónglǜdēng wǎng yòu guǎi.",まず前へ進んで、信号のところで右に曲がってください。,"[{""text"": ""你"", ""type"": ""vocab"", ""py"": ""nǐ"", ""note"": ""あなた""}, {""text"": ""先"", ""type"": ""grammar"", ""py"": ""xiān"", ""note"": ""「まず、先に」を表す副詞。""}, {""text"": ""往前走"", ""type"": ""vocab"", ""py"": ""wǎngqiánzǒu"", ""note"": ""前へ進む""}, {""text"": ""，"", ""type"": ""punct""}, {""text"": ""到"", ""type"": ""grammar"", ""py"": ""dào"", ""note"": ""「〜まで、〜に着く」を表す介詞・動詞。""}, {""text"": ""红绿灯"", ""type"": ""vocab"", ""py"": ""hónglǜdēng"", ""note"": ""信号機""}, {""text"": ""往右"", ""type"": ""vocab"", ""py"": ""wǎngyòu"", ""note"": ""右へ""}, {""text"": ""拐"", ""type"": ""vocab"", ""py"": ""guǎi"", ""note"": ""曲がる""}, {""text"": ""。"", ""type"": ""punct""}]",HSKspeaking_practice
45,5,3,Tom,往右拐以后呢？,Wǎng yòu guǎi yǐhòu ne?,右に曲がった後は？,"[{""text"": ""往右"", ""type"": ""vocab"", ""py"": ""wǎngyòu"", ""note"": ""右へ""}, {""text"": ""拐"", ""type"": ""vocab"", ""py"": ""guǎi"", ""note"": ""曲がる""}, {""text"": ""以后"", ""type"": ""vocab"", ""py"": ""yǐhòu"", ""note"": ""〜以後、これから""}, {""text"": ""呢"", ""type"": ""grammar"", ""py"": ""ne"", ""note"": ""疑問文を柔らかくしたり「〜は？」と聞き返すときに使う文末助詞。""}, {""text"": ""？"", ""type"": ""punct""}]",HSKspeaking_practice
46,5,4,阿姨,一直走，走五分钟就到了。,"Yìzhí zǒu, zǒu wǔ fēnzhōng jiù dào le.",まっすぐ行って、5分歩けば着きます。,"[{""text"": ""一直"", ""type"": ""grammar"", ""py"": ""yìzhí"", ""note"": ""「ずっと、一貫して」を表す副詞。""}, {""text"": ""走"", ""type"": ""vocab"", ""py"": ""zǒu"", ""note"": ""歩く、行く、離れる""}, {""text"": ""，"", ""type"": ""punct""}, {""text"": ""走"", ""type"": ""vocab"", ""py"": ""zǒu"", ""note"": ""歩く、行く、離れる""}, {""text"": ""五分钟"", ""type"": ""vocab"", ""py"": ""wǔfēnzhōng"", ""note"": ""5分間""}, {""text"": ""就"", ""type"": ""grammar"", ""py"": ""jiù"", ""note"": ""「すぐに、まさに」など、条件の帰結や強調を表す副詞。""}, {""text"": ""到"", ""type"": ""grammar"", ""py"": ""dào"", ""note"": ""「〜まで、〜に着く」を表す介詞・動詞。""}, {""text"": ""了"", ""type"": ""grammar"", ""py"": ""le"", ""note"": ""動作の完了や状態の変化を表す助詞（文末や動詞の直後に置く）。""}, {""text"": ""。"", ""type"": ""punct""}]",HSKspeaking_practice
47,5,5,Tom,从这儿到火车站远不远？,Cóng zhèr dào huǒchēzhàn yuǎn bu yuǎn?,ここから駅まで遠いですか？,"[{""text"": ""从"", ""type"": ""grammar"", ""py"": ""cóng"", ""note"": ""「〜から」を表す起点の介詞。""}, {""text"": ""这儿"", ""type"": ""vocab"", ""py"": ""zhèér"", ""note"": ""ここ""}, {""text"": ""到"", ""type"": ""grammar"", ""py"": ""dào"", ""note"": ""「〜まで、〜に着く」を表す介詞・動詞。""}, {""text"": ""火车站"", ""type"": ""vocab"", ""py"": ""huǒchēzhàn"", ""note"": ""駅（鉄道駅）""}, {""text"": ""远"", ""type"": ""vocab"", ""py"": ""yuǎn"", ""note"": ""遠い""}, {""text"": ""不远"", ""type"": ""vocab"", ""py"": ""bùyuǎn"", ""note"": ""遠くない""}, {""text"": ""？"", ""type"": ""punct""}]",HSKspeaking_practice
48,5,6,阿姨,不太远，走着去也可以。,"Bú tài yuǎn, zǒuzhe qù yě kěyǐ.",あまり遠くないですよ、歩いて行っても大丈夫です。,"[{""text"": ""不太远"", ""type"": ""vocab"", ""py"": ""bùtàiyuǎn"", ""note"": ""あまり遠くない""}, {""text"": ""，"", ""type"": ""punct""}, {""text"": ""走"", ""type"": ""vocab"", ""py"": ""zǒu"", ""note"": ""歩く、行く、離れる""}, {""text"": ""着"", ""type"": ""grammar"", ""py"": ""zhe"", ""note"": ""動作や状態の持続を表す助詞（〜している、〜したまま）。""}, {""text"": ""去"", ""type"": ""vocab"", ""py"": ""qù"", ""note"": ""行く""}, {""text"": ""也"", ""type"": ""grammar"", ""py"": ""yě"", ""note"": ""「〜も」を表す副詞。""}, {""text"": ""可以"", ""type"": ""grammar"", ""py"": ""kěyǐ"", ""note"": ""「〜してもよい、〜できる」という許可・可能を表す助動詞。""}, {""text"": ""。"", ""type"": ""punct""}]",HSKspeaking_practice
49,5,7,Tom,太好了，谢谢您！,"Tài hǎo le, xièxie nín!",よかった、ありがとうございます！,"[{""text"": ""太好了"", ""type"": ""vocab"", ""py"": ""tàihǎole"", ""note"": ""よかった！""}, {""text"": ""，"", ""type"": ""punct""}, {""text"": ""谢谢您"", ""type"": ""vocab"", ""py"": ""xièxiènín"", ""note"": ""ありがとうございます""}, {""text"": ""！"", ""type"": ""punct""}]",HSKspeaking_practice
50,5,8,阿姨,不客气，祝你旅行愉快！,"Bú kèqi, zhù nǐ lǚxíng yúkuài!",どういたしまして、良い旅を！,"[{""text"": ""不"", ""type"": ""grammar"", ""py"": ""bù"", ""note"": ""動詞・形容詞を否定する副詞。""}, {""text"": ""客气"", ""type"": ""vocab"", ""py"": ""kèqì"", ""note"": ""遠慮する、礼儀正しい""}, {""text"": ""，"", ""type"": ""punct""}, {""text"": ""祝"", ""type"": ""vocab"", ""py"": ""zhù"", ""note"": ""〜を祈る、願う""}, {""text"": ""你"", ""type"": ""vocab"", ""py"": ""nǐ"", ""note"": ""あなた""}, {""text"": ""旅行愉快"", ""type"": ""vocab"", ""py"": ""lǚxíngyúkuài"", ""note"": ""良い旅を""}, {""text"": ""！"", ""type"": ""punct""}]",HSKspeaking_practice
51,5,9,Tom,谢谢，再见！,"Xièxie, zàijiàn!",ありがとう、さようなら！,"[{""text"": ""谢谢"", ""type"": ""vocab"", ""py"": ""xièxiè"", ""note"": ""ありがとう""}, {""text"": ""，"", ""type"": ""punct""}, {""text"": ""再见"", ""type"": ""vocab"", ""py"": ""zàijiàn"", ""note"": ""さようなら""}, {""text"": ""！"", ""type"": ""punct""}]",HSKspeaking_practice
52,6,1,小刚,这个周末你们打算做什么？,Zhège zhōumò nǐmen dǎsuàn zuò shénme?,今週末、みんな何する予定？,"[{""text"": ""这个"", ""type"": ""vocab"", ""py"": ""zhège"", ""note"": ""これ""}, {""text"": ""周末"", ""type"": ""vocab"", ""py"": ""zhōumò"", ""note"": ""週末""}, {""text"": ""你们"", ""type"": ""vocab"", ""py"": ""nǐmen"", ""note"": ""あなたたち""}, {""text"": ""打算"", ""type"": ""grammar"", ""py"": ""dǎsuàn"", ""note"": ""「〜するつもりだ」という計画を表す動詞。""}, {""text"": ""做"", ""type"": ""vocab"", ""py"": ""zuò"", ""note"": ""する、作る""}, {""text"": ""什么"", ""type"": ""vocab"", ""py"": ""shénme"", ""note"": ""何""}, {""text"": ""？"", ""type"": ""punct""}]",HSKspeaking_practice
53,6,2,丹丹,我打算去公园骑自行车，你呢？,"Wǒ dǎsuàn qù gōngyuán qí zìxíngchē, nǐ ne?",私は公園に自転車に乗りに行くつもり、あなたは？,"[{""text"": ""我"", ""type"": ""vocab"", ""py"": ""wǒ"", ""note"": ""私""}, {""text"": ""打算"", ""type"": ""grammar"", ""py"": ""dǎsuàn"", ""note"": ""「〜するつもりだ」という計画を表す動詞。""}, {""text"": ""去"", ""type"": ""vocab"", ""py"": ""qù"", ""note"": ""行く""}, {""text"": ""公园"", ""type"": ""vocab"", ""py"": ""gōngyuán"", ""note"": ""公園""}, {""text"": ""骑"", ""type"": ""vocab"", ""py"": ""qí"", ""note"": ""（自転車などに）乗る""}, {""text"": ""自行车"", ""type"": ""vocab"", ""py"": ""zìxíngchē"", ""note"": ""自転車""}, {""text"": ""，"", ""type"": ""punct""}, {""text"": ""你"", ""type"": ""vocab"", ""py"": ""nǐ"", ""note"": ""あなた""}, {""text"": ""呢"", ""type"": ""grammar"", ""py"": ""ne"", ""note"": ""疑問文を柔らかくしたり「〜は？」と聞き返すときに使う文末助詞。""}, {""text"": ""？"", ""type"": ""punct""}]",HSKspeaking_practice
54,6,3,小刚,我还没想好。听说周末天气不太好。,Wǒ hái méi xiǎnghǎo. Tīngshuō zhōumò tiānqì bú tài hǎo.,まだ決めてないんだ。週末は天気があまり良くないらしいよ。,"[{""text"": ""我"", ""type"": ""vocab"", ""py"": ""wǒ"", ""note"": ""私""}, {""text"": ""还"", ""type"": ""grammar"", ""py"": ""hái"", ""note"": ""「まだ、さらに」を表す副詞。""}, {""text"": ""没想"", ""type"": ""vocab"", ""py"": ""méixiǎng"", ""note"": ""まだ考えていない""}, {""text"": ""好"", ""type"": ""vocab"", ""py"": ""hǎo"", ""note"": ""良い、元気だ""}, {""text"": ""。"", ""type"": ""punct""}, {""text"": ""听说"", ""type"": ""vocab"", ""py"": ""tīngshuō"", ""note"": ""〜と聞いている""}, {""text"": ""周末"", ""type"": ""vocab"", ""py"": ""zhōumò"", ""note"": ""週末""}, {""text"": ""天气"", ""type"": ""vocab"", ""py"": ""tiānqì"", ""note"": ""天気""}, {""text"": ""不太好"", ""type"": ""vocab"", ""py"": ""bùtàihǎo"", ""note"": ""あまり良くない""}, {""text"": ""。"", ""type"": ""punct""}]",HSKspeaking_practice
55,6,4,小华,是啊，天气预报说星期六会下雨。,"Shì a, tiānqì yùbào shuō xīngqīliù huì xiàyǔ.",そうなの、天気予報では土曜日は雨が降るって。,"[{""text"": ""是"", ""type"": ""grammar"", ""py"": ""shì"", ""note"": ""「〜である」を表すbe動詞。""}, {""text"": ""啊"", ""type"": ""grammar"", ""py"": ""a"", ""note"": ""感嘆や語気をやわらげる文末助詞。""}, {""text"": ""，"", ""type"": ""punct""}, {""text"": ""天气预报"", ""type"": ""vocab"", ""py"": ""tiānqìyùbào"", ""note"": ""天気予報""}, {""text"": ""说"", ""type"": ""vocab"", ""py"": ""shuō"", ""note"": ""話す、言う""}, {""text"": ""星期六"", ""type"": ""vocab"", ""py"": ""xīngqīliù"", ""note"": ""土曜日""}, {""text"": ""会"", ""type"": ""grammar"", ""py"": ""huì"", ""note"": ""「〜するだろう」「（習得して）〜できる」という可能性・技能を表す助動詞。""}, {""text"": ""下雨"", ""type"": ""vocab"", ""py"": ""xiàyǔ"", ""note"": ""雨が降る""}, {""text"": ""。"", ""type"": ""punct""}]",HSKspeaking_practice
56,6,5,丹丹,那我们星期天去吧，天气应该会好一点儿。,"Nà wǒmen xīngqītiān qù ba, tiānqì yīnggāi huì hǎo yìdiǎnr.",じゃあ日曜日に行こうよ、天気はもう少し良くなるはずだから。,"[{""text"": ""那"", ""type"": ""vocab"", ""py"": ""nà"", ""note"": ""あれ、それ／それなら""}, {""text"": ""我们"", ""type"": ""vocab"", ""py"": ""wǒmen"", ""note"": ""私たち""}, {""text"": ""星期天"", ""type"": ""vocab"", ""py"": ""xīngqītiān"", ""note"": ""日曜日""}, {""text"": ""去"", ""type"": ""vocab"", ""py"": ""qù"", ""note"": ""行く""}, {""text"": ""吧"", ""type"": ""grammar"", ""py"": ""ba"", ""note"": ""提案・推量・軽い命令を表す文末助詞（〜しよう、〜でしょう）。""}, {""text"": ""，"", ""type"": ""punct""}, {""text"": ""天气"", ""type"": ""vocab"", ""py"": ""tiānqì"", ""note"": ""天気""}, {""text"": ""应该"", ""type"": ""grammar"", ""py"": ""yīnggāi"", ""note"": ""「〜すべきだ」という当然・義務を表す助動詞。""}, {""text"": ""会"", ""type"": ""grammar"", ""py"": ""huì"", ""note"": ""「〜するだろう」「（習得して）〜できる」という可能性・技能を表す助動詞。""}, {""text"": ""好"", ""type"": ""vocab"", ""py"": ""hǎo"", ""note"": ""良い、元気だ""}, {""text"": ""一点儿"", ""type"": ""vocab"", ""py"": ""yìdiǎnér"", ""note"": ""少し""}, {""text"": ""。"", ""type"": ""punct""}]",HSKspeaking_practice
57,6,6,小刚,好主意。我们可以一边骑车一边聊天。,Hǎo zhǔyi. Wǒmen kěyǐ yìbiān qí chē yìbiān liáotiān.,いい考えだね。自転車に乗りながらおしゃべりできる。,"[{""text"": ""好"", ""type"": ""vocab"", ""py"": ""hǎo"", ""note"": ""良い、元気だ""}, {""text"": ""主意"", ""type"": ""vocab"", ""py"": ""zhǔyì"", ""note"": ""考え、アイデア""}, {""text"": ""。"", ""type"": ""punct""}, {""text"": ""我们"", ""type"": ""vocab"", ""py"": ""wǒmen"", ""note"": ""私たち""}, {""text"": ""可以"", ""type"": ""grammar"", ""py"": ""kěyǐ"", ""note"": ""「〜してもよい、〜できる」という許可・可能を表す助動詞。""}, {""text"": ""一边"", ""type"": ""grammar"", ""py"": ""yībiān"", ""note"": ""「〜しながら」を表す表現。「一边…一边…」の形で二つの動作を同時に行うことを表す。""}, {""text"": ""骑车"", ""type"": ""vocab"", ""py"": ""qíchē"", ""note"": ""自転車に乗る""}, {""text"": ""一边"", ""type"": ""grammar"", ""py"": ""yībiān"", ""note"": ""「〜しながら」を表す表現。「一边…一边…」の形で二つの動作を同時に行うことを表す。""}, {""text"": ""聊天"", ""type"": ""vocab"", ""py"": ""liáotiān"", ""note"": ""おしゃべりする""}, {""text"": ""。"", ""type"": ""punct""}]",HSKspeaking_practice
58,6,7,小华,我最近工作很忙，运动运动也挺好的。,"Wǒ zuìjìn gōngzuò hěn máng, yùndòng yùndòng yě tǐng hǎo de.",最近仕事が忙しいから、運動するのもいいね。,"[{""text"": ""我"", ""type"": ""vocab"", ""py"": ""wǒ"", ""note"": ""私""}, {""text"": ""最近"", ""type"": ""vocab"", ""py"": ""zuìjìn"", ""note"": ""最近""}, {""text"": ""工作"", ""type"": ""vocab"", ""py"": ""gōngzuò"", ""note"": ""仕事、働く""}, {""text"": ""很"", ""type"": ""grammar"", ""py"": ""hěn"", ""note"": ""「とても」を表す程度の副詞。形容詞文でよく使われる。""}, {""text"": ""忙"", ""type"": ""vocab"", ""py"": ""máng"", ""note"": ""忙しい""}, {""text"": ""，"", ""type"": ""punct""}, {""text"": ""运动"", ""type"": ""vocab"", ""py"": ""yùndòng"", ""note"": ""運動、スポーツ""}, {""text"": ""运动"", ""type"": ""vocab"", ""py"": ""yùndòng"", ""note"": ""運動、スポーツ""}, {""text"": ""也"", ""type"": ""grammar"", ""py"": ""yě"", ""note"": ""「〜も」を表す副詞。""}, {""text"": ""挺"", ""type"": ""grammar"", ""py"": ""tǐng"", ""note"": ""「なかなか、けっこう」を表す口語的な程度副詞。「挺…的」の形でよく使う。""}, {""text"": ""好"", ""type"": ""vocab"", ""py"": ""hǎo"", ""note"": ""良い、元気だ""}, {""text"": ""的"", ""type"": ""grammar"", ""py"": ""de"", ""note"": ""名詞を修飾し、所有・限定を表す助詞（〜の）。""}, {""text"": ""。"", ""type"": ""punct""}]",HSKspeaking_practice
59,6,8,丹丹,那就这么决定了，星期天上午十点公园门口见。,"Nà jiù zhème juédìng le, xīngqītiān shàngwǔ shí diǎn gōngyuán ménkǒu jiàn.",じゃあそう決まりね、日曜日の午前10時に公園の入り口で会おう。,"[{""text"": ""那"", ""type"": ""vocab"", ""py"": ""nà"", ""note"": ""あれ、それ／それなら""}, {""text"": ""就"", ""type"": ""grammar"", ""py"": ""jiù"", ""note"": ""「すぐに、まさに」など、条件の帰結や強調を表す副詞。""}, {""text"": ""这么"", ""type"": ""vocab"", ""py"": ""zhème"", ""note"": ""こんなに、このように""}, {""text"": ""决定"", ""type"": ""vocab"", ""py"": ""juédìng"", ""note"": ""決める、決定""}, {""text"": ""了"", ""type"": ""grammar"", ""py"": ""le"", ""note"": ""動作の完了や状態の変化を表す助詞（文末や動詞の直後に置く）。""}, {""text"": ""，"", ""type"": ""punct""}, {""text"": ""星期天"", ""type"": ""vocab"", ""py"": ""xīngqītiān"", ""note"": ""日曜日""}, {""text"": ""上午"", ""type"": ""vocab"", ""py"": ""shàngwǔ"", ""note"": ""午前""}, {""text"": ""十点"", ""type"": ""vocab"", ""py"": ""shídiǎn"", ""note"": ""10時""}, {""text"": ""公园"", ""type"": ""vocab"", ""py"": ""gōngyuán"", ""note"": ""公園""}, {""text"": ""门口"", ""type"": ""vocab"", ""py"": ""ménkǒu"", ""note"": ""入り口""}, {""text"": ""见"", ""type"": ""vocab"", ""py"": ""jiàn"", ""note"": ""会う""}, {""text"": ""。"", ""type"": ""punct""}]",HSKspeaking_practice
60,6,9,小刚,好，不见不散！,"Hǎo, bú jiàn bú sàn!",いいよ、必ず会おうね！,"[{""text"": ""好"", ""type"": ""vocab"", ""py"": ""hǎo"", ""note"": ""良い、元気だ""}, {""text"": ""，"", ""type"": ""punct""}, {""text"": ""不见不散"", ""type"": ""vocab"", ""py"": ""bújiànbúsàn"", ""note"": ""会うまで帰らない（必ず会おうという決まり文句）""}, {""text"": ""！"", ""type"": ""punct""}]",HSKspeaking_practice
61,7,1,陈杰,五一假期我们去云南旅行，怎么样？,"Wǔyī jiàqī wǒmen qù Yúnnán lǚxíng, zěnmeyàng?",メーデー連休に雲南へ旅行に行くのはどう？,"[{""text"": ""五一"", ""type"": ""vocab"", ""py"": ""wǔyī"", ""note"": ""メーデー（5月1日、連休）""}, {""text"": ""假期"", ""type"": ""vocab"", ""py"": ""jiàqī"", ""note"": ""休暇、連休""}, {""text"": ""我们"", ""type"": ""vocab"", ""py"": ""wǒmen"", ""note"": ""私たち""}, {""text"": ""去"", ""type"": ""vocab"", ""py"": ""qù"", ""note"": ""行く""}, {""text"": ""云南"", ""type"": ""vocab"", ""py"": ""yúnnán"", ""note"": ""雲南（地名）""}, {""text"": ""旅行"", ""type"": ""vocab"", ""py"": ""lǚxíng"", ""note"": ""旅行""}, {""text"": ""，"", ""type"": ""punct""}, {""text"": ""怎么样"", ""type"": ""grammar"", ""py"": ""zěnmeyàng"", ""note"": ""「どうですか」と相手の意見や様子を尋ねる表現。""}, {""text"": ""？"", ""type"": ""punct""}]",HSKspeaking_practice
62,7,2,王丽,好主意！虽然云南比较远，但是那里的风景特别美。,"Hǎo zhǔyi! Suīrán Yúnnán bǐjiào yuǎn, dànshì nàli de fēngjǐng tèbié měi.",いいね！雲南は少し遠いけど、あそこの景色はとても美しいから。,"[{""text"": ""好"", ""type"": ""vocab"", ""py"": ""hǎo"", ""note"": ""良い、元気だ""}, {""text"": ""主意"", ""type"": ""vocab"", ""py"": ""zhǔyì"", ""note"": ""考え、アイデア""}, {""text"": ""！"", ""type"": ""punct""}, {""text"": ""虽然"", ""type"": ""grammar"", ""py"": ""suīrán"", ""note"": ""「〜ではあるが」を表す接続詞。「虽然…但是…」の形で使う。""}, {""text"": ""云南"", ""type"": ""vocab"", ""py"": ""yúnnán"", ""note"": ""雲南（地名）""}, {""text"": ""比较"", ""type"": ""grammar"", ""py"": ""bǐjiào"", ""note"": ""「わりと、比較的」を表す程度の副詞。""}, {""text"": ""远"", ""type"": ""vocab"", ""py"": ""yuǎn"", ""note"": ""遠い""}, {""text"": ""，"", ""type"": ""punct""}, {""text"": ""但是"", ""type"": ""grammar"", ""py"": ""dànshì"", ""note"": ""「しかし」を表す接続詞。""}, {""text"": ""那里"", ""type"": ""vocab"", ""py"": ""nàlǐ"", ""note"": ""そこ、あそこ""}, {""text"": ""的"", ""type"": ""grammar"", ""py"": ""de"", ""note"": ""名詞を修飾し、所有・限定を表す助詞（〜の）。""}, {""text"": ""风景"", ""type"": ""vocab"", ""py"": ""fēngjǐng"", ""note"": ""景色""}, {""text"": ""特别"", ""type"": ""vocab"", ""py"": ""tèbié"", ""note"": ""特に、特別""}, {""text"": ""美"", ""type"": ""vocab"", ""py"": ""měi"", ""note"": ""美しい""}, {""text"": ""。"", ""type"": ""punct""}]",HSKspeaking_practice
63,7,3,刘涛,我上次去过一次，越看越喜欢那个地方。,"Wǒ shàng cì qùguo yí cì, yuè kàn yuè xǐhuan nàge dìfang.",前に一度行ったことがあるけど、見れば見るほどあの場所が好きになったよ。,"[{""text"": ""我"", ""type"": ""vocab"", ""py"": ""wǒ"", ""note"": ""私""}, {""text"": ""上次"", ""type"": ""vocab"", ""py"": ""shàngcì"", ""note"": ""前回""}, {""text"": ""去过"", ""type"": ""vocab"", ""py"": ""qùguò"", ""note"": ""行ったことがある""}, {""text"": ""一次"", ""type"": ""vocab"", ""py"": ""yīcì"", ""note"": ""一回""}, {""text"": ""，"", ""type"": ""punct""}, {""text"": ""越"", ""type"": ""grammar"", ""py"": ""yuè"", ""note"": ""「〜すればするほど」を表す語。「越…越…」の形で使う。""}, {""text"": ""看"", ""type"": ""vocab"", ""py"": ""kàn"", ""note"": ""見る""}, {""text"": ""越"", ""type"": ""grammar"", ""py"": ""yuè"", ""note"": ""「〜すればするほど」を表す語。「越…越…」の形で使う。""}, {""text"": ""喜欢"", ""type"": ""vocab"", ""py"": ""xǐhuān"", ""note"": ""好きだ、気に入る""}, {""text"": ""那个"", ""type"": ""vocab"", ""py"": ""nàge"", ""note"": ""あれ、その""}, {""text"": ""地方"", ""type"": ""vocab"", ""py"": ""dìfāng"", ""note"": ""場所""}, {""text"": ""。"", ""type"": ""punct""}]",HSKspeaking_practice
64,7,4,陈杰,那我们提前把机票订好吧，不然假期票会很贵。,"Nà wǒmen tíqián bǎ jīpiào dìnghǎo ba, bùrán jiàqī piào huì hěn guì.",じゃあ早めに飛行機のチケットを予約しておこう、じゃないと連休のチケットは高くなるから。,"[{""text"": ""那"", ""type"": ""vocab"", ""py"": ""nà"", ""note"": ""あれ、それ／それなら""}, {""text"": ""我们"", ""type"": ""vocab"", ""py"": ""wǒmen"", ""note"": ""私たち""}, {""text"": ""提前"", ""type"": ""vocab"", ""py"": ""tíqián"", ""note"": ""前もって、早めに""}, {""text"": ""把"", ""type"": ""grammar"", ""py"": ""bǎ"", ""note"": ""目的語を動詞の前に出し「〜を…する」という処置を表す構文を作る介詞（把構文）。""}, {""text"": ""机票"", ""type"": ""vocab"", ""py"": ""jīpiào"", ""note"": ""航空券""}, {""text"": ""订好"", ""type"": ""vocab"", ""py"": ""dìnghǎo"", ""note"": ""予約しておく""}, {""text"": ""吧"", ""type"": ""grammar"", ""py"": ""ba"", ""note"": ""提案・推量・軽い命令を表す文末助詞（〜しよう、〜でしょう）。""}, {""text"": ""，"", ""type"": ""punct""}, {""text"": ""不然"", ""type"": ""vocab"", ""py"": ""bùrán"", ""note"": ""そうでなければ""}, {""text"": ""假期"", ""type"": ""vocab"", ""py"": ""jiàqī"", ""note"": ""休暇、連休""}, {""text"": ""票会"", ""type"": ""vocab"", ""py"": ""piàohuì"", ""note"": ""チケットは（〜になるだろう）""}, {""text"": ""很贵"", ""type"": ""vocab"", ""py"": ""hěnguì"", ""note"": ""とても高い""}, {""text"": ""。"", ""type"": ""punct""}]",HSKspeaking_practice
65,7,5,王丽,对，我负责订酒店，你们负责订机票，可以吗？,"Duì, wǒ fùzé dìng jiǔdiàn, nǐmen fùzé dìng jīpiào, kěyǐ ma?",そうだね、私がホテルの予約を担当するから、あなたたちは航空券をお願い、いい？,"[{""text"": ""对"", ""type"": ""grammar"", ""py"": ""duì"", ""note"": ""「〜に対して」を表す介詞、または「正しい」という意味の形容詞。""}, {""text"": ""，"", ""type"": ""punct""}, {""text"": ""我"", ""type"": ""vocab"", ""py"": ""wǒ"", ""note"": ""私""}, {""text"": ""负责"", ""type"": ""vocab"", ""py"": ""fùzé"", ""note"": ""担当する、責任を持つ""}, {""text"": ""订"", ""type"": ""vocab"", ""py"": ""dìng"", ""note"": ""予約する""}, {""text"": ""酒店"", ""type"": ""vocab"", ""py"": ""jiǔdiàn"", ""note"": ""ホテル""}, {""text"": ""，"", ""type"": ""punct""}, {""text"": ""你们"", ""type"": ""vocab"", ""py"": ""nǐmen"", ""note"": ""あなたたち""}, {""text"": ""负责"", ""type"": ""vocab"", ""py"": ""fùzé"", ""note"": ""担当する、責任を持つ""}, {""text"": ""订机票"", ""type"": ""vocab"", ""py"": ""dìngjīpiào"", ""note"": ""航空券を予約する""}, {""text"": ""，"", ""type"": ""punct""}, {""text"": ""可以"", ""type"": ""grammar"", ""py"": ""kěyǐ"", ""note"": ""「〜してもよい、〜できる」という許可・可能を表す助動詞。""}, {""text"": ""吗"", ""type"": ""grammar"", ""py"": ""ma"", ""note"": ""「はい/いいえ」で答える疑問文を作る文末助詞。""}, {""text"": ""？"", ""type"": ""punct""}]",HSKspeaking_practice
66,7,6,刘涛,没问题。除了大理以外，我们还应该去丽江看看。,"Méi wèntí. Chúle Dàlǐ yǐwài, wǒmen hái yīnggāi qù Lìjiāng kànkan.",問題ないよ。大理以外に、麗江にも行ってみるべきだと思う。,"[{""text"": ""没"", ""type"": ""grammar"", ""py"": ""méi"", ""note"": ""「〜していない、〜がない」を表す否定の副詞（過去・完了・所有の否定）。""}, {""text"": ""问题"", ""type"": ""vocab"", ""py"": ""wèntí"", ""note"": ""問題""}, {""text"": ""。"", ""type"": ""punct""}, {""text"": ""除了"", ""type"": ""grammar"", ""py"": ""chúle"", ""note"": ""「〜を除いて、〜のほかに」を表す介詞。「除了…以外…」の形で使う。""}, {""text"": ""大理"", ""type"": ""vocab"", ""py"": ""dàlǐ"", ""note"": ""大理（地名）""}, {""text"": ""以外"", ""type"": ""grammar"", ""py"": ""yǐwài"", ""note"": ""「〜以外」を表す語。「除了…以外」の形でよく使う。""}, {""text"": ""，"", ""type"": ""punct""}, {""text"": ""我们"", ""type"": ""vocab"", ""py"": ""wǒmen"", ""note"": ""私たち""}, {""text"": ""还"", ""type"": ""grammar"", ""py"": ""hái"", ""note"": ""「まだ、さらに」を表す副詞。""}, {""text"": ""应该"", ""type"": ""grammar"", ""py"": ""yīnggāi"", ""note"": ""「〜すべきだ」という当然・義務を表す助動詞。""}, {""text"": ""去"", ""type"": ""vocab"", ""py"": ""qù"", ""note"": ""行く""}, {""text"": ""丽江"", ""type"": ""vocab"", ""py"": ""lìjiāng"", ""note"": ""麗江（地名）""}, {""text"": ""看看"", ""type"": ""vocab"", ""py"": ""kànkàn"", ""note"": ""ちょっと見る""}, {""text"": ""。"", ""type"": ""punct""}]",HSKspeaking_practice
67,7,7,陈杰,好，只要时间够，我们就多去几个地方。,"Hǎo, zhǐyào shíjiān gòu, wǒmen jiù duō qù jǐ ge dìfang.",いいね、時間さえ十分あれば、もっと多くの場所に行こう。,"[{""text"": ""好"", ""type"": ""vocab"", ""py"": ""hǎo"", ""note"": ""良い、元気だ""}, {""text"": ""，"", ""type"": ""punct""}, {""text"": ""只要"", ""type"": ""grammar"", ""py"": ""zhǐyào"", ""note"": ""「〜さえすれば」を表す接続詞。「只要…就…」の形で使う。""}, {""text"": ""时间"", ""type"": ""vocab"", ""py"": ""shíjiān"", ""note"": ""時間""}, {""text"": ""够"", ""type"": ""vocab"", ""py"": ""gòu"", ""note"": ""十分だ、足りる""}, {""text"": ""，"", ""type"": ""punct""}, {""text"": ""我们"", ""type"": ""vocab"", ""py"": ""wǒmen"", ""note"": ""私たち""}, {""text"": ""就"", ""type"": ""grammar"", ""py"": ""jiù"", ""note"": ""「すぐに、まさに」など、条件の帰結や強調を表す副詞。""}, {""text"": ""多"", ""type"": ""vocab"", ""py"": ""duō"", ""note"": ""多い""}, {""text"": ""去"", ""type"": ""vocab"", ""py"": ""qù"", ""note"": ""行く""}, {""text"": ""几个"", ""type"": ""vocab"", ""py"": ""jǐgè"", ""note"": ""いくつか""}, {""text"": ""地方"", ""type"": ""vocab"", ""py"": ""dìfāng"", ""note"": ""場所""}, {""text"": ""。"", ""type"": ""punct""}]",HSKspeaking_practice
68,7,8,王丽,别忘了带相机，那里的风景一定要拍照留念。,"Bié wàng le dài xiàngjī, nàli de fēngjǐng yídìng yào pāizhào liúniàn.",カメラを持って行くのを忘れないで、あそこの景色は絶対写真に撮って記念に残さないと。,"[{""text"": ""别忘了"", ""type"": ""vocab"", ""py"": ""biéwàngle"", ""note"": ""忘れないで""}, {""text"": ""带"", ""type"": ""vocab"", ""py"": ""dài"", ""note"": ""持って行く""}, {""text"": ""相机"", ""type"": ""vocab"", ""py"": ""xiàngjī"", ""note"": ""カメラ""}, {""text"": ""，"", ""type"": ""punct""}, {""text"": ""那里"", ""type"": ""vocab"", ""py"": ""nàlǐ"", ""note"": ""そこ、あそこ""}, {""text"": ""的"", ""type"": ""grammar"", ""py"": ""de"", ""note"": ""名詞を修飾し、所有・限定を表す助詞（〜の）。""}, {""text"": ""风景"", ""type"": ""vocab"", ""py"": ""fēngjǐng"", ""note"": ""景色""}, {""text"": ""一定"", ""type"": ""vocab"", ""py"": ""yídìng"", ""note"": ""必ず、きっと""}, {""text"": ""要"", ""type"": ""grammar"", ""py"": ""yào"", ""note"": ""「〜したい、〜するつもりだ」という意志・必要を表す助動詞。""}, {""text"": ""拍照"", ""type"": ""vocab"", ""py"": ""pāizhào"", ""note"": ""写真を撮る""}, {""text"": ""留念"", ""type"": ""vocab"", ""py"": ""liúniàn"", ""note"": ""記念に残す""}, {""text"": ""。"", ""type"": ""punct""}]",HSKspeaking_practice
69,7,9,刘涛,放心吧，我已经把行李都准备好了。,"Fàngxīn ba, wǒ yǐjīng bǎ xíngli dōu zhǔnbèi hǎo le.",安心して、荷物はもう全部準備できてるよ。,"[{""text"": ""放心"", ""type"": ""vocab"", ""py"": ""fàngxīn"", ""note"": ""安心する""}, {""text"": ""吧"", ""type"": ""grammar"", ""py"": ""ba"", ""note"": ""提案・推量・軽い命令を表す文末助詞（〜しよう、〜でしょう）。""}, {""text"": ""，"", ""type"": ""punct""}, {""text"": ""我"", ""type"": ""vocab"", ""py"": ""wǒ"", ""note"": ""私""}, {""text"": ""已经"", ""type"": ""grammar"", ""py"": ""yǐjīng"", ""note"": ""「すでに」を表す副詞。多くの場合、文末の「了」とセットで使う。""}, {""text"": ""把"", ""type"": ""grammar"", ""py"": ""bǎ"", ""note"": ""目的語を動詞の前に出し「〜を…する」という処置を表す構文を作る介詞（把構文）。""}, {""text"": ""行李"", ""type"": ""vocab"", ""py"": ""xínglǐ"", ""note"": ""荷物""}, {""text"": ""都"", ""type"": ""grammar"", ""py"": ""dōu"", ""note"": ""「みな、すべて」を表す副詞。""}, {""text"": ""准备"", ""type"": ""vocab"", ""py"": ""zhǔnbèi"", ""note"": ""準備する""}, {""text"": ""好"", ""type"": ""vocab"", ""py"": ""hǎo"", ""note"": ""良い、元気だ""}, {""text"": ""了"", ""type"": ""grammar"", ""py"": ""le"", ""note"": ""動作の完了や状態の変化を表す助詞（文末や動詞の直後に置く）。""}, {""text"": ""。"", ""type"": ""punct""}]",HSKspeaking_practice
70,7,10,陈杰,那我们出发前一天再联系一下，确认时间。,"Nà wǒmen chūfā qián yì tiān zài liánxì yíxià, quèrèn shíjiān.",じゃあ出発の前日にもう一度連絡して、時間を確認しよう。,"[{""text"": ""那"", ""type"": ""vocab"", ""py"": ""nà"", ""note"": ""あれ、それ／それなら""}, {""text"": ""我们"", ""type"": ""vocab"", ""py"": ""wǒmen"", ""note"": ""私たち""}, {""text"": ""出发"", ""type"": ""vocab"", ""py"": ""chūfā"", ""note"": ""出発する""}, {""text"": ""前一天"", ""type"": ""vocab"", ""py"": ""qiányītiān"", ""note"": ""前日""}, {""text"": ""再"", ""type"": ""grammar"", ""py"": ""zài"", ""note"": ""「また、さらに（これから先の繰り返し）」を表す副詞。""}, {""text"": ""联系"", ""type"": ""vocab"", ""py"": ""liánxì"", ""note"": ""連絡する""}, {""text"": ""一下"", ""type"": ""grammar"", ""py"": ""yīxià"", ""note"": ""動詞の後について「ちょっと〜する」と動作の軽さ・短さを表す表現。""}, {""text"": ""，"", ""type"": ""punct""}, {""text"": ""确认"", ""type"": ""vocab"", ""py"": ""quèrèn"", ""note"": ""確認する""}, {""text"": ""时间"", ""type"": ""vocab"", ""py"": ""shíjiān"", ""note"": ""時間""}, {""text"": ""。"", ""type"": ""punct""}]",HSKspeaking_practice
71,7,11,王丽,好，真期待这次旅行！,"Hǎo, zhēn qídài zhè cì lǚxíng!",うん、今回の旅行が本当に楽しみ！,"[{""text"": ""好"", ""type"": ""vocab"", ""py"": ""hǎo"", ""note"": ""良い、元気だ""}, {""text"": ""，"", ""type"": ""punct""}, {""text"": ""真"", ""type"": ""vocab"", ""py"": ""zhēn"", ""note"": ""本当に""}, {""text"": ""期待"", ""type"": ""vocab"", ""py"": ""qīdài"", ""note"": ""楽しみにする、期待する""}, {""text"": ""这次"", ""type"": ""vocab"", ""py"": ""zhècì"", ""note"": ""今回""}, {""text"": ""旅行"", ""type"": ""vocab"", ""py"": ""lǚxíng"", ""note"": ""旅行""}, {""text"": ""！"", ""type"": ""punct""}]",HSKspeaking_practice
72,8,1,阿强,小林，你的脸色看起来不太好，怎么了？,"Xiǎolín, nǐ de liǎnsè kàn qǐlai bú tài hǎo, zěnme le?",小林、顔色があまり良くないね、どうしたの？,"[{""text"": ""小林"", ""type"": ""vocab"", ""py"": ""xiǎolín"", ""note"": ""（人名）""}, {""text"": ""，"", ""type"": ""punct""}, {""text"": ""你"", ""type"": ""vocab"", ""py"": ""nǐ"", ""note"": ""あなた""}, {""text"": ""的"", ""type"": ""grammar"", ""py"": ""de"", ""note"": ""名詞を修飾し、所有・限定を表す助詞（〜の）。""}, {""text"": ""脸色"", ""type"": ""vocab"", ""py"": ""liǎnsè"", ""note"": ""顔色""}, {""text"": ""看起来"", ""type"": ""vocab"", ""py"": ""kànqǐlái"", ""note"": ""見たところ〜だ""}, {""text"": ""不太好"", ""type"": ""vocab"", ""py"": ""bùtàihǎo"", ""note"": ""あまり良くない""}, {""text"": ""，"", ""type"": ""punct""}, {""text"": ""怎么"", ""type"": ""grammar"", ""py"": ""zěnme"", ""note"": ""「どうやって、なぜ」を表す疑問詞。""}, {""text"": ""了"", ""type"": ""grammar"", ""py"": ""le"", ""note"": ""動作の完了や状態の変化を表す助詞（文末や動詞の直後に置く）。""}, {""text"": ""？"", ""type"": ""punct""}]",HSKspeaking_practice
73,8,2,小林,我昨天晚上开始头疼，还有点儿发烧。,"Wǒ zuótiān wǎnshang kāishǐ tóuténg, hái yǒudiǎnr fāshāo.",昨夜から頭が痛くて、少し熱もあるの。,"[{""text"": ""我"", ""type"": ""vocab"", ""py"": ""wǒ"", ""note"": ""私""}, {""text"": ""昨天晚上"", ""type"": ""vocab"", ""py"": ""zuótiānwǎnshàng"", ""note"": ""昨夜""}, {""text"": ""开始"", ""type"": ""vocab"", ""py"": ""kāishǐ"", ""note"": ""始まる、始める""}, {""text"": ""头疼"", ""type"": ""vocab"", ""py"": ""tóuténg"", ""note"": ""頭が痛い""}, {""text"": ""，"", ""type"": ""punct""}, {""text"": ""还"", ""type"": ""grammar"", ""py"": ""hái"", ""note"": ""「まだ、さらに」を表す副詞。""}, {""text"": ""有点儿"", ""type"": ""grammar"", ""py"": ""yǒudiǎnér"", ""note"": ""「少し、ちょっと」を表す副詞。好ましくない状態を表すことが多く、形容詞・動詞の前に置く。""}, {""text"": ""发烧"", ""type"": ""vocab"", ""py"": ""fāshāo"", ""note"": ""熱が出る""}, {""text"": ""。"", ""type"": ""punct""}]",HSKspeaking_practice
74,8,3,阿强,那你应该去医院看看，别硬撑着。,"Nà nǐ yīnggāi qù yīyuàn kànkan, bié yìngchēngzhe.",じゃあ病院に行った方がいいよ、無理して我慢しないで。,"[{""text"": ""那"", ""type"": ""vocab"", ""py"": ""nà"", ""note"": ""あれ、それ／それなら""}, {""text"": ""你"", ""type"": ""vocab"", ""py"": ""nǐ"", ""note"": ""あなた""}, {""text"": ""应该"", ""type"": ""grammar"", ""py"": ""yīnggāi"", ""note"": ""「〜すべきだ」という当然・義務を表す助動詞。""}, {""text"": ""去"", ""type"": ""vocab"", ""py"": ""qù"", ""note"": ""行く""}, {""text"": ""医院"", ""type"": ""vocab"", ""py"": ""yīyuàn"", ""note"": ""病院""}, {""text"": ""看看"", ""type"": ""vocab"", ""py"": ""kànkàn"", ""note"": ""ちょっと見る""}, {""text"": ""，"", ""type"": ""punct""}, {""text"": ""别"", ""type"": ""grammar"", ""py"": ""bié"", ""note"": ""「〜するな」と禁止を表す副詞。""}, {""text"": ""硬撑"", ""type"": ""vocab"", ""py"": ""yìngchēng"", ""note"": ""無理して我慢する""}, {""text"": ""着"", ""type"": ""grammar"", ""py"": ""zhe"", ""note"": ""動作や状態の持続を表す助詞（〜している、〜したまま）。""}, {""text"": ""。"", ""type"": ""punct""}]",HSKspeaking_practice
75,8,4,小林,我也这么想，可是今天的会议很重要。,"Wǒ yě zhème xiǎng, kěshì jīntiān de huìyì hěn zhòngyào.",私もそう思うけど、今日の会議は重要なの。,"[{""text"": ""我"", ""type"": ""vocab"", ""py"": ""wǒ"", ""note"": ""私""}, {""text"": ""也"", ""type"": ""grammar"", ""py"": ""yě"", ""note"": ""「〜も」を表す副詞。""}, {""text"": ""这么"", ""type"": ""vocab"", ""py"": ""zhème"", ""note"": ""こんなに、このように""}, {""text"": ""想"", ""type"": ""grammar"", ""py"": ""xiǎng"", ""note"": ""「〜したい」という願望を表す助動詞。""}, {""text"": ""，"", ""type"": ""punct""}, {""text"": ""可是"", ""type"": ""grammar"", ""py"": ""kěshì"", ""note"": ""「しかし」を表す口語的な接続詞。""}, {""text"": ""今天"", ""type"": ""vocab"", ""py"": ""jīntiān"", ""note"": ""今日""}, {""text"": ""的"", ""type"": ""grammar"", ""py"": ""de"", ""note"": ""名詞を修飾し、所有・限定を表す助詞（〜の）。""}, {""text"": ""会议"", ""type"": ""vocab"", ""py"": ""huìyì"", ""note"": ""会議""}, {""text"": ""很"", ""type"": ""grammar"", ""py"": ""hěn"", ""note"": ""「とても」を表す程度の副詞。形容詞文でよく使われる。""}, {""text"": ""重要"", ""type"": ""vocab"", ""py"": ""zhòngyào"", ""note"": ""重要だ""}, {""text"": ""。"", ""type"": ""punct""}]",HSKspeaking_practice
76,8,5,阿强,身体最重要，工作可以让别人先帮你处理。,"Shēntǐ zuì zhòngyào, gōngzuò kěyǐ ràng biéren xiān bāng nǐ chǔlǐ.",体が一番大事だよ、仕事は他の人に先に手伝ってもらえばいい。,"[{""text"": ""身体"", ""type"": ""vocab"", ""py"": ""shēntǐ"", ""note"": ""体、身体""}, {""text"": ""最"", ""type"": ""grammar"", ""py"": ""zuì"", ""note"": ""「もっとも」を表す最上級の副詞。""}, {""text"": ""重要"", ""type"": ""vocab"", ""py"": ""zhòngyào"", ""note"": ""重要だ""}, {""text"": ""，"", ""type"": ""punct""}, {""text"": ""工作"", ""type"": ""vocab"", ""py"": ""gōngzuò"", ""note"": ""仕事、働く""}, {""text"": ""可以"", ""type"": ""grammar"", ""py"": ""kěyǐ"", ""note"": ""「〜してもよい、〜できる」という許可・可能を表す助動詞。""}, {""text"": ""让"", ""type"": ""grammar"", ""py"": ""ràng"", ""note"": ""「〜させる」使役を表す動詞。""}, {""text"": ""别人"", ""type"": ""vocab"", ""py"": ""biérén"", ""note"": ""他の人""}, {""text"": ""先帮"", ""type"": ""vocab"", ""py"": ""xiānbāng"", ""note"": ""先に手伝う""}, {""text"": ""你"", ""type"": ""vocab"", ""py"": ""nǐ"", ""note"": ""あなた""}, {""text"": ""处理"", ""type"": ""vocab"", ""py"": ""chǔlǐ"", ""note"": ""処理する""}, {""text"": ""。"", ""type"": ""punct""}]",HSKspeaking_practice
77,8,6,小林,好吧，那我先请个假，去医院检查一下。,"Hǎo ba, nà wǒ xiān qǐng ge jià, qù yīyuàn jiǎnchá yíxià.",分かった、じゃあ先に休みを取って、病院で検査してくるね。,"[{""text"": ""好"", ""type"": ""vocab"", ""py"": ""hǎo"", ""note"": ""良い、元気だ""}, {""text"": ""吧"", ""type"": ""grammar"", ""py"": ""ba"", ""note"": ""提案・推量・軽い命令を表す文末助詞（〜しよう、〜でしょう）。""}, {""text"": ""，"", ""type"": ""punct""}, {""text"": ""那"", ""type"": ""vocab"", ""py"": ""nà"", ""note"": ""あれ、それ／それなら""}, {""text"": ""我"", ""type"": ""vocab"", ""py"": ""wǒ"", ""note"": ""私""}, {""text"": ""先"", ""type"": ""grammar"", ""py"": ""xiān"", ""note"": ""「まず、先に」を表す副詞。""}, {""text"": ""请"", ""type"": ""vocab"", ""py"": ""qǐng"", ""note"": ""どうぞ〜してください""}, {""text"": ""个"", ""type"": ""vocab"", ""py"": ""gè"", ""note"": ""〜個（量詞）""}, {""text"": ""假"", ""type"": ""vocab"", ""py"": ""jiǎ"", ""note"": ""休み、休暇""}, {""text"": ""，"", ""type"": ""punct""}, {""text"": ""去"", ""type"": ""vocab"", ""py"": ""qù"", ""note"": ""行く""}, {""text"": ""医院"", ""type"": ""vocab"", ""py"": ""yīyuàn"", ""note"": ""病院""}, {""text"": ""检查一下"", ""type"": ""vocab"", ""py"": ""jiǎncháyīxià"", ""note"": ""ちょっと検査する""}, {""text"": ""。"", ""type"": ""punct""}]",HSKspeaking_practice
78,8,7,阿强,我陪你一起去吧，顺便帮你拿药。,"Wǒ péi nǐ yìqǐ qù ba, shùnbiàn bāng nǐ ná yào.",一緒に付き添って行くよ、ついでに薬を受け取るのも手伝うから。,"[{""text"": ""我"", ""type"": ""vocab"", ""py"": ""wǒ"", ""note"": ""私""}, {""text"": ""陪"", ""type"": ""vocab"", ""py"": ""péi"", ""note"": ""付き添う""}, {""text"": ""你"", ""type"": ""vocab"", ""py"": ""nǐ"", ""note"": ""あなた""}, {""text"": ""一起"", ""type"": ""vocab"", ""py"": ""yìqǐ"", ""note"": ""一緒に""}, {""text"": ""去"", ""type"": ""vocab"", ""py"": ""qù"", ""note"": ""行く""}, {""text"": ""吧"", ""type"": ""grammar"", ""py"": ""ba"", ""note"": ""提案・推量・軽い命令を表す文末助詞（〜しよう、〜でしょう）。""}, {""text"": ""，"", ""type"": ""punct""}, {""text"": ""顺便"", ""type"": ""vocab"", ""py"": ""shùnbiàn"", ""note"": ""ついでに""}, {""text"": ""帮"", ""type"": ""vocab"", ""py"": ""bāng"", ""note"": ""手伝う""}, {""text"": ""你"", ""type"": ""vocab"", ""py"": ""nǐ"", ""note"": ""あなた""}, {""text"": ""拿药"", ""type"": ""vocab"", ""py"": ""náyào"", ""note"": ""薬を受け取る""}, {""text"": ""。"", ""type"": ""punct""}]",HSKspeaking_practice
79,8,8,小林,太谢谢你了，你真是个好朋友。,"Tài xièxie nǐ le, nǐ zhēnshi ge hǎo péngyou.",本当にありがとう、あなたは本当にいい友達ね。,"[{""text"": ""太"", ""type"": ""grammar"", ""py"": ""tài"", ""note"": ""「〜すぎる」を表す程度の副詞。「太…了」の形でよく使う。""}, {""text"": ""谢谢"", ""type"": ""vocab"", ""py"": ""xièxiè"", ""note"": ""ありがとう""}, {""text"": ""你"", ""type"": ""vocab"", ""py"": ""nǐ"", ""note"": ""あなた""}, {""text"": ""了"", ""type"": ""grammar"", ""py"": ""le"", ""note"": ""動作の完了や状態の変化を表す助詞（文末や動詞の直後に置く）。""}, {""text"": ""，"", ""type"": ""punct""}, {""text"": ""你"", ""type"": ""vocab"", ""py"": ""nǐ"", ""note"": ""あなた""}, {""text"": ""真是"", ""type"": ""vocab"", ""py"": ""zhēnshì"", ""note"": ""本当に〜だ""}, {""text"": ""个"", ""type"": ""vocab"", ""py"": ""gè"", ""note"": ""〜個（量詞）""}, {""text"": ""好"", ""type"": ""vocab"", ""py"": ""hǎo"", ""note"": ""良い、元気だ""}, {""text"": ""朋友"", ""type"": ""vocab"", ""py"": ""péngyǒu"", ""note"": ""友達""}, {""text"": ""。"", ""type"": ""punct""}]",HSKspeaking_practice
80,8,9,阿强,别客气，我们走吧，医生说不定还要排队呢。,"Bié kèqi, wǒmen zǒu ba, yīshēng shuōbudìng hái yào páiduì ne.",遠慮しないで、行こう、もしかしたらまだ並ばないといけないかもしれないし。,"[{""text"": ""别"", ""type"": ""grammar"", ""py"": ""bié"", ""note"": ""「〜するな」と禁止を表す副詞。""}, {""text"": ""客气"", ""type"": ""vocab"", ""py"": ""kèqì"", ""note"": ""遠慮する、礼儀正しい""}, {""text"": ""，"", ""type"": ""punct""}, {""text"": ""我们"", ""type"": ""vocab"", ""py"": ""wǒmen"", ""note"": ""私たち""}, {""text"": ""走"", ""type"": ""vocab"", ""py"": ""zǒu"", ""note"": ""歩く、行く、離れる""}, {""text"": ""吧"", ""type"": ""grammar"", ""py"": ""ba"", ""note"": ""提案・推量・軽い命令を表す文末助詞（〜しよう、〜でしょう）。""}, {""text"": ""，"", ""type"": ""punct""}, {""text"": ""医生"", ""type"": ""vocab"", ""py"": ""yīshēng"", ""note"": ""医者""}, {""text"": ""说不定"", ""type"": ""vocab"", ""py"": ""shuōbùdìng"", ""note"": ""もしかしたら〜かもしれない""}, {""text"": ""还要"", ""type"": ""vocab"", ""py"": ""háiyào"", ""note"": ""まだ〜が必要、さらに〜したい""}, {""text"": ""排队"", ""type"": ""vocab"", ""py"": ""páiduì"", ""note"": ""並ぶ、列に並ぶ""}, {""text"": ""呢"", ""type"": ""grammar"", ""py"": ""ne"", ""note"": ""疑問文を柔らかくしたり「〜は？」と聞き返すときに使う文末助詞。""}, {""text"": ""。"", ""type"": ""punct""}]",HSKspeaking_practice
81,8,10,小林,好，快点儿走吧。,"Hǎo, kuài diǎnr zǒu ba.",うん、早く行こう。,"[{""text"": ""好"", ""type"": ""vocab"", ""py"": ""hǎo"", ""note"": ""良い、元気だ""}, {""text"": ""，"", ""type"": ""punct""}, {""text"": ""快点儿"", ""type"": ""vocab"", ""py"": ""kuàidiǎnér"", ""note"": ""早く""}, {""text"": ""走"", ""type"": ""vocab"", ""py"": ""zǒu"", ""note"": ""歩く、行く、離れる""}, {""text"": ""吧"", ""type"": ""grammar"", ""py"": ""ba"", ""note"": ""提案・推量・軽い命令を表す文末助詞（〜しよう、〜でしょう）。""}, {""text"": ""。"", ""type"": ""punct""}]",HSKspeaking_practice
82,9,1,美美,后天是安娜的生日，我们给她准备一个惊喜聚会吧。,"Hòutiān shì Ānnà de shēngrì, wǒmen gěi tā zhǔnbèi yí ge jīngxǐ jùhuì ba.",明後日はアンナの誕生日だから、サプライズパーティーを用意してあげよう。,"[{""text"": ""后天"", ""type"": ""vocab"", ""py"": ""hòutiān"", ""note"": ""明後日""}, {""text"": ""是"", ""type"": ""grammar"", ""py"": ""shì"", ""note"": ""「〜である」を表すbe動詞。""}, {""text"": ""安娜"", ""type"": ""vocab"", ""py"": ""ānnà"", ""note"": ""アンナ（人名）""}, {""text"": ""的"", ""type"": ""grammar"", ""py"": ""de"", ""note"": ""名詞を修飾し、所有・限定を表す助詞（〜の）。""}, {""text"": ""生日"", ""type"": ""vocab"", ""py"": ""shēngrì"", ""note"": ""誕生日""}, {""text"": ""，"", ""type"": ""punct""}, {""text"": ""我们"", ""type"": ""vocab"", ""py"": ""wǒmen"", ""note"": ""私たち""}, {""text"": ""给"", ""type"": ""grammar"", ""py"": ""gěi"", ""note"": ""「〜に、〜のために」を表す介詞、または「あげる」という意味の動詞。""}, {""text"": ""她"", ""type"": ""vocab"", ""py"": ""tā"", ""note"": ""彼女""}, {""text"": ""准备"", ""type"": ""vocab"", ""py"": ""zhǔnbèi"", ""note"": ""準備する""}, {""text"": ""一个"", ""type"": ""vocab"", ""py"": ""yígè"", ""note"": ""一つ""}, {""text"": ""惊喜"", ""type"": ""vocab"", ""py"": ""jīngxǐ"", ""note"": ""サプライズ、驚きと喜び""}, {""text"": ""聚会"", ""type"": ""vocab"", ""py"": ""jùhuì"", ""note"": ""パーティー、集まり""}, {""text"": ""吧"", ""type"": ""grammar"", ""py"": ""ba"", ""note"": ""提案・推量・軽い命令を表す文末助詞（〜しよう、〜でしょう）。""}, {""text"": ""。"", ""type"": ""punct""}]",HSKspeaking_practice
83,9,2,小杰,好主意！不过我们得先决定在哪儿办。,Hǎo zhǔyi! Búguò wǒmen děi xiān juédìng zài nǎr bàn.,いい考え！でもまずどこでやるか決めないと。,"[{""text"": ""好"", ""type"": ""vocab"", ""py"": ""hǎo"", ""note"": ""良い、元気だ""}, {""text"": ""主意"", ""type"": ""vocab"", ""py"": ""zhǔyì"", ""note"": ""考え、アイデア""}, {""text"": ""！"", ""type"": ""punct""}, {""text"": ""不过"", ""type"": ""grammar"", ""py"": ""bùguò"", ""note"": ""「ただし、でも」を表す軽い転換の接続詞。""}, {""text"": ""我们"", ""type"": ""vocab"", ""py"": ""wǒmen"", ""note"": ""私たち""}, {""text"": ""得"", ""type"": ""grammar"", ""py"": ""dé"", ""note"": ""動詞・形容詞の後について程度や結果を表す補語を導く助詞（〜するのが…だ）。文脈により「〜しなければならない(děi)」の助動詞の場合もある。""}, {""text"": ""先"", ""type"": ""grammar"", ""py"": ""xiān"", ""note"": ""「まず、先に」を表す副詞。""}, {""text"": ""决定"", ""type"": ""vocab"", ""py"": ""juédìng"", ""note"": ""決める、決定""}, {""text"": ""在"", ""type"": ""grammar"", ""py"": ""zài"", ""note"": ""「〜にいる／ある」を表す動詞、または動詞の前について進行「〜している」を表す。""}, {""text"": ""哪儿"", ""type"": ""vocab"", ""py"": ""nǎér"", ""note"": ""どこ""}, {""text"": ""办"", ""type"": ""vocab"", ""py"": ""bàn"", ""note"": ""（催しなどを）行う、開く""}, {""text"": ""。"", ""type"": ""punct""}]",HSKspeaking_practice
84,9,3,婷婷,就在我家吧，我家地方比较大，而且离她公司也近。,"Jiù zài wǒ jiā ba, wǒ jiā dìfang bǐjiào dà, érqiě lí tā gōngsī yě jìn.",私の家でやろうよ、うちは場所も広いし、彼女の会社からも近いから。,"[{""text"": ""就"", ""type"": ""grammar"", ""py"": ""jiù"", ""note"": ""「すぐに、まさに」など、条件の帰結や強調を表す副詞。""}, {""text"": ""在"", ""type"": ""grammar"", ""py"": ""zài"", ""note"": ""「〜にいる／ある」を表す動詞、または動詞の前について進行「〜している」を表す。""}, {""text"": ""我家"", ""type"": ""vocab"", ""py"": ""wǒjiā"", ""note"": ""私の家""}, {""text"": ""吧"", ""type"": ""grammar"", ""py"": ""ba"", ""note"": ""提案・推量・軽い命令を表す文末助詞（〜しよう、〜でしょう）。""}, {""text"": ""，"", ""type"": ""punct""}, {""text"": ""我家"", ""type"": ""vocab"", ""py"": ""wǒjiā"", ""note"": ""私の家""}, {""text"": ""地方"", ""type"": ""vocab"", ""py"": ""dìfāng"", ""note"": ""場所""}, {""text"": ""比较"", ""type"": ""grammar"", ""py"": ""bǐjiào"", ""note"": ""「わりと、比較的」を表す程度の副詞。""}, {""text"": ""大"", ""type"": ""vocab"", ""py"": ""dà"", ""note"": ""大きい""}, {""text"": ""，"", ""type"": ""punct""}, {""text"": ""而且"", ""type"": ""grammar"", ""py"": ""érqiě"", ""note"": ""「その上、しかも」を表す接続詞。「不但…而且…」の形でよく使う。""}, {""text"": ""离"", ""type"": ""grammar"", ""py"": ""lí"", ""note"": ""「〜から（の距離）」を表す介詞。""}, {""text"": ""她"", ""type"": ""vocab"", ""py"": ""tā"", ""note"": ""彼女""}, {""text"": ""公司"", ""type"": ""vocab"", ""py"": ""gōngsī"", ""note"": ""会社""}, {""text"": ""也"", ""type"": ""grammar"", ""py"": ""yě"", ""note"": ""「〜も」を表す副詞。""}, {""text"": ""近"", ""type"": ""vocab"", ""py"": ""jìn"", ""note"": ""近い""}, {""text"": ""。"", ""type"": ""punct""}]",HSKspeaking_practice
85,9,4,美美,太好了。那蛋糕和气球由我来准备。,Tài hǎo le. Nà dàngāo hé qìqiú yóu wǒ lái zhǔnbèi.,よかった。じゃあケーキと風船は私が準備するね。,"[{""text"": ""太好了"", ""type"": ""vocab"", ""py"": ""tàihǎole"", ""note"": ""よかった！""}, {""text"": ""。"", ""type"": ""punct""}, {""text"": ""那"", ""type"": ""vocab"", ""py"": ""nà"", ""note"": ""あれ、それ／それなら""}, {""text"": ""蛋糕"", ""type"": ""vocab"", ""py"": ""dàngāo"", ""note"": ""ケーキ""}, {""text"": ""和"", ""type"": ""grammar"", ""py"": ""hé"", ""note"": ""「〜と」を表す接続詞・介詞。""}, {""text"": ""气球"", ""type"": ""vocab"", ""py"": ""qìqiú"", ""note"": ""風船""}, {""text"": ""由"", ""type"": ""vocab"", ""py"": ""yóu"", ""note"": ""〜が（〜する）、〜によって""}, {""text"": ""我"", ""type"": ""vocab"", ""py"": ""wǒ"", ""note"": ""私""}, {""text"": ""来"", ""type"": ""vocab"", ""py"": ""lái"", ""note"": ""来る""}, {""text"": ""准备"", ""type"": ""vocab"", ""py"": ""zhǔnbèi"", ""note"": ""準備する""}, {""text"": ""。"", ""type"": ""punct""}]",HSKspeaking_practice
86,9,5,小杰,我负责音乐和拍照，我最近刚买了一个新相机。,"Wǒ fùzé yīnyuè hé pāizhào, wǒ zuìjìn gāng mǎile yí ge xīn xiàngjī.",私は音楽と写真撮影を担当するよ、最近新しいカメラを買ったばかりなの。,"[{""text"": ""我"", ""type"": ""vocab"", ""py"": ""wǒ"", ""note"": ""私""}, {""text"": ""负责"", ""type"": ""vocab"", ""py"": ""fùzé"", ""note"": ""担当する、責任を持つ""}, {""text"": ""音乐"", ""type"": ""vocab"", ""py"": ""yīnyuè"", ""note"": ""音楽""}, {""text"": ""和"", ""type"": ""grammar"", ""py"": ""hé"", ""note"": ""「〜と」を表す接続詞・介詞。""}, {""text"": ""拍照"", ""type"": ""vocab"", ""py"": ""pāizhào"", ""note"": ""写真を撮る""}, {""text"": ""，"", ""type"": ""punct""}, {""text"": ""我"", ""type"": ""vocab"", ""py"": ""wǒ"", ""note"": ""私""}, {""text"": ""最近"", ""type"": ""vocab"", ""py"": ""zuìjìn"", ""note"": ""最近""}, {""text"": ""刚买"", ""type"": ""vocab"", ""py"": ""gāngmǎi"", ""note"": ""買ったばかり""}, {""text"": ""了"", ""type"": ""grammar"", ""py"": ""le"", ""note"": ""動作の完了や状態の変化を表す助詞（文末や動詞の直後に置く）。""}, {""text"": ""一个"", ""type"": ""vocab"", ""py"": ""yígè"", ""note"": ""一つ""}, {""text"": ""新"", ""type"": ""vocab"", ""py"": ""xīn"", ""note"": ""新しい""}, {""text"": ""相机"", ""type"": ""vocab"", ""py"": ""xiàngjī"", ""note"": ""カメラ""}, {""text"": ""。"", ""type"": ""punct""}]",HSKspeaking_practice
87,9,6,婷婷,那礼物呢？我们要不要一起买一个大家都喜欢的？,Nà lǐwù ne? Wǒmen yào bu yào yìqǐ mǎi yí ge dàjiā dōu xǐhuan de?,じゃあプレゼントは？みんなが好きなものを一緒に買わない？,"[{""text"": ""那"", ""type"": ""vocab"", ""py"": ""nà"", ""note"": ""あれ、それ／それなら""}, {""text"": ""礼物"", ""type"": ""vocab"", ""py"": ""lǐwù"", ""note"": ""プレゼント""}, {""text"": ""呢"", ""type"": ""grammar"", ""py"": ""ne"", ""note"": ""疑問文を柔らかくしたり「〜は？」と聞き返すときに使う文末助詞。""}, {""text"": ""？"", ""type"": ""punct""}, {""text"": ""我们"", ""type"": ""vocab"", ""py"": ""wǒmen"", ""note"": ""私たち""}, {""text"": ""要"", ""type"": ""grammar"", ""py"": ""yào"", ""note"": ""「〜したい、〜するつもりだ」という意志・必要を表す助動詞。""}, {""text"": ""不要"", ""type"": ""vocab"", ""py"": ""búyào"", ""note"": ""〜しないで""}, {""text"": ""一起"", ""type"": ""vocab"", ""py"": ""yìqǐ"", ""note"": ""一緒に""}, {""text"": ""买"", ""type"": ""vocab"", ""py"": ""mǎi"", ""note"": ""買う""}, {""text"": ""一个"", ""type"": ""vocab"", ""py"": ""yígè"", ""note"": ""一つ""}, {""text"": ""大家"", ""type"": ""vocab"", ""py"": ""dàjiā"", ""note"": ""みんな""}, {""text"": ""都"", ""type"": ""grammar"", ""py"": ""dōu"", ""note"": ""「みな、すべて」を表す副詞。""}, {""text"": ""喜欢"", ""type"": ""vocab"", ""py"": ""xǐhuān"", ""note"": ""好きだ、気に入る""}, {""text"": ""的"", ""type"": ""grammar"", ""py"": ""de"", ""note"": ""名詞を修飾し、所有・限定を表す助詞（〜の）。""}, {""text"": ""？"", ""type"": ""punct""}]",HSKspeaking_practice
88,9,7,美美,好啊，她一直想要一条围巾，我们就买那个吧。,"Hǎo a, tā yìzhí xiǎng yào yì tiáo wéijīn, wǒmen jiù mǎi nàge ba.",いいね、彼女はずっとマフラーが欲しいって言ってたから、それを買おう。,"[{""text"": ""好"", ""type"": ""vocab"", ""py"": ""hǎo"", ""note"": ""良い、元気だ""}, {""text"": ""啊"", ""type"": ""grammar"", ""py"": ""a"", ""note"": ""感嘆や語気をやわらげる文末助詞。""}, {""text"": ""，"", ""type"": ""punct""}, {""text"": ""她"", ""type"": ""vocab"", ""py"": ""tā"", ""note"": ""彼女""}, {""text"": ""一直"", ""type"": ""grammar"", ""py"": ""yìzhí"", ""note"": ""「ずっと、一貫して」を表す副詞。""}, {""text"": ""想要"", ""type"": ""vocab"", ""py"": ""xiǎngyào"", ""note"": ""〜が欲しい、〜したい""}, {""text"": ""一条"", ""type"": ""vocab"", ""py"": ""yītiáo"", ""note"": ""一本（細長い物の量詞）""}, {""text"": ""围巾"", ""type"": ""vocab"", ""py"": ""wéijīn"", ""note"": ""マフラー""}, {""text"": ""，"", ""type"": ""punct""}, {""text"": ""我们"", ""type"": ""vocab"", ""py"": ""wǒmen"", ""note"": ""私たち""}, {""text"": ""就"", ""type"": ""grammar"", ""py"": ""jiù"", ""note"": ""「すぐに、まさに」など、条件の帰結や強調を表す副詞。""}, {""text"": ""买"", ""type"": ""vocab"", ""py"": ""mǎi"", ""note"": ""買う""}, {""text"": ""那个"", ""type"": ""vocab"", ""py"": ""nàge"", ""note"": ""あれ、その""}, {""text"": ""吧"", ""type"": ""grammar"", ""py"": ""ba"", ""note"": ""提案・推量・軽い命令を表す文末助詞（〜しよう、〜でしょう）。""}, {""text"": ""。"", ""type"": ""punct""}]",HSKspeaking_practice
89,9,8,小杰,那我们别让她发现，聚会前保密。,"Nà wǒmen bié ràng tā fāxiàn, jùhuì qián bǎomì.",じゃあ彼女に気づかれないようにしよう、パーティー前は秘密にね。,"[{""text"": ""那"", ""type"": ""vocab"", ""py"": ""nà"", ""note"": ""あれ、それ／それなら""}, {""text"": ""我们"", ""type"": ""vocab"", ""py"": ""wǒmen"", ""note"": ""私たち""}, {""text"": ""别"", ""type"": ""grammar"", ""py"": ""bié"", ""note"": ""「〜するな」と禁止を表す副詞。""}, {""text"": ""让"", ""type"": ""grammar"", ""py"": ""ràng"", ""note"": ""「〜させる」使役を表す動詞。""}, {""text"": ""她"", ""type"": ""vocab"", ""py"": ""tā"", ""note"": ""彼女""}, {""text"": ""发现"", ""type"": ""vocab"", ""py"": ""fāxiàn"", ""note"": ""気づく、発見する""}, {""text"": ""，"", ""type"": ""punct""}, {""text"": ""聚会"", ""type"": ""vocab"", ""py"": ""jùhuì"", ""note"": ""パーティー、集まり""}, {""text"": ""前"", ""type"": ""vocab"", ""py"": ""qián"", ""note"": ""前""}, {""text"": ""保密"", ""type"": ""vocab"", ""py"": ""bǎomì"", ""note"": ""秘密にする""}, {""text"": ""。"", ""type"": ""punct""}]",HSKspeaking_practice
90,9,9,婷婷,放心，我不会告诉她的。到时候她一定会特别感动。,"Fàngxīn, wǒ bú huì gàosu tā de. Dào shíhou tā yídìng huì tèbié gǎndòng.",安心して、絶対言わないから。その時になったらきっとすごく感動するよ。,"[{""text"": ""放心"", ""type"": ""vocab"", ""py"": ""fàngxīn"", ""note"": ""安心する""}, {""text"": ""，"", ""type"": ""punct""}, {""text"": ""我"", ""type"": ""vocab"", ""py"": ""wǒ"", ""note"": ""私""}, {""text"": ""不会"", ""type"": ""vocab"", ""py"": ""búhuì"", ""note"": ""〜しないだろう""}, {""text"": ""告诉"", ""type"": ""vocab"", ""py"": ""gàosù"", ""note"": ""伝える、教える""}, {""text"": ""她"", ""type"": ""vocab"", ""py"": ""tā"", ""note"": ""彼女""}, {""text"": ""的"", ""type"": ""grammar"", ""py"": ""de"", ""note"": ""名詞を修飾し、所有・限定を表す助詞（〜の）。""}, {""text"": ""。"", ""type"": ""punct""}, {""text"": ""到时候"", ""type"": ""vocab"", ""py"": ""dàoshíhòu"", ""note"": ""その時になったら""}, {""text"": ""她"", ""type"": ""vocab"", ""py"": ""tā"", ""note"": ""彼女""}, {""text"": ""一定"", ""type"": ""vocab"", ""py"": ""yídìng"", ""note"": ""必ず、きっと""}, {""text"": ""会"", ""type"": ""grammar"", ""py"": ""huì"", ""note"": ""「〜するだろう」「（習得して）〜できる」という可能性・技能を表す助動詞。""}, {""text"": ""特别"", ""type"": ""vocab"", ""py"": ""tèbié"", ""note"": ""特に、特別""}, {""text"": ""感动"", ""type"": ""vocab"", ""py"": ""gǎndòng"", ""note"": ""感動する""}, {""text"": ""。"", ""type"": ""punct""}]",HSKspeaking_practice
91,9,10,美美,那就这样说定了，后天晚上七点在婷婷家集合。,"Nà jiù zhèyàng shuōdìng le, hòutiān wǎnshang qī diǎn zài Tíngtíng jiā jíhé.",じゃあそう決まりね、明後日の夜7時に婷婷の家に集合。,"[{""text"": ""那"", ""type"": ""vocab"", ""py"": ""nà"", ""note"": ""あれ、それ／それなら""}, {""text"": ""就"", ""type"": ""grammar"", ""py"": ""jiù"", ""note"": ""「すぐに、まさに」など、条件の帰結や強調を表す副詞。""}, {""text"": ""这样"", ""type"": ""vocab"", ""py"": ""zhèyàng"", ""note"": ""このように""}, {""text"": ""说定了"", ""type"": ""vocab"", ""py"": ""shuōdìngle"", ""note"": ""そう決まった""}, {""text"": ""，"", ""type"": ""punct""}, {""text"": ""后天"", ""type"": ""vocab"", ""py"": ""hòutiān"", ""note"": ""明後日""}, {""text"": ""晚上"", ""type"": ""vocab"", ""py"": ""wǎnshàng"", ""note"": ""夜""}, {""text"": ""七点"", ""type"": ""vocab"", ""py"": ""qīdiǎn"", ""note"": ""7時""}, {""text"": ""在"", ""type"": ""grammar"", ""py"": ""zài"", ""note"": ""「〜にいる／ある」を表す動詞、または動詞の前について進行「〜している」を表す。""}, {""text"": ""婷婷"", ""type"": ""vocab"", ""py"": ""tíngtíng"", ""note"": ""（人名）""}, {""text"": ""家"", ""type"": ""vocab"", ""py"": ""jiā"", ""note"": ""家""}, {""text"": ""集合"", ""type"": ""vocab"", ""py"": ""jíhé"", ""note"": ""集合する""}, {""text"": ""。"", ""type"": ""punct""}]",HSKspeaking_practice
92,10,1,小周,我最近一直在考虑要不要跳槽，压力太大了。,"Wǒ zuìjìn yìzhí zài kǎolǜ yào bu yào tiàocáo, yālì tài dà le.",私は最近ずっと転職するかどうか考えていて、プレッシャーが大きすぎるの。,"[{""text"": ""我"", ""type"": ""vocab"", ""py"": ""wǒ"", ""note"": ""私""}, {""text"": ""最近"", ""type"": ""vocab"", ""py"": ""zuìjìn"", ""note"": ""最近""}, {""text"": ""一直"", ""type"": ""grammar"", ""py"": ""yìzhí"", ""note"": ""「ずっと、一貫して」を表す副詞。""}, {""text"": ""在"", ""type"": ""grammar"", ""py"": ""zài"", ""note"": ""「〜にいる／ある」を表す動詞、または動詞の前について進行「〜している」を表す。""}, {""text"": ""考虑"", ""type"": ""vocab"", ""py"": ""kǎolǜ"", ""note"": ""考える、検討する""}, {""text"": ""要"", ""type"": ""grammar"", ""py"": ""yào"", ""note"": ""「〜したい、〜するつもりだ」という意志・必要を表す助動詞。""}, {""text"": ""不要"", ""type"": ""vocab"", ""py"": ""búyào"", ""note"": ""〜しないで""}, {""text"": ""跳槽"", ""type"": ""vocab"", ""py"": ""tiàocáo"", ""note"": ""転職する""}, {""text"": ""，"", ""type"": ""punct""}, {""text"": ""压力"", ""type"": ""vocab"", ""py"": ""yālì"", ""note"": ""プレッシャー、ストレス""}, {""text"": ""太大"", ""type"": ""vocab"", ""py"": ""tàidà"", ""note"": ""大きすぎる""}, {""text"": ""了"", ""type"": ""grammar"", ""py"": ""le"", ""note"": ""動作の完了や状態の変化を表す助詞（文末や動詞の直後に置く）。""}, {""text"": ""。"", ""type"": ""punct""}]",HSKspeaking_practice
93,10,2,大伟,是因为工作太累，还是因为跟同事相处得不好？,"Shì yīnwèi gōngzuò tài lèi, háishi yīnwèi gēn tóngshì xiāngchǔ de bù hǎo?",仕事が疲れすぎるから？それとも同僚とうまくいってないから？,"[{""text"": ""是因为"", ""type"": ""vocab"", ""py"": ""shìyīnwèi"", ""note"": ""〜だからだ""}, {""text"": ""工作"", ""type"": ""vocab"", ""py"": ""gōngzuò"", ""note"": ""仕事、働く""}, {""text"": ""太累"", ""type"": ""vocab"", ""py"": ""tàilèi"", ""note"": ""疲れすぎる""}, {""text"": ""，"", ""type"": ""punct""}, {""text"": ""还是"", ""type"": ""grammar"", ""py"": ""háishì"", ""note"": ""「それとも」（疑問文の選択）、または「やはり」を表す。""}, {""text"": ""因为"", ""type"": ""grammar"", ""py"": ""yīnwèi"", ""note"": ""「なぜなら、〜なので」と原因を表す接続詞。「因为…所以…」の形でよく使う。""}, {""text"": ""跟"", ""type"": ""grammar"", ""py"": ""gēn"", ""note"": ""「〜と」を表す介詞。一緒に何かをする相手を示す。""}, {""text"": ""同事"", ""type"": ""vocab"", ""py"": ""tóngshì"", ""note"": ""同僚""}, {""text"": ""相处"", ""type"": ""vocab"", ""py"": ""xiāngchǔ"", ""note"": ""付き合う、共に過ごす""}, {""text"": ""得"", ""type"": ""grammar"", ""py"": ""dé"", ""note"": ""動詞・形容詞の後について程度や結果を表す補語を導く助詞（〜するのが…だ）。文脈により「〜しなければならない(děi)」の助動詞の場合もある。""}, {""text"": ""不好"", ""type"": ""vocab"", ""py"": ""bùhǎo"", ""note"": ""良くない""}, {""text"": ""？"", ""type"": ""punct""}]",HSKspeaking_practice
94,10,3,小周,主要是工作量太大，不但每天要加班，而且周末也常常被叫回去开会。,"Zhǔyào shì gōngzuòliàng tài dà, búdàn měitiān yào jiābān, érqiě zhōumò yě chángcháng bèi jiào huíqu kāihuì.",主に仕事量が多すぎるからなの、毎日残業しないといけないだけじゃなく、週末もよく会議に呼び戻されるし。,"[{""text"": ""主要"", ""type"": ""vocab"", ""py"": ""zhǔyào"", ""note"": ""主に""}, {""text"": ""是"", ""type"": ""grammar"", ""py"": ""shì"", ""note"": ""「〜である」を表すbe動詞。""}, {""text"": ""工作量"", ""type"": ""vocab"", ""py"": ""gōngzuòliàng"", ""note"": ""仕事量""}, {""text"": ""太"", ""type"": ""grammar"", ""py"": ""tài"", ""note"": ""「〜すぎる」を表す程度の副詞。「太…了」の形でよく使う。""}, {""text"": ""大"", ""type"": ""vocab"", ""py"": ""dà"", ""note"": ""大きい""}, {""text"": ""，"", ""type"": ""punct""}, {""text"": ""不但"", ""type"": ""grammar"", ""py"": ""bùdàn"", ""note"": ""「〜だけでなく」を表す接続詞。「不但…而且…」の形で使う。""}, {""text"": ""每天"", ""type"": ""vocab"", ""py"": ""měitiān"", ""note"": ""毎日""}, {""text"": ""要"", ""type"": ""grammar"", ""py"": ""yào"", ""note"": ""「〜したい、〜するつもりだ」という意志・必要を表す助動詞。""}, {""text"": ""加班"", ""type"": ""vocab"", ""py"": ""jiābān"", ""note"": ""残業する""}, {""text"": ""，"", ""type"": ""punct""}, {""text"": ""而且"", ""type"": ""grammar"", ""py"": ""érqiě"", ""note"": ""「その上、しかも」を表す接続詞。「不但…而且…」の形でよく使う。""}, {""text"": ""周末"", ""type"": ""vocab"", ""py"": ""zhōumò"", ""note"": ""週末""}, {""text"": ""也"", ""type"": ""grammar"", ""py"": ""yě"", ""note"": ""「〜も」を表す副詞。""}, {""text"": ""常常"", ""type"": ""grammar"", ""py"": ""chángcháng"", ""note"": ""「よく、しばしば」を表す頻度の副詞。""}, {""text"": ""被叫"", ""type"": ""vocab"", ""py"": ""bèijiào"", ""note"": ""呼ばれる（受身）""}, {""text"": ""回去"", ""type"": ""vocab"", ""py"": ""huíqù"", ""note"": ""戻る、帰る""}, {""text"": ""开会"", ""type"": ""vocab"", ""py"": ""kāihuì"", ""note"": ""会議をする""}, {""text"": ""。"", ""type"": ""punct""}]",HSKspeaking_practice
95,10,4,玲玲,那确实挺辛苦的。不过换工作也不一定就会更轻松。,Nà quèshí tǐng xīnkǔ de. Búguò huàn gōngzuò yě bù yídìng jiù huì gèng qīngsōng.,それは確かに大変だね。でも転職したからといって必ずしも楽になるとは限らないよ。,"[{""text"": ""那"", ""type"": ""vocab"", ""py"": ""nà"", ""note"": ""あれ、それ／それなら""}, {""text"": ""确实"", ""type"": ""vocab"", ""py"": ""quèshí"", ""note"": ""確かに""}, {""text"": ""挺"", ""type"": ""grammar"", ""py"": ""tǐng"", ""note"": ""「なかなか、けっこう」を表す口語的な程度副詞。「挺…的」の形でよく使う。""}, {""text"": ""辛苦"", ""type"": ""vocab"", ""py"": ""xīnkǔ"", ""note"": ""大変だ、苦労する""}, {""text"": ""的"", ""type"": ""grammar"", ""py"": ""de"", ""note"": ""名詞を修飾し、所有・限定を表す助詞（〜の）。""}, {""text"": ""。"", ""type"": ""punct""}, {""text"": ""不过"", ""type"": ""grammar"", ""py"": ""bùguò"", ""note"": ""「ただし、でも」を表す軽い転換の接続詞。""}, {""text"": ""换"", ""type"": ""vocab"", ""py"": ""huàn"", ""note"": ""変える、交換する""}, {""text"": ""工作"", ""type"": ""vocab"", ""py"": ""gōngzuò"", ""note"": ""仕事、働く""}, {""text"": ""也"", ""type"": ""grammar"", ""py"": ""yě"", ""note"": ""「〜も」を表す副詞。""}, {""text"": ""不"", ""type"": ""grammar"", ""py"": ""bù"", ""note"": ""動詞・形容詞を否定する副詞。""}, {""text"": ""一定"", ""type"": ""vocab"", ""py"": ""yídìng"", ""note"": ""必ず、きっと""}, {""text"": ""就"", ""type"": ""grammar"", ""py"": ""jiù"", ""note"": ""「すぐに、まさに」など、条件の帰結や強調を表す副詞。""}, {""text"": ""会"", ""type"": ""grammar"", ""py"": ""huì"", ""note"": ""「〜するだろう」「（習得して）〜できる」という可能性・技能を表す助動詞。""}, {""text"": ""更"", ""type"": ""grammar"", ""py"": ""gèng"", ""note"": ""「さらに、もっと」を表す程度の副詞（比較を強める）。""}, {""text"": ""轻松"", ""type"": ""vocab"", ""py"": ""qīngsōng"", ""note"": ""気楽だ、楽だ""}, {""text"": ""。"", ""type"": ""punct""}]",HSKspeaking_practice
96,10,5,大伟,与其冲动辞职，不如先想清楚自己真正想要什么样的工作。,"Yǔqí chōngdòng cízhí, bùrú xiān xiǎng qīngchu zìjǐ zhēnzhèng xiǎng yào shénmeyàng de gōngzuò.",衝動的に辞めるくらいなら、まず自分が本当にどんな仕事をしたいのかをはっきり考えた方がいい。,"[{""text"": ""与其"", ""type"": ""grammar"", ""py"": ""yǔqí"", ""note"": ""「〜するくらいなら」を表す接続詞。「与其…不如…」の形で使う。""}, {""text"": ""冲动"", ""type"": ""vocab"", ""py"": ""chōngdòng"", ""note"": ""衝動的だ""}, {""text"": ""辞职"", ""type"": ""vocab"", ""py"": ""cízhí"", ""note"": ""辞職する""}, {""text"": ""，"", ""type"": ""punct""}, {""text"": ""不如"", ""type"": ""grammar"", ""py"": ""bùrú"", ""note"": ""「〜する方がよい」を表す語。「与其…不如…」の形で使う。""}, {""text"": ""先想"", ""type"": ""vocab"", ""py"": ""xiānxiǎng"", ""note"": ""まず考える""}, {""text"": ""清楚"", ""type"": ""vocab"", ""py"": ""qīngchǔ"", ""note"": ""はっきりしている""}, {""text"": ""自己"", ""type"": ""vocab"", ""py"": ""zìjǐ"", ""note"": ""自分自身""}, {""text"": ""真正"", ""type"": ""vocab"", ""py"": ""zhēnzhèng"", ""note"": ""本当の、真の""}, {""text"": ""想要"", ""type"": ""vocab"", ""py"": ""xiǎngyào"", ""note"": ""〜が欲しい、〜したい""}, {""text"": ""什么样"", ""type"": ""grammar"", ""py"": ""shénmeyàng"", ""note"": ""「どのような」を表す疑問表現。""}, {""text"": ""的"", ""type"": ""grammar"", ""py"": ""de"", ""note"": ""名詞を修飾し、所有・限定を表す助詞（〜の）。""}, {""text"": ""工作"", ""type"": ""vocab"", ""py"": ""gōngzuò"", ""note"": ""仕事、働く""}, {""text"": ""。"", ""type"": ""punct""}]",HSKspeaking_practice
97,10,6,小周,你说得对。无论去哪家公司，只要压力太大，问题都会一直存在。,"Nǐ shuō de duì. Wúlùn qù nǎ jiā gōngsī, zhǐyào yālì tài dà, wèntí dōu huì yìzhí cúnzài.",その通りだね。どの会社に行っても、プレッシャーが大きすぎれば、問題はずっと存在し続けるから。,"[{""text"": ""你"", ""type"": ""vocab"", ""py"": ""nǐ"", ""note"": ""あなた""}, {""text"": ""说得对"", ""type"": ""vocab"", ""py"": ""shuōdéduì"", ""note"": ""言う通りだ""}, {""text"": ""。"", ""type"": ""punct""}, {""text"": ""无论"", ""type"": ""grammar"", ""py"": ""wúlùn"", ""note"": ""「〜にかかわらず」を表す接続詞。「无论…都…」の形で使う。""}, {""text"": ""去"", ""type"": ""vocab"", ""py"": ""qù"", ""note"": ""行く""}, {""text"": ""哪家"", ""type"": ""vocab"", ""py"": ""nǎjiā"", ""note"": ""どの会社・店""}, {""text"": ""公司"", ""type"": ""vocab"", ""py"": ""gōngsī"", ""note"": ""会社""}, {""text"": ""，"", ""type"": ""punct""}, {""text"": ""只要"", ""type"": ""grammar"", ""py"": ""zhǐyào"", ""note"": ""「〜さえすれば」を表す接続詞。「只要…就…」の形で使う。""}, {""text"": ""压力"", ""type"": ""vocab"", ""py"": ""yālì"", ""note"": ""プレッシャー、ストレス""}, {""text"": ""太"", ""type"": ""grammar"", ""py"": ""tài"", ""note"": ""「〜すぎる」を表す程度の副詞。「太…了」の形でよく使う。""}, {""text"": ""大"", ""type"": ""vocab"", ""py"": ""dà"", ""note"": ""大きい""}, {""text"": ""，"", ""type"": ""punct""}, {""text"": ""问题"", ""type"": ""vocab"", ""py"": ""wèntí"", ""note"": ""問題""}, {""text"": ""都"", ""type"": ""grammar"", ""py"": ""dōu"", ""note"": ""「みな、すべて」を表す副詞。""}, {""text"": ""会"", ""type"": ""grammar"", ""py"": ""huì"", ""note"": ""「〜するだろう」「（習得して）〜できる」という可能性・技能を表す助動詞。""}, {""text"": ""一直"", ""type"": ""grammar"", ""py"": ""yìzhí"", ""note"": ""「ずっと、一貫して」を表す副詞。""}, {""text"": ""存在"", ""type"": ""vocab"", ""py"": ""cúnzài"", ""note"": ""存在する""}, {""text"": ""。"", ""type"": ""punct""}]",HSKspeaking_practice
98,10,7,玲玲,尽管现在竞争很激烈，但是找一份真正适合自己的工作还是很重要的。,"Jǐnguǎn xiànzài jìngzhēng hěn jīliè, dànshì zhǎo yí fèn zhēnzhèng shìhé zìjǐ de gōngzuò háishi hěn zhòngyào de.",今は競争が激しいけれど、それでも本当に自分に合った仕事を探すことはやはり重要だよ。,"[{""text"": ""尽管"", ""type"": ""grammar"", ""py"": ""jǐnguǎn"", ""note"": ""「〜にもかかわらず」を表す接続詞。「尽管…但是…」の形で使う。""}, {""text"": ""现在"", ""type"": ""vocab"", ""py"": ""xiànzài"", ""note"": ""今、現在""}, {""text"": ""竞争"", ""type"": ""vocab"", ""py"": ""jìngzhēng"", ""note"": ""競争""}, {""text"": ""很"", ""type"": ""grammar"", ""py"": ""hěn"", ""note"": ""「とても」を表す程度の副詞。形容詞文でよく使われる。""}, {""text"": ""激烈"", ""type"": ""vocab"", ""py"": ""jīliè"", ""note"": ""激しい""}, {""text"": ""，"", ""type"": ""punct""}, {""text"": ""但是"", ""type"": ""grammar"", ""py"": ""dànshì"", ""note"": ""「しかし」を表す接続詞。""}, {""text"": ""找"", ""type"": ""vocab"", ""py"": ""zhǎo"", ""note"": ""探す、訪ねる""}, {""text"": ""一份"", ""type"": ""vocab"", ""py"": ""yīfèn"", ""note"": ""一つの（仕事などの量詞）""}, {""text"": ""真正"", ""type"": ""vocab"", ""py"": ""zhēnzhèng"", ""note"": ""本当の、真の""}, {""text"": ""适合"", ""type"": ""vocab"", ""py"": ""shìhé"", ""note"": ""適合する、合う""}, {""text"": ""自己"", ""type"": ""vocab"", ""py"": ""zìjǐ"", ""note"": ""自分自身""}, {""text"": ""的"", ""type"": ""grammar"", ""py"": ""de"", ""note"": ""名詞を修飾し、所有・限定を表す助詞（〜の）。""}, {""text"": ""工作"", ""type"": ""vocab"", ""py"": ""gōngzuò"", ""note"": ""仕事、働く""}, {""text"": ""还是"", ""type"": ""grammar"", ""py"": ""háishì"", ""note"": ""「それとも」（疑問文の選択）、または「やはり」を表す。""}, {""text"": ""很"", ""type"": ""grammar"", ""py"": ""hěn"", ""note"": ""「とても」を表す程度の副詞。形容詞文でよく使われる。""}, {""text"": ""重要"", ""type"": ""vocab"", ""py"": ""zhòngyào"", ""note"": ""重要だ""}, {""text"": ""的"", ""type"": ""grammar"", ""py"": ""de"", ""note"": ""名詞を修飾し、所有・限定を表す助詞（〜の）。""}, {""text"": ""。"", ""type"": ""punct""}]",HSKspeaking_practice
99,10,8,大伟,至于跳槽的事，你可以先跟你的领导谈谈，看能不能调整一下工作安排。,"Zhìyú tiàocáo de shì, nǐ kěyǐ xiān gēn nǐ de lǐngdǎo tántan, kàn néng bu néng tiáozhěng yíxià gōngzuò ānpái.",転職の件について言えば、まず上司と話してみて、仕事の配置を調整できないか聞いてみたらどう。,"[{""text"": ""至于"", ""type"": ""grammar"", ""py"": ""zhìyú"", ""note"": ""「〜について言えば」と話題を転換する表現。""}, {""text"": ""跳槽"", ""type"": ""vocab"", ""py"": ""tiàocáo"", ""note"": ""転職する""}, {""text"": ""的"", ""type"": ""grammar"", ""py"": ""de"", ""note"": ""名詞を修飾し、所有・限定を表す助詞（〜の）。""}, {""text"": ""事"", ""type"": ""vocab"", ""py"": ""shì"", ""note"": ""こと、用事""}, {""text"": ""，"", ""type"": ""punct""}, {""text"": ""你"", ""type"": ""vocab"", ""py"": ""nǐ"", ""note"": ""あなた""}, {""text"": ""可以"", ""type"": ""grammar"", ""py"": ""kěyǐ"", ""note"": ""「〜してもよい、〜できる」という許可・可能を表す助動詞。""}, {""text"": ""先"", ""type"": ""grammar"", ""py"": ""xiān"", ""note"": ""「まず、先に」を表す副詞。""}, {""text"": ""跟"", ""type"": ""grammar"", ""py"": ""gēn"", ""note"": ""「〜と」を表す介詞。一緒に何かをする相手を示す。""}, {""text"": ""你"", ""type"": ""vocab"", ""py"": ""nǐ"", ""note"": ""あなた""}, {""text"": ""的"", ""type"": ""grammar"", ""py"": ""de"", ""note"": ""名詞を修飾し、所有・限定を表す助詞（〜の）。""}, {""text"": ""领导"", ""type"": ""vocab"", ""py"": ""lǐngdǎo"", ""note"": ""上司、リーダー""}, {""text"": ""谈谈"", ""type"": ""vocab"", ""py"": ""tántán"", ""note"": ""ちょっと話す""}, {""text"": ""，"", ""type"": ""punct""}, {""text"": ""看能"", ""type"": ""vocab"", ""py"": ""kànnéng"", ""note"": ""〜できるか見てみる""}, {""text"": ""不能"", ""type"": ""vocab"", ""py"": ""bùnéng"", ""note"": ""〜できない""}, {""text"": ""调整"", ""type"": ""vocab"", ""py"": ""tiáozhěng"", ""note"": ""調整する""}, {""text"": ""一下"", ""type"": ""grammar"", ""py"": ""yīxià"", ""note"": ""動詞の後について「ちょっと〜する」と動作の軽さ・短さを表す表現。""}, {""text"": ""工作"", ""type"": ""vocab"", ""py"": ""gōngzuò"", ""note"": ""仕事、働く""}, {""text"": ""安排"", ""type"": ""vocab"", ""py"": ""ānpái"", ""note"": ""手配、スケジュール""}, {""text"": ""。"", ""type"": ""punct""}]",HSKspeaking_practice
100,10,9,小周,好，我打算下周找他谈一次，希望能找到解决办法。,"Hǎo, wǒ dǎsuàn xià zhōu zhǎo tā tán yí cì, xīwàng néng zhǎodào jiějué bànfǎ.",うん、来週彼と一度話してみるつもり、解決方法が見つかるといいな。,"[{""text"": ""好"", ""type"": ""vocab"", ""py"": ""hǎo"", ""note"": ""良い、元気だ""}, {""text"": ""，"", ""type"": ""punct""}, {""text"": ""我"", ""type"": ""vocab"", ""py"": ""wǒ"", ""note"": ""私""}, {""text"": ""打算"", ""type"": ""grammar"", ""py"": ""dǎsuàn"", ""note"": ""「〜するつもりだ」という計画を表す動詞。""}, {""text"": ""下周"", ""type"": ""vocab"", ""py"": ""xiàzhōu"", ""note"": ""来週""}, {""text"": ""找"", ""type"": ""vocab"", ""py"": ""zhǎo"", ""note"": ""探す、訪ねる""}, {""text"": ""他"", ""type"": ""vocab"", ""py"": ""tā"", ""note"": ""彼""}, {""text"": ""谈"", ""type"": ""vocab"", ""py"": ""tán"", ""note"": ""話し合う""}, {""text"": ""一次"", ""type"": ""vocab"", ""py"": ""yīcì"", ""note"": ""一回""}, {""text"": ""，"", ""type"": ""punct""}, {""text"": ""希望"", ""type"": ""grammar"", ""py"": ""xīwàng"", ""note"": ""「〜を望む」を表す動詞。""}, {""text"": ""能"", ""type"": ""grammar"", ""py"": ""néng"", ""note"": ""「〜できる」という可能を表す助動詞。""}, {""text"": ""找到"", ""type"": ""vocab"", ""py"": ""zhǎodào"", ""note"": ""見つける""}, {""text"": ""解决办法"", ""type"": ""vocab"", ""py"": ""jiějuébànfǎ"", ""note"": ""解決方法""}, {""text"": ""。"", ""type"": ""punct""}]",HSKspeaking_practice
101,10,10,玲玲,无论结果怎么样，先照顾好自己的身体才是最重要的。,"Wúlùn jiéguǒ zěnmeyàng, xiān zhàogù hǎo zìjǐ de shēntǐ cái shì zuì zhòngyào de.",結果がどうであれ、まず自分の体をちゃんと大事にすることが一番重要だよ。,"[{""text"": ""无论"", ""type"": ""grammar"", ""py"": ""wúlùn"", ""note"": ""「〜にかかわらず」を表す接続詞。「无论…都…」の形で使う。""}, {""text"": ""结果"", ""type"": ""vocab"", ""py"": ""jiéguǒ"", ""note"": ""結果""}, {""text"": ""怎么样"", ""type"": ""grammar"", ""py"": ""zěnmeyàng"", ""note"": ""「どうですか」と相手の意見や様子を尋ねる表現。""}, {""text"": ""，"", ""type"": ""punct""}, {""text"": ""先"", ""type"": ""grammar"", ""py"": ""xiān"", ""note"": ""「まず、先に」を表す副詞。""}, {""text"": ""照顾"", ""type"": ""vocab"", ""py"": ""zhàogù"", ""note"": ""世話をする、大事にする""}, {""text"": ""好"", ""type"": ""vocab"", ""py"": ""hǎo"", ""note"": ""良い、元気だ""}, {""text"": ""自己"", ""type"": ""vocab"", ""py"": ""zìjǐ"", ""note"": ""自分自身""}, {""text"": ""的"", ""type"": ""grammar"", ""py"": ""de"", ""note"": ""名詞を修飾し、所有・限定を表す助詞（〜の）。""}, {""text"": ""身体"", ""type"": ""vocab"", ""py"": ""shēntǐ"", ""note"": ""体、身体""}, {""text"": ""才"", ""type"": ""grammar"", ""py"": ""cái"", ""note"": ""「やっと、〜してはじめて」を表す副詞。""}, {""text"": ""是"", ""type"": ""grammar"", ""py"": ""shì"", ""note"": ""「〜である」を表すbe動詞。""}, {""text"": ""最"", ""type"": ""grammar"", ""py"": ""zuì"", ""note"": ""「もっとも」を表す最上級の副詞。""}, {""text"": ""重要"", ""type"": ""vocab"", ""py"": ""zhòngyào"", ""note"": ""重要だ""}, {""text"": ""的"", ""type"": ""grammar"", ""py"": ""de"", ""note"": ""名詞を修飾し、所有・限定を表す助詞（〜の）。""}, {""text"": ""。"", ""type"": ""punct""}]",HSKspeaking_practice
102,10,11,小周,谢谢你们，跟你们聊完以后我感觉轻松多了。,"Xièxie nǐmen, gēn nǐmen liáo wán yǐhòu wǒ gǎnjué qīngsōng duō le.",ありがとう、みんなと話し終わったら気持ちがずっと楽になった。,"[{""text"": ""谢谢你们"", ""type"": ""vocab"", ""py"": ""xièxiènǐmen"", ""note"": ""みんなありがとう""}, {""text"": ""，"", ""type"": ""punct""}, {""text"": ""跟"", ""type"": ""grammar"", ""py"": ""gēn"", ""note"": ""「〜と」を表す介詞。一緒に何かをする相手を示す。""}, {""text"": ""你们"", ""type"": ""vocab"", ""py"": ""nǐmen"", ""note"": ""あなたたち""}, {""text"": ""聊完"", ""type"": ""vocab"", ""py"": ""liáowán"", ""note"": ""話し終わる""}, {""text"": ""以后"", ""type"": ""vocab"", ""py"": ""yǐhòu"", ""note"": ""〜以後、これから""}, {""text"": ""我"", ""type"": ""vocab"", ""py"": ""wǒ"", ""note"": ""私""}, {""text"": ""感觉"", ""type"": ""vocab"", ""py"": ""gǎnjué"", ""note"": ""感じる""}, {""text"": ""轻松"", ""type"": ""vocab"", ""py"": ""qīngsōng"", ""note"": ""気楽だ、楽だ""}, {""text"": ""多"", ""type"": ""vocab"", ""py"": ""duō"", ""note"": ""多い""}, {""text"": ""了"", ""type"": ""grammar"", ""py"": ""le"", ""note"": ""動作の完了や状態の変化を表す助詞（文末や動詞の直後に置く）。""}, {""text"": ""。"", ""type"": ""punct""}]",HSKspeaking_practice
103,11,1,阿杰,王阿姨，您好，我是来看房子的，请问这套房子还在出租吗？,"Wáng Āyí, nín hǎo, wǒ shì lái kàn fángzi de, qǐngwèn zhè tào fángzi hái zài chūzū ma?",王おばさん、こんにちは、部屋を見に来ました、この部屋はまだ賃貸に出されていますか？,"[{""text"": ""王阿姨"", ""type"": ""vocab"", ""py"": ""wángāyí"", ""note"": ""（人名）""}, {""text"": ""，"", ""type"": ""punct""}, {""text"": ""您好"", ""type"": ""vocab"", ""py"": ""nínhǎo"", ""note"": ""こんにちは（丁寧）""}, {""text"": ""，"", ""type"": ""punct""}, {""text"": ""我"", ""type"": ""vocab"", ""py"": ""wǒ"", ""note"": ""私""}, {""text"": ""是"", ""type"": ""grammar"", ""py"": ""shì"", ""note"": ""「〜である」を表すbe動詞。""}, {""text"": ""来看"", ""type"": ""vocab"", ""py"": ""láikàn"", ""note"": ""見に来る""}, {""text"": ""房子"", ""type"": ""vocab"", ""py"": ""fángzi"", ""note"": ""家、部屋""}, {""text"": ""的"", ""type"": ""grammar"", ""py"": ""de"", ""note"": ""名詞を修飾し、所有・限定を表す助詞（〜の）。""}, {""text"": ""，"", ""type"": ""punct""}, {""text"": ""请问"", ""type"": ""vocab"", ""py"": ""qǐngwèn"", ""note"": ""お尋ねします""}, {""text"": ""这套"", ""type"": ""vocab"", ""py"": ""zhètào"", ""note"": ""この（一戸の）""}, {""text"": ""房子"", ""type"": ""vocab"", ""py"": ""fángzi"", ""note"": ""家、部屋""}, {""text"": ""还"", ""type"": ""grammar"", ""py"": ""hái"", ""note"": ""「まだ、さらに」を表す副詞。""}, {""text"": ""在"", ""type"": ""grammar"", ""py"": ""zài"", ""note"": ""「〜にいる／ある」を表す動詞、または動詞の前について進行「〜している」を表す。""}, {""text"": ""出租"", ""type"": ""vocab"", ""py"": ""chūzū"", ""note"": ""賃貸に出す""}, {""text"": ""吗"", ""type"": ""grammar"", ""py"": ""ma"", ""note"": ""「はい/いいえ」で答える疑問文を作る文末助詞。""}, {""text"": ""？"", ""type"": ""punct""}]",HSKspeaking_practice
104,11,2,王阿姨,在的，快请进。这套房子刚装修完，采光特别好。,"Zài de, kuài qǐng jìn. Zhè tào fángzi gāng zhuāngxiū wán, cǎiguāng tèbié hǎo.",ありますよ、どうぞお入りください。この部屋はちょうどリフォームが終わったばかりで、採光がとても良いです。,"[{""text"": ""在"", ""type"": ""grammar"", ""py"": ""zài"", ""note"": ""「〜にいる／ある」を表す動詞、または動詞の前について進行「〜している」を表す。""}, {""text"": ""的"", ""type"": ""grammar"", ""py"": ""de"", ""note"": ""名詞を修飾し、所有・限定を表す助詞（〜の）。""}, {""text"": ""，"", ""type"": ""punct""}, {""text"": ""快"", ""type"": ""vocab"", ""py"": ""kuài"", ""note"": ""速い、はやく""}, {""text"": ""请"", ""type"": ""vocab"", ""py"": ""qǐng"", ""note"": ""どうぞ〜してください""}, {""text"": ""进"", ""type"": ""vocab"", ""py"": ""jìn"", ""note"": ""入る""}, {""text"": ""。"", ""type"": ""punct""}, {""text"": ""这套"", ""type"": ""vocab"", ""py"": ""zhètào"", ""note"": ""この（一戸の）""}, {""text"": ""房子"", ""type"": ""vocab"", ""py"": ""fángzi"", ""note"": ""家、部屋""}, {""text"": ""刚"", ""type"": ""vocab"", ""py"": ""gāng"", ""note"": ""〜したばかり""}, {""text"": ""装修"", ""type"": ""vocab"", ""py"": ""zhuāngxiū"", ""note"": ""内装工事、リフォーム""}, {""text"": ""完"", ""type"": ""vocab"", ""py"": ""wán"", ""note"": ""終わる""}, {""text"": ""，"", ""type"": ""punct""}, {""text"": ""采光"", ""type"": ""vocab"", ""py"": ""cǎiguāng"", ""note"": ""採光""}, {""text"": ""特别"", ""type"": ""vocab"", ""py"": ""tèbié"", ""note"": ""特に、特別""}, {""text"": ""好"", ""type"": ""vocab"", ""py"": ""hǎo"", ""note"": ""良い、元気だ""}, {""text"": ""。"", ""type"": ""punct""}]",HSKspeaking_practice
105,11,3,小敏,阿杰你看，客厅挺大的，而且离地铁站也不远。,"Ājié nǐ kàn, kètīng tǐng dà de, érqiě lí dìtiězhàn yě bù yuǎn.",阿杰見て、リビングがかなり広いし、地下鉄の駅からも遠くないよ。,"[{""text"": ""阿杰"", ""type"": ""vocab"", ""py"": ""ājié"", ""note"": ""（人名）""}, {""text"": ""你"", ""type"": ""vocab"", ""py"": ""nǐ"", ""note"": ""あなた""}, {""text"": ""看"", ""type"": ""vocab"", ""py"": ""kàn"", ""note"": ""見る""}, {""text"": ""，"", ""type"": ""punct""}, {""text"": ""客厅"", ""type"": ""vocab"", ""py"": ""kètīng"", ""note"": ""リビング""}, {""text"": ""挺大"", ""type"": ""vocab"", ""py"": ""tǐngdà"", ""note"": ""かなり大きい""}, {""text"": ""的"", ""type"": ""grammar"", ""py"": ""de"", ""note"": ""名詞を修飾し、所有・限定を表す助詞（〜の）。""}, {""text"": ""，"", ""type"": ""punct""}, {""text"": ""而且"", ""type"": ""grammar"", ""py"": ""érqiě"", ""note"": ""「その上、しかも」を表す接続詞。「不但…而且…」の形でよく使う。""}, {""text"": ""离"", ""type"": ""grammar"", ""py"": ""lí"", ""note"": ""「〜から（の距離）」を表す介詞。""}, {""text"": ""地铁站"", ""type"": ""vocab"", ""py"": ""dìtiězhàn"", ""note"": ""地下鉄の駅""}, {""text"": ""也"", ""type"": ""grammar"", ""py"": ""yě"", ""note"": ""「〜も」を表す副詞。""}, {""text"": ""不远"", ""type"": ""vocab"", ""py"": ""bùyuǎn"", ""note"": ""遠くない""}, {""text"": ""。"", ""type"": ""punct""}]",HSKspeaking_practice
106,11,4,阿杰,确实不错。王阿姨，房租一个月多少钱？,"Quèshí búcuò. Wáng Āyí, fángzū yí ge yuè duōshao qián?",確かにいいね。王おばさん、家賃は月いくらですか？,"[{""text"": ""确实"", ""type"": ""vocab"", ""py"": ""quèshí"", ""note"": ""確かに""}, {""text"": ""不错"", ""type"": ""vocab"", ""py"": ""bùcuò"", ""note"": ""なかなか良い""}, {""text"": ""。"", ""type"": ""punct""}, {""text"": ""王阿姨"", ""type"": ""vocab"", ""py"": ""wángāyí"", ""note"": ""（人名）""}, {""text"": ""，"", ""type"": ""punct""}, {""text"": ""房租"", ""type"": ""vocab"", ""py"": ""fángzū"", ""note"": ""家賃""}, {""text"": ""一个月"", ""type"": ""vocab"", ""py"": ""yígèyuè"", ""note"": ""1ヶ月""}, {""text"": ""多少钱"", ""type"": ""vocab"", ""py"": ""duōshǎoqián"", ""note"": ""いくらですか""}, {""text"": ""？"", ""type"": ""punct""}]",HSKspeaking_practice
107,11,5,王阿姨,一个月三千五，押一付三，包物业费。,"Yí ge yuè sānqiān wǔ, yā yī fù sān, bāo wùyèfèi.",月3500元です、敷金1ヶ月分と家賃3ヶ月分前払い、管理費込みです。,"[{""text"": ""一个月"", ""type"": ""vocab"", ""py"": ""yígèyuè"", ""note"": ""1ヶ月""}, {""text"": ""三千五"", ""type"": ""vocab"", ""py"": ""sānqiānwǔ"", ""note"": ""3500（元）""}, {""text"": ""，"", ""type"": ""punct""}, {""text"": ""押"", ""type"": ""vocab"", ""py"": ""yā"", ""note"": ""敷金として預ける""}, {""text"": ""一付"", ""type"": ""vocab"", ""py"": ""yīfù"", ""note"": ""1ヶ月分（押一付三＝敷金1ヶ月・家賃3ヶ月分の前払い）""}, {""text"": ""三"", ""type"": ""vocab"", ""py"": ""sān"", ""note"": ""3""}, {""text"": ""，"", ""type"": ""punct""}, {""text"": ""包"", ""type"": ""vocab"", ""py"": ""bāo"", ""note"": ""含む""}, {""text"": ""物业费"", ""type"": ""vocab"", ""py"": ""wùyèfèi"", ""note"": ""管理費""}, {""text"": ""。"", ""type"": ""punct""}]",HSKspeaking_practice
108,11,6,阿杰,除了物业费以外，水电费也包括在里面吗？,"Chúle wùyèfèi yǐwài, shuǐdiànfèi yě bāokuò zài lǐmiàn ma?",管理費以外に、水道光熱費もその中に含まれていますか？,"[{""text"": ""除了"", ""type"": ""grammar"", ""py"": ""chúle"", ""note"": ""「〜を除いて、〜のほかに」を表す介詞。「除了…以外…」の形で使う。""}, {""text"": ""物业费"", ""type"": ""vocab"", ""py"": ""wùyèfèi"", ""note"": ""管理費""}, {""text"": ""以外"", ""type"": ""grammar"", ""py"": ""yǐwài"", ""note"": ""「〜以外」を表す語。「除了…以外」の形でよく使う。""}, {""text"": ""，"", ""type"": ""punct""}, {""text"": ""水电费"", ""type"": ""vocab"", ""py"": ""shuǐdiànfèi"", ""note"": ""水道光熱費""}, {""text"": ""也"", ""type"": ""grammar"", ""py"": ""yě"", ""note"": ""「〜も」を表す副詞。""}, {""text"": ""包括"", ""type"": ""vocab"", ""py"": ""bāokuò"", ""note"": ""含む""}, {""text"": ""在"", ""type"": ""grammar"", ""py"": ""zài"", ""note"": ""「〜にいる／ある」を表す動詞、または動詞の前について進行「〜している」を表す。""}, {""text"": ""里面"", ""type"": ""vocab"", ""py"": ""lǐmiàn"", ""note"": ""中に""}, {""text"": ""吗"", ""type"": ""grammar"", ""py"": ""ma"", ""note"": ""「はい/いいえ」で答える疑問文を作る文末助詞。""}, {""text"": ""？"", ""type"": ""punct""}]",HSKspeaking_practice
109,11,7,王阿姨,水电费不包括，得自己另外交，不过费用不算高。,"Shuǐdiànfèi bù bāokuò, děi zìjǐ lìngwài jiāo, búguò fèiyòng bú suàn gāo.",水道光熱費は含まれていません、自分で別途支払う必要がありますが、費用はそれほど高くありません。,"[{""text"": ""水电费"", ""type"": ""vocab"", ""py"": ""shuǐdiànfèi"", ""note"": ""水道光熱費""}, {""text"": ""不"", ""type"": ""grammar"", ""py"": ""bù"", ""note"": ""動詞・形容詞を否定する副詞。""}, {""text"": ""包括"", ""type"": ""vocab"", ""py"": ""bāokuò"", ""note"": ""含む""}, {""text"": ""，"", ""type"": ""punct""}, {""text"": ""得"", ""type"": ""grammar"", ""py"": ""dé"", ""note"": ""動詞・形容詞の後について程度や結果を表す補語を導く助詞（〜するのが…だ）。文脈により「〜しなければならない(děi)」の助動詞の場合もある。""}, {""text"": ""自己"", ""type"": ""vocab"", ""py"": ""zìjǐ"", ""note"": ""自分自身""}, {""text"": ""另"", ""type"": ""vocab"", ""py"": ""lìng"", ""note"": ""別に""}, {""text"": ""外交"", ""type"": ""vocab"", ""py"": ""wàijiāo"", ""note"": ""（另外交＝別途支払う、の一部）""}, {""text"": ""，"", ""type"": ""punct""}, {""text"": ""不过"", ""type"": ""grammar"", ""py"": ""bùguò"", ""note"": ""「ただし、でも」を表す軽い転換の接続詞。""}, {""text"": ""费用"", ""type"": ""vocab"", ""py"": ""fèiyòng"", ""note"": ""費用""}, {""text"": ""不算"", ""type"": ""vocab"", ""py"": ""bùsuàn"", ""note"": ""〜というほどではない""}, {""text"": ""高"", ""type"": ""vocab"", ""py"": ""gāo"", ""note"": ""高い""}, {""text"": ""。"", ""type"": ""punct""}]",HSKspeaking_practice
110,11,8,小敏,由于这个小区离你公司很近，我觉得这套挺合适你的。,"Yóuyú zhège xiǎoqū lí nǐ gōngsī hěn jìn, wǒ juéde zhè tào tǐng héshì nǐ de.",この団地はあなたの会社から近いから、この部屋はあなたにかなり合ってると思う。,"[{""text"": ""由于"", ""type"": ""grammar"", ""py"": ""yóuyú"", ""note"": ""「〜のために、〜が原因で」と理由を表す接続詞。""}, {""text"": ""这个"", ""type"": ""vocab"", ""py"": ""zhège"", ""note"": ""これ""}, {""text"": ""小区"", ""type"": ""vocab"", ""py"": ""xiǎoqū"", ""note"": ""団地、住宅街""}, {""text"": ""离"", ""type"": ""grammar"", ""py"": ""lí"", ""note"": ""「〜から（の距離）」を表す介詞。""}, {""text"": ""你"", ""type"": ""vocab"", ""py"": ""nǐ"", ""note"": ""あなた""}, {""text"": ""公司"", ""type"": ""vocab"", ""py"": ""gōngsī"", ""note"": ""会社""}, {""text"": ""很近"", ""type"": ""vocab"", ""py"": ""hěnjìn"", ""note"": ""とても近い""}, {""text"": ""，"", ""type"": ""punct""}, {""text"": ""我"", ""type"": ""vocab"", ""py"": ""wǒ"", ""note"": ""私""}, {""text"": ""觉得"", ""type"": ""grammar"", ""py"": ""juéde"", ""note"": ""「〜と思う、感じる」を表す動詞。""}, {""text"": ""这套"", ""type"": ""vocab"", ""py"": ""zhètào"", ""note"": ""この（一戸の）""}, {""text"": ""挺"", ""type"": ""grammar"", ""py"": ""tǐng"", ""note"": ""「なかなか、けっこう」を表す口語的な程度副詞。「挺…的」の形でよく使う。""}, {""text"": ""合适"", ""type"": ""vocab"", ""py"": ""héshì"", ""note"": ""ふさわしい、ぴったりだ""}, {""text"": ""你"", ""type"": ""vocab"", ""py"": ""nǐ"", ""note"": ""あなた""}, {""text"": ""的"", ""type"": ""grammar"", ""py"": ""de"", ""note"": ""名詞を修飾し、所有・限定を表す助詞（〜の）。""}, {""text"": ""。"", ""type"": ""punct""}]",HSKspeaking_practice
111,11,9,阿杰,我也这么觉得。王阿姨，那我们现在就把合同签了吧。,"Wǒ yě zhème juéde. Wáng Āyí, nà wǒmen xiànzài jiù bǎ hétong qiān le ba.",私もそう思う。王おばさん、じゃあ今契約書にサインしましょう。,"[{""text"": ""我"", ""type"": ""vocab"", ""py"": ""wǒ"", ""note"": ""私""}, {""text"": ""也"", ""type"": ""grammar"", ""py"": ""yě"", ""note"": ""「〜も」を表す副詞。""}, {""text"": ""这么"", ""type"": ""vocab"", ""py"": ""zhème"", ""note"": ""こんなに、このように""}, {""text"": ""觉得"", ""type"": ""grammar"", ""py"": ""juéde"", ""note"": ""「〜と思う、感じる」を表す動詞。""}, {""text"": ""。"", ""type"": ""punct""}, {""text"": ""王阿姨"", ""type"": ""vocab"", ""py"": ""wángāyí"", ""note"": ""（人名）""}, {""text"": ""，"", ""type"": ""punct""}, {""text"": ""那"", ""type"": ""vocab"", ""py"": ""nà"", ""note"": ""あれ、それ／それなら""}, {""text"": ""我们"", ""type"": ""vocab"", ""py"": ""wǒmen"", ""note"": ""私たち""}, {""text"": ""现在"", ""type"": ""vocab"", ""py"": ""xiànzài"", ""note"": ""今、現在""}, {""text"": ""就"", ""type"": ""grammar"", ""py"": ""jiù"", ""note"": ""「すぐに、まさに」など、条件の帰結や強調を表す副詞。""}, {""text"": ""把"", ""type"": ""grammar"", ""py"": ""bǎ"", ""note"": ""目的語を動詞の前に出し「〜を…する」という処置を表す構文を作る介詞（把構文）。""}, {""text"": ""合同"", ""type"": ""vocab"", ""py"": ""hétóng"", ""note"": ""契約書""}, {""text"": ""签"", ""type"": ""vocab"", ""py"": ""qiān"", ""note"": ""サインする""}, {""text"": ""了"", ""type"": ""grammar"", ""py"": ""le"", ""note"": ""動作の完了や状態の変化を表す助詞（文末や動詞の直後に置く）。""}, {""text"": ""吧"", ""type"": ""grammar"", ""py"": ""ba"", ""note"": ""提案・推量・軽い命令を表す文末助詞（〜しよう、〜でしょう）。""}, {""text"": ""。"", ""type"": ""punct""}]",HSKspeaking_practice
112,11,10,王阿姨,好，没问题，我马上把合同拿给你们看。,"Hǎo, méi wèntí, wǒ mǎshàng bǎ hétong ná gěi nǐmen kàn.",はい、問題ありません、すぐに契約書を持ってきて見せますね。,"[{""text"": ""好"", ""type"": ""vocab"", ""py"": ""hǎo"", ""note"": ""良い、元気だ""}, {""text"": ""，"", ""type"": ""punct""}, {""text"": ""没"", ""type"": ""grammar"", ""py"": ""méi"", ""note"": ""「〜していない、〜がない」を表す否定の副詞（過去・完了・所有の否定）。""}, {""text"": ""问题"", ""type"": ""vocab"", ""py"": ""wèntí"", ""note"": ""問題""}, {""text"": ""，"", ""type"": ""punct""}, {""text"": ""我"", ""type"": ""vocab"", ""py"": ""wǒ"", ""note"": ""私""}, {""text"": ""马上"", ""type"": ""vocab"", ""py"": ""mǎshàng"", ""note"": ""すぐに""}, {""text"": ""把"", ""type"": ""grammar"", ""py"": ""bǎ"", ""note"": ""目的語を動詞の前に出し「〜を…する」という処置を表す構文を作る介詞（把構文）。""}, {""text"": ""合同"", ""type"": ""vocab"", ""py"": ""hétóng"", ""note"": ""契約書""}, {""text"": ""拿给"", ""type"": ""vocab"", ""py"": ""nágěi"", ""note"": ""持って行ってあげる""}, {""text"": ""你们"", ""type"": ""vocab"", ""py"": ""nǐmen"", ""note"": ""あなたたち""}, {""text"": ""看"", ""type"": ""vocab"", ""py"": ""kàn"", ""note"": ""見る""}, {""text"": ""。"", ""type"": ""punct""}]",HSKspeaking_practice
113,11,11,阿杰,太好了，谢谢您，希望以后能顺利地住在这里。,"Tài hǎo le, xièxie nín, xīwàng yǐhòu néng shùnlì de zhù zài zhèlǐ.",よかった、ありがとうございます、これからここで順調に暮らせるといいです。,"[{""text"": ""太好了"", ""type"": ""vocab"", ""py"": ""tàihǎole"", ""note"": ""よかった！""}, {""text"": ""，"", ""type"": ""punct""}, {""text"": ""谢谢您"", ""type"": ""vocab"", ""py"": ""xièxiènín"", ""note"": ""ありがとうございます""}, {""text"": ""，"", ""type"": ""punct""}, {""text"": ""希望"", ""type"": ""grammar"", ""py"": ""xīwàng"", ""note"": ""「〜を望む」を表す動詞。""}, {""text"": ""以后"", ""type"": ""vocab"", ""py"": ""yǐhòu"", ""note"": ""〜以後、これから""}, {""text"": ""能"", ""type"": ""grammar"", ""py"": ""néng"", ""note"": ""「〜できる」という可能を表す助動詞。""}, {""text"": ""顺利"", ""type"": ""vocab"", ""py"": ""shùnlì"", ""note"": ""順調だ""}, {""text"": ""地住"", ""type"": ""vocab"", ""py"": ""dìzhù"", ""note"": ""（順調に）住む""}, {""text"": ""在"", ""type"": ""grammar"", ""py"": ""zài"", ""note"": ""「〜にいる／ある」を表す動詞、または動詞の前について進行「〜している」を表す。""}, {""text"": ""这里"", ""type"": ""vocab"", ""py"": ""zhèlǐ"", ""note"": ""ここ""}, {""text"": ""。"", ""type"": ""punct""}]",HSKspeaking_practice
114,12,1,陈老师,今天我们讨论一下环境保护的问题，大家有什么看法？,"Jīntiān wǒmen tǎolùn yíxià huánjìng bǎohù de wèntí, dàjiā yǒu shénme kànfǎ?",今日は環境保護の問題について話し合いましょう、みなさんはどう思いますか？,"[{""text"": ""今天"", ""type"": ""vocab"", ""py"": ""jīntiān"", ""note"": ""今日""}, {""text"": ""我们"", ""type"": ""vocab"", ""py"": ""wǒmen"", ""note"": ""私たち""}, {""text"": ""讨论一下"", ""type"": ""vocab"", ""py"": ""tǎolùnyīxià"", ""note"": ""ちょっと議論する""}, {""text"": ""环境保护"", ""type"": ""vocab"", ""py"": ""huánjìngbǎohù"", ""note"": ""環境保護""}, {""text"": ""的"", ""type"": ""grammar"", ""py"": ""de"", ""note"": ""名詞を修飾し、所有・限定を表す助詞（〜の）。""}, {""text"": ""问题"", ""type"": ""vocab"", ""py"": ""wèntí"", ""note"": ""問題""}, {""text"": ""，"", ""type"": ""punct""}, {""text"": ""大家"", ""type"": ""vocab"", ""py"": ""dàjiā"", ""note"": ""みんな""}, {""text"": ""有"", ""type"": ""grammar"", ""py"": ""yǒu"", ""note"": ""「持っている、ある」を表す動詞。否定形は「没有」。""}, {""text"": ""什么"", ""type"": ""vocab"", ""py"": ""shénme"", ""note"": ""何""}, {""text"": ""看法"", ""type"": ""vocab"", ""py"": ""kànfǎ"", ""note"": ""意見、見方""}, {""text"": ""？"", ""type"": ""punct""}]",HSKspeaking_practice
115,12,2,小雨,我觉得现在的环境污染问题越来越严重，尤其是空气污染。,"Wǒ juéde xiànzài de huánjìng wūrǎn wèntí yuè lái yuè yánzhòng, yóuqí shì kōngqì wūrǎn.",今の環境汚染問題はますます深刻になっていると思います、特に大気汚染が。,"[{""text"": ""我"", ""type"": ""vocab"", ""py"": ""wǒ"", ""note"": ""私""}, {""text"": ""觉得"", ""type"": ""grammar"", ""py"": ""juéde"", ""note"": ""「〜と思う、感じる」を表す動詞。""}, {""text"": ""现在"", ""type"": ""vocab"", ""py"": ""xiànzài"", ""note"": ""今、現在""}, {""text"": ""的"", ""type"": ""grammar"", ""py"": ""de"", ""note"": ""名詞を修飾し、所有・限定を表す助詞（〜の）。""}, {""text"": ""环境污染问题"", ""type"": ""vocab"", ""py"": ""huánjìngwūrǎnwèntí"", ""note"": ""環境汚染問題""}, {""text"": ""越来越"", ""type"": ""grammar"", ""py"": ""yuèláiyuè"", ""note"": ""「ますます〜になる」を表す表現。""}, {""text"": ""严重"", ""type"": ""vocab"", ""py"": ""yánzhòng"", ""note"": ""深刻だ、重大だ""}, {""text"": ""，"", ""type"": ""punct""}, {""text"": ""尤其"", ""type"": ""vocab"", ""py"": ""yóuqí"", ""note"": ""特に""}, {""text"": ""是"", ""type"": ""grammar"", ""py"": ""shì"", ""note"": ""「〜である」を表すbe動詞。""}, {""text"": ""空气污染"", ""type"": ""vocab"", ""py"": ""kōngqìwūrǎn"", ""note"": ""大気汚染""}, {""text"": ""。"", ""type"": ""punct""}]",HSKspeaking_practice
116,12,3,阿凯,不但空气污染严重，而且水污染和垃圾问题也不容忽视。,"Búdàn kōngqì wūrǎn yánzhòng, érqiě shuǐ wūrǎn hé lājī wèntí yě bù róng hūshì.",大気汚染が深刻なだけでなく、水質汚染とゴミ問題も無視できません。,"[{""text"": ""不但"", ""type"": ""grammar"", ""py"": ""bùdàn"", ""note"": ""「〜だけでなく」を表す接続詞。「不但…而且…」の形で使う。""}, {""text"": ""空气污染"", ""type"": ""vocab"", ""py"": ""kōngqìwūrǎn"", ""note"": ""大気汚染""}, {""text"": ""严重"", ""type"": ""vocab"", ""py"": ""yánzhòng"", ""note"": ""深刻だ、重大だ""}, {""text"": ""，"", ""type"": ""punct""}, {""text"": ""而且"", ""type"": ""grammar"", ""py"": ""érqiě"", ""note"": ""「その上、しかも」を表す接続詞。「不但…而且…」の形でよく使う。""}, {""text"": ""水污染"", ""type"": ""vocab"", ""py"": ""shuǐwūrǎn"", ""note"": ""水質汚染""}, {""text"": ""和"", ""type"": ""grammar"", ""py"": ""hé"", ""note"": ""「〜と」を表す接続詞・介詞。""}, {""text"": ""垃圾"", ""type"": ""vocab"", ""py"": ""lājī"", ""note"": ""ゴミ""}, {""text"": ""问题"", ""type"": ""vocab"", ""py"": ""wèntí"", ""note"": ""問題""}, {""text"": ""也"", ""type"": ""grammar"", ""py"": ""yě"", ""note"": ""「〜も」を表す副詞。""}, {""text"": ""不容忽视"", ""type"": ""vocab"", ""py"": ""bùrónghūshì"", ""note"": ""見過ごせない""}, {""text"": ""。"", ""type"": ""punct""}]",HSKspeaking_practice
117,12,4,陈老师,说得好。那么，我们个人可以做些什么来保护环境呢？,"Shuō de hǎo. Nàme, wǒmen gèrén kěyǐ zuò xiē shénme lái bǎohù huánjìng ne?",よく言えました。では、私たち個人は環境を守るために何ができるでしょうか？,"[{""text"": ""说得好"", ""type"": ""vocab"", ""py"": ""shuōdéhǎo"", ""note"": ""よく言った""}, {""text"": ""。"", ""type"": ""punct""}, {""text"": ""那么"", ""type"": ""vocab"", ""py"": ""nàme"", ""note"": ""それでは、それなら""}, {""text"": ""，"", ""type"": ""punct""}, {""text"": ""我们"", ""type"": ""vocab"", ""py"": ""wǒmen"", ""note"": ""私たち""}, {""text"": ""个人"", ""type"": ""vocab"", ""py"": ""gèrén"", ""note"": ""個人""}, {""text"": ""可以"", ""type"": ""grammar"", ""py"": ""kěyǐ"", ""note"": ""「〜してもよい、〜できる」という許可・可能を表す助動詞。""}, {""text"": ""做些"", ""type"": ""vocab"", ""py"": ""zuòxiē"", ""note"": ""いくつかする""}, {""text"": ""什么"", ""type"": ""vocab"", ""py"": ""shénme"", ""note"": ""何""}, {""text"": ""来"", ""type"": ""vocab"", ""py"": ""lái"", ""note"": ""来る""}, {""text"": ""保护环境"", ""type"": ""vocab"", ""py"": ""bǎohùhuánjìng"", ""note"": ""環境を守る""}, {""text"": ""呢"", ""type"": ""grammar"", ""py"": ""ne"", ""note"": ""疑問文を柔らかくしたり「〜は？」と聞き返すときに使う文末助詞。""}, {""text"": ""？"", ""type"": ""punct""}]",HSKspeaking_practice
118,12,5,小雨,首先，我们应该尽量节约用水用电，减少浪费。,"Shǒuxiān, wǒmen yīnggāi jǐnliàng jiéyuē yòngshuǐ yòngdiàn, jiǎnshǎo làngfèi.",まず、私たちはできるだけ水と電気を節約して、無駄を減らすべきです。,"[{""text"": ""首先"", ""type"": ""vocab"", ""py"": ""shǒuxiān"", ""note"": ""まず、最初に""}, {""text"": ""，"", ""type"": ""punct""}, {""text"": ""我们"", ""type"": ""vocab"", ""py"": ""wǒmen"", ""note"": ""私たち""}, {""text"": ""应该"", ""type"": ""grammar"", ""py"": ""yīnggāi"", ""note"": ""「〜すべきだ」という当然・義務を表す助動詞。""}, {""text"": ""尽量"", ""type"": ""vocab"", ""py"": ""jǐnliàng"", ""note"": ""できるだけ""}, {""text"": ""节约用水"", ""type"": ""vocab"", ""py"": ""jiéyuēyòngshuǐ"", ""note"": ""水を節約する""}, {""text"": ""用电"", ""type"": ""vocab"", ""py"": ""yòngdiàn"", ""note"": ""電気を使う""}, {""text"": ""，"", ""type"": ""punct""}, {""text"": ""减少"", ""type"": ""vocab"", ""py"": ""jiǎnshǎo"", ""note"": ""減らす""}, {""text"": ""浪费"", ""type"": ""vocab"", ""py"": ""làngfèi"", ""note"": ""浪費する""}, {""text"": ""。"", ""type"": ""punct""}]",HSKspeaking_practice
119,12,6,阿凯,除此以外，出门尽量坐公交车或者骑自行车，少开车。,"Chúcǐ yǐwài, chūmén jǐnliàng zuò gōngjiāochē huòzhě qí zìxíngchē, shǎo kāichē.",それ以外にも、外出する時はできるだけバスに乗るか自転車に乗って、車の運転を減らすべきです。,"[{""text"": ""除此以外"", ""type"": ""grammar"", ""py"": ""chúcǐyǐwài"", ""note"": ""「それ以外に」という意味の表現。話を付け加えるときに使う。""}, {""text"": ""，"", ""type"": ""punct""}, {""text"": ""出门"", ""type"": ""vocab"", ""py"": ""chūmén"", ""note"": ""外出する""}, {""text"": ""尽量"", ""type"": ""vocab"", ""py"": ""jǐnliàng"", ""note"": ""できるだけ""}, {""text"": ""坐"", ""type"": ""vocab"", ""py"": ""zuò"", ""note"": ""乗る、座る""}, {""text"": ""公交车"", ""type"": ""vocab"", ""py"": ""gōngjiāochē"", ""note"": ""バス""}, {""text"": ""或者"", ""type"": ""grammar"", ""py"": ""huòzhě"", ""note"": ""「あるいは、それとも」を表す接続詞（平叙文で使う）。""}, {""text"": ""骑"", ""type"": ""vocab"", ""py"": ""qí"", ""note"": ""（自転車などに）乗る""}, {""text"": ""自行车"", ""type"": ""vocab"", ""py"": ""zìxíngchē"", ""note"": ""自転車""}, {""text"": ""，"", ""type"": ""punct""}, {""text"": ""少"", ""type"": ""vocab"", ""py"": ""shǎo"", ""note"": ""少ない""}, {""text"": ""开车"", ""type"": ""vocab"", ""py"": ""kāichē"", ""note"": ""車を運転する""}, {""text"": ""。"", ""type"": ""punct""}]",HSKspeaking_practice
120,12,7,陈老师,说得对。只要每个人都从小事做起，环境就会一点一点变好。,"Shuō de duì. Zhǐyào měi ge rén dōu cóng xiǎoshì zuò qǐ, huánjìng jiù huì yìdiǎn yìdiǎn biàn hǎo.",その通りです。一人ひとりが小さなことから始めさえすれば、環境は少しずつ良くなっていくでしょう。,"[{""text"": ""说得对"", ""type"": ""vocab"", ""py"": ""shuōdéduì"", ""note"": ""言う通りだ""}, {""text"": ""。"", ""type"": ""punct""}, {""text"": ""只要"", ""type"": ""grammar"", ""py"": ""zhǐyào"", ""note"": ""「〜さえすれば」を表す接続詞。「只要…就…」の形で使う。""}, {""text"": ""每个"", ""type"": ""vocab"", ""py"": ""měigè"", ""note"": ""それぞれの""}, {""text"": ""人"", ""type"": ""vocab"", ""py"": ""rén"", ""note"": ""人""}, {""text"": ""都"", ""type"": ""grammar"", ""py"": ""dōu"", ""note"": ""「みな、すべて」を表す副詞。""}, {""text"": ""从"", ""type"": ""grammar"", ""py"": ""cóng"", ""note"": ""「〜から」を表す起点の介詞。""}, {""text"": ""小事"", ""type"": ""vocab"", ""py"": ""xiǎoshì"", ""note"": ""小さなこと""}, {""text"": ""做起"", ""type"": ""vocab"", ""py"": ""zuòqǐ"", ""note"": ""〜し始める""}, {""text"": ""，"", ""type"": ""punct""}, {""text"": ""环境"", ""type"": ""vocab"", ""py"": ""huánjìng"", ""note"": ""環境""}, {""text"": ""就"", ""type"": ""grammar"", ""py"": ""jiù"", ""note"": ""「すぐに、まさに」など、条件の帰結や強調を表す副詞。""}, {""text"": ""会"", ""type"": ""grammar"", ""py"": ""huì"", ""note"": ""「〜するだろう」「（習得して）〜できる」という可能性・技能を表す助動詞。""}, {""text"": ""一点一点"", ""type"": ""vocab"", ""py"": ""yìdiǎnyìdiǎn"", ""note"": ""少しずつ""}, {""text"": ""变"", ""type"": ""vocab"", ""py"": ""biàn"", ""note"": ""変わる""}, {""text"": ""好"", ""type"": ""vocab"", ""py"": ""hǎo"", ""note"": ""良い、元気だ""}, {""text"": ""。"", ""type"": ""punct""}]",HSKspeaking_practice
121,12,8,小雨,与其抱怨环境问题，不如从自己身边做起，比如少用塑料袋。,"Yǔqí bàoyuàn huánjìng wèntí, bùrú cóng zìjǐ shēnbiān zuò qǐ, bǐrú shǎo yòng sùliàodài.",環境問題について不平を言うくらいなら、自分の身の回りから始めた方がいいです、例えばレジ袋をあまり使わないとか。,"[{""text"": ""与其"", ""type"": ""grammar"", ""py"": ""yǔqí"", ""note"": ""「〜するくらいなら」を表す接続詞。「与其…不如…」の形で使う。""}, {""text"": ""抱怨"", ""type"": ""vocab"", ""py"": ""bàoyuàn"", ""note"": ""不平を言う""}, {""text"": ""环境"", ""type"": ""vocab"", ""py"": ""huánjìng"", ""note"": ""環境""}, {""text"": ""问题"", ""type"": ""vocab"", ""py"": ""wèntí"", ""note"": ""問題""}, {""text"": ""，"", ""type"": ""punct""}, {""text"": ""不如"", ""type"": ""grammar"", ""py"": ""bùrú"", ""note"": ""「〜する方がよい」を表す語。「与其…不如…」の形で使う。""}, {""text"": ""从"", ""type"": ""grammar"", ""py"": ""cóng"", ""note"": ""「〜から」を表す起点の介詞。""}, {""text"": ""自己"", ""type"": ""vocab"", ""py"": ""zìjǐ"", ""note"": ""自分自身""}, {""text"": ""身边"", ""type"": ""vocab"", ""py"": ""shēnbiān"", ""note"": ""身の回り""}, {""text"": ""做起"", ""type"": ""vocab"", ""py"": ""zuòqǐ"", ""note"": ""〜し始める""}, {""text"": ""，"", ""type"": ""punct""}, {""text"": ""比如"", ""type"": ""vocab"", ""py"": ""bǐrú"", ""note"": ""例えば""}, {""text"": ""少"", ""type"": ""vocab"", ""py"": ""shǎo"", ""note"": ""少ない""}, {""text"": ""用"", ""type"": ""vocab"", ""py"": ""yòng"", ""note"": ""使う""}, {""text"": ""塑料袋"", ""type"": ""vocab"", ""py"": ""sùliàodài"", ""note"": ""レジ袋、ビニール袋""}, {""text"": ""。"", ""type"": ""punct""}]",HSKspeaking_practice
122,12,9,阿凯,学校是不是也可以组织一些环保活动，比如植树或者垃圾分类宣传？,"Xuéxiào shì bu shì yě kěyǐ zǔzhī yìxiē huánbǎo huódòng, bǐrú zhíshù huòzhě lājī fēnlèi xuānchuán?",学校も植樹やゴミ分別の啓発など、環境保護活動を企画できるのではないでしょうか？,"[{""text"": ""学校"", ""type"": ""vocab"", ""py"": ""xuéxiào"", ""note"": ""学校""}, {""text"": ""是不是"", ""type"": ""grammar"", ""py"": ""shìbúshì"", ""note"": ""「〜かどうか、〜ですよね」と確認する疑問表現。""}, {""text"": ""也"", ""type"": ""grammar"", ""py"": ""yě"", ""note"": ""「〜も」を表す副詞。""}, {""text"": ""可以"", ""type"": ""grammar"", ""py"": ""kěyǐ"", ""note"": ""「〜してもよい、〜できる」という許可・可能を表す助動詞。""}, {""text"": ""组织"", ""type"": ""vocab"", ""py"": ""zǔzhī"", ""note"": ""組織する、企画する""}, {""text"": ""一些"", ""type"": ""grammar"", ""py"": ""yīxiē"", ""note"": ""「いくつかの、少しの」を表す数量表現。""}, {""text"": ""环保"", ""type"": ""vocab"", ""py"": ""huánbǎo"", ""note"": ""環境保護（の）""}, {""text"": ""活动"", ""type"": ""vocab"", ""py"": ""huódòng"", ""note"": ""活動""}, {""text"": ""，"", ""type"": ""punct""}, {""text"": ""比如"", ""type"": ""vocab"", ""py"": ""bǐrú"", ""note"": ""例えば""}, {""text"": ""植树"", ""type"": ""vocab"", ""py"": ""zhíshù"", ""note"": ""植樹する""}, {""text"": ""或者"", ""type"": ""grammar"", ""py"": ""huòzhě"", ""note"": ""「あるいは、それとも」を表す接続詞（平叙文で使う）。""}, {""text"": ""垃圾"", ""type"": ""vocab"", ""py"": ""lājī"", ""note"": ""ゴミ""}, {""text"": ""分类"", ""type"": ""vocab"", ""py"": ""fēnlèi"", ""note"": ""分類する""}, {""text"": ""宣传"", ""type"": ""vocab"", ""py"": ""xuānchuán"", ""note"": ""啓発する、宣伝する""}, {""text"": ""？"", ""type"": ""punct""}]",HSKspeaking_practice
123,12,10,陈老师,这个建议很不错，我会把它反映给学校，希望能尽快实施。,"Zhège jiànyì hěn búcuò, wǒ huì bǎ tā fǎnyìng gěi xuéxiào, xīwàng néng jǐnkuài shíshī.",この提案はとても良いですね、学校に反映させます、なるべく早く実施できるといいですね。,"[{""text"": ""这个"", ""type"": ""vocab"", ""py"": ""zhège"", ""note"": ""これ""}, {""text"": ""建议"", ""type"": ""vocab"", ""py"": ""jiànyì"", ""note"": ""提案する、提案""}, {""text"": ""很"", ""type"": ""grammar"", ""py"": ""hěn"", ""note"": ""「とても」を表す程度の副詞。形容詞文でよく使われる。""}, {""text"": ""不错"", ""type"": ""vocab"", ""py"": ""bùcuò"", ""note"": ""なかなか良い""}, {""text"": ""，"", ""type"": ""punct""}, {""text"": ""我会"", ""type"": ""vocab"", ""py"": ""wǒhuì"", ""note"": ""私は〜します""}, {""text"": ""把"", ""type"": ""grammar"", ""py"": ""bǎ"", ""note"": ""目的語を動詞の前に出し「〜を…する」という処置を表す構文を作る介詞（把構文）。""}, {""text"": ""它"", ""type"": ""vocab"", ""py"": ""tā"", ""note"": ""それ""}, {""text"": ""反映"", ""type"": ""vocab"", ""py"": ""fǎnyìng"", ""note"": ""反映する""}, {""text"": ""给"", ""type"": ""grammar"", ""py"": ""gěi"", ""note"": ""「〜に、〜のために」を表す介詞、または「あげる」という意味の動詞。""}, {""text"": ""学校"", ""type"": ""vocab"", ""py"": ""xuéxiào"", ""note"": ""学校""}, {""text"": ""，"", ""type"": ""punct""}, {""text"": ""希望"", ""type"": ""grammar"", ""py"": ""xīwàng"", ""note"": ""「〜を望む」を表す動詞。""}, {""text"": ""能"", ""type"": ""grammar"", ""py"": ""néng"", ""note"": ""「〜できる」という可能を表す助動詞。""}, {""text"": ""尽快"", ""type"": ""vocab"", ""py"": ""jǐnkuài"", ""note"": ""できるだけ早く""}, {""text"": ""实施"", ""type"": ""vocab"", ""py"": ""shíshī"", ""note"": ""実施する""}, {""text"": ""。"", ""type"": ""punct""}]",HSKspeaking_practice
124,12,11,小雨,太好了，希望我们的努力真的能让环境变得更好。,"Tài hǎo le, xīwàng wǒmen de nǔlì zhēnde néng ràng huánjìng biàn de gèng hǎo.",よかったです、私たちの努力が本当に環境をより良くできることを願っています。,"[{""text"": ""太好了"", ""type"": ""vocab"", ""py"": ""tàihǎole"", ""note"": ""よかった！""}, {""text"": ""，"", ""type"": ""punct""}, {""text"": ""希望"", ""type"": ""grammar"", ""py"": ""xīwàng"", ""note"": ""「〜を望む」を表す動詞。""}, {""text"": ""我们"", ""type"": ""vocab"", ""py"": ""wǒmen"", ""note"": ""私たち""}, {""text"": ""的"", ""type"": ""grammar"", ""py"": ""de"", ""note"": ""名詞を修飾し、所有・限定を表す助詞（〜の）。""}, {""text"": ""努力"", ""type"": ""vocab"", ""py"": ""nǔlì"", ""note"": ""努力""}, {""text"": ""真的"", ""type"": ""vocab"", ""py"": ""zhēnde"", ""note"": ""本当に""}, {""text"": ""能"", ""type"": ""grammar"", ""py"": ""néng"", ""note"": ""「〜できる」という可能を表す助動詞。""}, {""text"": ""让"", ""type"": ""grammar"", ""py"": ""ràng"", ""note"": ""「〜させる」使役を表す動詞。""}, {""text"": ""环境"", ""type"": ""vocab"", ""py"": ""huánjìng"", ""note"": ""環境""}, {""text"": ""变得"", ""type"": ""vocab"", ""py"": ""biàndé"", ""note"": ""〜になる""}, {""text"": ""更好"", ""type"": ""vocab"", ""py"": ""gènghǎo"", ""note"": ""もっと良い""}, {""text"": ""。"", ""type"": ""punct""}]",HSKspeaking_practice
125,13,1,小美,阿伟，这是我家的照片。,"Āwěi, zhè shì wǒ jiā de zhàopiàn.",アウェイ、これ私の家族の写真だよ。,"[{""text"": ""阿伟"", ""type"": ""vocab"", ""py"": ""āwěi"", ""note"": ""（人名）""}, {""text"": ""，"", ""type"": ""punct""}, {""text"": ""这是"", ""type"": ""vocab"", ""py"": ""zhèshì"", ""note"": ""これは〜です""}, {""text"": ""我家"", ""type"": ""vocab"", ""py"": ""wǒjiā"", ""note"": ""私の家""}, {""text"": ""的"", ""type"": ""grammar"", ""py"": ""de"", ""note"": ""名詞を修飾し、所有・限定を表す助詞（〜の）。""}, {""text"": ""照片"", ""type"": ""vocab"", ""py"": ""zhàopiān"", ""note"": ""写真""}, {""text"": ""。"", ""type"": ""punct""}]",HSKspeaking_practice
126,13,2,阿伟,真好看！这个人是谁？,Zhēn hǎokàn! Zhège rén shì shéi?,素敵だね！この人は誰？,"[{""text"": ""真"", ""type"": ""vocab"", ""py"": ""zhēn"", ""note"": ""本当に""}, {""text"": ""好看"", ""type"": ""vocab"", ""py"": ""hǎokàn"", ""note"": ""綺麗だ、見栄えがいい""}, {""text"": ""！"", ""type"": ""punct""}, {""text"": ""这个"", ""type"": ""vocab"", ""py"": ""zhège"", ""note"": ""これ""}, {""text"": ""人"", ""type"": ""vocab"", ""py"": ""rén"", ""note"": ""人""}, {""text"": ""是"", ""type"": ""grammar"", ""py"": ""shì"", ""note"": ""「〜である」を表すbe動詞。""}, {""text"": ""谁"", ""type"": ""vocab"", ""py"": ""shuí"", ""note"": ""誰""}, {""text"": ""？"", ""type"": ""punct""}]",HSKspeaking_practice
127,13,3,小美,这是我爸爸，那是我妈妈。,"Zhè shì wǒ bàba, nà shì wǒ māma.",これは私のお父さん、あれは私のお母さん。,"[{""text"": ""这"", ""type"": ""vocab"", ""py"": ""zhè"", ""note"": ""これ""}, {""text"": ""是"", ""type"": ""grammar"", ""py"": ""shì"", ""note"": ""「〜である」を表すbe動詞。""}, {""text"": ""我"", ""type"": ""vocab"", ""py"": ""wǒ"", ""note"": ""私""}, {""text"": ""爸爸"", ""type"": ""vocab"", ""py"": ""bàbà"", ""note"": ""お父さん""}, {""text"": ""，"", ""type"": ""punct""}, {""text"": ""那"", ""type"": ""vocab"", ""py"": ""nà"", ""note"": ""あれ、それ／それなら""}, {""text"": ""是"", ""type"": ""grammar"", ""py"": ""shì"", ""note"": ""「〜である」を表すbe動詞。""}, {""text"": ""我"", ""type"": ""vocab"", ""py"": ""wǒ"", ""note"": ""私""}, {""text"": ""妈妈"", ""type"": ""vocab"", ""py"": ""māmā"", ""note"": ""お母さん""}, {""text"": ""。"", ""type"": ""punct""}]",HSKspeaking_practice
128,13,4,阿伟,你有兄弟姐妹吗？,Nǐ yǒu xiōngdì jiěmèi ma?,兄弟姉妹はいる？,"[{""text"": ""你"", ""type"": ""vocab"", ""py"": ""nǐ"", ""note"": ""あなた""}, {""text"": ""有"", ""type"": ""grammar"", ""py"": ""yǒu"", ""note"": ""「持っている、ある」を表す動詞。否定形は「没有」。""}, {""text"": ""兄弟姐妹"", ""type"": ""vocab"", ""py"": ""xiōngdìjiěmèi"", ""note"": ""兄弟姉妹""}, {""text"": ""吗"", ""type"": ""grammar"", ""py"": ""ma"", ""note"": ""「はい/いいえ」で答える疑問文を作る文末助詞。""}, {""text"": ""？"", ""type"": ""punct""}]",HSKspeaking_practice
129,13,5,小美,有，我有一个哥哥和一个妹妹。,"Yǒu, wǒ yǒu yí ge gēge hé yí ge mèimei.",いるよ、お兄さんが一人と妹が一人いる。,"[{""text"": ""有"", ""type"": ""grammar"", ""py"": ""yǒu"", ""note"": ""「持っている、ある」を表す動詞。否定形は「没有」。""}, {""text"": ""，"", ""type"": ""punct""}, {""text"": ""我"", ""type"": ""vocab"", ""py"": ""wǒ"", ""note"": ""私""}, {""text"": ""有"", ""type"": ""grammar"", ""py"": ""yǒu"", ""note"": ""「持っている、ある」を表す動詞。否定形は「没有」。""}, {""text"": ""一个"", ""type"": ""vocab"", ""py"": ""yígè"", ""note"": ""一つ""}, {""text"": ""哥哥"", ""type"": ""vocab"", ""py"": ""gēgē"", ""note"": ""お兄さん""}, {""text"": ""和"", ""type"": ""grammar"", ""py"": ""hé"", ""note"": ""「〜と」を表す接続詞・介詞。""}, {""text"": ""一个"", ""type"": ""vocab"", ""py"": ""yígè"", ""note"": ""一つ""}, {""text"": ""妹妹"", ""type"": ""vocab"", ""py"": ""mèimèi"", ""note"": ""妹""}, {""text"": ""。"", ""type"": ""punct""}]",HSKspeaking_practice
130,13,6,阿伟,你哥哥做什么工作？,Nǐ gēge zuò shénme gōngzuò?,お兄さんは何の仕事をしているの？,"[{""text"": ""你"", ""type"": ""vocab"", ""py"": ""nǐ"", ""note"": ""あなた""}, {""text"": ""哥哥"", ""type"": ""vocab"", ""py"": ""gēgē"", ""note"": ""お兄さん""}, {""text"": ""做"", ""type"": ""vocab"", ""py"": ""zuò"", ""note"": ""する、作る""}, {""text"": ""什么"", ""type"": ""vocab"", ""py"": ""shénme"", ""note"": ""何""}, {""text"": ""工作"", ""type"": ""vocab"", ""py"": ""gōngzuò"", ""note"": ""仕事、働く""}, {""text"": ""？"", ""type"": ""punct""}]",HSKspeaking_practice
131,13,7,小美,他是医生，工作很忙。,"Tā shì yīshēng, gōngzuò hěn máng.",彼は医者で、仕事がとても忙しいの。,"[{""text"": ""他"", ""type"": ""vocab"", ""py"": ""tā"", ""note"": ""彼""}, {""text"": ""是"", ""type"": ""grammar"", ""py"": ""shì"", ""note"": ""「〜である」を表すbe動詞。""}, {""text"": ""医生"", ""type"": ""vocab"", ""py"": ""yīshēng"", ""note"": ""医者""}, {""text"": ""，"", ""type"": ""punct""}, {""text"": ""工作"", ""type"": ""vocab"", ""py"": ""gōngzuò"", ""note"": ""仕事、働く""}, {""text"": ""很"", ""type"": ""grammar"", ""py"": ""hěn"", ""note"": ""「とても」を表す程度の副詞。形容詞文でよく使われる。""}, {""text"": ""忙"", ""type"": ""vocab"", ""py"": ""máng"", ""note"": ""忙しい""}, {""text"": ""。"", ""type"": ""punct""}]",HSKspeaking_practice
132,13,8,阿伟,你妹妹呢？她多大？,Nǐ mèimei ne? Tā duō dà?,妹さんは？何歳？,"[{""text"": ""你"", ""type"": ""vocab"", ""py"": ""nǐ"", ""note"": ""あなた""}, {""text"": ""妹妹"", ""type"": ""vocab"", ""py"": ""mèimèi"", ""note"": ""妹""}, {""text"": ""呢"", ""type"": ""grammar"", ""py"": ""ne"", ""note"": ""疑問文を柔らかくしたり「〜は？」と聞き返すときに使う文末助詞。""}, {""text"": ""？"", ""type"": ""punct""}, {""text"": ""她"", ""type"": ""vocab"", ""py"": ""tā"", ""note"": ""彼女""}, {""text"": ""多"", ""type"": ""vocab"", ""py"": ""duō"", ""note"": ""多い""}, {""text"": ""大"", ""type"": ""vocab"", ""py"": ""dà"", ""note"": ""大きい""}, {""text"": ""？"", ""type"": ""punct""}]",HSKspeaking_practice
133,13,9,小美,她今年十五岁，是中学生。,"Tā jīnnián shíwǔ suì, shì zhōngxuéshēng.",彼女は今年15歳で、中学生なの。,"[{""text"": ""她"", ""type"": ""vocab"", ""py"": ""tā"", ""note"": ""彼女""}, {""text"": ""今年"", ""type"": ""vocab"", ""py"": ""jīnnián"", ""note"": ""今年""}, {""text"": ""十五岁"", ""type"": ""vocab"", ""py"": ""shíwǔsuì"", ""note"": ""15歳""}, {""text"": ""，"", ""type"": ""punct""}, {""text"": ""是"", ""type"": ""grammar"", ""py"": ""shì"", ""note"": ""「〜である」を表すbe動詞。""}, {""text"": ""中学生"", ""type"": ""vocab"", ""py"": ""zhōngxuéshēng"", ""note"": ""中学生""}, {""text"": ""。"", ""type"": ""punct""}]",HSKspeaking_practice
134,13,10,阿伟,你们一家人都很可爱！,Nǐmen yì jiā rén dōu hěn kě'ài!,あなたたち家族はみんな可愛いね！,"[{""text"": ""你们"", ""type"": ""vocab"", ""py"": ""nǐmen"", ""note"": ""あなたたち""}, {""text"": ""一家人"", ""type"": ""vocab"", ""py"": ""yījiārén"", ""note"": ""一家、家族全員""}, {""text"": ""都"", ""type"": ""grammar"", ""py"": ""dōu"", ""note"": ""「みな、すべて」を表す副詞。""}, {""text"": ""很"", ""type"": ""grammar"", ""py"": ""hěn"", ""note"": ""「とても」を表す程度の副詞。形容詞文でよく使われる。""}, {""text"": ""可爱"", ""type"": ""vocab"", ""py"": ""kěài"", ""note"": ""可愛い""}, {""text"": ""！"", ""type"": ""punct""}]",HSKspeaking_practice
135,13,11,小美,谢谢，改天请你来我家玩儿。,"Xièxie, gǎitiān qǐng nǐ lái wǒ jiā wánr.",ありがとう、今度うちに遊びに来てね。,"[{""text"": ""谢谢"", ""type"": ""vocab"", ""py"": ""xièxiè"", ""note"": ""ありがとう""}, {""text"": ""，"", ""type"": ""punct""}, {""text"": ""改天"", ""type"": ""vocab"", ""py"": ""gǎitiān"", ""note"": ""日を改めて、また今度""}, {""text"": ""请"", ""type"": ""vocab"", ""py"": ""qǐng"", ""note"": ""どうぞ〜してください""}, {""text"": ""你"", ""type"": ""vocab"", ""py"": ""nǐ"", ""note"": ""あなた""}, {""text"": ""来"", ""type"": ""vocab"", ""py"": ""lái"", ""note"": ""来る""}, {""text"": ""我家"", ""type"": ""vocab"", ""py"": ""wǒjiā"", ""note"": ""私の家""}, {""text"": ""玩儿"", ""type"": ""vocab"", ""py"": ""wánér"", ""note"": ""遊ぶ""}, {""text"": ""。"", ""type"": ""punct""}]",HSKspeaking_practice
136,14,1,丁丁,小雪，你喜欢吃什么？,"Xiǎoxuě, nǐ xǐhuan chī shénme?",小雪、何を食べるのが好き？,"[{""text"": ""小雪"", ""type"": ""vocab"", ""py"": ""xiǎoxuě"", ""note"": ""（人名）""}, {""text"": ""，"", ""type"": ""punct""}, {""text"": ""你"", ""type"": ""vocab"", ""py"": ""nǐ"", ""note"": ""あなた""}, {""text"": ""喜欢"", ""type"": ""vocab"", ""py"": ""xǐhuān"", ""note"": ""好きだ、気に入る""}, {""text"": ""吃"", ""type"": ""vocab"", ""py"": ""chī"", ""note"": ""食べる""}, {""text"": ""什么"", ""type"": ""vocab"", ""py"": ""shénme"", ""note"": ""何""}, {""text"": ""？"", ""type"": ""punct""}]",HSKspeaking_practice
137,14,2,小雪,我喜欢吃饺子，你呢？,"Wǒ xǐhuan chī jiǎozi, nǐ ne?",私は餃子を食べるのが好き、あなたは？,"[{""text"": ""我"", ""type"": ""vocab"", ""py"": ""wǒ"", ""note"": ""私""}, {""text"": ""喜欢"", ""type"": ""vocab"", ""py"": ""xǐhuān"", ""note"": ""好きだ、気に入る""}, {""text"": ""吃饺子"", ""type"": ""vocab"", ""py"": ""chījiǎozi"", ""note"": ""餃子を食べる""}, {""text"": ""，"", ""type"": ""punct""}, {""text"": ""你"", ""type"": ""vocab"", ""py"": ""nǐ"", ""note"": ""あなた""}, {""text"": ""呢"", ""type"": ""grammar"", ""py"": ""ne"", ""note"": ""疑問文を柔らかくしたり「〜は？」と聞き返すときに使う文末助詞。""}, {""text"": ""？"", ""type"": ""punct""}]",HSKspeaking_practice
138,14,3,丁丁,我最喜欢吃面条。,Wǒ zuì xǐhuan chī miàntiáo.,僕は麺を食べるのが一番好き。,"[{""text"": ""我"", ""type"": ""vocab"", ""py"": ""wǒ"", ""note"": ""私""}, {""text"": ""最"", ""type"": ""grammar"", ""py"": ""zuì"", ""note"": ""「もっとも」を表す最上級の副詞。""}, {""text"": ""喜欢"", ""type"": ""vocab"", ""py"": ""xǐhuān"", ""note"": ""好きだ、気に入る""}, {""text"": ""吃"", ""type"": ""vocab"", ""py"": ""chī"", ""note"": ""食べる""}, {""text"": ""面条"", ""type"": ""vocab"", ""py"": ""miàntiáo"", ""note"": ""麺""}, {""text"": ""。"", ""type"": ""punct""}]",HSKspeaking_practice
139,14,4,小雪,你也喜欢喝茶吗？,Nǐ yě xǐhuan hē chá ma?,お茶を飲むのも好き？,"[{""text"": ""你"", ""type"": ""vocab"", ""py"": ""nǐ"", ""note"": ""あなた""}, {""text"": ""也"", ""type"": ""grammar"", ""py"": ""yě"", ""note"": ""「〜も」を表す副詞。""}, {""text"": ""喜欢"", ""type"": ""vocab"", ""py"": ""xǐhuān"", ""note"": ""好きだ、気に入る""}, {""text"": ""喝茶"", ""type"": ""vocab"", ""py"": ""hēchá"", ""note"": ""お茶を飲む""}, {""text"": ""吗"", ""type"": ""grammar"", ""py"": ""ma"", ""note"": ""「はい/いいえ」で答える疑問文を作る文末助詞。""}, {""text"": ""？"", ""type"": ""punct""}]",HSKspeaking_practice
140,14,5,丁丁,喜欢，我每天都喝茶。,"Xǐhuan, wǒ měitiān dōu hē chá.",好きだよ、毎日お茶を飲んでる。,"[{""text"": ""喜欢"", ""type"": ""vocab"", ""py"": ""xǐhuān"", ""note"": ""好きだ、気に入る""}, {""text"": ""，"", ""type"": ""punct""}, {""text"": ""我"", ""type"": ""vocab"", ""py"": ""wǒ"", ""note"": ""私""}, {""text"": ""每天"", ""type"": ""vocab"", ""py"": ""měitiān"", ""note"": ""毎日""}, {""text"": ""都"", ""type"": ""grammar"", ""py"": ""dōu"", ""note"": ""「みな、すべて」を表す副詞。""}, {""text"": ""喝茶"", ""type"": ""vocab"", ""py"": ""hēchá"", ""note"": ""お茶を飲む""}, {""text"": ""。"", ""type"": ""punct""}]",HSKspeaking_practice
141,14,6,小雪,我不喜欢喝咖啡，太苦了。,"Wǒ bù xǐhuan hē kāfēi, tài kǔ le.",私はコーヒーは苦手、苦すぎる。,"[{""text"": ""我"", ""type"": ""vocab"", ""py"": ""wǒ"", ""note"": ""私""}, {""text"": ""不"", ""type"": ""grammar"", ""py"": ""bù"", ""note"": ""動詞・形容詞を否定する副詞。""}, {""text"": ""喜欢"", ""type"": ""vocab"", ""py"": ""xǐhuān"", ""note"": ""好きだ、気に入る""}, {""text"": ""喝咖啡"", ""type"": ""vocab"", ""py"": ""hēkāfēi"", ""note"": ""コーヒーを飲む""}, {""text"": ""，"", ""type"": ""punct""}, {""text"": ""太苦"", ""type"": ""vocab"", ""py"": ""tàikǔ"", ""note"": ""苦すぎる""}, {""text"": ""了"", ""type"": ""grammar"", ""py"": ""le"", ""note"": ""動作の完了や状態の変化を表す助詞（文末や動詞の直後に置く）。""}, {""text"": ""。"", ""type"": ""punct""}]",HSKspeaking_practice
142,14,7,丁丁,我喜欢喝咖啡，特别是早上。,"Wǒ xǐhuan hē kāfēi, tèbié shì zǎoshang.",僕はコーヒーが好き、特に朝はね。,"[{""text"": ""我"", ""type"": ""vocab"", ""py"": ""wǒ"", ""note"": ""私""}, {""text"": ""喜欢"", ""type"": ""vocab"", ""py"": ""xǐhuān"", ""note"": ""好きだ、気に入る""}, {""text"": ""喝咖啡"", ""type"": ""vocab"", ""py"": ""hēkāfēi"", ""note"": ""コーヒーを飲む""}, {""text"": ""，"", ""type"": ""punct""}, {""text"": ""特别"", ""type"": ""vocab"", ""py"": ""tèbié"", ""note"": ""特に、特別""}, {""text"": ""是"", ""type"": ""grammar"", ""py"": ""shì"", ""note"": ""「〜である」を表すbe動詞。""}, {""text"": ""早上"", ""type"": ""vocab"", ""py"": ""zǎoshàng"", ""note"": ""朝""}, {""text"": ""。"", ""type"": ""punct""}]",HSKspeaking_practice
143,14,8,小雪,那我们中午一起吃饺子吧。,Nà wǒmen zhōngwǔ yìqǐ chī jiǎozi ba.,じゃあお昼に一緒に餃子を食べようよ。,"[{""text"": ""那"", ""type"": ""vocab"", ""py"": ""nà"", ""note"": ""あれ、それ／それなら""}, {""text"": ""我们"", ""type"": ""vocab"", ""py"": ""wǒmen"", ""note"": ""私たち""}, {""text"": ""中午"", ""type"": ""vocab"", ""py"": ""zhōngwǔ"", ""note"": ""昼、正午""}, {""text"": ""一起"", ""type"": ""vocab"", ""py"": ""yìqǐ"", ""note"": ""一緒に""}, {""text"": ""吃饺子"", ""type"": ""vocab"", ""py"": ""chījiǎozi"", ""note"": ""餃子を食べる""}, {""text"": ""吧"", ""type"": ""grammar"", ""py"": ""ba"", ""note"": ""提案・推量・軽い命令を表す文末助詞（〜しよう、〜でしょう）。""}, {""text"": ""。"", ""type"": ""punct""}]",HSKspeaking_practice
144,14,9,丁丁,好啊，我也想吃一点儿面条。,"Hǎo a, wǒ yě xiǎng chī yìdiǎnr miàntiáo.",いいね、麺も少し食べたいな。,"[{""text"": ""好"", ""type"": ""vocab"", ""py"": ""hǎo"", ""note"": ""良い、元気だ""}, {""text"": ""啊"", ""type"": ""grammar"", ""py"": ""a"", ""note"": ""感嘆や語気をやわらげる文末助詞。""}, {""text"": ""，"", ""type"": ""punct""}, {""text"": ""我"", ""type"": ""vocab"", ""py"": ""wǒ"", ""note"": ""私""}, {""text"": ""也"", ""type"": ""grammar"", ""py"": ""yě"", ""note"": ""「〜も」を表す副詞。""}, {""text"": ""想"", ""type"": ""grammar"", ""py"": ""xiǎng"", ""note"": ""「〜したい」という願望を表す助動詞。""}, {""text"": ""吃"", ""type"": ""vocab"", ""py"": ""chī"", ""note"": ""食べる""}, {""text"": ""一点儿"", ""type"": ""vocab"", ""py"": ""yìdiǎnér"", ""note"": ""少し""}, {""text"": ""面条"", ""type"": ""vocab"", ""py"": ""miàntiáo"", ""note"": ""麺""}, {""text"": ""。"", ""type"": ""punct""}]",HSKspeaking_practice
145,15,1,阳阳,田田，今天星期几？,"Tiántián, jīntiān xīngqī jǐ?",田田、今日は何曜日？,"[{""text"": ""田田"", ""type"": ""vocab"", ""py"": ""tiántián"", ""note"": ""（人名）""}, {""text"": ""，"", ""type"": ""punct""}, {""text"": ""今天"", ""type"": ""vocab"", ""py"": ""jīntiān"", ""note"": ""今日""}, {""text"": ""星期"", ""type"": ""vocab"", ""py"": ""xīngqī"", ""note"": ""曜日、週""}, {""text"": ""几"", ""type"": ""vocab"", ""py"": ""jǐ"", ""note"": ""いくつ""}, {""text"": ""？"", ""type"": ""punct""}]",HSKspeaking_practice
146,15,2,田田,今天星期三。,Jīntiān xīngqīsān.,今日は水曜日だよ。,"[{""text"": ""今天"", ""type"": ""vocab"", ""py"": ""jīntiān"", ""note"": ""今日""}, {""text"": ""星期三"", ""type"": ""vocab"", ""py"": ""xīngqīsān"", ""note"": ""水曜日""}, {""text"": ""。"", ""type"": ""punct""}]",HSKspeaking_practice
147,15,3,阳阳,那明天是星期四了。,Nà míngtiān shì xīngqīsì le.,じゃあ明日は木曜日だね。,"[{""text"": ""那"", ""type"": ""vocab"", ""py"": ""nà"", ""note"": ""あれ、それ／それなら""}, {""text"": ""明天"", ""type"": ""vocab"", ""py"": ""míngtiān"", ""note"": ""明日""}, {""text"": ""是"", ""type"": ""grammar"", ""py"": ""shì"", ""note"": ""「〜である」を表すbe動詞。""}, {""text"": ""星期四"", ""type"": ""vocab"", ""py"": ""xīngqīsì"", ""note"": ""木曜日""}, {""text"": ""了"", ""type"": ""grammar"", ""py"": ""le"", ""note"": ""動作の完了や状態の変化を表す助詞（文末や動詞の直後に置く）。""}, {""text"": ""。"", ""type"": ""punct""}]",HSKspeaking_practice
148,15,4,田田,对，星期四我有汉语课。,"Duì, xīngqīsì wǒ yǒu Hànyǔ kè.",そう、木曜日は中国語の授業があるの。,"[{""text"": ""对"", ""type"": ""grammar"", ""py"": ""duì"", ""note"": ""「〜に対して」を表す介詞、または「正しい」という意味の形容詞。""}, {""text"": ""，"", ""type"": ""punct""}, {""text"": ""星期四"", ""type"": ""vocab"", ""py"": ""xīngqīsì"", ""note"": ""木曜日""}, {""text"": ""我"", ""type"": ""vocab"", ""py"": ""wǒ"", ""note"": ""私""}, {""text"": ""有"", ""type"": ""grammar"", ""py"": ""yǒu"", ""note"": ""「持っている、ある」を表す動詞。否定形は「没有」。""}, {""text"": ""汉语"", ""type"": ""vocab"", ""py"": ""hànyǔ"", ""note"": ""中国語""}, {""text"": ""课"", ""type"": ""vocab"", ""py"": ""kè"", ""note"": ""授業""}, {""text"": ""。"", ""type"": ""punct""}]",HSKspeaking_practice
149,15,5,阳阳,星期六你做什么？,Xīngqīliù nǐ zuò shénme?,土曜日は何をするの？,"[{""text"": ""星期六"", ""type"": ""vocab"", ""py"": ""xīngqīliù"", ""note"": ""土曜日""}, {""text"": ""你"", ""type"": ""vocab"", ""py"": ""nǐ"", ""note"": ""あなた""}, {""text"": ""做"", ""type"": ""vocab"", ""py"": ""zuò"", ""note"": ""する、作る""}, {""text"": ""什么"", ""type"": ""vocab"", ""py"": ""shénme"", ""note"": ""何""}, {""text"": ""？"", ""type"": ""punct""}]",HSKspeaking_practice
150,15,6,田田,星期六我去图书馆看书。,Xīngqīliù wǒ qù túshūguǎn kàn shū.,土曜日は図書館に本を読みに行くよ。,"[{""text"": ""星期六"", ""type"": ""vocab"", ""py"": ""xīngqīliù"", ""note"": ""土曜日""}, {""text"": ""我"", ""type"": ""vocab"", ""py"": ""wǒ"", ""note"": ""私""}, {""text"": ""去"", ""type"": ""vocab"", ""py"": ""qù"", ""note"": ""行く""}, {""text"": ""图书馆"", ""type"": ""vocab"", ""py"": ""túshūguǎn"", ""note"": ""図書館""}, {""text"": ""看书"", ""type"": ""vocab"", ""py"": ""kànshū"", ""note"": ""本を読む""}, {""text"": ""。"", ""type"": ""punct""}]",HSKspeaking_practice
151,15,7,阳阳,星期天呢？,Xīngqītiān ne?,日曜日は？,"[{""text"": ""星期天"", ""type"": ""vocab"", ""py"": ""xīngqītiān"", ""note"": ""日曜日""}, {""text"": ""呢"", ""type"": ""grammar"", ""py"": ""ne"", ""note"": ""疑問文を柔らかくしたり「〜は？」と聞き返すときに使う文末助詞。""}, {""text"": ""？"", ""type"": ""punct""}]",HSKspeaking_practice
152,15,8,田田,星期天我在家休息。,Xīngqītiān wǒ zài jiā xiūxi.,日曜日は家で休むの。,"[{""text"": ""星期天"", ""type"": ""vocab"", ""py"": ""xīngqītiān"", ""note"": ""日曜日""}, {""text"": ""我"", ""type"": ""vocab"", ""py"": ""wǒ"", ""note"": ""私""}, {""text"": ""在家"", ""type"": ""vocab"", ""py"": ""zàijiā"", ""note"": ""家にいる""}, {""text"": ""休息"", ""type"": ""vocab"", ""py"": ""xiūxī"", ""note"": ""休む、休憩する""}, {""text"": ""。"", ""type"": ""punct""}]",HSKspeaking_practice
153,15,9,阳阳,这个星期你很忙啊。,Zhège xīngqī nǐ hěn máng a.,今週は忙しいんだね。,"[{""text"": ""这个"", ""type"": ""vocab"", ""py"": ""zhège"", ""note"": ""これ""}, {""text"": ""星期"", ""type"": ""vocab"", ""py"": ""xīngqī"", ""note"": ""曜日、週""}, {""text"": ""你"", ""type"": ""vocab"", ""py"": ""nǐ"", ""note"": ""あなた""}, {""text"": ""很"", ""type"": ""grammar"", ""py"": ""hěn"", ""note"": ""「とても」を表す程度の副詞。形容詞文でよく使われる。""}, {""text"": ""忙"", ""type"": ""vocab"", ""py"": ""máng"", ""note"": ""忙しい""}, {""text"": ""啊"", ""type"": ""grammar"", ""py"": ""a"", ""note"": ""感嘆や語気をやわらげる文末助詞。""}, {""text"": ""。"", ""type"": ""punct""}]",HSKspeaking_practice
154,15,10,田田,是啊，下个星期休息几天。,"Shì a, xià ge xīngqī xiūxi jǐ tiān.",そうなの、来週は何日か休むつもり。,"[{""text"": ""是"", ""type"": ""grammar"", ""py"": ""shì"", ""note"": ""「〜である」を表すbe動詞。""}, {""text"": ""啊"", ""type"": ""grammar"", ""py"": ""a"", ""note"": ""感嘆や語気をやわらげる文末助詞。""}, {""text"": ""，"", ""type"": ""punct""}, {""text"": ""下个星期"", ""type"": ""vocab"", ""py"": ""xiàgèxīngqī"", ""note"": ""来週""}, {""text"": ""休息"", ""type"": ""vocab"", ""py"": ""xiūxī"", ""note"": ""休む、休憩する""}, {""text"": ""几天"", ""type"": ""vocab"", ""py"": ""jǐtiān"", ""note"": ""何日か""}, {""text"": ""。"", ""type"": ""punct""}]",HSKspeaking_practice
155,16,1,小龙,阿丽，现在几点？,"Ālì, xiànzài jǐ diǎn?",阿麗、今何時？,"[{""text"": ""阿丽"", ""type"": ""vocab"", ""py"": ""ālì"", ""note"": ""（人名）""}, {""text"": ""，"", ""type"": ""punct""}, {""text"": ""现在"", ""type"": ""vocab"", ""py"": ""xiànzài"", ""note"": ""今、現在""}, {""text"": ""几点"", ""type"": ""vocab"", ""py"": ""jǐdiǎn"", ""note"": ""何時""}, {""text"": ""？"", ""type"": ""punct""}]",HSKspeaking_practice
156,16,2,阿丽,现在八点半。,Xiànzài bā diǎn bàn.,今8時半だよ。,"[{""text"": ""现在"", ""type"": ""vocab"", ""py"": ""xiànzài"", ""note"": ""今、現在""}, {""text"": ""八点半"", ""type"": ""vocab"", ""py"": ""bādiǎnbàn"", ""note"": ""8時半""}, {""text"": ""。"", ""type"": ""punct""}]",HSKspeaking_practice
157,16,3,小龙,糟糕，我九点有课！,"Zāogāo, wǒ jiǔ diǎn yǒu kè!",まずい、9時に授業があるんだ！,"[{""text"": ""糟糕"", ""type"": ""vocab"", ""py"": ""zāogāo"", ""note"": ""まずい、しまった""}, {""text"": ""，"", ""type"": ""punct""}, {""text"": ""我"", ""type"": ""vocab"", ""py"": ""wǒ"", ""note"": ""私""}, {""text"": ""九点"", ""type"": ""vocab"", ""py"": ""jiǔdiǎn"", ""note"": ""9時""}, {""text"": ""有课"", ""type"": ""vocab"", ""py"": ""yǒukè"", ""note"": ""授業がある""}, {""text"": ""！"", ""type"": ""punct""}]",HSKspeaking_practice
158,16,4,阿丽,别着急，还有半个小时。,"Bié zháojí, hái yǒu bàn ge xiǎoshí.",焦らないで、まだ30分あるよ。,"[{""text"": ""别着急"", ""type"": ""vocab"", ""py"": ""biézháojí"", ""note"": ""焦らないで""}, {""text"": ""，"", ""type"": ""punct""}, {""text"": ""还有"", ""type"": ""vocab"", ""py"": ""háiyǒu"", ""note"": ""まだ〜がある、それから""}, {""text"": ""半个"", ""type"": ""vocab"", ""py"": ""bàngè"", ""note"": ""半分の""}, {""text"": ""小时"", ""type"": ""vocab"", ""py"": ""xiǎoshí"", ""note"": ""〜時間""}, {""text"": ""。"", ""type"": ""punct""}]",HSKspeaking_practice
159,16,5,小龙,从这儿到学校要多长时间？,Cóng zhèr dào xuéxiào yào duō cháng shíjiān?,ここから学校までどのくらいかかる？,"[{""text"": ""从"", ""type"": ""grammar"", ""py"": ""cóng"", ""note"": ""「〜から」を表す起点の介詞。""}, {""text"": ""这儿"", ""type"": ""vocab"", ""py"": ""zhèér"", ""note"": ""ここ""}, {""text"": ""到"", ""type"": ""grammar"", ""py"": ""dào"", ""note"": ""「〜まで、〜に着く」を表す介詞・動詞。""}, {""text"": ""学校"", ""type"": ""vocab"", ""py"": ""xuéxiào"", ""note"": ""学校""}, {""text"": ""要"", ""type"": ""grammar"", ""py"": ""yào"", ""note"": ""「〜したい、〜するつもりだ」という意志・必要を表す助動詞。""}, {""text"": ""多长时间"", ""type"": ""vocab"", ""py"": ""duōzhǎngshíjiān"", ""note"": ""どのくらいの時間""}, {""text"": ""？"", ""type"": ""punct""}]",HSKspeaking_practice
160,16,6,阿丽,大概二十分钟。,Dàgài èrshí fēnzhōng.,だいたい20分くらい。,"[{""text"": ""大概"", ""type"": ""vocab"", ""py"": ""dàgài"", ""note"": ""だいたい、おそらく""}, {""text"": ""二十分钟"", ""type"": ""vocab"", ""py"": ""èrshífēnzhōng"", ""note"": ""20分間""}, {""text"": ""。"", ""type"": ""punct""}]",HSKspeaking_practice
161,16,7,小龙,那我现在就得走了。,Nà wǒ xiànzài jiù děi zǒu le.,じゃあもう行かなきゃ。,"[{""text"": ""那"", ""type"": ""vocab"", ""py"": ""nà"", ""note"": ""あれ、それ／それなら""}, {""text"": ""我"", ""type"": ""vocab"", ""py"": ""wǒ"", ""note"": ""私""}, {""text"": ""现在"", ""type"": ""vocab"", ""py"": ""xiànzài"", ""note"": ""今、現在""}, {""text"": ""就"", ""type"": ""grammar"", ""py"": ""jiù"", ""note"": ""「すぐに、まさに」など、条件の帰結や強調を表す副詞。""}, {""text"": ""得"", ""type"": ""grammar"", ""py"": ""dé"", ""note"": ""動詞・形容詞の後について程度や結果を表す補語を導く助詞（〜するのが…だ）。文脈により「〜しなければならない(děi)」の助動詞の場合もある。""}, {""text"": ""走"", ""type"": ""vocab"", ""py"": ""zǒu"", ""note"": ""歩く、行く、離れる""}, {""text"": ""了"", ""type"": ""grammar"", ""py"": ""le"", ""note"": ""動作の完了や状態の変化を表す助詞（文末や動詞の直後に置く）。""}, {""text"": ""。"", ""type"": ""punct""}]",HSKspeaking_practice
162,16,8,阿丽,好，路上小心。,"Hǎo, lùshang xiǎoxīn.",うん、気をつけてね。,"[{""text"": ""好"", ""type"": ""vocab"", ""py"": ""hǎo"", ""note"": ""良い、元気だ""}, {""text"": ""，"", ""type"": ""punct""}, {""text"": ""路上"", ""type"": ""vocab"", ""py"": ""lùshàng"", ""note"": ""道中""}, {""text"": ""小心"", ""type"": ""vocab"", ""py"": ""xiǎoxīn"", ""note"": ""気をつける""}, {""text"": ""。"", ""type"": ""punct""}]",HSKspeaking_practice
163,16,9,小龙,谢谢，下课后再见！,"Xièxie, xiàkè hòu zàijiàn!",ありがとう、授業の後にまた会おう！,"[{""text"": ""谢谢"", ""type"": ""vocab"", ""py"": ""xièxiè"", ""note"": ""ありがとう""}, {""text"": ""，"", ""type"": ""punct""}, {""text"": ""下课后"", ""type"": ""vocab"", ""py"": ""xiàkèhòu"", ""note"": ""授業の後""}, {""text"": ""再见"", ""type"": ""vocab"", ""py"": ""zàijiàn"", ""note"": ""さようなら""}, {""text"": ""！"", ""type"": ""punct""}]",HSKspeaking_practice
164,17,1,护士,你好，请问你哪里不舒服？,"Nǐ hǎo, qǐngwèn nǐ nǎlǐ bù shūfu?",こんにちは、どこか具合が悪いですか？,"[{""text"": ""你好"", ""type"": ""vocab"", ""py"": ""nǐhǎo"", ""note"": ""こんにちは""}, {""text"": ""，"", ""type"": ""punct""}, {""text"": ""请问"", ""type"": ""vocab"", ""py"": ""qǐngwèn"", ""note"": ""お尋ねします""}, {""text"": ""你"", ""type"": ""vocab"", ""py"": ""nǐ"", ""note"": ""あなた""}, {""text"": ""哪里"", ""type"": ""vocab"", ""py"": ""nǎlǐ"", ""note"": ""どこ""}, {""text"": ""不"", ""type"": ""grammar"", ""py"": ""bù"", ""note"": ""動詞・形容詞を否定する副詞。""}, {""text"": ""舒服"", ""type"": ""vocab"", ""py"": ""shūfú"", ""note"": ""気分がいい、快適だ""}, {""text"": ""？"", ""type"": ""punct""}]",HSKspeaking_practice
165,17,2,小刘,我肚子疼，还有点儿恶心。,"Wǒ dùzi téng, hái yǒudiǎnr ěxīn.",お腹が痛くて、少し吐き気もあります。,"[{""text"": ""我"", ""type"": ""vocab"", ""py"": ""wǒ"", ""note"": ""私""}, {""text"": ""肚子疼"", ""type"": ""vocab"", ""py"": ""dǔziténg"", ""note"": ""お腹が痛い""}, {""text"": ""，"", ""type"": ""punct""}, {""text"": ""还"", ""type"": ""grammar"", ""py"": ""hái"", ""note"": ""「まだ、さらに」を表す副詞。""}, {""text"": ""有点儿"", ""type"": ""grammar"", ""py"": ""yǒudiǎnér"", ""note"": ""「少し、ちょっと」を表す副詞。好ましくない状態を表すことが多く、形容詞・動詞の前に置く。""}, {""text"": ""恶心"", ""type"": ""vocab"", ""py"": ""ěxīn"", ""note"": ""吐き気がする""}, {""text"": ""。"", ""type"": ""punct""}]",HSKspeaking_practice
166,17,3,护士,疼了多长时间了？,Téng le duō cháng shíjiān le?,どのくらい痛みが続いていますか？,"[{""text"": ""疼"", ""type"": ""vocab"", ""py"": ""téng"", ""note"": ""痛い""}, {""text"": ""了"", ""type"": ""grammar"", ""py"": ""le"", ""note"": ""動作の完了や状態の変化を表す助詞（文末や動詞の直後に置く）。""}, {""text"": ""多长时间"", ""type"": ""vocab"", ""py"": ""duōzhǎngshíjiān"", ""note"": ""どのくらいの時間""}, {""text"": ""了"", ""type"": ""grammar"", ""py"": ""le"", ""note"": ""動作の完了や状態の変化を表す助詞（文末や動詞の直後に置く）。""}, {""text"": ""？"", ""type"": ""punct""}]",HSKspeaking_practice
167,17,4,小刘,从昨天晚上开始的。,Cóng zuótiān wǎnshang kāishǐ de.,昨夜からです。,"[{""text"": ""从"", ""type"": ""grammar"", ""py"": ""cóng"", ""note"": ""「〜から」を表す起点の介詞。""}, {""text"": ""昨天晚上"", ""type"": ""vocab"", ""py"": ""zuótiānwǎnshàng"", ""note"": ""昨夜""}, {""text"": ""开始"", ""type"": ""vocab"", ""py"": ""kāishǐ"", ""note"": ""始まる、始める""}, {""text"": ""的"", ""type"": ""grammar"", ""py"": ""de"", ""note"": ""名詞を修飾し、所有・限定を表す助詞（〜の）。""}, {""text"": ""。"", ""type"": ""punct""}]",HSKspeaking_practice
168,17,5,护士,你先填一下这张表格。,Nǐ xiān tián yíxià zhè zhāng biǎogé.,まずこの用紙に記入してください。,"[{""text"": ""你"", ""type"": ""vocab"", ""py"": ""nǐ"", ""note"": ""あなた""}, {""text"": ""先"", ""type"": ""grammar"", ""py"": ""xiān"", ""note"": ""「まず、先に」を表す副詞。""}, {""text"": ""填"", ""type"": ""vocab"", ""py"": ""tián"", ""note"": ""記入する""}, {""text"": ""一下"", ""type"": ""grammar"", ""py"": ""yīxià"", ""note"": ""動詞の後について「ちょっと〜する」と動作の軽さ・短さを表す表現。""}, {""text"": ""这张"", ""type"": ""vocab"", ""py"": ""zhèzhāng"", ""note"": ""この一枚の""}, {""text"": ""表格"", ""type"": ""vocab"", ""py"": ""biǎogé"", ""note"": ""用紙、フォーム""}, {""text"": ""。"", ""type"": ""punct""}]",HSKspeaking_practice
169,17,6,小刘,好的。大概要等多久？,Hǎo de. Dàgài yào děng duō jiǔ?,分かりました。だいたいどのくらい待ちますか？,"[{""text"": ""好"", ""type"": ""vocab"", ""py"": ""hǎo"", ""note"": ""良い、元気だ""}, {""text"": ""的"", ""type"": ""grammar"", ""py"": ""de"", ""note"": ""名詞を修飾し、所有・限定を表す助詞（〜の）。""}, {""text"": ""。"", ""type"": ""punct""}, {""text"": ""大概"", ""type"": ""vocab"", ""py"": ""dàgài"", ""note"": ""だいたい、おそらく""}, {""text"": ""要"", ""type"": ""grammar"", ""py"": ""yào"", ""note"": ""「〜したい、〜するつもりだ」という意志・必要を表す助動詞。""}, {""text"": ""等"", ""type"": ""vocab"", ""py"": ""děng"", ""note"": ""待つ""}, {""text"": ""多久"", ""type"": ""vocab"", ""py"": ""duōjiǔ"", ""note"": ""どのくらいの間""}, {""text"": ""？"", ""type"": ""punct""}]",HSKspeaking_practice
170,17,7,护士,前面还有两个人，大概二十分钟。,"Qiánmiàn hái yǒu liǎng ge rén, dàgài èrshí fēnzhōng.",前にあと2人いるので、だいたい20分くらいです。,"[{""text"": ""前面"", ""type"": ""vocab"", ""py"": ""qiánmiàn"", ""note"": ""前""}, {""text"": ""还有"", ""type"": ""vocab"", ""py"": ""háiyǒu"", ""note"": ""まだ〜がある、それから""}, {""text"": ""两个"", ""type"": ""vocab"", ""py"": ""liǎnggè"", ""note"": ""二つ""}, {""text"": ""人"", ""type"": ""vocab"", ""py"": ""rén"", ""note"": ""人""}, {""text"": ""，"", ""type"": ""punct""}, {""text"": ""大概"", ""type"": ""vocab"", ""py"": ""dàgài"", ""note"": ""だいたい、おそらく""}, {""text"": ""二十分钟"", ""type"": ""vocab"", ""py"": ""èrshífēnzhōng"", ""note"": ""20分間""}, {""text"": ""。"", ""type"": ""punct""}]",HSKspeaking_practice
171,17,8,小刘,好，我在这儿等一下。,"Hǎo, wǒ zài zhèr děng yíxià.",分かりました、ここでちょっと待ちます。,"[{""text"": ""好"", ""type"": ""vocab"", ""py"": ""hǎo"", ""note"": ""良い、元気だ""}, {""text"": ""，"", ""type"": ""punct""}, {""text"": ""我"", ""type"": ""vocab"", ""py"": ""wǒ"", ""note"": ""私""}, {""text"": ""在"", ""type"": ""grammar"", ""py"": ""zài"", ""note"": ""「〜にいる／ある」を表す動詞、または動詞の前について進行「〜している」を表す。""}, {""text"": ""这儿"", ""type"": ""vocab"", ""py"": ""zhèér"", ""note"": ""ここ""}, {""text"": ""等"", ""type"": ""vocab"", ""py"": ""děng"", ""note"": ""待つ""}, {""text"": ""一下"", ""type"": ""grammar"", ""py"": ""yīxià"", ""note"": ""動詞の後について「ちょっと〜する」と動作の軽さ・短さを表す表現。""}, {""text"": ""。"", ""type"": ""punct""}]",HSKspeaking_practice
172,17,9,护士,医生叫你的名字的时候，请进去。,"Yīshēng jiào nǐ de míngzi de shíhou, qǐng jìnqu.",医者があなたの名前を呼んだら、中に入ってください。,"[{""text"": ""医生"", ""type"": ""vocab"", ""py"": ""yīshēng"", ""note"": ""医者""}, {""text"": ""叫"", ""type"": ""grammar"", ""py"": ""jiào"", ""note"": ""「（人に）〜させる」使役、または「〜という名前だ」を表す動詞。""}, {""text"": ""你"", ""type"": ""vocab"", ""py"": ""nǐ"", ""note"": ""あなた""}, {""text"": ""的"", ""type"": ""grammar"", ""py"": ""de"", ""note"": ""名詞を修飾し、所有・限定を表す助詞（〜の）。""}, {""text"": ""名字"", ""type"": ""vocab"", ""py"": ""míngzì"", ""note"": ""名前""}, {""text"": ""的"", ""type"": ""grammar"", ""py"": ""de"", ""note"": ""名詞を修飾し、所有・限定を表す助詞（〜の）。""}, {""text"": ""时候"", ""type"": ""vocab"", ""py"": ""shíhòu"", ""note"": ""時、頃""}, {""text"": ""，"", ""type"": ""punct""}, {""text"": ""请进去"", ""type"": ""vocab"", ""py"": ""qǐngjìnqù"", ""note"": ""どうぞお入りください""}, {""text"": ""。"", ""type"": ""punct""}]",HSKspeaking_practice
173,17,10,小刘,明白了，谢谢你。,"Míngbai le, xièxie nǐ.",分かりました、ありがとうございます。,"[{""text"": ""明白"", ""type"": ""vocab"", ""py"": ""míngbái"", ""note"": ""分かる""}, {""text"": ""了"", ""type"": ""grammar"", ""py"": ""le"", ""note"": ""動作の完了や状態の変化を表す助詞（文末や動詞の直後に置く）。""}, {""text"": ""，"", ""type"": ""punct""}, {""text"": ""谢谢"", ""type"": ""vocab"", ""py"": ""xièxiè"", ""note"": ""ありがとう""}, {""text"": ""你"", ""type"": ""vocab"", ""py"": ""nǐ"", ""note"": ""あなた""}, {""text"": ""。"", ""type"": ""punct""}]",HSKspeaking_practice
174,18,1,小林,你好，我想寄一个包裹到日本。,"Nǐ hǎo, wǒ xiǎng jì yí ge bāoguǒ dào Rìběn.",こんにちは、日本に荷物を送りたいのですが。,"[{""text"": ""你好"", ""type"": ""vocab"", ""py"": ""nǐhǎo"", ""note"": ""こんにちは""}, {""text"": ""，"", ""type"": ""punct""}, {""text"": ""我"", ""type"": ""vocab"", ""py"": ""wǒ"", ""note"": ""私""}, {""text"": ""想"", ""type"": ""grammar"", ""py"": ""xiǎng"", ""note"": ""「〜したい」という願望を表す助動詞。""}, {""text"": ""寄"", ""type"": ""vocab"", ""py"": ""jì"", ""note"": ""郵送する""}, {""text"": ""一个"", ""type"": ""vocab"", ""py"": ""yígè"", ""note"": ""一つ""}, {""text"": ""包裹"", ""type"": ""vocab"", ""py"": ""bāoguǒ"", ""note"": ""荷物、小包""}, {""text"": ""到"", ""type"": ""grammar"", ""py"": ""dào"", ""note"": ""「〜まで、〜に着く」を表す介詞・動詞。""}, {""text"": ""日本"", ""type"": ""vocab"", ""py"": ""rìběn"", ""note"": ""日本""}, {""text"": ""。"", ""type"": ""punct""}]",HSKspeaking_practice
175,18,2,工作人员,好的，请把包裹放在这里。里面是什么？,"Hǎo de, qǐng bǎ bāoguǒ fàng zài zhèlǐ. Lǐmiàn shì shénme?",はい、こちらに置いてください。中身は何ですか？,"[{""text"": ""好"", ""type"": ""vocab"", ""py"": ""hǎo"", ""note"": ""良い、元気だ""}, {""text"": ""的"", ""type"": ""grammar"", ""py"": ""de"", ""note"": ""名詞を修飾し、所有・限定を表す助詞（〜の）。""}, {""text"": ""，"", ""type"": ""punct""}, {""text"": ""请"", ""type"": ""vocab"", ""py"": ""qǐng"", ""note"": ""どうぞ〜してください""}, {""text"": ""把"", ""type"": ""grammar"", ""py"": ""bǎ"", ""note"": ""目的語を動詞の前に出し「〜を…する」という処置を表す構文を作る介詞（把構文）。""}, {""text"": ""包裹"", ""type"": ""vocab"", ""py"": ""bāoguǒ"", ""note"": ""荷物、小包""}, {""text"": ""放在"", ""type"": ""vocab"", ""py"": ""fàngzài"", ""note"": ""〜に置く""}, {""text"": ""这里"", ""type"": ""vocab"", ""py"": ""zhèlǐ"", ""note"": ""ここ""}, {""text"": ""。"", ""type"": ""punct""}, {""text"": ""里面"", ""type"": ""vocab"", ""py"": ""lǐmiàn"", ""note"": ""中に""}, {""text"": ""是"", ""type"": ""grammar"", ""py"": ""shì"", ""note"": ""「〜である」を表すbe動詞。""}, {""text"": ""什么"", ""type"": ""vocab"", ""py"": ""shénme"", ""note"": ""何""}, {""text"": ""？"", ""type"": ""punct""}]",HSKspeaking_practice
176,18,3,小林,是一些衣服和几本书。,Shì yìxiē yīfu hé jǐ běn shū.,服と本が数冊です。,"[{""text"": ""是"", ""type"": ""grammar"", ""py"": ""shì"", ""note"": ""「〜である」を表すbe動詞。""}, {""text"": ""一些"", ""type"": ""grammar"", ""py"": ""yīxiē"", ""note"": ""「いくつかの、少しの」を表す数量表現。""}, {""text"": ""衣服"", ""type"": ""vocab"", ""py"": ""yīfú"", ""note"": ""服""}, {""text"": ""和"", ""type"": ""grammar"", ""py"": ""hé"", ""note"": ""「〜と」を表す接続詞・介詞。""}, {""text"": ""几本书"", ""type"": ""vocab"", ""py"": ""jǐběnshū"", ""note"": ""何冊かの本""}, {""text"": ""。"", ""type"": ""punct""}]",HSKspeaking_practice
177,18,4,工作人员,用飞机还是用船运？,Yòng fēijī háishi yòng chuányùn?,航空便にしますか、それとも船便にしますか？,"[{""text"": ""用"", ""type"": ""vocab"", ""py"": ""yòng"", ""note"": ""使う""}, {""text"": ""飞机"", ""type"": ""vocab"", ""py"": ""fēijī"", ""note"": ""飛行機""}, {""text"": ""还是"", ""type"": ""grammar"", ""py"": ""háishì"", ""note"": ""「それとも」（疑問文の選択）、または「やはり」を表す。""}, {""text"": ""用"", ""type"": ""vocab"", ""py"": ""yòng"", ""note"": ""使う""}, {""text"": ""船运"", ""type"": ""vocab"", ""py"": ""chuányùn"", ""note"": ""船便""}, {""text"": ""？"", ""type"": ""punct""}]",HSKspeaking_practice
178,18,5,小林,哪个更快？,Nǎge gèng kuài?,どちらが早いですか？,"[{""text"": ""哪个"", ""type"": ""vocab"", ""py"": ""nǎge"", ""note"": ""どちら、どれ""}, {""text"": ""更"", ""type"": ""grammar"", ""py"": ""gèng"", ""note"": ""「さらに、もっと」を表す程度の副詞（比較を強める）。""}, {""text"": ""快"", ""type"": ""vocab"", ""py"": ""kuài"", ""note"": ""速い、はやく""}, {""text"": ""？"", ""type"": ""punct""}]",HSKspeaking_practice
179,18,6,工作人员,飞机大概一个星期，船运要一个多月。,"Fēijī dàgài yí ge xīngqī, chuányùn yào yí ge duō yuè.",航空便はだいたい1週間、船便は1ヶ月以上かかります。,"[{""text"": ""飞机"", ""type"": ""vocab"", ""py"": ""fēijī"", ""note"": ""飛行機""}, {""text"": ""大概"", ""type"": ""vocab"", ""py"": ""dàgài"", ""note"": ""だいたい、おそらく""}, {""text"": ""一个"", ""type"": ""vocab"", ""py"": ""yígè"", ""note"": ""一つ""}, {""text"": ""星期"", ""type"": ""vocab"", ""py"": ""xīngqī"", ""note"": ""曜日、週""}, {""text"": ""，"", ""type"": ""punct""}, {""text"": ""船运"", ""type"": ""vocab"", ""py"": ""chuányùn"", ""note"": ""船便""}, {""text"": ""要"", ""type"": ""grammar"", ""py"": ""yào"", ""note"": ""「〜したい、〜するつもりだ」という意志・必要を表す助動詞。""}, {""text"": ""一个多月"", ""type"": ""vocab"", ""py"": ""yígèduōyuè"", ""note"": ""1ヶ月あまり""}, {""text"": ""。"", ""type"": ""punct""}]",HSKspeaking_practice
180,18,7,小林,那我用飞机吧，贵一点儿没关系。,"Nà wǒ yòng fēijī ba, guì yìdiǎnr méi guānxi.",じゃあ航空便にします、少し高くても大丈夫です。,"[{""text"": ""那"", ""type"": ""vocab"", ""py"": ""nà"", ""note"": ""あれ、それ／それなら""}, {""text"": ""我"", ""type"": ""vocab"", ""py"": ""wǒ"", ""note"": ""私""}, {""text"": ""用"", ""type"": ""vocab"", ""py"": ""yòng"", ""note"": ""使う""}, {""text"": ""飞机"", ""type"": ""vocab"", ""py"": ""fēijī"", ""note"": ""飛行機""}, {""text"": ""吧"", ""type"": ""grammar"", ""py"": ""ba"", ""note"": ""提案・推量・軽い命令を表す文末助詞（〜しよう、〜でしょう）。""}, {""text"": ""，"", ""type"": ""punct""}, {""text"": ""贵"", ""type"": ""vocab"", ""py"": ""guì"", ""note"": ""（値段が）高い""}, {""text"": ""一点儿"", ""type"": ""vocab"", ""py"": ""yìdiǎnér"", ""note"": ""少し""}, {""text"": ""没关系"", ""type"": ""vocab"", ""py"": ""méiguānxì"", ""note"": ""大丈夫、構いません""}, {""text"": ""。"", ""type"": ""punct""}]",HSKspeaking_practice
181,18,8,工作人员,好的，一共八十五块钱。,"Hǎo de, yígòng bāshíwǔ kuài qián.",分かりました、全部で85元です。,"[{""text"": ""好"", ""type"": ""vocab"", ""py"": ""hǎo"", ""note"": ""良い、元気だ""}, {""text"": ""的"", ""type"": ""grammar"", ""py"": ""de"", ""note"": ""名詞を修飾し、所有・限定を表す助詞（〜の）。""}, {""text"": ""，"", ""type"": ""punct""}, {""text"": ""一共"", ""type"": ""vocab"", ""py"": ""yīgòng"", ""note"": ""全部で""}, {""text"": ""八十五"", ""type"": ""vocab"", ""py"": ""bāshíwǔ"", ""note"": ""85""}, {""text"": ""块钱"", ""type"": ""vocab"", ""py"": ""kuàiqián"", ""note"": ""元（お金の単位）""}, {""text"": ""。"", ""type"": ""punct""}]",HSKspeaking_practice
182,18,9,小林,给你钱。大概什么时候能到？,Gěi nǐ qián. Dàgài shénme shíhou néng dào?,お金です。だいたいいつ届きますか？,"[{""text"": ""给"", ""type"": ""grammar"", ""py"": ""gěi"", ""note"": ""「〜に、〜のために」を表す介詞、または「あげる」という意味の動詞。""}, {""text"": ""你"", ""type"": ""vocab"", ""py"": ""nǐ"", ""note"": ""あなた""}, {""text"": ""钱"", ""type"": ""vocab"", ""py"": ""qián"", ""note"": ""お金""}, {""text"": ""。"", ""type"": ""punct""}, {""text"": ""大概"", ""type"": ""vocab"", ""py"": ""dàgài"", ""note"": ""だいたい、おそらく""}, {""text"": ""什么"", ""type"": ""vocab"", ""py"": ""shénme"", ""note"": ""何""}, {""text"": ""时候"", ""type"": ""vocab"", ""py"": ""shíhòu"", ""note"": ""時、頃""}, {""text"": ""能"", ""type"": ""grammar"", ""py"": ""néng"", ""note"": ""「〜できる」という可能を表す助動詞。""}, {""text"": ""到"", ""type"": ""grammar"", ""py"": ""dào"", ""note"": ""「〜まで、〜に着く」を表す介詞・動詞。""}, {""text"": ""？"", ""type"": ""punct""}]",HSKspeaking_practice
183,18,10,工作人员,下个星期三左右就能到了。,Xià ge xīngqīsān zuǒyòu jiù néng dào le.,来週の水曜日ごろには届きます。,"[{""text"": ""下个星期"", ""type"": ""vocab"", ""py"": ""xiàgèxīngqī"", ""note"": ""来週""}, {""text"": ""三"", ""type"": ""vocab"", ""py"": ""sān"", ""note"": ""3""}, {""text"": ""左右"", ""type"": ""vocab"", ""py"": ""zuǒyòu"", ""note"": ""〜くらい、前後""}, {""text"": ""就"", ""type"": ""grammar"", ""py"": ""jiù"", ""note"": ""「すぐに、まさに」など、条件の帰結や強調を表す副詞。""}, {""text"": ""能"", ""type"": ""grammar"", ""py"": ""néng"", ""note"": ""「〜できる」という可能を表す助動詞。""}, {""text"": ""到"", ""type"": ""grammar"", ""py"": ""dào"", ""note"": ""「〜まで、〜に着く」を表す介詞・動詞。""}, {""text"": ""了"", ""type"": ""grammar"", ""py"": ""le"", ""note"": ""動作の完了や状態の変化を表す助詞（文末や動詞の直後に置く）。""}, {""text"": ""。"", ""type"": ""punct""}]",HSKspeaking_practice
184,18,11,小林,太好了，谢谢你。,"Tài hǎo le, xièxie nǐ.",よかった、ありがとうございます。,"[{""text"": ""太好了"", ""type"": ""vocab"", ""py"": ""tàihǎole"", ""note"": ""よかった！""}, {""text"": ""，"", ""type"": ""punct""}, {""text"": ""谢谢"", ""type"": ""vocab"", ""py"": ""xièxiè"", ""note"": ""ありがとう""}, {""text"": ""你"", ""type"": ""vocab"", ""py"": ""nǐ"", ""note"": ""あなた""}, {""text"": ""。"", ""type"": ""punct""}]",HSKspeaking_practice
185,19,1,理发师,你好，今天想剪什么样的发型？,"Nǐ hǎo, jīntiān xiǎng jiǎn shénmeyàng de fàxíng?",こんにちは、今日はどんな髪型にしますか？,"[{""text"": ""你好"", ""type"": ""vocab"", ""py"": ""nǐhǎo"", ""note"": ""こんにちは""}, {""text"": ""，"", ""type"": ""punct""}, {""text"": ""今天"", ""type"": ""vocab"", ""py"": ""jīntiān"", ""note"": ""今日""}, {""text"": ""想"", ""type"": ""grammar"", ""py"": ""xiǎng"", ""note"": ""「〜したい」という願望を表す助動詞。""}, {""text"": ""剪"", ""type"": ""vocab"", ""py"": ""jiǎn"", ""note"": ""切る（髪などを）""}, {""text"": ""什么样"", ""type"": ""grammar"", ""py"": ""shénmeyàng"", ""note"": ""「どのような」を表す疑問表現。""}, {""text"": ""的"", ""type"": ""grammar"", ""py"": ""de"", ""note"": ""名詞を修飾し、所有・限定を表す助詞（〜の）。""}, {""text"": ""发型"", ""type"": ""vocab"", ""py"": ""fàxíng"", ""note"": ""髪型""}, {""text"": ""？"", ""type"": ""punct""}]",HSKspeaking_practice
186,19,2,小雨,我想剪短一点儿，天气太热了。,"Wǒ xiǎng jiǎn duǎn yìdiǎnr, tiānqì tài rè le.",少し短く切りたいです、暑すぎるので。,"[{""text"": ""我"", ""type"": ""vocab"", ""py"": ""wǒ"", ""note"": ""私""}, {""text"": ""想"", ""type"": ""grammar"", ""py"": ""xiǎng"", ""note"": ""「〜したい」という願望を表す助動詞。""}, {""text"": ""剪短"", ""type"": ""vocab"", ""py"": ""jiǎnduǎn"", ""note"": ""短く切る""}, {""text"": ""一点儿"", ""type"": ""vocab"", ""py"": ""yìdiǎnér"", ""note"": ""少し""}, {""text"": ""，"", ""type"": ""punct""}, {""text"": ""天气"", ""type"": ""vocab"", ""py"": ""tiānqì"", ""note"": ""天気""}, {""text"": ""太热"", ""type"": ""vocab"", ""py"": ""tàirè"", ""note"": ""暑すぎる""}, {""text"": ""了"", ""type"": ""grammar"", ""py"": ""le"", ""note"": ""動作の完了や状態の変化を表す助詞（文末や動詞の直後に置く）。""}, {""text"": ""。"", ""type"": ""punct""}]",HSKspeaking_practice
187,19,3,理发师,剪到肩膀上边可以吗？,Jiǎn dào jiānbǎng shàngbian kěyǐ ma?,肩より上まで切っても大丈夫ですか？,"[{""text"": ""剪到"", ""type"": ""vocab"", ""py"": ""jiǎndào"", ""note"": ""〜まで切る""}, {""text"": ""肩膀"", ""type"": ""vocab"", ""py"": ""jiānbǎng"", ""note"": ""肩""}, {""text"": ""上边"", ""type"": ""vocab"", ""py"": ""shàngbiān"", ""note"": ""上のほう""}, {""text"": ""可以"", ""type"": ""grammar"", ""py"": ""kěyǐ"", ""note"": ""「〜してもよい、〜できる」という許可・可能を表す助動詞。""}, {""text"": ""吗"", ""type"": ""grammar"", ""py"": ""ma"", ""note"": ""「はい/いいえ」で答える疑問文を作る文末助詞。""}, {""text"": ""？"", ""type"": ""punct""}]",HSKspeaking_practice
188,19,4,小雨,可以，你觉得什么样子适合我？,"Kěyǐ, nǐ juéde shénme yàngzi shìhé wǒ?",大丈夫です、どんな感じが私に似合うと思いますか？,"[{""text"": ""可以"", ""type"": ""grammar"", ""py"": ""kěyǐ"", ""note"": ""「〜してもよい、〜できる」という許可・可能を表す助動詞。""}, {""text"": ""，"", ""type"": ""punct""}, {""text"": ""你"", ""type"": ""vocab"", ""py"": ""nǐ"", ""note"": ""あなた""}, {""text"": ""觉得"", ""type"": ""grammar"", ""py"": ""juéde"", ""note"": ""「〜と思う、感じる」を表す動詞。""}, {""text"": ""什么"", ""type"": ""vocab"", ""py"": ""shénme"", ""note"": ""何""}, {""text"": ""样子"", ""type"": ""vocab"", ""py"": ""yàngzi"", ""note"": ""様子、感じ""}, {""text"": ""适合"", ""type"": ""vocab"", ""py"": ""shìhé"", ""note"": ""適合する、合う""}, {""text"": ""我"", ""type"": ""vocab"", ""py"": ""wǒ"", ""note"": ""私""}, {""text"": ""？"", ""type"": ""punct""}]",HSKspeaking_practice
189,19,5,理发师,我觉得这种比较适合你的脸型。,Wǒ juéde zhè zhǒng bǐjiào shìhé nǐ de liǎnxíng.,このスタイルがあなたの顔の形に合うと思います。,"[{""text"": ""我"", ""type"": ""vocab"", ""py"": ""wǒ"", ""note"": ""私""}, {""text"": ""觉得"", ""type"": ""grammar"", ""py"": ""juéde"", ""note"": ""「〜と思う、感じる」を表す動詞。""}, {""text"": ""这种"", ""type"": ""vocab"", ""py"": ""zhèzhǒng"", ""note"": ""この種の""}, {""text"": ""比较"", ""type"": ""grammar"", ""py"": ""bǐjiào"", ""note"": ""「わりと、比較的」を表す程度の副詞。""}, {""text"": ""适合"", ""type"": ""vocab"", ""py"": ""shìhé"", ""note"": ""適合する、合う""}, {""text"": ""你"", ""type"": ""vocab"", ""py"": ""nǐ"", ""note"": ""あなた""}, {""text"": ""的"", ""type"": ""grammar"", ""py"": ""de"", ""note"": ""名詞を修飾し、所有・限定を表す助詞（〜の）。""}, {""text"": ""脸型"", ""type"": ""vocab"", ""py"": ""liǎnxíng"", ""note"": ""顔の形""}, {""text"": ""。"", ""type"": ""punct""}]",HSKspeaking_practice
190,19,6,小雨,好，那就照这个剪吧。,"Hǎo, nà jiù zhào zhège jiǎn ba.",分かりました、じゃあこれで切ってください。,"[{""text"": ""好"", ""type"": ""vocab"", ""py"": ""hǎo"", ""note"": ""良い、元気だ""}, {""text"": ""，"", ""type"": ""punct""}, {""text"": ""那"", ""type"": ""vocab"", ""py"": ""nà"", ""note"": ""あれ、それ／それなら""}, {""text"": ""就"", ""type"": ""grammar"", ""py"": ""jiù"", ""note"": ""「すぐに、まさに」など、条件の帰結や強調を表す副詞。""}, {""text"": ""照"", ""type"": ""vocab"", ""py"": ""zhào"", ""note"": ""〜に沿って、〜通りに""}, {""text"": ""这个"", ""type"": ""vocab"", ""py"": ""zhège"", ""note"": ""これ""}, {""text"": ""剪"", ""type"": ""vocab"", ""py"": ""jiǎn"", ""note"": ""切る（髪などを）""}, {""text"": ""吧"", ""type"": ""grammar"", ""py"": ""ba"", ""note"": ""提案・推量・軽い命令を表す文末助詞（〜しよう、〜でしょう）。""}, {""text"": ""。"", ""type"": ""punct""}]",HSKspeaking_practice
191,19,7,理发师,要不要顺便染一下颜色？,Yào bu yào shùnbiàn rǎn yíxià yánsè?,ついでに色も染めますか？,"[{""text"": ""要"", ""type"": ""grammar"", ""py"": ""yào"", ""note"": ""「〜したい、〜するつもりだ」という意志・必要を表す助動詞。""}, {""text"": ""不要"", ""type"": ""vocab"", ""py"": ""búyào"", ""note"": ""〜しないで""}, {""text"": ""顺便"", ""type"": ""vocab"", ""py"": ""shùnbiàn"", ""note"": ""ついでに""}, {""text"": ""染"", ""type"": ""vocab"", ""py"": ""rǎn"", ""note"": ""染める""}, {""text"": ""一下"", ""type"": ""grammar"", ""py"": ""yīxià"", ""note"": ""動詞の後について「ちょっと〜する」と動作の軽さ・短さを表す表現。""}, {""text"": ""颜色"", ""type"": ""vocab"", ""py"": ""yánsè"", ""note"": ""色""}, {""text"": ""？"", ""type"": ""punct""}]",HSKspeaking_practice
192,19,8,小雨,这次先不染了，下次再说。,"Zhè cì xiān bù rǎn le, xià cì zài shuō.",今回は染めずに、また今度にします。,"[{""text"": ""这次"", ""type"": ""vocab"", ""py"": ""zhècì"", ""note"": ""今回""}, {""text"": ""先不染"", ""type"": ""vocab"", ""py"": ""xiānbùrǎn"", ""note"": ""今は染めない""}, {""text"": ""了"", ""type"": ""grammar"", ""py"": ""le"", ""note"": ""動作の完了や状態の変化を表す助詞（文末や動詞の直後に置く）。""}, {""text"": ""，"", ""type"": ""punct""}, {""text"": ""下次"", ""type"": ""vocab"", ""py"": ""xiàcì"", ""note"": ""次回""}, {""text"": ""再说"", ""type"": ""vocab"", ""py"": ""zàishuō"", ""note"": ""また今度言う、それに""}, {""text"": ""。"", ""type"": ""punct""}]",HSKspeaking_practice
193,19,9,理发师,好的，请坐这边洗头。,"Hǎo de, qǐng zuò zhèbiān xǐ tóu.",分かりました、こちらに座ってシャンプーしましょう。,"[{""text"": ""好"", ""type"": ""vocab"", ""py"": ""hǎo"", ""note"": ""良い、元気だ""}, {""text"": ""的"", ""type"": ""grammar"", ""py"": ""de"", ""note"": ""名詞を修飾し、所有・限定を表す助詞（〜の）。""}, {""text"": ""，"", ""type"": ""punct""}, {""text"": ""请"", ""type"": ""vocab"", ""py"": ""qǐng"", ""note"": ""どうぞ〜してください""}, {""text"": ""坐"", ""type"": ""vocab"", ""py"": ""zuò"", ""note"": ""乗る、座る""}, {""text"": ""这边"", ""type"": ""vocab"", ""py"": ""zhèbiān"", ""note"": ""こちら""}, {""text"": ""洗头"", ""type"": ""vocab"", ""py"": ""xǐtóu"", ""note"": ""髪を洗う""}, {""text"": ""。"", ""type"": ""punct""}]",HSKspeaking_practice
194,19,10,小雨,谢谢，麻烦你了。,"Xièxie, máfan nǐ le.",ありがとう、よろしくお願いします。,"[{""text"": ""谢谢"", ""type"": ""vocab"", ""py"": ""xièxiè"", ""note"": ""ありがとう""}, {""text"": ""，"", ""type"": ""punct""}, {""text"": ""麻烦"", ""type"": ""vocab"", ""py"": ""máfán"", ""note"": ""面倒をかける、お手数をかける""}, {""text"": ""你"", ""type"": ""vocab"", ""py"": ""nǐ"", ""note"": ""あなた""}, {""text"": ""了"", ""type"": ""grammar"", ""py"": ""le"", ""note"": ""動作の完了や状態の変化を表す助詞（文末や動詞の直後に置く）。""}, {""text"": ""。"", ""type"": ""punct""}]",HSKspeaking_practice
195,20,1,阿强,你好，我的手机屏幕坏了。,"Nǐ hǎo, wǒ de shǒujī píngmù huài le.",こんにちは、携帯の画面が壊れました。,"[{""text"": ""你好"", ""type"": ""vocab"", ""py"": ""nǐhǎo"", ""note"": ""こんにちは""}, {""text"": ""，"", ""type"": ""punct""}, {""text"": ""我"", ""type"": ""vocab"", ""py"": ""wǒ"", ""note"": ""私""}, {""text"": ""的"", ""type"": ""grammar"", ""py"": ""de"", ""note"": ""名詞を修飾し、所有・限定を表す助詞（〜の）。""}, {""text"": ""手机"", ""type"": ""vocab"", ""py"": ""shǒujī"", ""note"": ""携帯電話""}, {""text"": ""屏幕"", ""type"": ""vocab"", ""py"": ""píngmù"", ""note"": ""画面""}, {""text"": ""坏"", ""type"": ""vocab"", ""py"": ""huài"", ""note"": ""壊れる""}, {""text"": ""了"", ""type"": ""grammar"", ""py"": ""le"", ""note"": ""動作の完了や状態の変化を表す助詞（文末や動詞の直後に置く）。""}, {""text"": ""。"", ""type"": ""punct""}]",HSKspeaking_practice
196,20,2,店员,我看看，是摔坏的吗？,"Wǒ kànkan, shì shuāihuài de ma?",見せてください、落として壊れたんですか？,"[{""text"": ""我"", ""type"": ""vocab"", ""py"": ""wǒ"", ""note"": ""私""}, {""text"": ""看看"", ""type"": ""vocab"", ""py"": ""kànkàn"", ""note"": ""ちょっと見る""}, {""text"": ""，"", ""type"": ""punct""}, {""text"": ""是"", ""type"": ""grammar"", ""py"": ""shì"", ""note"": ""「〜である」を表すbe動詞。""}, {""text"": ""摔坏"", ""type"": ""vocab"", ""py"": ""shuāihuài"", ""note"": ""落として壊す""}, {""text"": ""的"", ""type"": ""grammar"", ""py"": ""de"", ""note"": ""名詞を修飾し、所有・限定を表す助詞（〜の）。""}, {""text"": ""吗"", ""type"": ""grammar"", ""py"": ""ma"", ""note"": ""「はい/いいえ」で答える疑問文を作る文末助詞。""}, {""text"": ""？"", ""type"": ""punct""}]",HSKspeaking_practice
197,20,3,阿强,对，昨天不小心摔了一下。,"Duì, zuótiān bù xiǎoxīn shuāi le yíxià.",はい、昨日うっかり落としてしまって。,"[{""text"": ""对"", ""type"": ""grammar"", ""py"": ""duì"", ""note"": ""「〜に対して」を表す介詞、または「正しい」という意味の形容詞。""}, {""text"": ""，"", ""type"": ""punct""}, {""text"": ""昨天"", ""type"": ""vocab"", ""py"": ""zuótiān"", ""note"": ""昨日""}, {""text"": ""不"", ""type"": ""grammar"", ""py"": ""bù"", ""note"": ""動詞・形容詞を否定する副詞。""}, {""text"": ""小心"", ""type"": ""vocab"", ""py"": ""xiǎoxīn"", ""note"": ""気をつける""}, {""text"": ""摔"", ""type"": ""vocab"", ""py"": ""shuāi"", ""note"": ""落とす、転ぶ""}, {""text"": ""了"", ""type"": ""grammar"", ""py"": ""le"", ""note"": ""動作の完了や状態の変化を表す助詞（文末や動詞の直後に置く）。""}, {""text"": ""一下"", ""type"": ""grammar"", ""py"": ""yīxià"", ""note"": ""動詞の後について「ちょっと〜する」と動作の軽さ・短さを表す表現。""}, {""text"": ""。"", ""type"": ""punct""}]",HSKspeaking_practice
198,20,4,店员,修屏幕大概需要三百块钱。,Xiū píngmù dàgài xūyào sānbǎi kuài qián.,画面修理はだいたい300元かかります。,"[{""text"": ""修"", ""type"": ""vocab"", ""py"": ""xiū"", ""note"": ""修理する""}, {""text"": ""屏幕"", ""type"": ""vocab"", ""py"": ""píngmù"", ""note"": ""画面""}, {""text"": ""大概"", ""type"": ""vocab"", ""py"": ""dàgài"", ""note"": ""だいたい、おそらく""}, {""text"": ""需要"", ""type"": ""vocab"", ""py"": ""xūyào"", ""note"": ""必要とする""}, {""text"": ""三百块"", ""type"": ""vocab"", ""py"": ""sānbǎikuài"", ""note"": ""300元""}, {""text"": ""钱"", ""type"": ""vocab"", ""py"": ""qián"", ""note"": ""お金""}, {""text"": ""。"", ""type"": ""punct""}]",HSKspeaking_practice
199,20,5,阿强,那需要修多长时间？,Nà xūyào xiū duō cháng shíjiān?,修理にはどのくらい時間がかかりますか？,"[{""text"": ""那"", ""type"": ""vocab"", ""py"": ""nà"", ""note"": ""あれ、それ／それなら""}, {""text"": ""需要"", ""type"": ""vocab"", ""py"": ""xūyào"", ""note"": ""必要とする""}, {""text"": ""修"", ""type"": ""vocab"", ""py"": ""xiū"", ""note"": ""修理する""}, {""text"": ""多长时间"", ""type"": ""vocab"", ""py"": ""duōzhǎngshíjiān"", ""note"": ""どのくらいの時間""}, {""text"": ""？"", ""type"": ""punct""}]",HSKspeaking_practice
200,20,6,店员,今天下午就能修好。,Jīntiān xiàwǔ jiù néng xiūhǎo.,今日の午後には直せます。,"[{""text"": ""今天下午"", ""type"": ""vocab"", ""py"": ""jīntiānxiàwǔ"", ""note"": ""今日の午後""}, {""text"": ""就"", ""type"": ""grammar"", ""py"": ""jiù"", ""note"": ""「すぐに、まさに」など、条件の帰結や強調を表す副詞。""}, {""text"": ""能"", ""type"": ""grammar"", ""py"": ""néng"", ""note"": ""「〜できる」という可能を表す助動詞。""}, {""text"": ""修好"", ""type"": ""vocab"", ""py"": ""xiūhǎo"", ""note"": ""修理し終える""}, {""text"": ""。"", ""type"": ""punct""}]",HSKspeaking_practice
201,20,7,阿强,太好了，我可以在这儿等吗？,"Tài hǎo le, wǒ kěyǐ zài zhèr děng ma?",よかった、ここで待っていいですか？,"[{""text"": ""太好了"", ""type"": ""vocab"", ""py"": ""tàihǎole"", ""note"": ""よかった！""}, {""text"": ""，"", ""type"": ""punct""}, {""text"": ""我"", ""type"": ""vocab"", ""py"": ""wǒ"", ""note"": ""私""}, {""text"": ""可以"", ""type"": ""grammar"", ""py"": ""kěyǐ"", ""note"": ""「〜してもよい、〜できる」という許可・可能を表す助動詞。""}, {""text"": ""在"", ""type"": ""grammar"", ""py"": ""zài"", ""note"": ""「〜にいる／ある」を表す動詞、または動詞の前について進行「〜している」を表す。""}, {""text"": ""这儿"", ""type"": ""vocab"", ""py"": ""zhèér"", ""note"": ""ここ""}, {""text"": ""等"", ""type"": ""vocab"", ""py"": ""děng"", ""note"": ""待つ""}, {""text"": ""吗"", ""type"": ""grammar"", ""py"": ""ma"", ""note"": ""「はい/いいえ」で答える疑問文を作る文末助詞。""}, {""text"": ""？"", ""type"": ""punct""}]",HSKspeaking_practice
202,20,8,店员,可以，大概等两个小时就行。,"Kěyǐ, dàgài děng liǎng ge xiǎoshí jiù xíng.",大丈夫です、だいたい2時間待てば大丈夫です。,"[{""text"": ""可以"", ""type"": ""grammar"", ""py"": ""kěyǐ"", ""note"": ""「〜してもよい、〜できる」という許可・可能を表す助動詞。""}, {""text"": ""，"", ""type"": ""punct""}, {""text"": ""大概"", ""type"": ""vocab"", ""py"": ""dàgài"", ""note"": ""だいたい、おそらく""}, {""text"": ""等"", ""type"": ""vocab"", ""py"": ""děng"", ""note"": ""待つ""}, {""text"": ""两个"", ""type"": ""vocab"", ""py"": ""liǎnggè"", ""note"": ""二つ""}, {""text"": ""小时"", ""type"": ""vocab"", ""py"": ""xiǎoshí"", ""note"": ""〜時間""}, {""text"": ""就行"", ""type"": ""vocab"", ""py"": ""jiùxíng"", ""note"": ""〜でよい、大丈夫""}, {""text"": ""。"", ""type"": ""punct""}]",HSKspeaking_practice
203,20,9,阿强,好，那我先去附近吃饭。,"Hǎo, nà wǒ xiān qù fùjìn chīfàn.",分かりました、じゃあ先に近くでご飯を食べてきます。,"[{""text"": ""好"", ""type"": ""vocab"", ""py"": ""hǎo"", ""note"": ""良い、元気だ""}, {""text"": ""，"", ""type"": ""punct""}, {""text"": ""那"", ""type"": ""vocab"", ""py"": ""nà"", ""note"": ""あれ、それ／それなら""}, {""text"": ""我"", ""type"": ""vocab"", ""py"": ""wǒ"", ""note"": ""私""}, {""text"": ""先"", ""type"": ""grammar"", ""py"": ""xiān"", ""note"": ""「まず、先に」を表す副詞。""}, {""text"": ""去"", ""type"": ""vocab"", ""py"": ""qù"", ""note"": ""行く""}, {""text"": ""附近"", ""type"": ""vocab"", ""py"": ""fùjìn"", ""note"": ""近く""}, {""text"": ""吃饭"", ""type"": ""vocab"", ""py"": ""chīfàn"", ""note"": ""ご飯を食べる""}, {""text"": ""。"", ""type"": ""punct""}]",HSKspeaking_practice
204,20,10,店员,好的，修好了我给你打电话。,"Hǎo de, xiūhǎo le wǒ gěi nǐ dǎ diànhuà.",分かりました、直ったら電話しますね。,"[{""text"": ""好"", ""type"": ""vocab"", ""py"": ""hǎo"", ""note"": ""良い、元気だ""}, {""text"": ""的"", ""type"": ""grammar"", ""py"": ""de"", ""note"": ""名詞を修飾し、所有・限定を表す助詞（〜の）。""}, {""text"": ""，"", ""type"": ""punct""}, {""text"": ""修好"", ""type"": ""vocab"", ""py"": ""xiūhǎo"", ""note"": ""修理し終える""}, {""text"": ""了"", ""type"": ""grammar"", ""py"": ""le"", ""note"": ""動作の完了や状態の変化を表す助詞（文末や動詞の直後に置く）。""}, {""text"": ""我"", ""type"": ""vocab"", ""py"": ""wǒ"", ""note"": ""私""}, {""text"": ""给"", ""type"": ""grammar"", ""py"": ""gěi"", ""note"": ""「〜に、〜のために」を表す介詞、または「あげる」という意味の動詞。""}, {""text"": ""你"", ""type"": ""vocab"", ""py"": ""nǐ"", ""note"": ""あなた""}, {""text"": ""打电话"", ""type"": ""vocab"", ""py"": ""dǎdiànhuà"", ""note"": ""電話をかける""}, {""text"": ""。"", ""type"": ""punct""}]",HSKspeaking_practice
205,21,1,小雅,阿哲学长，我马上要毕业了，还没找到工作，好着急。,"Ājié xuézhǎng, wǒ mǎshàng yào bìyè le, hái méi zhǎodào gōngzuò, hǎo zháojí.",阿哲先輩、もうすぐ卒業なのにまだ仕事が見つからなくて、すごく焦っています。,"[{""text"": ""阿哲"", ""type"": ""vocab"", ""py"": ""āzhé"", ""note"": ""（人名）""}, {""text"": ""学长"", ""type"": ""vocab"", ""py"": ""xuézhǎng"", ""note"": ""先輩（学校の）""}, {""text"": ""，"", ""type"": ""punct""}, {""text"": ""我"", ""type"": ""vocab"", ""py"": ""wǒ"", ""note"": ""私""}, {""text"": ""马上"", ""type"": ""vocab"", ""py"": ""mǎshàng"", ""note"": ""すぐに""}, {""text"": ""要"", ""type"": ""grammar"", ""py"": ""yào"", ""note"": ""「〜したい、〜するつもりだ」という意志・必要を表す助動詞。""}, {""text"": ""毕业"", ""type"": ""vocab"", ""py"": ""bìyè"", ""note"": ""卒業する""}, {""text"": ""了"", ""type"": ""grammar"", ""py"": ""le"", ""note"": ""動作の完了や状態の変化を表す助詞（文末や動詞の直後に置く）。""}, {""text"": ""，"", ""type"": ""punct""}, {""text"": ""还"", ""type"": ""grammar"", ""py"": ""hái"", ""note"": ""「まだ、さらに」を表す副詞。""}, {""text"": ""没"", ""type"": ""grammar"", ""py"": ""méi"", ""note"": ""「〜していない、〜がない」を表す否定の副詞（過去・完了・所有の否定）。""}, {""text"": ""找到"", ""type"": ""vocab"", ""py"": ""zhǎodào"", ""note"": ""見つける""}, {""text"": ""工作"", ""type"": ""vocab"", ""py"": ""gōngzuò"", ""note"": ""仕事、働く""}, {""text"": ""，"", ""type"": ""punct""}, {""text"": ""好"", ""type"": ""vocab"", ""py"": ""hǎo"", ""note"": ""良い、元気だ""}, {""text"": ""着急"", ""type"": ""vocab"", ""py"": ""zháojí"", ""note"": ""焦る""}, {""text"": ""。"", ""type"": ""punct""}]",HSKspeaking_practice
206,21,2,阿哲,别着急，先说说你想找什么样的工作。,"Bié zháojí, xiān shuōshuo nǐ xiǎng zhǎo shénmeyàng de gōngzuò.",焦らないで、まずどんな仕事を探したいか話してみて。,"[{""text"": ""别着急"", ""type"": ""vocab"", ""py"": ""biézháojí"", ""note"": ""焦らないで""}, {""text"": ""，"", ""type"": ""punct""}, {""text"": ""先说"", ""type"": ""vocab"", ""py"": ""xiānshuō"", ""note"": ""まず話す""}, {""text"": ""说"", ""type"": ""vocab"", ""py"": ""shuō"", ""note"": ""話す、言う""}, {""text"": ""你"", ""type"": ""vocab"", ""py"": ""nǐ"", ""note"": ""あなた""}, {""text"": ""想"", ""type"": ""grammar"", ""py"": ""xiǎng"", ""note"": ""「〜したい」という願望を表す助動詞。""}, {""text"": ""找"", ""type"": ""vocab"", ""py"": ""zhǎo"", ""note"": ""探す、訪ねる""}, {""text"": ""什么样"", ""type"": ""grammar"", ""py"": ""shénmeyàng"", ""note"": ""「どのような」を表す疑問表現。""}, {""text"": ""的"", ""type"": ""grammar"", ""py"": ""de"", ""note"": ""名詞を修飾し、所有・限定を表す助詞（〜の）。""}, {""text"": ""工作"", ""type"": ""vocab"", ""py"": ""gōngzuò"", ""note"": ""仕事、働く""}, {""text"": ""。"", ""type"": ""punct""}]",HSKspeaking_practice
207,21,3,小雅,我学的是市场营销，想进一家大公司。,"Wǒ xué de shì shìchǎng yíngxiāo, xiǎng jìn yì jiā dà gōngsī.",マーケティングを勉強していて、大きな会社に入りたいです。,"[{""text"": ""我学"", ""type"": ""vocab"", ""py"": ""wǒxué"", ""note"": ""私が学ぶ""}, {""text"": ""的"", ""type"": ""grammar"", ""py"": ""de"", ""note"": ""名詞を修飾し、所有・限定を表す助詞（〜の）。""}, {""text"": ""是"", ""type"": ""grammar"", ""py"": ""shì"", ""note"": ""「〜である」を表すbe動詞。""}, {""text"": ""市场营销"", ""type"": ""vocab"", ""py"": ""shìchǎngyíngxiāo"", ""note"": ""マーケティング""}, {""text"": ""，"", ""type"": ""punct""}, {""text"": ""想"", ""type"": ""grammar"", ""py"": ""xiǎng"", ""note"": ""「〜したい」という願望を表す助動詞。""}, {""text"": ""进"", ""type"": ""vocab"", ""py"": ""jìn"", ""note"": ""入る""}, {""text"": ""一家"", ""type"": ""vocab"", ""py"": ""yījiā"", ""note"": ""1社、一軒""}, {""text"": ""大"", ""type"": ""vocab"", ""py"": ""dà"", ""note"": ""大きい""}, {""text"": ""公司"", ""type"": ""vocab"", ""py"": ""gōngsī"", ""note"": ""会社""}, {""text"": ""。"", ""type"": ""punct""}]",HSKspeaking_practice
208,21,4,阿哲,大公司竞争比较激烈，你投了多少份简历了？,"Dà gōngsī jìngzhēng bǐjiào jīliè, nǐ tóu le duōshao fèn jiǎnlì le?",大企業は競争が激しいけど、履歴書はもう何通出したの？,"[{""text"": ""大"", ""type"": ""vocab"", ""py"": ""dà"", ""note"": ""大きい""}, {""text"": ""公司"", ""type"": ""vocab"", ""py"": ""gōngsī"", ""note"": ""会社""}, {""text"": ""竞争"", ""type"": ""vocab"", ""py"": ""jìngzhēng"", ""note"": ""競争""}, {""text"": ""比较"", ""type"": ""grammar"", ""py"": ""bǐjiào"", ""note"": ""「わりと、比較的」を表す程度の副詞。""}, {""text"": ""激烈"", ""type"": ""vocab"", ""py"": ""jīliè"", ""note"": ""激しい""}, {""text"": ""，"", ""type"": ""punct""}, {""text"": ""你"", ""type"": ""vocab"", ""py"": ""nǐ"", ""note"": ""あなた""}, {""text"": ""投"", ""type"": ""vocab"", ""py"": ""tóu"", ""note"": ""投げる、（履歴書を）送る""}, {""text"": ""了"", ""type"": ""grammar"", ""py"": ""le"", ""note"": ""動作の完了や状態の変化を表す助詞（文末や動詞の直後に置く）。""}, {""text"": ""多少"", ""type"": ""grammar"", ""py"": ""duōshǎo"", ""note"": ""10以上の数量を尋ねる疑問詞（いくつ、いくら）。""}, {""text"": ""份"", ""type"": ""vocab"", ""py"": ""fèn"", ""note"": ""〜通、〜部（書類の量詞）""}, {""text"": ""简历"", ""type"": ""vocab"", ""py"": ""jiǎnlì"", ""note"": ""履歴書""}, {""text"": ""了"", ""type"": ""grammar"", ""py"": ""le"", ""note"": ""動作の完了や状態の変化を表す助詞（文末や動詞の直後に置く）。""}, {""text"": ""？"", ""type"": ""punct""}]",HSKspeaking_practice
209,21,5,小雅,已经投了二十多份，但是只有三家回复我。,"Yǐjīng tóu le èrshí duō fèn, dànshì zhǐyǒu sān jiā huífù wǒ.",もう20通以上出したんですが、3社しか返事が来ていません。,"[{""text"": ""已经"", ""type"": ""grammar"", ""py"": ""yǐjīng"", ""note"": ""「すでに」を表す副詞。多くの場合、文末の「了」とセットで使う。""}, {""text"": ""投了"", ""type"": ""vocab"", ""py"": ""tóule"", ""note"": ""送った""}, {""text"": ""二十多"", ""type"": ""vocab"", ""py"": ""èrshíduō"", ""note"": ""20あまり""}, {""text"": ""份"", ""type"": ""vocab"", ""py"": ""fèn"", ""note"": ""〜通、〜部（書類の量詞）""}, {""text"": ""，"", ""type"": ""punct""}, {""text"": ""但是"", ""type"": ""grammar"", ""py"": ""dànshì"", ""note"": ""「しかし」を表す接続詞。""}, {""text"": ""只有"", ""type"": ""grammar"", ""py"": ""zhǐyǒu"", ""note"": ""「〜だけ、〜してはじめて」を表す語。「只有…才…」の形でよく使う。""}, {""text"": ""三家"", ""type"": ""vocab"", ""py"": ""sānjiā"", ""note"": ""3社""}, {""text"": ""回复"", ""type"": ""vocab"", ""py"": ""huífù"", ""note"": ""返信する""}, {""text"": ""我"", ""type"": ""vocab"", ""py"": ""wǒ"", ""note"": ""私""}, {""text"": ""。"", ""type"": ""punct""}]",HSKspeaking_practice
210,21,6,阿哲,面试的时候你一般会准备什么？,Miànshì de shíhou nǐ yìbān huì zhǔnbèi shénme?,面接の時、普段どんな準備をしてる？,"[{""text"": ""面试"", ""type"": ""vocab"", ""py"": ""miànshì"", ""note"": ""面接""}, {""text"": ""的"", ""type"": ""grammar"", ""py"": ""de"", ""note"": ""名詞を修飾し、所有・限定を表す助詞（〜の）。""}, {""text"": ""时候"", ""type"": ""vocab"", ""py"": ""shíhòu"", ""note"": ""時、頃""}, {""text"": ""你"", ""type"": ""vocab"", ""py"": ""nǐ"", ""note"": ""あなた""}, {""text"": ""一般"", ""type"": ""vocab"", ""py"": ""yìbān"", ""note"": ""普段、一般的に""}, {""text"": ""会"", ""type"": ""grammar"", ""py"": ""huì"", ""note"": ""「〜するだろう」「（習得して）〜できる」という可能性・技能を表す助動詞。""}, {""text"": ""准备"", ""type"": ""vocab"", ""py"": ""zhǔnbèi"", ""note"": ""準備する""}, {""text"": ""什么"", ""type"": ""vocab"", ""py"": ""shénme"", ""note"": ""何""}, {""text"": ""？"", ""type"": ""punct""}]",HSKspeaking_practice
211,21,7,小雅,我会准备自我介绍，可是遇到难题就紧张。,"Wǒ huì zhǔnbèi zìwǒ jièshào, kěshì yùdào nántí jiù jǐnzhāng.",自己紹介は準備するんですが、難しい質問が来ると緊張してしまいます。,"[{""text"": ""我会"", ""type"": ""vocab"", ""py"": ""wǒhuì"", ""note"": ""私は〜します""}, {""text"": ""准备"", ""type"": ""vocab"", ""py"": ""zhǔnbèi"", ""note"": ""準備する""}, {""text"": ""自我介绍"", ""type"": ""vocab"", ""py"": ""zìwǒjièshào"", ""note"": ""自己紹介""}, {""text"": ""，"", ""type"": ""punct""}, {""text"": ""可是"", ""type"": ""grammar"", ""py"": ""kěshì"", ""note"": ""「しかし」を表す口語的な接続詞。""}, {""text"": ""遇到"", ""type"": ""vocab"", ""py"": ""yùdào"", ""note"": ""出会う、遭遇する""}, {""text"": ""难题"", ""type"": ""vocab"", ""py"": ""nántí"", ""note"": ""難問""}, {""text"": ""就"", ""type"": ""grammar"", ""py"": ""jiù"", ""note"": ""「すぐに、まさに」など、条件の帰結や強調を表す副詞。""}, {""text"": ""紧张"", ""type"": ""vocab"", ""py"": ""jǐnzhāng"", ""note"": ""緊張する""}, {""text"": ""。"", ""type"": ""punct""}]",HSKspeaking_practice
212,21,8,阿哲,多练习几次就会好一点儿，我可以陪你模拟面试。,"Duō liànxí jǐ cì jiù huì hǎo yìdiǎnr, wǒ kěyǐ péi nǐ mónǐ miànshì.",何度か練習すれば良くなるよ、僕が模擬面接に付き合ってあげる。,"[{""text"": ""多"", ""type"": ""vocab"", ""py"": ""duō"", ""note"": ""多い""}, {""text"": ""练习"", ""type"": ""vocab"", ""py"": ""liànxí"", ""note"": ""練習する""}, {""text"": ""几次"", ""type"": ""vocab"", ""py"": ""jǐcì"", ""note"": ""何回か""}, {""text"": ""就"", ""type"": ""grammar"", ""py"": ""jiù"", ""note"": ""「すぐに、まさに」など、条件の帰結や強調を表す副詞。""}, {""text"": ""会"", ""type"": ""grammar"", ""py"": ""huì"", ""note"": ""「〜するだろう」「（習得して）〜できる」という可能性・技能を表す助動詞。""}, {""text"": ""好"", ""type"": ""vocab"", ""py"": ""hǎo"", ""note"": ""良い、元気だ""}, {""text"": ""一点儿"", ""type"": ""vocab"", ""py"": ""yìdiǎnér"", ""note"": ""少し""}, {""text"": ""，"", ""type"": ""punct""}, {""text"": ""我"", ""type"": ""vocab"", ""py"": ""wǒ"", ""note"": ""私""}, {""text"": ""可以"", ""type"": ""grammar"", ""py"": ""kěyǐ"", ""note"": ""「〜してもよい、〜できる」という許可・可能を表す助動詞。""}, {""text"": ""陪"", ""type"": ""vocab"", ""py"": ""péi"", ""note"": ""付き添う""}, {""text"": ""你"", ""type"": ""vocab"", ""py"": ""nǐ"", ""note"": ""あなた""}, {""text"": ""模拟"", ""type"": ""vocab"", ""py"": ""mónǐ"", ""note"": ""模擬、シミュレーション""}, {""text"": ""面试"", ""type"": ""vocab"", ""py"": ""miànshì"", ""note"": ""面接""}, {""text"": ""。"", ""type"": ""punct""}]",HSKspeaking_practice
213,21,9,小雅,真的吗？那太感谢你了！,Zhēn de ma? Nà tài gǎnxiè nǐ le!,本当ですか？それはすごくありがたいです！,"[{""text"": ""真的"", ""type"": ""vocab"", ""py"": ""zhēnde"", ""note"": ""本当に""}, {""text"": ""吗"", ""type"": ""grammar"", ""py"": ""ma"", ""note"": ""「はい/いいえ」で答える疑問文を作る文末助詞。""}, {""text"": ""？"", ""type"": ""punct""}, {""text"": ""那太"", ""type"": ""vocab"", ""py"": ""nàtài"", ""note"": ""それは〜すぎる""}, {""text"": ""感谢"", ""type"": ""vocab"", ""py"": ""gǎnxiè"", ""note"": ""感謝する""}, {""text"": ""你"", ""type"": ""vocab"", ""py"": ""nǐ"", ""note"": ""あなた""}, {""text"": ""了"", ""type"": ""grammar"", ""py"": ""le"", ""note"": ""動作の完了や状態の変化を表す助詞（文末や動詞の直後に置く）。""}, {""text"": ""！"", ""type"": ""punct""}]",HSKspeaking_practice
214,21,10,阿哲,不客气，除了面试以外，简历也可以再改改。,"Bú kèqi, chúle miànshì yǐwài, jiǎnlì yě kěyǐ zài gǎigai.",どういたしまして、面接以外に、履歴書ももう少し直せるよ。,"[{""text"": ""不"", ""type"": ""grammar"", ""py"": ""bù"", ""note"": ""動詞・形容詞を否定する副詞。""}, {""text"": ""客气"", ""type"": ""vocab"", ""py"": ""kèqì"", ""note"": ""遠慮する、礼儀正しい""}, {""text"": ""，"", ""type"": ""punct""}, {""text"": ""除了"", ""type"": ""grammar"", ""py"": ""chúle"", ""note"": ""「〜を除いて、〜のほかに」を表す介詞。「除了…以外…」の形で使う。""}, {""text"": ""面试"", ""type"": ""vocab"", ""py"": ""miànshì"", ""note"": ""面接""}, {""text"": ""以外"", ""type"": ""grammar"", ""py"": ""yǐwài"", ""note"": ""「〜以外」を表す語。「除了…以外」の形でよく使う。""}, {""text"": ""，"", ""type"": ""punct""}, {""text"": ""简历"", ""type"": ""vocab"", ""py"": ""jiǎnlì"", ""note"": ""履歴書""}, {""text"": ""也"", ""type"": ""grammar"", ""py"": ""yě"", ""note"": ""「〜も」を表す副詞。""}, {""text"": ""可以"", ""type"": ""grammar"", ""py"": ""kěyǐ"", ""note"": ""「〜してもよい、〜できる」という許可・可能を表す助動詞。""}, {""text"": ""再"", ""type"": ""grammar"", ""py"": ""zài"", ""note"": ""「また、さらに（これから先の繰り返し）」を表す副詞。""}, {""text"": ""改改"", ""type"": ""vocab"", ""py"": ""gǎigǎi"", ""note"": ""少し直す""}, {""text"": ""。"", ""type"": ""punct""}]",HSKspeaking_practice
215,21,11,小雅,好，那我们这个周末见面聊聊吧。,"Hǎo, nà wǒmen zhège zhōumò jiànmiàn liáoliao ba.",はい、じゃあ今週末会って話しましょう。,"[{""text"": ""好"", ""type"": ""vocab"", ""py"": ""hǎo"", ""note"": ""良い、元気だ""}, {""text"": ""，"", ""type"": ""punct""}, {""text"": ""那"", ""type"": ""vocab"", ""py"": ""nà"", ""note"": ""あれ、それ／それなら""}, {""text"": ""我们"", ""type"": ""vocab"", ""py"": ""wǒmen"", ""note"": ""私たち""}, {""text"": ""这个"", ""type"": ""vocab"", ""py"": ""zhège"", ""note"": ""これ""}, {""text"": ""周末"", ""type"": ""vocab"", ""py"": ""zhōumò"", ""note"": ""週末""}, {""text"": ""见面"", ""type"": ""vocab"", ""py"": ""jiànmiàn"", ""note"": ""会う""}, {""text"": ""聊聊吧"", ""type"": ""vocab"", ""py"": ""liáoliáoba"", ""note"": ""話しましょう""}, {""text"": ""。"", ""type"": ""punct""}]",HSKspeaking_practice
216,22,1,小周,张叔，我下个月要搬家了，想跟您说一声。,"Zhāng shū, wǒ xià ge yuè yào bānjiā le, xiǎng gēn nín shuō yì shēng.",張さん、来月引っ越すので、お伝えしておきたくて。,"[{""text"": ""张叔"", ""type"": ""vocab"", ""py"": ""zhāngshū"", ""note"": ""張さん（張おじさん）""}, {""text"": ""，"", ""type"": ""punct""}, {""text"": ""我"", ""type"": ""vocab"", ""py"": ""wǒ"", ""note"": ""私""}, {""text"": ""下个月"", ""type"": ""vocab"", ""py"": ""xiàgèyuè"", ""note"": ""来月""}, {""text"": ""要"", ""type"": ""grammar"", ""py"": ""yào"", ""note"": ""「〜したい、〜するつもりだ」という意志・必要を表す助動詞。""}, {""text"": ""搬家"", ""type"": ""vocab"", ""py"": ""bānjiā"", ""note"": ""引っ越す""}, {""text"": ""了"", ""type"": ""grammar"", ""py"": ""le"", ""note"": ""動作の完了や状態の変化を表す助詞（文末や動詞の直後に置く）。""}, {""text"": ""，"", ""type"": ""punct""}, {""text"": ""想"", ""type"": ""grammar"", ""py"": ""xiǎng"", ""note"": ""「〜したい」という願望を表す助動詞。""}, {""text"": ""跟"", ""type"": ""grammar"", ""py"": ""gēn"", ""note"": ""「〜と」を表す介詞。一緒に何かをする相手を示す。""}, {""text"": ""您"", ""type"": ""vocab"", ""py"": ""nín"", ""note"": ""あなた（敬称）""}, {""text"": ""说"", ""type"": ""vocab"", ""py"": ""shuō"", ""note"": ""話す、言う""}, {""text"": ""一声"", ""type"": ""vocab"", ""py"": ""yīshēng"", ""note"": ""一言、ひとこと""}, {""text"": ""。"", ""type"": ""punct""}]",HSKspeaking_practice
217,22,2,老张,好的，谢谢你提前告诉我。是工作变动吗？,"Hǎo de, xièxie nǐ tíqián gàosu wǒ. Shì gōngzuò biàndòng ma?",分かりました、事前に教えてくれてありがとう。仕事の異動ですか？,"[{""text"": ""好"", ""type"": ""vocab"", ""py"": ""hǎo"", ""note"": ""良い、元気だ""}, {""text"": ""的"", ""type"": ""grammar"", ""py"": ""de"", ""note"": ""名詞を修飾し、所有・限定を表す助詞（〜の）。""}, {""text"": ""，"", ""type"": ""punct""}, {""text"": ""谢谢"", ""type"": ""vocab"", ""py"": ""xièxiè"", ""note"": ""ありがとう""}, {""text"": ""你"", ""type"": ""vocab"", ""py"": ""nǐ"", ""note"": ""あなた""}, {""text"": ""提前"", ""type"": ""vocab"", ""py"": ""tíqián"", ""note"": ""前もって、早めに""}, {""text"": ""告诉"", ""type"": ""vocab"", ""py"": ""gàosù"", ""note"": ""伝える、教える""}, {""text"": ""我"", ""type"": ""vocab"", ""py"": ""wǒ"", ""note"": ""私""}, {""text"": ""。"", ""type"": ""punct""}, {""text"": ""是"", ""type"": ""grammar"", ""py"": ""shì"", ""note"": ""「〜である」を表すbe動詞。""}, {""text"": ""工作"", ""type"": ""vocab"", ""py"": ""gōngzuò"", ""note"": ""仕事、働く""}, {""text"": ""变动"", ""type"": ""vocab"", ""py"": ""biàndòng"", ""note"": ""変動、異動""}, {""text"": ""吗"", ""type"": ""grammar"", ""py"": ""ma"", ""note"": ""「はい/いいえ」で答える疑問文を作る文末助詞。""}, {""text"": ""？"", ""type"": ""punct""}]",HSKspeaking_practice
218,22,3,小周,对，公司搬到了离这儿比较远的地方。,"Duì, gōngsī bāndào le lí zhèr bǐjiào yuǎn de dìfang.",はい、会社がここから遠い場所に移転したんです。,"[{""text"": ""对"", ""type"": ""grammar"", ""py"": ""duì"", ""note"": ""「〜に対して」を表す介詞、または「正しい」という意味の形容詞。""}, {""text"": ""，"", ""type"": ""punct""}, {""text"": ""公司"", ""type"": ""vocab"", ""py"": ""gōngsī"", ""note"": ""会社""}, {""text"": ""搬到"", ""type"": ""vocab"", ""py"": ""bāndào"", ""note"": ""〜へ移転する""}, {""text"": ""了"", ""type"": ""grammar"", ""py"": ""le"", ""note"": ""動作の完了や状態の変化を表す助詞（文末や動詞の直後に置く）。""}, {""text"": ""离"", ""type"": ""grammar"", ""py"": ""lí"", ""note"": ""「〜から（の距離）」を表す介詞。""}, {""text"": ""这儿"", ""type"": ""vocab"", ""py"": ""zhèér"", ""note"": ""ここ""}, {""text"": ""比较"", ""type"": ""grammar"", ""py"": ""bǐjiào"", ""note"": ""「わりと、比較的」を表す程度の副詞。""}, {""text"": ""远"", ""type"": ""vocab"", ""py"": ""yuǎn"", ""note"": ""遠い""}, {""text"": ""的"", ""type"": ""grammar"", ""py"": ""de"", ""note"": ""名詞を修飾し、所有・限定を表す助詞（〜の）。""}, {""text"": ""地方"", ""type"": ""vocab"", ""py"": ""dìfāng"", ""note"": ""場所""}, {""text"": ""。"", ""type"": ""punct""}]",HSKspeaking_practice
219,22,4,老张,那押金的事怎么算？,Nà yājīn de shì zěnme suàn?,では敷金の件はどう計算しましょうか？,"[{""text"": ""那"", ""type"": ""vocab"", ""py"": ""nà"", ""note"": ""あれ、それ／それなら""}, {""text"": ""押金"", ""type"": ""vocab"", ""py"": ""yājīn"", ""note"": ""敷金""}, {""text"": ""的"", ""type"": ""grammar"", ""py"": ""de"", ""note"": ""名詞を修飾し、所有・限定を表す助詞（〜の）。""}, {""text"": ""事"", ""type"": ""vocab"", ""py"": ""shì"", ""note"": ""こと、用事""}, {""text"": ""怎么"", ""type"": ""grammar"", ""py"": ""zěnme"", ""note"": ""「どうやって、なぜ」を表す疑問詞。""}, {""text"": ""算"", ""type"": ""vocab"", ""py"": ""suàn"", ""note"": ""計算する""}, {""text"": ""？"", ""type"": ""punct""}]",HSKspeaking_practice
220,22,5,小周,押金应该可以退给我吧？房子我会打扫干净。,Yājīn yīnggāi kěyǐ tuì gěi wǒ ba? Fángzi wǒ huì dǎsǎo gānjìng.,敷金は返してもらえますよね？部屋はきれいに掃除しておきます。,"[{""text"": ""押金"", ""type"": ""vocab"", ""py"": ""yājīn"", ""note"": ""敷金""}, {""text"": ""应该"", ""type"": ""grammar"", ""py"": ""yīnggāi"", ""note"": ""「〜すべきだ」という当然・義務を表す助動詞。""}, {""text"": ""可以"", ""type"": ""grammar"", ""py"": ""kěyǐ"", ""note"": ""「〜してもよい、〜できる」という許可・可能を表す助動詞。""}, {""text"": ""退"", ""type"": ""vocab"", ""py"": ""tuì"", ""note"": ""返す、返却する""}, {""text"": ""给"", ""type"": ""grammar"", ""py"": ""gěi"", ""note"": ""「〜に、〜のために」を表す介詞、または「あげる」という意味の動詞。""}, {""text"": ""我"", ""type"": ""vocab"", ""py"": ""wǒ"", ""note"": ""私""}, {""text"": ""吧"", ""type"": ""grammar"", ""py"": ""ba"", ""note"": ""提案・推量・軽い命令を表す文末助詞（〜しよう、〜でしょう）。""}, {""text"": ""？"", ""type"": ""punct""}, {""text"": ""房子"", ""type"": ""vocab"", ""py"": ""fángzi"", ""note"": ""家、部屋""}, {""text"": ""我会"", ""type"": ""vocab"", ""py"": ""wǒhuì"", ""note"": ""私は〜します""}, {""text"": ""打扫"", ""type"": ""vocab"", ""py"": ""dǎsǎo"", ""note"": ""掃除する""}, {""text"": ""干净"", ""type"": ""vocab"", ""py"": ""gānjìng"", ""note"": ""きれいだ""}, {""text"": ""。"", ""type"": ""punct""}]",HSKspeaking_practice
221,22,6,老张,没问题，只要没有损坏，押金全部退给你。,"Méi wèntí, zhǐyào méiyǒu sǔnhuài, yājīn quánbù tuì gěi nǐ.",問題ありません、破損さえなければ敷金は全額返しますよ。,"[{""text"": ""没"", ""type"": ""grammar"", ""py"": ""méi"", ""note"": ""「〜していない、〜がない」を表す否定の副詞（過去・完了・所有の否定）。""}, {""text"": ""问题"", ""type"": ""vocab"", ""py"": ""wèntí"", ""note"": ""問題""}, {""text"": ""，"", ""type"": ""punct""}, {""text"": ""只要"", ""type"": ""grammar"", ""py"": ""zhǐyào"", ""note"": ""「〜さえすれば」を表す接続詞。「只要…就…」の形で使う。""}, {""text"": ""没有"", ""type"": ""vocab"", ""py"": ""méiyǒu"", ""note"": ""ない""}, {""text"": ""损坏"", ""type"": ""vocab"", ""py"": ""sǔnhuài"", ""note"": ""損壊する、壊れる""}, {""text"": ""，"", ""type"": ""punct""}, {""text"": ""押金"", ""type"": ""vocab"", ""py"": ""yājīn"", ""note"": ""敷金""}, {""text"": ""全部"", ""type"": ""vocab"", ""py"": ""quánbù"", ""note"": ""全部""}, {""text"": ""退"", ""type"": ""vocab"", ""py"": ""tuì"", ""note"": ""返す、返却する""}, {""text"": ""给"", ""type"": ""grammar"", ""py"": ""gěi"", ""note"": ""「〜に、〜のために」を表す介詞、または「あげる」という意味の動詞。""}, {""text"": ""你"", ""type"": ""vocab"", ""py"": ""nǐ"", ""note"": ""あなた""}, {""text"": ""。"", ""type"": ""punct""}]",HSKspeaking_practice
222,22,7,小周,谢谢您。另外，水电费我这个月已经交了。,"Xièxie nín. Lìngwài, shuǐdiànfèi wǒ zhège yuè yǐjīng jiāo le.",ありがとうございます。それと、水道光熱費は今月分はもう払いました。,"[{""text"": ""谢谢您"", ""type"": ""vocab"", ""py"": ""xièxiènín"", ""note"": ""ありがとうございます""}, {""text"": ""。"", ""type"": ""punct""}, {""text"": ""另外"", ""type"": ""vocab"", ""py"": ""lìngwài"", ""note"": ""そのほか、別に""}, {""text"": ""，"", ""type"": ""punct""}, {""text"": ""水电费"", ""type"": ""vocab"", ""py"": ""shuǐdiànfèi"", ""note"": ""水道光熱費""}, {""text"": ""我"", ""type"": ""vocab"", ""py"": ""wǒ"", ""note"": ""私""}, {""text"": ""这个"", ""type"": ""vocab"", ""py"": ""zhège"", ""note"": ""これ""}, {""text"": ""月"", ""type"": ""vocab"", ""py"": ""yuè"", ""note"": ""月""}, {""text"": ""已经"", ""type"": ""grammar"", ""py"": ""yǐjīng"", ""note"": ""「すでに」を表す副詞。多くの場合、文末の「了」とセットで使う。""}, {""text"": ""交了"", ""type"": ""vocab"", ""py"": ""jiāole"", ""note"": ""支払った""}, {""text"": ""。"", ""type"": ""punct""}]",HSKspeaking_practice
223,22,8,老张,好，那我们提前约个时间检查一下房子。,"Hǎo, nà wǒmen tíqián yuē ge shíjiān jiǎnchá yíxià fángzi.",分かりました、では事前に時間を決めて部屋をチェックしましょう。,"[{""text"": ""好"", ""type"": ""vocab"", ""py"": ""hǎo"", ""note"": ""良い、元気だ""}, {""text"": ""，"", ""type"": ""punct""}, {""text"": ""那"", ""type"": ""vocab"", ""py"": ""nà"", ""note"": ""あれ、それ／それなら""}, {""text"": ""我们"", ""type"": ""vocab"", ""py"": ""wǒmen"", ""note"": ""私たち""}, {""text"": ""提前"", ""type"": ""vocab"", ""py"": ""tíqián"", ""note"": ""前もって、早めに""}, {""text"": ""约个"", ""type"": ""vocab"", ""py"": ""yuēgè"", ""note"": ""〜を約束する、決める""}, {""text"": ""时间"", ""type"": ""vocab"", ""py"": ""shíjiān"", ""note"": ""時間""}, {""text"": ""检查一下"", ""type"": ""vocab"", ""py"": ""jiǎncháyīxià"", ""note"": ""ちょっと検査する""}, {""text"": ""房子"", ""type"": ""vocab"", ""py"": ""fángzi"", ""note"": ""家、部屋""}, {""text"": ""。"", ""type"": ""punct""}]",HSKspeaking_practice
224,22,9,小周,好的，下周六下午方便吗？,"Hǎo de, xià zhōu liù xiàwǔ fāngbiàn ma?",はい、来週土曜日の午後は都合いいですか？,"[{""text"": ""好"", ""type"": ""vocab"", ""py"": ""hǎo"", ""note"": ""良い、元気だ""}, {""text"": ""的"", ""type"": ""grammar"", ""py"": ""de"", ""note"": ""名詞を修飾し、所有・限定を表す助詞（〜の）。""}, {""text"": ""，"", ""type"": ""punct""}, {""text"": ""下"", ""type"": ""vocab"", ""py"": ""xià"", ""note"": ""下、次""}, {""text"": ""周六"", ""type"": ""vocab"", ""py"": ""zhōuliù"", ""note"": ""土曜日""}, {""text"": ""下午"", ""type"": ""vocab"", ""py"": ""xiàwǔ"", ""note"": ""午後""}, {""text"": ""方便"", ""type"": ""vocab"", ""py"": ""fāngbiàn"", ""note"": ""都合がいい""}, {""text"": ""吗"", ""type"": ""grammar"", ""py"": ""ma"", ""note"": ""「はい/いいえ」で答える疑問文を作る文末助詞。""}, {""text"": ""？"", ""type"": ""punct""}]",HSKspeaking_practice
225,22,10,老张,方便，到时候我过来看看。,"Fāngbiàn, dào shíhou wǒ guòlai kànkan.",大丈夫です、その時に見に行きますね。,"[{""text"": ""方便"", ""type"": ""vocab"", ""py"": ""fāngbiàn"", ""note"": ""都合がいい""}, {""text"": ""，"", ""type"": ""punct""}, {""text"": ""到时候"", ""type"": ""vocab"", ""py"": ""dàoshíhòu"", ""note"": ""その時になったら""}, {""text"": ""我"", ""type"": ""vocab"", ""py"": ""wǒ"", ""note"": ""私""}, {""text"": ""过来"", ""type"": ""vocab"", ""py"": ""guòlái"", ""note"": ""こちらに来る""}, {""text"": ""看看"", ""type"": ""vocab"", ""py"": ""kànkàn"", ""note"": ""ちょっと見る""}, {""text"": ""。"", ""type"": ""punct""}]",HSKspeaking_practice
226,22,11,小周,太感谢您这段时间的照顾了。,Tài gǎnxiè nín zhè duàn shíjiān de zhàogù le.,これまでお世話になり、本当にありがとうございました。,"[{""text"": ""太"", ""type"": ""grammar"", ""py"": ""tài"", ""note"": ""「〜すぎる」を表す程度の副詞。「太…了」の形でよく使う。""}, {""text"": ""感谢您"", ""type"": ""vocab"", ""py"": ""gǎnxiènín"", ""note"": ""あなたに感謝します""}, {""text"": ""这"", ""type"": ""vocab"", ""py"": ""zhè"", ""note"": ""これ""}, {""text"": ""段时间"", ""type"": ""vocab"", ""py"": ""duànshíjiān"", ""note"": ""一定の期間""}, {""text"": ""的"", ""type"": ""grammar"", ""py"": ""de"", ""note"": ""名詞を修飾し、所有・限定を表す助詞（〜の）。""}, {""text"": ""照顾"", ""type"": ""vocab"", ""py"": ""zhàogù"", ""note"": ""世話をする、大事にする""}, {""text"": ""了"", ""type"": ""grammar"", ""py"": ""le"", ""note"": ""動作の完了や状態の変化を表す助詞（文末や動詞の直後に置く）。""}, {""text"": ""。"", ""type"": ""punct""}]",HSKspeaking_practice
227,23,1,小艺,阿飞，这学期你选了什么课？,"Āfēi, zhè xuéqī nǐ xuǎn le shénme kè?",阿飛、今学期はどの授業を選んだの？,"[{""text"": ""阿飞"", ""type"": ""vocab"", ""py"": ""āfēi"", ""note"": ""（人名）""}, {""text"": ""，"", ""type"": ""punct""}, {""text"": ""这"", ""type"": ""vocab"", ""py"": ""zhè"", ""note"": ""これ""}, {""text"": ""学期"", ""type"": ""vocab"", ""py"": ""xuéqī"", ""note"": ""学期""}, {""text"": ""你"", ""type"": ""vocab"", ""py"": ""nǐ"", ""note"": ""あなた""}, {""text"": ""选"", ""type"": ""vocab"", ""py"": ""xuǎn"", ""note"": ""選ぶ""}, {""text"": ""了"", ""type"": ""grammar"", ""py"": ""le"", ""note"": ""動作の完了や状態の変化を表す助詞（文末や動詞の直後に置く）。""}, {""text"": ""什么"", ""type"": ""vocab"", ""py"": ""shénme"", ""note"": ""何""}, {""text"": ""课"", ""type"": ""vocab"", ""py"": ""kè"", ""note"": ""授業""}, {""text"": ""？"", ""type"": ""punct""}]",HSKspeaking_practice
228,23,2,阿飞,我选了经济学和一门历史课。,Wǒ xuǎn le jīngjìxué hé yì mén lìshǐ kè.,経済学と歴史の授業を一つ選んだよ。,"[{""text"": ""我选"", ""type"": ""vocab"", ""py"": ""wǒxuǎn"", ""note"": ""私は選ぶ""}, {""text"": ""了"", ""type"": ""grammar"", ""py"": ""le"", ""note"": ""動作の完了や状態の変化を表す助詞（文末や動詞の直後に置く）。""}, {""text"": ""经济学"", ""type"": ""vocab"", ""py"": ""jīngjìxué"", ""note"": ""経済学""}, {""text"": ""和"", ""type"": ""grammar"", ""py"": ""hé"", ""note"": ""「〜と」を表す接続詞・介詞。""}, {""text"": ""一门"", ""type"": ""vocab"", ""py"": ""yīmén"", ""note"": ""一科目""}, {""text"": ""历史课"", ""type"": ""vocab"", ""py"": ""lìshǐkè"", ""note"": ""歴史の授業""}, {""text"": ""。"", ""type"": ""punct""}]",HSKspeaking_practice
229,23,3,小艺,历史课听说作业特别多。,Lìshǐ kè tīngshuō zuòyè tèbié duō.,歴史の授業は課題がすごく多いって聞いたよ。,"[{""text"": ""历史课"", ""type"": ""vocab"", ""py"": ""lìshǐkè"", ""note"": ""歴史の授業""}, {""text"": ""听说"", ""type"": ""vocab"", ""py"": ""tīngshuō"", ""note"": ""〜と聞いている""}, {""text"": ""作业"", ""type"": ""vocab"", ""py"": ""zuòyè"", ""note"": ""宿題、課題""}, {""text"": ""特别"", ""type"": ""vocab"", ""py"": ""tèbié"", ""note"": ""特に、特別""}, {""text"": ""多"", ""type"": ""vocab"", ""py"": ""duō"", ""note"": ""多い""}, {""text"": ""。"", ""type"": ""punct""}]",HSKspeaking_practice
230,23,4,阿飞,是啊，不过老师讲得很有意思，我还挺喜欢的。,"Shì a, búguò lǎoshī jiǎng de hěn yǒu yìsi, wǒ hái tǐng xǐhuan de.",そうなんだ、でも先生の話がすごく面白くて、けっこう好きなんだよね。,"[{""text"": ""是"", ""type"": ""grammar"", ""py"": ""shì"", ""note"": ""「〜である」を表すbe動詞。""}, {""text"": ""啊"", ""type"": ""grammar"", ""py"": ""a"", ""note"": ""感嘆や語気をやわらげる文末助詞。""}, {""text"": ""，"", ""type"": ""punct""}, {""text"": ""不过"", ""type"": ""grammar"", ""py"": ""bùguò"", ""note"": ""「ただし、でも」を表す軽い転換の接続詞。""}, {""text"": ""老师"", ""type"": ""vocab"", ""py"": ""lǎoshī"", ""note"": ""先生""}, {""text"": ""讲得"", ""type"": ""vocab"", ""py"": ""jiǎngdé"", ""note"": ""話すのが（〜だ）""}, {""text"": ""很"", ""type"": ""grammar"", ""py"": ""hěn"", ""note"": ""「とても」を表す程度の副詞。形容詞文でよく使われる。""}, {""text"": ""有意思"", ""type"": ""vocab"", ""py"": ""yǒuyìsi"", ""note"": ""面白い""}, {""text"": ""，"", ""type"": ""punct""}, {""text"": ""我"", ""type"": ""vocab"", ""py"": ""wǒ"", ""note"": ""私""}, {""text"": ""还"", ""type"": ""grammar"", ""py"": ""hái"", ""note"": ""「まだ、さらに」を表す副詞。""}, {""text"": ""挺"", ""type"": ""grammar"", ""py"": ""tǐng"", ""note"": ""「なかなか、けっこう」を表す口語的な程度副詞。「挺…的」の形でよく使う。""}, {""text"": ""喜欢"", ""type"": ""vocab"", ""py"": ""xǐhuān"", ""note"": ""好きだ、気に入る""}, {""text"": ""的"", ""type"": ""grammar"", ""py"": ""de"", ""note"": ""名詞を修飾し、所有・限定を表す助詞（〜の）。""}, {""text"": ""。"", ""type"": ""punct""}]",HSKspeaking_practice
231,23,5,小艺,我本来想选那门课，可是时间跟我的英语课冲突了。,"Wǒ běnlái xiǎng xuǎn nà mén kè, kěshì shíjiān gēn wǒ de Yīngyǔ kè chōngtū le.",私も本当はその授業を選びたかったんだけど、英語の授業と時間が重なってしまって。,"[{""text"": ""我"", ""type"": ""vocab"", ""py"": ""wǒ"", ""note"": ""私""}, {""text"": ""本来"", ""type"": ""vocab"", ""py"": ""běnlái"", ""note"": ""もともと""}, {""text"": ""想选"", ""type"": ""vocab"", ""py"": ""xiǎngxuǎn"", ""note"": ""選びたい""}, {""text"": ""那门"", ""type"": ""vocab"", ""py"": ""nàmén"", ""note"": ""あの科目""}, {""text"": ""课"", ""type"": ""vocab"", ""py"": ""kè"", ""note"": ""授業""}, {""text"": ""，"", ""type"": ""punct""}, {""text"": ""可是"", ""type"": ""grammar"", ""py"": ""kěshì"", ""note"": ""「しかし」を表す口語的な接続詞。""}, {""text"": ""时间"", ""type"": ""vocab"", ""py"": ""shíjiān"", ""note"": ""時間""}, {""text"": ""跟"", ""type"": ""grammar"", ""py"": ""gēn"", ""note"": ""「〜と」を表す介詞。一緒に何かをする相手を示す。""}, {""text"": ""我"", ""type"": ""vocab"", ""py"": ""wǒ"", ""note"": ""私""}, {""text"": ""的"", ""type"": ""grammar"", ""py"": ""de"", ""note"": ""名詞を修飾し、所有・限定を表す助詞（〜の）。""}, {""text"": ""英语课"", ""type"": ""vocab"", ""py"": ""yīngyǔkè"", ""note"": ""英語の授業""}, {""text"": ""冲突"", ""type"": ""vocab"", ""py"": ""chōngtū"", ""note"": ""衝突する、かち合う""}, {""text"": ""了"", ""type"": ""grammar"", ""py"": ""le"", ""note"": ""動作の完了や状態の変化を表す助詞（文末や動詞の直後に置く）。""}, {""text"": ""。"", ""type"": ""punct""}]",HSKspeaking_practice
232,23,6,阿飞,那你最后选了什么？,Nà nǐ zuìhòu xuǎn le shénme?,それで結局何を選んだの？,"[{""text"": ""那"", ""type"": ""vocab"", ""py"": ""nà"", ""note"": ""あれ、それ／それなら""}, {""text"": ""你"", ""type"": ""vocab"", ""py"": ""nǐ"", ""note"": ""あなた""}, {""text"": ""最后"", ""type"": ""vocab"", ""py"": ""zuìhòu"", ""note"": ""最後に""}, {""text"": ""选"", ""type"": ""vocab"", ""py"": ""xuǎn"", ""note"": ""選ぶ""}, {""text"": ""了"", ""type"": ""grammar"", ""py"": ""le"", ""note"": ""動作の完了や状態の変化を表す助詞（文末や動詞の直後に置く）。""}, {""text"": ""什么"", ""type"": ""vocab"", ""py"": ""shénme"", ""note"": ""何""}, {""text"": ""？"", ""type"": ""punct""}]",HSKspeaking_practice
233,23,7,小艺,我选了心理学，听说这门课挺受欢迎的。,"Wǒ xuǎn le xīnlǐxué, tīngshuō zhè mén kè tǐng shòu huānyíng de.",心理学を選んだよ、この授業は人気があるって聞いたから。,"[{""text"": ""我选"", ""type"": ""vocab"", ""py"": ""wǒxuǎn"", ""note"": ""私は選ぶ""}, {""text"": ""了"", ""type"": ""grammar"", ""py"": ""le"", ""note"": ""動作の完了や状態の変化を表す助詞（文末や動詞の直後に置く）。""}, {""text"": ""心理学"", ""type"": ""vocab"", ""py"": ""xīnlǐxué"", ""note"": ""心理学""}, {""text"": ""，"", ""type"": ""punct""}, {""text"": ""听说"", ""type"": ""vocab"", ""py"": ""tīngshuō"", ""note"": ""〜と聞いている""}, {""text"": ""这门"", ""type"": ""vocab"", ""py"": ""zhèmén"", ""note"": ""この科目""}, {""text"": ""课"", ""type"": ""vocab"", ""py"": ""kè"", ""note"": ""授業""}, {""text"": ""挺"", ""type"": ""grammar"", ""py"": ""tǐng"", ""note"": ""「なかなか、けっこう」を表す口語的な程度副詞。「挺…的」の形でよく使う。""}, {""text"": ""受欢迎"", ""type"": ""vocab"", ""py"": ""shòuhuānyíng"", ""note"": ""人気がある""}, {""text"": ""的"", ""type"": ""grammar"", ""py"": ""de"", ""note"": ""名詞を修飾し、所有・限定を表す助詞（〜の）。""}, {""text"": ""。"", ""type"": ""punct""}]",HSKspeaking_practice
234,23,8,阿飞,心理学的老师是不是要求写很多报告？,Xīnlǐxué de lǎoshī shì bu shì yāoqiú xiě hěn duō bàogào?,心理学の先生ってレポートをたくさん書かせるんじゃない？,"[{""text"": ""心理学"", ""type"": ""vocab"", ""py"": ""xīnlǐxué"", ""note"": ""心理学""}, {""text"": ""的"", ""type"": ""grammar"", ""py"": ""de"", ""note"": ""名詞を修飾し、所有・限定を表す助詞（〜の）。""}, {""text"": ""老师"", ""type"": ""vocab"", ""py"": ""lǎoshī"", ""note"": ""先生""}, {""text"": ""是不是"", ""type"": ""grammar"", ""py"": ""shìbúshì"", ""note"": ""「〜かどうか、〜ですよね」と確認する疑問表現。""}, {""text"": ""要求"", ""type"": ""vocab"", ""py"": ""yāoqiú"", ""note"": ""要求する""}, {""text"": ""写"", ""type"": ""vocab"", ""py"": ""xiě"", ""note"": ""書く""}, {""text"": ""很多"", ""type"": ""vocab"", ""py"": ""hěnduō"", ""note"": ""多くの""}, {""text"": ""报告"", ""type"": ""vocab"", ""py"": ""bàogào"", ""note"": ""レポート""}, {""text"": ""？"", ""type"": ""punct""}]",HSKspeaking_practice
235,23,9,小艺,对，不过我对这个内容很感兴趣，应该没问题。,"Duì, búguò wǒ duì zhège nèiróng hěn gǎn xìngqù, yīnggāi méi wèntí.",そうなんだけど、内容にすごく興味があるから、大丈夫だと思う。,"[{""text"": ""对"", ""type"": ""grammar"", ""py"": ""duì"", ""note"": ""「〜に対して」を表す介詞、または「正しい」という意味の形容詞。""}, {""text"": ""，"", ""type"": ""punct""}, {""text"": ""不过"", ""type"": ""grammar"", ""py"": ""bùguò"", ""note"": ""「ただし、でも」を表す軽い転換の接続詞。""}, {""text"": ""我"", ""type"": ""vocab"", ""py"": ""wǒ"", ""note"": ""私""}, {""text"": ""对"", ""type"": ""grammar"", ""py"": ""duì"", ""note"": ""「〜に対して」を表す介詞、または「正しい」という意味の形容詞。""}, {""text"": ""这个"", ""type"": ""vocab"", ""py"": ""zhège"", ""note"": ""これ""}, {""text"": ""内容"", ""type"": ""vocab"", ""py"": ""nèiróng"", ""note"": ""内容""}, {""text"": ""很感兴趣"", ""type"": ""vocab"", ""py"": ""hěngǎnxìngqù"", ""note"": ""とても興味がある""}, {""text"": ""，"", ""type"": ""punct""}, {""text"": ""应该"", ""type"": ""grammar"", ""py"": ""yīnggāi"", ""note"": ""「〜すべきだ」という当然・義務を表す助動詞。""}, {""text"": ""没"", ""type"": ""grammar"", ""py"": ""méi"", ""note"": ""「〜していない、〜がない」を表す否定の副詞（過去・完了・所有の否定）。""}, {""text"": ""问题"", ""type"": ""vocab"", ""py"": ""wèntí"", ""note"": ""問題""}, {""text"": ""。"", ""type"": ""punct""}]",HSKspeaking_practice
236,23,10,阿飞,那我们以后可以一起去图书馆学习。,Nà wǒmen yǐhòu kěyǐ yìqǐ qù túshūguǎn xuéxí.,じゃあこれから一緒に図書館で勉強できるね。,"[{""text"": ""那"", ""type"": ""vocab"", ""py"": ""nà"", ""note"": ""あれ、それ／それなら""}, {""text"": ""我们"", ""type"": ""vocab"", ""py"": ""wǒmen"", ""note"": ""私たち""}, {""text"": ""以后"", ""type"": ""vocab"", ""py"": ""yǐhòu"", ""note"": ""〜以後、これから""}, {""text"": ""可以"", ""type"": ""grammar"", ""py"": ""kěyǐ"", ""note"": ""「〜してもよい、〜できる」という許可・可能を表す助動詞。""}, {""text"": ""一起"", ""type"": ""vocab"", ""py"": ""yìqǐ"", ""note"": ""一緒に""}, {""text"": ""去"", ""type"": ""vocab"", ""py"": ""qù"", ""note"": ""行く""}, {""text"": ""图书馆"", ""type"": ""vocab"", ""py"": ""túshūguǎn"", ""note"": ""図書館""}, {""text"": ""学习"", ""type"": ""vocab"", ""py"": ""xuéxí"", ""note"": ""勉強する""}, {""text"": ""。"", ""type"": ""punct""}]",HSKspeaking_practice
237,23,11,小艺,好主意，互相监督才能坚持下去。,"Hǎo zhǔyi, hùxiāng jiāndū cái néng jiānchí xiàqu.",いい考えだね、お互いに監視しあってこそ続けられるから。,"[{""text"": ""好"", ""type"": ""vocab"", ""py"": ""hǎo"", ""note"": ""良い、元気だ""}, {""text"": ""主意"", ""type"": ""vocab"", ""py"": ""zhǔyì"", ""note"": ""考え、アイデア""}, {""text"": ""，"", ""type"": ""punct""}, {""text"": ""互相监督"", ""type"": ""vocab"", ""py"": ""hùxiāngjiāndū"", ""note"": ""お互いに監視し合う""}, {""text"": ""才能"", ""type"": ""vocab"", ""py"": ""cáinéng"", ""note"": ""〜してこそ〜できる（才+能の組み合わせ、名詞の「才能」とは別）""}, {""text"": ""坚持下去"", ""type"": ""vocab"", ""py"": ""jiānchíxiàqù"", ""note"": ""続けていく""}, {""text"": ""。"", ""type"": ""punct""}]",HSKspeaking_practice
238,24,1,阿宁,店长，我想跟您说一下昨天的事情。,"Diànzhǎng, wǒ xiǎng gēn nín shuō yíxià zuótiān de shìqing.",店長、昨日のことについてお話ししたいのですが。,"[{""text"": ""店长"", ""type"": ""vocab"", ""py"": ""diànzhǎng"", ""note"": ""店長""}, {""text"": ""，"", ""type"": ""punct""}, {""text"": ""我"", ""type"": ""vocab"", ""py"": ""wǒ"", ""note"": ""私""}, {""text"": ""想"", ""type"": ""grammar"", ""py"": ""xiǎng"", ""note"": ""「〜したい」という願望を表す助動詞。""}, {""text"": ""跟"", ""type"": ""grammar"", ""py"": ""gēn"", ""note"": ""「〜と」を表す介詞。一緒に何かをする相手を示す。""}, {""text"": ""您"", ""type"": ""vocab"", ""py"": ""nín"", ""note"": ""あなた（敬称）""}, {""text"": ""说"", ""type"": ""vocab"", ""py"": ""shuō"", ""note"": ""話す、言う""}, {""text"": ""一下"", ""type"": ""grammar"", ""py"": ""yīxià"", ""note"": ""動詞の後について「ちょっと〜する」と動作の軽さ・短さを表す表現。""}, {""text"": ""昨天"", ""type"": ""vocab"", ""py"": ""zuótiān"", ""note"": ""昨日""}, {""text"": ""的"", ""type"": ""grammar"", ""py"": ""de"", ""note"": ""名詞を修飾し、所有・限定を表す助詞（〜の）。""}, {""text"": ""事情"", ""type"": ""vocab"", ""py"": ""shìqíng"", ""note"": ""出来事、事柄""}, {""text"": ""。"", ""type"": ""punct""}]",HSKspeaking_practice
239,24,2,店长,好，怎么了？是不是跟顾客有点儿误会？,"Hǎo, zěnme le? Shì bu shì gēn gùkè yǒudiǎnr wùhuì?",はい、どうしましたか？お客様と何か誤解があったのでは？,"[{""text"": ""好"", ""type"": ""vocab"", ""py"": ""hǎo"", ""note"": ""良い、元気だ""}, {""text"": ""，"", ""type"": ""punct""}, {""text"": ""怎么"", ""type"": ""grammar"", ""py"": ""zěnme"", ""note"": ""「どうやって、なぜ」を表す疑問詞。""}, {""text"": ""了"", ""type"": ""grammar"", ""py"": ""le"", ""note"": ""動作の完了や状態の変化を表す助詞（文末や動詞の直後に置く）。""}, {""text"": ""？"", ""type"": ""punct""}, {""text"": ""是不是"", ""type"": ""grammar"", ""py"": ""shìbúshì"", ""note"": ""「〜かどうか、〜ですよね」と確認する疑問表現。""}, {""text"": ""跟"", ""type"": ""grammar"", ""py"": ""gēn"", ""note"": ""「〜と」を表す介詞。一緒に何かをする相手を示す。""}, {""text"": ""顾客"", ""type"": ""vocab"", ""py"": ""gùkè"", ""note"": ""お客様""}, {""text"": ""有点儿"", ""type"": ""grammar"", ""py"": ""yǒudiǎnér"", ""note"": ""「少し、ちょっと」を表す副詞。好ましくない状態を表すことが多く、形容詞・動詞の前に置く。""}, {""text"": ""误会"", ""type"": ""vocab"", ""py"": ""wùhuì"", ""note"": ""誤解""}, {""text"": ""？"", ""type"": ""punct""}]",HSKspeaking_practice
240,24,3,阿宁,对，那位顾客说我态度不好，其实我只是有点儿累了。,"Duì, nà wèi gùkè shuō wǒ tàidu bù hǎo, qíshí wǒ zhǐshì yǒudiǎnr lèi le.",はい、あのお客様は私の態度が悪いと言ったんですが、実はちょっと疲れていただけなんです。,"[{""text"": ""对"", ""type"": ""grammar"", ""py"": ""duì"", ""note"": ""「〜に対して」を表す介詞、または「正しい」という意味の形容詞。""}, {""text"": ""，"", ""type"": ""punct""}, {""text"": ""那位"", ""type"": ""vocab"", ""py"": ""nàwèi"", ""note"": ""あの方""}, {""text"": ""顾客"", ""type"": ""vocab"", ""py"": ""gùkè"", ""note"": ""お客様""}, {""text"": ""说"", ""type"": ""vocab"", ""py"": ""shuō"", ""note"": ""話す、言う""}, {""text"": ""我"", ""type"": ""vocab"", ""py"": ""wǒ"", ""note"": ""私""}, {""text"": ""态度"", ""type"": ""vocab"", ""py"": ""tàidù"", ""note"": ""態度""}, {""text"": ""不好"", ""type"": ""vocab"", ""py"": ""bùhǎo"", ""note"": ""良くない""}, {""text"": ""，"", ""type"": ""punct""}, {""text"": ""其实"", ""type"": ""vocab"", ""py"": ""qíshí"", ""note"": ""実は""}, {""text"": ""我"", ""type"": ""vocab"", ""py"": ""wǒ"", ""note"": ""私""}, {""text"": ""只是"", ""type"": ""vocab"", ""py"": ""zhǐshì"", ""note"": ""ただ〜なだけ""}, {""text"": ""有点儿"", ""type"": ""grammar"", ""py"": ""yǒudiǎnér"", ""note"": ""「少し、ちょっと」を表す副詞。好ましくない状態を表すことが多く、形容詞・動詞の前に置く。""}, {""text"": ""累"", ""type"": ""vocab"", ""py"": ""lèi"", ""note"": ""疲れる""}, {""text"": ""了"", ""type"": ""grammar"", ""py"": ""le"", ""note"": ""動作の完了や状態の変化を表す助詞（文末や動詞の直後に置く）。""}, {""text"": ""。"", ""type"": ""punct""}]",HSKspeaking_practice
241,24,4,店长,我理解，不过对顾客还是应该保持礼貌。,"Wǒ lǐjiě, búguò duì gùkè háishi yīnggāi bǎochí lǐmào.",分かります、でもお客様に対してはやはり礼儀を保つべきですね。,"[{""text"": ""我"", ""type"": ""vocab"", ""py"": ""wǒ"", ""note"": ""私""}, {""text"": ""理解"", ""type"": ""vocab"", ""py"": ""lǐjiě"", ""note"": ""理解する""}, {""text"": ""，"", ""type"": ""punct""}, {""text"": ""不过"", ""type"": ""grammar"", ""py"": ""bùguò"", ""note"": ""「ただし、でも」を表す軽い転換の接続詞。""}, {""text"": ""对"", ""type"": ""grammar"", ""py"": ""duì"", ""note"": ""「〜に対して」を表す介詞、または「正しい」という意味の形容詞。""}, {""text"": ""顾客"", ""type"": ""vocab"", ""py"": ""gùkè"", ""note"": ""お客様""}, {""text"": ""还是"", ""type"": ""grammar"", ""py"": ""háishì"", ""note"": ""「それとも」（疑問文の選択）、または「やはり」を表す。""}, {""text"": ""应该"", ""type"": ""grammar"", ""py"": ""yīnggāi"", ""note"": ""「〜すべきだ」という当然・義務を表す助動詞。""}, {""text"": ""保持"", ""type"": ""vocab"", ""py"": ""bǎochí"", ""note"": ""保つ""}, {""text"": ""礼貌"", ""type"": ""vocab"", ""py"": ""lǐmào"", ""note"": ""礼儀""}, {""text"": ""。"", ""type"": ""punct""}]",HSKspeaking_practice
242,24,5,阿宁,您说得对，我以后会更注意的。,"Nín shuō de duì, wǒ yǐhòu huì gèng zhùyì de.",おっしゃる通りです、今後もっと気をつけます。,"[{""text"": ""您"", ""type"": ""vocab"", ""py"": ""nín"", ""note"": ""あなた（敬称）""}, {""text"": ""说得对"", ""type"": ""vocab"", ""py"": ""shuōdéduì"", ""note"": ""言う通りだ""}, {""text"": ""，"", ""type"": ""punct""}, {""text"": ""我"", ""type"": ""vocab"", ""py"": ""wǒ"", ""note"": ""私""}, {""text"": ""以后"", ""type"": ""vocab"", ""py"": ""yǐhòu"", ""note"": ""〜以後、これから""}, {""text"": ""会"", ""type"": ""grammar"", ""py"": ""huì"", ""note"": ""「〜するだろう」「（習得して）〜できる」という可能性・技能を表す助動詞。""}, {""text"": ""更"", ""type"": ""grammar"", ""py"": ""gèng"", ""note"": ""「さらに、もっと」を表す程度の副詞（比較を強める）。""}, {""text"": ""注意"", ""type"": ""vocab"", ""py"": ""zhùyì"", ""note"": ""注意する""}, {""text"": ""的"", ""type"": ""grammar"", ""py"": ""de"", ""note"": ""名詞を修飾し、所有・限定を表す助詞（〜の）。""}, {""text"": ""。"", ""type"": ""punct""}]",HSKspeaking_practice
243,24,6,店长,如果实在太累，可以先跟同事说一声，休息一下。,"Rúguǒ shízài tài lèi, kěyǐ xiān gēn tóngshì shuō yì shēng, xiūxi yíxià.",もし本当に疲れすぎている時は、先に同僚に一声かけて少し休んでもいいですよ。,"[{""text"": ""如果"", ""type"": ""grammar"", ""py"": ""rúguǒ"", ""note"": ""「もし〜なら」仮定を表す接続詞。「如果…就…」の形でよく使う。""}, {""text"": ""实在太"", ""type"": ""vocab"", ""py"": ""shízàitài"", ""note"": ""本当に〜すぎる""}, {""text"": ""累"", ""type"": ""vocab"", ""py"": ""lèi"", ""note"": ""疲れる""}, {""text"": ""，"", ""type"": ""punct""}, {""text"": ""可以"", ""type"": ""grammar"", ""py"": ""kěyǐ"", ""note"": ""「〜してもよい、〜できる」という許可・可能を表す助動詞。""}, {""text"": ""先"", ""type"": ""grammar"", ""py"": ""xiān"", ""note"": ""「まず、先に」を表す副詞。""}, {""text"": ""跟"", ""type"": ""grammar"", ""py"": ""gēn"", ""note"": ""「〜と」を表す介詞。一緒に何かをする相手を示す。""}, {""text"": ""同事"", ""type"": ""vocab"", ""py"": ""tóngshì"", ""note"": ""同僚""}, {""text"": ""说"", ""type"": ""vocab"", ""py"": ""shuō"", ""note"": ""話す、言う""}, {""text"": ""一声"", ""type"": ""vocab"", ""py"": ""yīshēng"", ""note"": ""一言、ひとこと""}, {""text"": ""，"", ""type"": ""punct""}, {""text"": ""休息"", ""type"": ""vocab"", ""py"": ""xiūxī"", ""note"": ""休む、休憩する""}, {""text"": ""一下"", ""type"": ""grammar"", ""py"": ""yīxià"", ""note"": ""動詞の後について「ちょっと〜する」と動作の軽さ・短さを表す表現。""}, {""text"": ""。"", ""type"": ""punct""}]",HSKspeaking_practice
244,24,7,阿宁,谢谢您的理解，我下次会注意安排休息时间。,"Xièxie nín de lǐjiě, wǒ xià cì huì zhùyì ānpái xiūxi shíjiān.",ご理解ありがとうございます、次からは休憩時間の調整に気をつけます。,"[{""text"": ""谢谢您"", ""type"": ""vocab"", ""py"": ""xièxiènín"", ""note"": ""ありがとうございます""}, {""text"": ""的"", ""type"": ""grammar"", ""py"": ""de"", ""note"": ""名詞を修飾し、所有・限定を表す助詞（〜の）。""}, {""text"": ""理解"", ""type"": ""vocab"", ""py"": ""lǐjiě"", ""note"": ""理解する""}, {""text"": ""，"", ""type"": ""punct""}, {""text"": ""我"", ""type"": ""vocab"", ""py"": ""wǒ"", ""note"": ""私""}, {""text"": ""下次"", ""type"": ""vocab"", ""py"": ""xiàcì"", ""note"": ""次回""}, {""text"": ""会"", ""type"": ""grammar"", ""py"": ""huì"", ""note"": ""「〜するだろう」「（習得して）〜できる」という可能性・技能を表す助動詞。""}, {""text"": ""注意"", ""type"": ""vocab"", ""py"": ""zhùyì"", ""note"": ""注意する""}, {""text"": ""安排"", ""type"": ""vocab"", ""py"": ""ānpái"", ""note"": ""手配、スケジュール""}, {""text"": ""休息时间"", ""type"": ""vocab"", ""py"": ""xiūxīshíjiān"", ""note"": ""休憩時間""}, {""text"": ""。"", ""type"": ""punct""}]",HSKspeaking_practice
245,24,8,店长,另外，最近店里比较忙，辛苦你了。,"Lìngwài, zuìjìn diàn li bǐjiào máng, xīnkǔ nǐ le.",それと、最近お店が忙しいから、お疲れ様です。,"[{""text"": ""另外"", ""type"": ""vocab"", ""py"": ""lìngwài"", ""note"": ""そのほか、別に""}, {""text"": ""，"", ""type"": ""punct""}, {""text"": ""最近"", ""type"": ""vocab"", ""py"": ""zuìjìn"", ""note"": ""最近""}, {""text"": ""店里"", ""type"": ""vocab"", ""py"": ""diànlǐ"", ""note"": ""店の中""}, {""text"": ""比较忙"", ""type"": ""vocab"", ""py"": ""bǐjiàománg"", ""note"": ""わりと忙しい""}, {""text"": ""，"", ""type"": ""punct""}, {""text"": ""辛苦"", ""type"": ""vocab"", ""py"": ""xīnkǔ"", ""note"": ""大変だ、苦労する""}, {""text"": ""你"", ""type"": ""vocab"", ""py"": ""nǐ"", ""note"": ""あなた""}, {""text"": ""了"", ""type"": ""grammar"", ""py"": ""le"", ""note"": ""動作の完了や状態の変化を表す助詞（文末や動詞の直後に置く）。""}, {""text"": ""。"", ""type"": ""punct""}]",HSKspeaking_practice
246,24,9,阿宁,没关系，我能坚持，只是希望能改善一下排班。,"Méi guānxi, wǒ néng jiānchí, zhǐshì xīwàng néng gǎishàn yíxià páibān.",大丈夫です、頑張れます、ただシフトを少し改善してもらえたらと思います。,"[{""text"": ""没关系"", ""type"": ""vocab"", ""py"": ""méiguānxì"", ""note"": ""大丈夫、構いません""}, {""text"": ""，"", ""type"": ""punct""}, {""text"": ""我能"", ""type"": ""vocab"", ""py"": ""wǒnéng"", ""note"": ""私は〜できる""}, {""text"": ""坚持"", ""type"": ""vocab"", ""py"": ""jiānchí"", ""note"": ""頑張り続ける、堅持する""}, {""text"": ""，"", ""type"": ""punct""}, {""text"": ""只是"", ""type"": ""vocab"", ""py"": ""zhǐshì"", ""note"": ""ただ〜なだけ""}, {""text"": ""希望"", ""type"": ""grammar"", ""py"": ""xīwàng"", ""note"": ""「〜を望む」を表す動詞。""}, {""text"": ""能"", ""type"": ""grammar"", ""py"": ""néng"", ""note"": ""「〜できる」という可能を表す助動詞。""}, {""text"": ""改善"", ""type"": ""vocab"", ""py"": ""gǎishàn"", ""note"": ""改善する""}, {""text"": ""一下"", ""type"": ""grammar"", ""py"": ""yīxià"", ""note"": ""動詞の後について「ちょっと〜する」と動作の軽さ・短さを表す表現。""}, {""text"": ""排班"", ""type"": ""vocab"", ""py"": ""páibān"", ""note"": ""シフト、勤務割り当て""}, {""text"": ""。"", ""type"": ""punct""}]",HSKspeaking_practice
247,24,10,店长,好，我会重新安排一下大家的班表。,"Hǎo, wǒ huì chóngxīn ānpái yíxià dàjiā de bānbiǎo.",分かりました、みんなのシフト表を見直しますね。,"[{""text"": ""好"", ""type"": ""vocab"", ""py"": ""hǎo"", ""note"": ""良い、元気だ""}, {""text"": ""，"", ""type"": ""punct""}, {""text"": ""我会"", ""type"": ""vocab"", ""py"": ""wǒhuì"", ""note"": ""私は〜します""}, {""text"": ""重新安排"", ""type"": ""vocab"", ""py"": ""chóngxīnānpái"", ""note"": ""改めて手配する""}, {""text"": ""一下"", ""type"": ""grammar"", ""py"": ""yīxià"", ""note"": ""動詞の後について「ちょっと〜する」と動作の軽さ・短さを表す表現。""}, {""text"": ""大家"", ""type"": ""vocab"", ""py"": ""dàjiā"", ""note"": ""みんな""}, {""text"": ""的"", ""type"": ""grammar"", ""py"": ""de"", ""note"": ""名詞を修飾し、所有・限定を表す助詞（〜の）。""}, {""text"": ""班表"", ""type"": ""vocab"", ""py"": ""bānbiǎo"", ""note"": ""シフト表""}, {""text"": ""。"", ""type"": ""punct""}]",HSKspeaking_practice
248,24,11,阿宁,太谢谢您了，我会继续努力工作的。,"Tài xièxie nín le, wǒ huì jìxù nǔlì gōngzuò de.",本当にありがとうございます、これからも頑張って働きます。,"[{""text"": ""太"", ""type"": ""grammar"", ""py"": ""tài"", ""note"": ""「〜すぎる」を表す程度の副詞。「太…了」の形でよく使う。""}, {""text"": ""谢谢您"", ""type"": ""vocab"", ""py"": ""xièxiènín"", ""note"": ""ありがとうございます""}, {""text"": ""了"", ""type"": ""grammar"", ""py"": ""le"", ""note"": ""動作の完了や状態の変化を表す助詞（文末や動詞の直後に置く）。""}, {""text"": ""，"", ""type"": ""punct""}, {""text"": ""我会"", ""type"": ""vocab"", ""py"": ""wǒhuì"", ""note"": ""私は〜します""}, {""text"": ""继续"", ""type"": ""vocab"", ""py"": ""jìxù"", ""note"": ""続ける""}, {""text"": ""努力"", ""type"": ""vocab"", ""py"": ""nǔlì"", ""note"": ""努力""}, {""text"": ""工作"", ""type"": ""vocab"", ""py"": ""gōngzuò"", ""note"": ""仕事、働く""}, {""text"": ""的"", ""type"": ""grammar"", ""py"": ""de"", ""note"": ""名詞を修飾し、所有・限定を表す助詞（〜の）。""}, {""text"": ""。"", ""type"": ""punct""}]",HSKspeaking_practice
249,25,1,主持人,今天我们请到了经济学教授王先生，来聊聊最近的经济形势。王教授，您怎么看目前的通货膨胀问题？,"Jīntiān wǒmen qǐngdào le jīngjìxué jiàoshòu Wáng xiānsheng, lái liáoliao zuìjìn de jīngjì xíngshì. Wáng jiàoshòu, nín zěnme kàn mùqián de tōnghuò péngzhàng wèntí?",今日は経済学教授の王先生をお招きして、最近の経済情勢についてお話しいただきます。王教授、現在のインフレ問題についてどうお考えですか？,"[{""text"": ""今天"", ""type"": ""vocab"", ""py"": ""jīntiān"", ""note"": ""今日""}, {""text"": ""我们"", ""type"": ""vocab"", ""py"": ""wǒmen"", ""note"": ""私たち""}, {""text"": ""请"", ""type"": ""vocab"", ""py"": ""qǐng"", ""note"": ""どうぞ〜してください""}, {""text"": ""到"", ""type"": ""grammar"", ""py"": ""dào"", ""note"": ""「〜まで、〜に着く」を表す介詞・動詞。""}, {""text"": ""了"", ""type"": ""grammar"", ""py"": ""le"", ""note"": ""動作の完了や状態の変化を表す助詞（文末や動詞の直後に置く）。""}, {""text"": ""经济学"", ""type"": ""vocab"", ""py"": ""jīngjìxué"", ""note"": ""経済学""}, {""text"": ""教授"", ""type"": ""vocab"", ""py"": ""jiàoshòu"", ""note"": ""教授""}, {""text"": ""王先生"", ""type"": ""vocab"", ""py"": ""wángxiānshēng"", ""note"": ""王さん""}, {""text"": ""，"", ""type"": ""punct""}, {""text"": ""来"", ""type"": ""vocab"", ""py"": ""lái"", ""note"": ""来る""}, {""text"": ""聊聊"", ""type"": ""vocab"", ""py"": ""liáoliáo"", ""note"": ""ちょっと話す""}, {""text"": ""最近"", ""type"": ""vocab"", ""py"": ""zuìjìn"", ""note"": ""最近""}, {""text"": ""的"", ""type"": ""grammar"", ""py"": ""de"", ""note"": ""名詞を修飾し、所有・限定を表す助詞（〜の）。""}, {""text"": ""经济"", ""type"": ""vocab"", ""py"": ""jīngjì"", ""note"": ""経済""}, {""text"": ""形势"", ""type"": ""vocab"", ""py"": ""xíngshì"", ""note"": ""情勢、状況""}, {""text"": ""。"", ""type"": ""punct""}, {""text"": ""王教授"", ""type"": ""vocab"", ""py"": ""wángjiàoshòu"", ""note"": ""王教授（人名）""}, {""text"": ""，"", ""type"": ""punct""}, {""text"": ""您"", ""type"": ""vocab"", ""py"": ""nín"", ""note"": ""あなた（敬称）""}, {""text"": ""怎么"", ""type"": ""grammar"", ""py"": ""zěnme"", ""note"": ""「どうやって、なぜ」を表す疑問詞。""}, {""text"": ""看"", ""type"": ""vocab"", ""py"": ""kàn"", ""note"": ""見る""}, {""text"": ""目前"", ""type"": ""vocab"", ""py"": ""mùqián"", ""note"": ""現在、目下""}, {""text"": ""的"", ""type"": ""grammar"", ""py"": ""de"", ""note"": ""名詞を修飾し、所有・限定を表す助詞（〜の）。""}, {""text"": ""通货膨胀"", ""type"": ""vocab"", ""py"": ""tōnghuòpéngzhàng"", ""note"": ""インフレ""}, {""text"": ""问题"", ""type"": ""vocab"", ""py"": ""wèntí"", ""note"": ""問題""}, {""text"": ""？"", ""type"": ""punct""}]",HSKspeaking_practice
250,25,2,王教授,我认为通货膨胀主要是由于全球供应链问题造成的，短期内很难完全解决。,"Wǒ rènwéi tōnghuò péngzhàng zhǔyào shì yóuyú quánqiú gōngyìngliàn wèntí zàochéng de, duǎnqī nèi hěn nán wánquán jiějué.",インフレは主にグローバルサプライチェーンの問題が原因だと考えていて、短期間で完全に解決するのは難しいでしょう。,"[{""text"": ""我"", ""type"": ""vocab"", ""py"": ""wǒ"", ""note"": ""私""}, {""text"": ""认为"", ""type"": ""vocab"", ""py"": ""rènwéi"", ""note"": ""〜と考える、思う""}, {""text"": ""通货膨胀"", ""type"": ""vocab"", ""py"": ""tōnghuòpéngzhàng"", ""note"": ""インフレ""}, {""text"": ""主要"", ""type"": ""vocab"", ""py"": ""zhǔyào"", ""note"": ""主に""}, {""text"": ""是"", ""type"": ""grammar"", ""py"": ""shì"", ""note"": ""「〜である」を表すbe動詞。""}, {""text"": ""由于"", ""type"": ""grammar"", ""py"": ""yóuyú"", ""note"": ""「〜のために、〜が原因で」と理由を表す接続詞。""}, {""text"": ""全球"", ""type"": ""vocab"", ""py"": ""quánqiú"", ""note"": ""グローバル、全世界""}, {""text"": ""供应链"", ""type"": ""vocab"", ""py"": ""gōngyìngliàn"", ""note"": ""サプライチェーン""}, {""text"": ""问题"", ""type"": ""vocab"", ""py"": ""wèntí"", ""note"": ""問題""}, {""text"": ""造成"", ""type"": ""vocab"", ""py"": ""zàochéng"", ""note"": ""引き起こす""}, {""text"": ""的"", ""type"": ""grammar"", ""py"": ""de"", ""note"": ""名詞を修飾し、所有・限定を表す助詞（〜の）。""}, {""text"": ""，"", ""type"": ""punct""}, {""text"": ""短期内"", ""type"": ""vocab"", ""py"": ""duǎnqīnèi"", ""note"": ""短期間内に""}, {""text"": ""很难"", ""type"": ""vocab"", ""py"": ""hěnnán"", ""note"": ""〜するのが難しい""}, {""text"": ""完全"", ""type"": ""vocab"", ""py"": ""wánquán"", ""note"": ""完全に""}, {""text"": ""解决"", ""type"": ""vocab"", ""py"": ""jiějué"", ""note"": ""解決する""}, {""text"": ""。"", ""type"": ""punct""}]",HSKspeaking_practice
251,25,3,林方,那普通老百姓应该怎么应对这种情况呢？,Nà pǔtōng lǎobǎixìng yīnggāi zěnme yìngduì zhè zhǒng qíngkuàng ne?,では一般の人々はこの状況にどう対応すればいいのでしょうか？,"[{""text"": ""那"", ""type"": ""vocab"", ""py"": ""nà"", ""note"": ""あれ、それ／それなら""}, {""text"": ""普通"", ""type"": ""vocab"", ""py"": ""pǔtōng"", ""note"": ""普通の""}, {""text"": ""老百姓"", ""type"": ""vocab"", ""py"": ""lǎobǎixìng"", ""note"": ""一般庶民""}, {""text"": ""应该"", ""type"": ""grammar"", ""py"": ""yīnggāi"", ""note"": ""「〜すべきだ」という当然・義務を表す助動詞。""}, {""text"": ""怎么"", ""type"": ""grammar"", ""py"": ""zěnme"", ""note"": ""「どうやって、なぜ」を表す疑問詞。""}, {""text"": ""应对"", ""type"": ""vocab"", ""py"": ""yìngduì"", ""note"": ""対応する""}, {""text"": ""这种"", ""type"": ""vocab"", ""py"": ""zhèzhǒng"", ""note"": ""この種の""}, {""text"": ""情况"", ""type"": ""vocab"", ""py"": ""qíngkuàng"", ""note"": ""状況""}, {""text"": ""呢"", ""type"": ""grammar"", ""py"": ""ne"", ""note"": ""疑問文を柔らかくしたり「〜は？」と聞き返すときに使う文末助詞。""}, {""text"": ""？"", ""type"": ""punct""}]",HSKspeaking_practice
252,25,4,王教授,除了控制不必要的开支以外，我建议大家适当地进行一些投资。,"Chúle kòngzhì bú bìyào de kāizhī yǐwài, wǒ jiànyì dàjiā shìdàng de jìnxíng yìxiē tóuzī.",不必要な支出を抑える以外に、適切な範囲で投資を行うことをお勧めします。,"[{""text"": ""除了"", ""type"": ""grammar"", ""py"": ""chúle"", ""note"": ""「〜を除いて、〜のほかに」を表す介詞。「除了…以外…」の形で使う。""}, {""text"": ""控制"", ""type"": ""vocab"", ""py"": ""kòngzhì"", ""note"": ""コントロールする""}, {""text"": ""不必要"", ""type"": ""vocab"", ""py"": ""bùbìyào"", ""note"": ""不必要な""}, {""text"": ""的"", ""type"": ""grammar"", ""py"": ""de"", ""note"": ""名詞を修飾し、所有・限定を表す助詞（〜の）。""}, {""text"": ""开支"", ""type"": ""vocab"", ""py"": ""kāizhī"", ""note"": ""支出""}, {""text"": ""以外"", ""type"": ""grammar"", ""py"": ""yǐwài"", ""note"": ""「〜以外」を表す語。「除了…以外」の形でよく使う。""}, {""text"": ""，"", ""type"": ""punct""}, {""text"": ""我"", ""type"": ""vocab"", ""py"": ""wǒ"", ""note"": ""私""}, {""text"": ""建议"", ""type"": ""vocab"", ""py"": ""jiànyì"", ""note"": ""提案する、提案""}, {""text"": ""大家"", ""type"": ""vocab"", ""py"": ""dàjiā"", ""note"": ""みんな""}, {""text"": ""适当"", ""type"": ""vocab"", ""py"": ""shìdàng"", ""note"": ""適当な、適切な""}, {""text"": ""地"", ""type"": ""grammar"", ""py"": ""dì"", ""note"": ""形容詞や擬態語の後についてどのように動作するかを表す助詞（〜に、〜と）。""}, {""text"": ""进行"", ""type"": ""vocab"", ""py"": ""jìnxíng"", ""note"": ""行う""}, {""text"": ""一些"", ""type"": ""grammar"", ""py"": ""yīxiē"", ""note"": ""「いくつかの、少しの」を表す数量表現。""}, {""text"": ""投资"", ""type"": ""vocab"", ""py"": ""tóuzī"", ""note"": ""投資する""}, {""text"": ""。"", ""type"": ""punct""}]",HSKspeaking_practice
253,25,5,主持人,不过投资也有风险，这方面您有什么建议吗？,"Búguò tóuzī yě yǒu fēngxiǎn, zhè fāngmiàn nín yǒu shénme jiànyì ma?",ただ投資にはリスクもありますが、この点について何かアドバイスはありますか？,"[{""text"": ""不过"", ""type"": ""grammar"", ""py"": ""bùguò"", ""note"": ""「ただし、でも」を表す軽い転換の接続詞。""}, {""text"": ""投资"", ""type"": ""vocab"", ""py"": ""tóuzī"", ""note"": ""投資する""}, {""text"": ""也"", ""type"": ""grammar"", ""py"": ""yě"", ""note"": ""「〜も」を表す副詞。""}, {""text"": ""有"", ""type"": ""grammar"", ""py"": ""yǒu"", ""note"": ""「持っている、ある」を表す動詞。否定形は「没有」。""}, {""text"": ""风险"", ""type"": ""vocab"", ""py"": ""fēngxiǎn"", ""note"": ""リスク""}, {""text"": ""，"", ""type"": ""punct""}, {""text"": ""这方面"", ""type"": ""vocab"", ""py"": ""zhèfāngmiàn"", ""note"": ""この方面、この点""}, {""text"": ""您"", ""type"": ""vocab"", ""py"": ""nín"", ""note"": ""あなた（敬称）""}, {""text"": ""有"", ""type"": ""grammar"", ""py"": ""yǒu"", ""note"": ""「持っている、ある」を表す動詞。否定形は「没有」。""}, {""text"": ""什么"", ""type"": ""vocab"", ""py"": ""shénme"", ""note"": ""何""}, {""text"": ""建议"", ""type"": ""vocab"", ""py"": ""jiànyì"", ""note"": ""提案する、提案""}, {""text"": ""吗"", ""type"": ""grammar"", ""py"": ""ma"", ""note"": ""「はい/いいえ」で答える疑問文を作る文末助詞。""}, {""text"": ""？"", ""type"": ""punct""}]",HSKspeaking_practice
254,25,6,王教授,与其把所有钱投到一个地方，不如分散投资，降低风险。,"Yǔqí bǎ suǒyǒu qián tóudào yí ge dìfang, bùrú fēnsàn tóuzī, jiàngdī fēngxiǎn.",すべてのお金を一箇所に投資するくらいなら、分散投資をしてリスクを下げる方がいいでしょう。,"[{""text"": ""与其"", ""type"": ""grammar"", ""py"": ""yǔqí"", ""note"": ""「〜するくらいなら」を表す接続詞。「与其…不如…」の形で使う。""}, {""text"": ""把"", ""type"": ""grammar"", ""py"": ""bǎ"", ""note"": ""目的語を動詞の前に出し「〜を…する」という処置を表す構文を作る介詞（把構文）。""}, {""text"": ""所有"", ""type"": ""vocab"", ""py"": ""suǒyǒu"", ""note"": ""すべての""}, {""text"": ""钱"", ""type"": ""vocab"", ""py"": ""qián"", ""note"": ""お金""}, {""text"": ""投到"", ""type"": ""vocab"", ""py"": ""tóudào"", ""note"": ""〜に投資する""}, {""text"": ""一个"", ""type"": ""vocab"", ""py"": ""yígè"", ""note"": ""一つ""}, {""text"": ""地方"", ""type"": ""vocab"", ""py"": ""dìfāng"", ""note"": ""場所""}, {""text"": ""，"", ""type"": ""punct""}, {""text"": ""不如"", ""type"": ""grammar"", ""py"": ""bùrú"", ""note"": ""「〜する方がよい」を表す語。「与其…不如…」の形で使う。""}, {""text"": ""分散"", ""type"": ""vocab"", ""py"": ""fēnsàn"", ""note"": ""分散する""}, {""text"": ""投资"", ""type"": ""vocab"", ""py"": ""tóuzī"", ""note"": ""投資する""}, {""text"": ""，"", ""type"": ""punct""}, {""text"": ""降低"", ""type"": ""vocab"", ""py"": ""jiàngdī"", ""note"": ""下げる""}, {""text"": ""风险"", ""type"": ""vocab"", ""py"": ""fēngxiǎn"", ""note"": ""リスク""}, {""text"": ""。"", ""type"": ""punct""}]",HSKspeaking_practice
255,25,7,林方,那对于年轻人来说，现在是不是买房的好时机？,"Nà duìyú niánqīngrén láishuō, xiànzài shì bu shì mǎi fáng de hǎo shíjī?",では若者にとって、今は家を買う良いタイミングでしょうか？,"[{""text"": ""那"", ""type"": ""vocab"", ""py"": ""nà"", ""note"": ""あれ、それ／それなら""}, {""text"": ""对于"", ""type"": ""vocab"", ""py"": ""duìyú"", ""note"": ""〜に対して、〜について""}, {""text"": ""年轻人"", ""type"": ""vocab"", ""py"": ""niánqīngrén"", ""note"": ""若者""}, {""text"": ""来说"", ""type"": ""vocab"", ""py"": ""láishuō"", ""note"": ""（〜にとって）言えば""}, {""text"": ""，"", ""type"": ""punct""}, {""text"": ""现在"", ""type"": ""vocab"", ""py"": ""xiànzài"", ""note"": ""今、現在""}, {""text"": ""是不是"", ""type"": ""grammar"", ""py"": ""shìbúshì"", ""note"": ""「〜かどうか、〜ですよね」と確認する疑問表現。""}, {""text"": ""买房"", ""type"": ""vocab"", ""py"": ""mǎifáng"", ""note"": ""家を買う""}, {""text"": ""的"", ""type"": ""grammar"", ""py"": ""de"", ""note"": ""名詞を修飾し、所有・限定を表す助詞（〜の）。""}, {""text"": ""好时机"", ""type"": ""vocab"", ""py"": ""hǎoshíjī"", ""note"": ""良いタイミング""}, {""text"": ""？"", ""type"": ""punct""}]",HSKspeaking_practice
256,25,8,王教授,这个问题比较复杂，要看每个人的经济状况和所在城市的房价走势。,"Zhège wèntí bǐjiào fùzá, yào kàn měi ge rén de jīngjì zhuàngkuàng hé suǒzài chéngshì de fángjià zǒushì.",これはやや複雑な問題で、それぞれの経済状況や住んでいる都市の不動産価格の動向によります。,"[{""text"": ""这个"", ""type"": ""vocab"", ""py"": ""zhège"", ""note"": ""これ""}, {""text"": ""问题"", ""type"": ""vocab"", ""py"": ""wèntí"", ""note"": ""問題""}, {""text"": ""比较复杂"", ""type"": ""vocab"", ""py"": ""bǐjiàofùzá"", ""note"": ""わりと複雑だ""}, {""text"": ""，"", ""type"": ""punct""}, {""text"": ""要"", ""type"": ""grammar"", ""py"": ""yào"", ""note"": ""「〜したい、〜するつもりだ」という意志・必要を表す助動詞。""}, {""text"": ""看"", ""type"": ""vocab"", ""py"": ""kàn"", ""note"": ""見る""}, {""text"": ""每个"", ""type"": ""vocab"", ""py"": ""měigè"", ""note"": ""それぞれの""}, {""text"": ""人"", ""type"": ""vocab"", ""py"": ""rén"", ""note"": ""人""}, {""text"": ""的"", ""type"": ""grammar"", ""py"": ""de"", ""note"": ""名詞を修飾し、所有・限定を表す助詞（〜の）。""}, {""text"": ""经济"", ""type"": ""vocab"", ""py"": ""jīngjì"", ""note"": ""経済""}, {""text"": ""状况"", ""type"": ""vocab"", ""py"": ""zhuàngkuàng"", ""note"": ""状況""}, {""text"": ""和"", ""type"": ""grammar"", ""py"": ""hé"", ""note"": ""「〜と」を表す接続詞・介詞。""}, {""text"": ""所在城市"", ""type"": ""vocab"", ""py"": ""suǒzàichéngshì"", ""note"": ""所在する都市""}, {""text"": ""的"", ""type"": ""grammar"", ""py"": ""de"", ""note"": ""名詞を修飾し、所有・限定を表す助詞（〜の）。""}, {""text"": ""房价"", ""type"": ""vocab"", ""py"": ""fángjià"", ""note"": ""不動産価格""}, {""text"": ""走势"", ""type"": ""vocab"", ""py"": ""zǒushì"", ""note"": ""動向、トレンド""}, {""text"": ""。"", ""type"": ""punct""}]",HSKspeaking_practice
257,25,9,主持人,最后，您对未来一年的经济走势有什么预测？,"Zuìhòu, nín duì wèilái yì nián de jīngjì zǒushì yǒu shénme yùcè?",最後に、今後1年の経済動向についてどのような予測をお持ちですか？,"[{""text"": ""最后"", ""type"": ""vocab"", ""py"": ""zuìhòu"", ""note"": ""最後に""}, {""text"": ""，"", ""type"": ""punct""}, {""text"": ""您"", ""type"": ""vocab"", ""py"": ""nín"", ""note"": ""あなた（敬称）""}, {""text"": ""对"", ""type"": ""grammar"", ""py"": ""duì"", ""note"": ""「〜に対して」を表す介詞、または「正しい」という意味の形容詞。""}, {""text"": ""未来"", ""type"": ""vocab"", ""py"": ""wèilái"", ""note"": ""未来""}, {""text"": ""一年"", ""type"": ""vocab"", ""py"": ""yīnián"", ""note"": ""1年""}, {""text"": ""的"", ""type"": ""grammar"", ""py"": ""de"", ""note"": ""名詞を修飾し、所有・限定を表す助詞（〜の）。""}, {""text"": ""经济"", ""type"": ""vocab"", ""py"": ""jīngjì"", ""note"": ""経済""}, {""text"": ""走势"", ""type"": ""vocab"", ""py"": ""zǒushì"", ""note"": ""動向、トレンド""}, {""text"": ""有"", ""type"": ""grammar"", ""py"": ""yǒu"", ""note"": ""「持っている、ある」を表す動詞。否定形は「没有」。""}, {""text"": ""什么"", ""type"": ""vocab"", ""py"": ""shénme"", ""note"": ""何""}, {""text"": ""预测"", ""type"": ""vocab"", ""py"": ""yùcè"", ""note"": ""予測する""}, {""text"": ""？"", ""type"": ""punct""}]",HSKspeaking_practice
258,25,10,王教授,我认为经济会逐渐恢复，但是过程可能比较缓慢。,"Wǒ rènwéi jīngjì huì zhújiàn huīfù, dànshì guòchéng kěnéng bǐjiào huǎnmàn.",経済は徐々に回復していくと思いますが、そのプロセスは比較的緩やかなものになるでしょう。,"[{""text"": ""我"", ""type"": ""vocab"", ""py"": ""wǒ"", ""note"": ""私""}, {""text"": ""认为"", ""type"": ""vocab"", ""py"": ""rènwéi"", ""note"": ""〜と考える、思う""}, {""text"": ""经济"", ""type"": ""vocab"", ""py"": ""jīngjì"", ""note"": ""経済""}, {""text"": ""会"", ""type"": ""grammar"", ""py"": ""huì"", ""note"": ""「〜するだろう」「（習得して）〜できる」という可能性・技能を表す助動詞。""}, {""text"": ""逐渐"", ""type"": ""vocab"", ""py"": ""zhújiàn"", ""note"": ""徐々に""}, {""text"": ""恢复"", ""type"": ""vocab"", ""py"": ""huīfù"", ""note"": ""回復する""}, {""text"": ""，"", ""type"": ""punct""}, {""text"": ""但是"", ""type"": ""grammar"", ""py"": ""dànshì"", ""note"": ""「しかし」を表す接続詞。""}, {""text"": ""过程"", ""type"": ""vocab"", ""py"": ""guòchéng"", ""note"": ""プロセス、過程""}, {""text"": ""可能"", ""type"": ""grammar"", ""py"": ""kěnéng"", ""note"": ""「〜かもしれない、〜の可能性がある」ということを表す副詞（助動詞的に使われる）。""}, {""text"": ""比较"", ""type"": ""grammar"", ""py"": ""bǐjiào"", ""note"": ""「わりと、比較的」を表す程度の副詞。""}, {""text"": ""缓慢"", ""type"": ""vocab"", ""py"": ""huǎnmàn"", ""note"": ""緩やかだ""}, {""text"": ""。"", ""type"": ""punct""}]",HSKspeaking_practice
259,25,11,主持人,非常感谢王教授的精彩分享，谢谢您！,"Fēicháng gǎnxiè Wáng jiàoshòu de jīngcǎi fēnxiǎng, xièxie nín!",王教授の素晴らしいお話に感謝いたします、ありがとうございました！,"[{""text"": ""非常感谢"", ""type"": ""vocab"", ""py"": ""fēichánggǎnxiè"", ""note"": ""非常に感謝する""}, {""text"": ""王教授"", ""type"": ""vocab"", ""py"": ""wángjiàoshòu"", ""note"": ""王教授（人名）""}, {""text"": ""的"", ""type"": ""grammar"", ""py"": ""de"", ""note"": ""名詞を修飾し、所有・限定を表す助詞（〜の）。""}, {""text"": ""精彩"", ""type"": ""vocab"", ""py"": ""jīngcǎi"", ""note"": ""素晴らしい""}, {""text"": ""分享"", ""type"": ""vocab"", ""py"": ""fēnxiǎng"", ""note"": ""シェアする、分かち合う""}, {""text"": ""，"", ""type"": ""punct""}, {""text"": ""谢谢您"", ""type"": ""vocab"", ""py"": ""xièxiènín"", ""note"": ""ありがとうございます""}, {""text"": ""！"", ""type"": ""punct""}]",HSKspeaking_practice
260,26,1,陈老师,今天我们讨论一个社会问题：少子化和老龄化。大家有什么看法？,Jīntiān wǒmen tǎolùn yí ge shèhuì wèntí: shǎozǐhuà hé lǎolínghuà. Dàjiā yǒu shénme kànfǎ?,今日は少子化と高齢化という社会問題について話し合います。皆さんはどう考えますか？,"[{""text"": ""今天"", ""type"": ""vocab"", ""py"": ""jīntiān"", ""note"": ""今日""}, {""text"": ""我们"", ""type"": ""vocab"", ""py"": ""wǒmen"", ""note"": ""私たち""}, {""text"": ""讨论"", ""type"": ""vocab"", ""py"": ""tǎolùn"", ""note"": ""討論する""}, {""text"": ""一个"", ""type"": ""vocab"", ""py"": ""yígè"", ""note"": ""一つ""}, {""text"": ""社会"", ""type"": ""vocab"", ""py"": ""shèhuì"", ""note"": ""社会""}, {""text"": ""问题"", ""type"": ""vocab"", ""py"": ""wèntí"", ""note"": ""問題""}, {""text"": ""："", ""type"": ""punct""}, {""text"": ""少子"", ""type"": ""vocab"", ""py"": ""shǎozǐ"", ""note"": ""少子""}, {""text"": ""化"", ""type"": ""vocab"", ""py"": ""huà"", ""note"": ""〜化""}, {""text"": ""和"", ""type"": ""grammar"", ""py"": ""hé"", ""note"": ""「〜と」を表す接続詞・介詞。""}, {""text"": ""老龄化"", ""type"": ""vocab"", ""py"": ""lǎolínghuà"", ""note"": ""高齢化""}, {""text"": ""。"", ""type"": ""punct""}, {""text"": ""大家"", ""type"": ""vocab"", ""py"": ""dàjiā"", ""note"": ""みんな""}, {""text"": ""有"", ""type"": ""grammar"", ""py"": ""yǒu"", ""note"": ""「持っている、ある」を表す動詞。否定形は「没有」。""}, {""text"": ""什么"", ""type"": ""vocab"", ""py"": ""shénme"", ""note"": ""何""}, {""text"": ""看法"", ""type"": ""vocab"", ""py"": ""kànfǎ"", ""note"": ""意見、見方""}, {""text"": ""？"", ""type"": ""punct""}]",HSKspeaking_practice
261,26,2,小雯,我觉得年轻人不愿意生孩子，主要是因为经济压力太大。,"Wǒ juéde niánqīngrén bú yuàn shēng háizi, zhǔyào shì yīnwèi jīngjì yālì tài dà.",若者が子供を産みたがらないのは、主に経済的プレッシャーが大きすぎるからだと思います。,"[{""text"": ""我"", ""type"": ""vocab"", ""py"": ""wǒ"", ""note"": ""私""}, {""text"": ""觉得"", ""type"": ""grammar"", ""py"": ""juéde"", ""note"": ""「〜と思う、感じる」を表す動詞。""}, {""text"": ""年轻人"", ""type"": ""vocab"", ""py"": ""niánqīngrén"", ""note"": ""若者""}, {""text"": ""不"", ""type"": ""grammar"", ""py"": ""bù"", ""note"": ""動詞・形容詞を否定する副詞。""}, {""text"": ""愿意"", ""type"": ""vocab"", ""py"": ""yuànyì"", ""note"": ""〜したいと思う、望む""}, {""text"": ""生"", ""type"": ""vocab"", ""py"": ""shēng"", ""note"": ""産む""}, {""text"": ""孩子"", ""type"": ""vocab"", ""py"": ""háizi"", ""note"": ""子供""}, {""text"": ""，"", ""type"": ""punct""}, {""text"": ""主要"", ""type"": ""vocab"", ""py"": ""zhǔyào"", ""note"": ""主に""}, {""text"": ""是因为"", ""type"": ""vocab"", ""py"": ""shìyīnwèi"", ""note"": ""〜だからだ""}, {""text"": ""经济"", ""type"": ""vocab"", ""py"": ""jīngjì"", ""note"": ""経済""}, {""text"": ""压力"", ""type"": ""vocab"", ""py"": ""yālì"", ""note"": ""プレッシャー、ストレス""}, {""text"": ""太"", ""type"": ""grammar"", ""py"": ""tài"", ""note"": ""「〜すぎる」を表す程度の副詞。「太…了」の形でよく使う。""}, {""text"": ""大"", ""type"": ""vocab"", ""py"": ""dà"", ""note"": ""大きい""}, {""text"": ""。"", ""type"": ""punct""}]",HSKspeaking_practice
262,26,3,大明,不但经济压力大，而且很多人觉得养孩子会影响自己的事业发展。,"Búdàn jīngjì yālì dà, érqiě hěn duō rén juéde yǎng háizi huì yǐngxiǎng zìjǐ de shìyè fāzhǎn.",経済的プレッシャーが大きいだけでなく、子育てが自分のキャリア発展に影響すると考える人も多いです。,"[{""text"": ""不但"", ""type"": ""grammar"", ""py"": ""bùdàn"", ""note"": ""「〜だけでなく」を表す接続詞。「不但…而且…」の形で使う。""}, {""text"": ""经济"", ""type"": ""vocab"", ""py"": ""jīngjì"", ""note"": ""経済""}, {""text"": ""压力"", ""type"": ""vocab"", ""py"": ""yālì"", ""note"": ""プレッシャー、ストレス""}, {""text"": ""大"", ""type"": ""vocab"", ""py"": ""dà"", ""note"": ""大きい""}, {""text"": ""，"", ""type"": ""punct""}, {""text"": ""而且"", ""type"": ""grammar"", ""py"": ""érqiě"", ""note"": ""「その上、しかも」を表す接続詞。「不但…而且…」の形でよく使う。""}, {""text"": ""很多"", ""type"": ""vocab"", ""py"": ""hěnduō"", ""note"": ""多くの""}, {""text"": ""人"", ""type"": ""vocab"", ""py"": ""rén"", ""note"": ""人""}, {""text"": ""觉得"", ""type"": ""grammar"", ""py"": ""juéde"", ""note"": ""「〜と思う、感じる」を表す動詞。""}, {""text"": ""养"", ""type"": ""vocab"", ""py"": ""yǎng"", ""note"": ""育てる""}, {""text"": ""孩子"", ""type"": ""vocab"", ""py"": ""háizi"", ""note"": ""子供""}, {""text"": ""会"", ""type"": ""grammar"", ""py"": ""huì"", ""note"": ""「〜するだろう」「（習得して）〜できる」という可能性・技能を表す助動詞。""}, {""text"": ""影响"", ""type"": ""vocab"", ""py"": ""yǐngxiǎng"", ""note"": ""影響する""}, {""text"": ""自己"", ""type"": ""vocab"", ""py"": ""zìjǐ"", ""note"": ""自分自身""}, {""text"": ""的"", ""type"": ""grammar"", ""py"": ""de"", ""note"": ""名詞を修飾し、所有・限定を表す助詞（〜の）。""}, {""text"": ""事业"", ""type"": ""vocab"", ""py"": ""shìyè"", ""note"": ""キャリア、事業""}, {""text"": ""发展"", ""type"": ""vocab"", ""py"": ""fāzhǎn"", ""note"": ""発展する""}, {""text"": ""。"", ""type"": ""punct""}]",HSKspeaking_practice
263,26,4,陈老师,说得有道理。那么政府应该采取什么措施来应对这个问题呢？,Shuō de yǒu dàolǐ. Nàme zhèngfǔ yīnggāi cǎiqǔ shénme cuòshī lái yìngduì zhège wèntí ne?,なるほど。では政府はこの問題に対処するためにどんな措置を取るべきでしょうか？,"[{""text"": ""说"", ""type"": ""vocab"", ""py"": ""shuō"", ""note"": ""話す、言う""}, {""text"": ""得"", ""type"": ""grammar"", ""py"": ""dé"", ""note"": ""動詞・形容詞の後について程度や結果を表す補語を導く助詞（〜するのが…だ）。文脈により「〜しなければならない(děi)」の助動詞の場合もある。""}, {""text"": ""有"", ""type"": ""grammar"", ""py"": ""yǒu"", ""note"": ""「持っている、ある」を表す動詞。否定形は「没有」。""}, {""text"": ""道理"", ""type"": ""vocab"", ""py"": ""dàolǐ"", ""note"": ""道理、理屈""}, {""text"": ""。"", ""type"": ""punct""}, {""text"": ""那么"", ""type"": ""vocab"", ""py"": ""nàme"", ""note"": ""それでは、それなら""}, {""text"": ""政府"", ""type"": ""vocab"", ""py"": ""zhèngfǔ"", ""note"": ""政府""}, {""text"": ""应该"", ""type"": ""grammar"", ""py"": ""yīnggāi"", ""note"": ""「〜すべきだ」という当然・義務を表す助動詞。""}, {""text"": ""采取"", ""type"": ""vocab"", ""py"": ""cǎiqǔ"", ""note"": ""採る、講じる""}, {""text"": ""什么"", ""type"": ""vocab"", ""py"": ""shénme"", ""note"": ""何""}, {""text"": ""措施"", ""type"": ""vocab"", ""py"": ""cuòshī"", ""note"": ""措置""}, {""text"": ""来"", ""type"": ""vocab"", ""py"": ""lái"", ""note"": ""来る""}, {""text"": ""应对"", ""type"": ""vocab"", ""py"": ""yìngduì"", ""note"": ""対応する""}, {""text"": ""这个"", ""type"": ""vocab"", ""py"": ""zhège"", ""note"": ""これ""}, {""text"": ""问题"", ""type"": ""vocab"", ""py"": ""wèntí"", ""note"": ""問題""}, {""text"": ""呢"", ""type"": ""grammar"", ""py"": ""ne"", ""note"": ""疑問文を柔らかくしたり「〜は？」と聞き返すときに使う文末助詞。""}, {""text"": ""？"", ""type"": ""punct""}]",HSKspeaking_practice
264,26,5,小雯,我认为应该提供更多的育儿补贴和托儿服务。,Wǒ rènwéi yīnggāi tígōng gèng duō de yù'ér bǔtiē hé tuō'ér fúwù.,もっと多くの育児手当と保育サービスを提供すべきだと思います。,"[{""text"": ""我"", ""type"": ""vocab"", ""py"": ""wǒ"", ""note"": ""私""}, {""text"": ""认为"", ""type"": ""vocab"", ""py"": ""rènwéi"", ""note"": ""〜と考える、思う""}, {""text"": ""应该"", ""type"": ""grammar"", ""py"": ""yīnggāi"", ""note"": ""「〜すべきだ」という当然・義務を表す助動詞。""}, {""text"": ""提供"", ""type"": ""vocab"", ""py"": ""tígōng"", ""note"": ""提供する""}, {""text"": ""更"", ""type"": ""grammar"", ""py"": ""gèng"", ""note"": ""「さらに、もっと」を表す程度の副詞（比較を強める）。""}, {""text"": ""多"", ""type"": ""vocab"", ""py"": ""duō"", ""note"": ""多い""}, {""text"": ""的"", ""type"": ""grammar"", ""py"": ""de"", ""note"": ""名詞を修飾し、所有・限定を表す助詞（〜の）。""}, {""text"": ""育儿"", ""type"": ""vocab"", ""py"": ""yùér"", ""note"": ""育児""}, {""text"": ""补贴"", ""type"": ""vocab"", ""py"": ""bǔtiē"", ""note"": ""補助金、手当""}, {""text"": ""和"", ""type"": ""grammar"", ""py"": ""hé"", ""note"": ""「〜と」を表す接続詞・介詞。""}, {""text"": ""托儿"", ""type"": ""vocab"", ""py"": ""tuōér"", ""note"": ""保育""}, {""text"": ""服务"", ""type"": ""vocab"", ""py"": ""fúwù"", ""note"": ""サービス""}, {""text"": ""。"", ""type"": ""punct""}]",HSKspeaking_practice
265,26,6,大明,除此以外，延长产假、鼓励企业提供弹性工作时间也很重要。,"Chúcǐ yǐwài, yáncháng chǎnjià, gǔlì qǐyè tígōng tánxìng gōngzuò shíjiān yě hěn zhòngyào.",それ以外に、産休を延長したり、企業に柔軟な勤務時間を奨励することも重要です。,"[{""text"": ""除此以外"", ""type"": ""grammar"", ""py"": ""chúcǐyǐwài"", ""note"": ""「それ以外に」という意味の表現。話を付け加えるときに使う。""}, {""text"": ""，"", ""type"": ""punct""}, {""text"": ""延长"", ""type"": ""vocab"", ""py"": ""yáncháng"", ""note"": ""延長する""}, {""text"": ""产假"", ""type"": ""vocab"", ""py"": ""chǎnjià"", ""note"": ""産休""}, {""text"": ""、"", ""type"": ""punct""}, {""text"": ""鼓励"", ""type"": ""vocab"", ""py"": ""gǔlì"", ""note"": ""奨励する""}, {""text"": ""企业"", ""type"": ""vocab"", ""py"": ""qǐyè"", ""note"": ""企業""}, {""text"": ""提供"", ""type"": ""vocab"", ""py"": ""tígōng"", ""note"": ""提供する""}, {""text"": ""弹性"", ""type"": ""vocab"", ""py"": ""tánxìng"", ""note"": ""弾力的な、フレキシブルな""}, {""text"": ""工作"", ""type"": ""vocab"", ""py"": ""gōngzuò"", ""note"": ""仕事、働く""}, {""text"": ""时间"", ""type"": ""vocab"", ""py"": ""shíjiān"", ""note"": ""時間""}, {""text"": ""也"", ""type"": ""grammar"", ""py"": ""yě"", ""note"": ""「〜も」を表す副詞。""}, {""text"": ""很"", ""type"": ""grammar"", ""py"": ""hěn"", ""note"": ""「とても」を表す程度の副詞。形容詞文でよく使われる。""}, {""text"": ""重要"", ""type"": ""vocab"", ""py"": ""zhòngyào"", ""note"": ""重要だ""}, {""text"": ""。"", ""type"": ""punct""}]",HSKspeaking_practice
266,26,7,陈老师,至于老龄化问题，你们觉得应该怎么解决？,"Zhìyú lǎolínghuà wèntí, nǐmen juéde yīnggāi zěnme jiějué?",高齢化問題については、どう解決すべきだと思いますか？,"[{""text"": ""至于"", ""type"": ""grammar"", ""py"": ""zhìyú"", ""note"": ""「〜について言えば」と話題を転換する表現。""}, {""text"": ""老龄化"", ""type"": ""vocab"", ""py"": ""lǎolínghuà"", ""note"": ""高齢化""}, {""text"": ""问题"", ""type"": ""vocab"", ""py"": ""wèntí"", ""note"": ""問題""}, {""text"": ""，"", ""type"": ""punct""}, {""text"": ""你们"", ""type"": ""vocab"", ""py"": ""nǐmen"", ""note"": ""あなたたち""}, {""text"": ""觉得"", ""type"": ""grammar"", ""py"": ""juéde"", ""note"": ""「〜と思う、感じる」を表す動詞。""}, {""text"": ""应该"", ""type"": ""grammar"", ""py"": ""yīnggāi"", ""note"": ""「〜すべきだ」という当然・義務を表す助動詞。""}, {""text"": ""怎么"", ""type"": ""grammar"", ""py"": ""zěnme"", ""note"": ""「どうやって、なぜ」を表す疑問詞。""}, {""text"": ""解决"", ""type"": ""vocab"", ""py"": ""jiějué"", ""note"": ""解決する""}, {""text"": ""？"", ""type"": ""punct""}]",HSKspeaking_practice
267,26,8,小雯,无论如何，完善养老保险制度都是最基本的一步。,"Wúlùn rúhé, wánshàn yǎnglǎo bǎoxiǎn zhìdù dōu shì zuì jīběn de yí bù.",いずれにせよ、年金保険制度を整備することが最も基本的な一歩です。,"[{""text"": ""无论如何"", ""type"": ""vocab"", ""py"": ""wúlùnrúhé"", ""note"": ""いずれにせよ""}, {""text"": ""，"", ""type"": ""punct""}, {""text"": ""完善"", ""type"": ""vocab"", ""py"": ""wánshàn"", ""note"": ""整備する、完全にする""}, {""text"": ""养老保险"", ""type"": ""vocab"", ""py"": ""yǎnglǎobǎoxiǎn"", ""note"": ""年金保険""}, {""text"": ""制度"", ""type"": ""vocab"", ""py"": ""zhìdù"", ""note"": ""制度""}, {""text"": ""都"", ""type"": ""grammar"", ""py"": ""dōu"", ""note"": ""「みな、すべて」を表す副詞。""}, {""text"": ""是"", ""type"": ""grammar"", ""py"": ""shì"", ""note"": ""「〜である」を表すbe動詞。""}, {""text"": ""最"", ""type"": ""grammar"", ""py"": ""zuì"", ""note"": ""「もっとも」を表す最上級の副詞。""}, {""text"": ""基本"", ""type"": ""vocab"", ""py"": ""jīběn"", ""note"": ""基本的な""}, {""text"": ""的"", ""type"": ""grammar"", ""py"": ""de"", ""note"": ""名詞を修飾し、所有・限定を表す助詞（〜の）。""}, {""text"": ""一步"", ""type"": ""vocab"", ""py"": ""yībù"", ""note"": ""一歩""}, {""text"": ""。"", ""type"": ""punct""}]",HSKspeaking_practice
268,26,9,大明,尽管这些措施需要时间，但是长远来看是值得投入的。,"Jǐnguǎn zhèxiē cuòshī xūyào shíjiān, dànshì chángyuǎn lái kàn shì zhíde tóurù de.",これらの措置には時間がかかるとはいえ、長期的に見れば投資する価値があります。,"[{""text"": ""尽管"", ""type"": ""grammar"", ""py"": ""jǐnguǎn"", ""note"": ""「〜にもかかわらず」を表す接続詞。「尽管…但是…」の形で使う。""}, {""text"": ""这些"", ""type"": ""vocab"", ""py"": ""zhèxiē"", ""note"": ""これらの""}, {""text"": ""措施"", ""type"": ""vocab"", ""py"": ""cuòshī"", ""note"": ""措置""}, {""text"": ""需要"", ""type"": ""vocab"", ""py"": ""xūyào"", ""note"": ""必要とする""}, {""text"": ""时间"", ""type"": ""vocab"", ""py"": ""shíjiān"", ""note"": ""時間""}, {""text"": ""，"", ""type"": ""punct""}, {""text"": ""但是"", ""type"": ""grammar"", ""py"": ""dànshì"", ""note"": ""「しかし」を表す接続詞。""}, {""text"": ""长远"", ""type"": ""vocab"", ""py"": ""chángyuǎn"", ""note"": ""長期的な""}, {""text"": ""来看"", ""type"": ""vocab"", ""py"": ""láikàn"", ""note"": ""見に来る""}, {""text"": ""是"", ""type"": ""grammar"", ""py"": ""shì"", ""note"": ""「〜である」を表すbe動詞。""}, {""text"": ""值得"", ""type"": ""vocab"", ""py"": ""zhíde"", ""note"": ""〜する価値がある""}, {""text"": ""投入"", ""type"": ""vocab"", ""py"": ""tóurù"", ""note"": ""投入する""}, {""text"": ""的"", ""type"": ""grammar"", ""py"": ""de"", ""note"": ""名詞を修飾し、所有・限定を表す助詞（〜の）。""}, {""text"": ""。"", ""type"": ""punct""}]",HSKspeaking_practice
269,26,10,陈老师,说得很好，希望大家以后能继续关注这个话题。,"Shuō de hěn hǎo, xīwàng dàjiā yǐhòu néng jìxù guānzhù zhège huàtí.",よく言えました、今後もこの話題に関心を持ち続けてほしいです。,"[{""text"": ""说"", ""type"": ""vocab"", ""py"": ""shuō"", ""note"": ""話す、言う""}, {""text"": ""得"", ""type"": ""grammar"", ""py"": ""dé"", ""note"": ""動詞・形容詞の後について程度や結果を表す補語を導く助詞（〜するのが…だ）。文脈により「〜しなければならない(děi)」の助動詞の場合もある。""}, {""text"": ""很"", ""type"": ""grammar"", ""py"": ""hěn"", ""note"": ""「とても」を表す程度の副詞。形容詞文でよく使われる。""}, {""text"": ""好"", ""type"": ""vocab"", ""py"": ""hǎo"", ""note"": ""良い、元気だ""}, {""text"": ""，"", ""type"": ""punct""}, {""text"": ""希望"", ""type"": ""grammar"", ""py"": ""xīwàng"", ""note"": ""「〜を望む」を表す動詞。""}, {""text"": ""大家"", ""type"": ""vocab"", ""py"": ""dàjiā"", ""note"": ""みんな""}, {""text"": ""以后"", ""type"": ""vocab"", ""py"": ""yǐhòu"", ""note"": ""〜以後、これから""}, {""text"": ""能"", ""type"": ""grammar"", ""py"": ""néng"", ""note"": ""「〜できる」という可能を表す助動詞。""}, {""text"": ""继续"", ""type"": ""vocab"", ""py"": ""jìxù"", ""note"": ""続ける""}, {""text"": ""关注"", ""type"": ""vocab"", ""py"": ""guānzhù"", ""note"": ""関心を持つ、注目する""}, {""text"": ""这个"", ""type"": ""vocab"", ""py"": ""zhège"", ""note"": ""これ""}, {""text"": ""话题"", ""type"": ""vocab"", ""py"": ""huàtí"", ""note"": ""話題""}, {""text"": ""。"", ""type"": ""punct""}]",HSKspeaking_practice
270,27,1,主持人,今天我们来聊聊人工智能技术的发展，李博士，您怎么看AI的未来？,"Jīntiān wǒmen lái liáoliao réngōng zhìnéng jìshù de fāzhǎn, Lǐ bóshì, nín zěnme kàn AI de wèilái?",今日は人工知能技術の発展についてお話しします。李博士、AIの未来をどうご覧になっていますか？,"[{""text"": ""今天"", ""type"": ""vocab"", ""py"": ""jīntiān"", ""note"": ""今日""}, {""text"": ""我们"", ""type"": ""vocab"", ""py"": ""wǒmen"", ""note"": ""私たち""}, {""text"": ""来"", ""type"": ""vocab"", ""py"": ""lái"", ""note"": ""来る""}, {""text"": ""聊聊"", ""type"": ""vocab"", ""py"": ""liáoliáo"", ""note"": ""ちょっと話す""}, {""text"": ""人工智能"", ""type"": ""vocab"", ""py"": ""réngōngzhìnéng"", ""note"": ""人工知能""}, {""text"": ""技术"", ""type"": ""vocab"", ""py"": ""jìshù"", ""note"": ""技術""}, {""text"": ""的"", ""type"": ""grammar"", ""py"": ""de"", ""note"": ""名詞を修飾し、所有・限定を表す助詞（〜の）。""}, {""text"": ""发展"", ""type"": ""vocab"", ""py"": ""fāzhǎn"", ""note"": ""発展する""}, {""text"": ""，"", ""type"": ""punct""}, {""text"": ""李博士"", ""type"": ""vocab"", ""py"": ""lǐbóshì"", ""note"": ""李博士（人名）""}, {""text"": ""，"", ""type"": ""punct""}, {""text"": ""您"", ""type"": ""vocab"", ""py"": ""nín"", ""note"": ""あなた（敬称）""}, {""text"": ""怎么"", ""type"": ""grammar"", ""py"": ""zěnme"", ""note"": ""「どうやって、なぜ」を表す疑問詞。""}, {""text"": ""看"", ""type"": ""vocab"", ""py"": ""kàn"", ""note"": ""見る""}, {""text"": ""AI"", ""type"": ""vocab"", ""py"": ""AI"", ""note"": ""AI（人工知能）""}, {""text"": ""的"", ""type"": ""grammar"", ""py"": ""de"", ""note"": ""名詞を修飾し、所有・限定を表す助詞（〜の）。""}, {""text"": ""未来"", ""type"": ""vocab"", ""py"": ""wèilái"", ""note"": ""未来""}, {""text"": ""？"", ""type"": ""punct""}]",HSKspeaking_practice
271,27,2,李博士,我认为AI会逐渐渗透到我们生活的方方面面，改变我们的工作方式。,"Wǒ rènwéi AI huì zhújiàn shèntòu dào wǒmen shēnghuó de fāngfāngmiànmiàn, gǎibiàn wǒmen de gōngzuò fāngshì.",AIは徐々に私たちの生活のあらゆる面に浸透し、働き方を変えていくと考えています。,"[{""text"": ""我"", ""type"": ""vocab"", ""py"": ""wǒ"", ""note"": ""私""}, {""text"": ""认为"", ""type"": ""vocab"", ""py"": ""rènwéi"", ""note"": ""〜と考える、思う""}, {""text"": ""AI"", ""type"": ""vocab"", ""py"": ""AI"", ""note"": ""AI（人工知能）""}, {""text"": ""会"", ""type"": ""grammar"", ""py"": ""huì"", ""note"": ""「〜するだろう」「（習得して）〜できる」という可能性・技能を表す助動詞。""}, {""text"": ""逐渐"", ""type"": ""vocab"", ""py"": ""zhújiàn"", ""note"": ""徐々に""}, {""text"": ""渗透到"", ""type"": ""vocab"", ""py"": ""shèntòudào"", ""note"": ""〜に浸透する""}, {""text"": ""我们"", ""type"": ""vocab"", ""py"": ""wǒmen"", ""note"": ""私たち""}, {""text"": ""生活"", ""type"": ""vocab"", ""py"": ""shēnghuó"", ""note"": ""生活""}, {""text"": ""的"", ""type"": ""grammar"", ""py"": ""de"", ""note"": ""名詞を修飾し、所有・限定を表す助詞（〜の）。""}, {""text"": ""方方面面"", ""type"": ""vocab"", ""py"": ""fāngfāngmiànmiàn"", ""note"": ""あらゆる方面""}, {""text"": ""，"", ""type"": ""punct""}, {""text"": ""改变"", ""type"": ""vocab"", ""py"": ""gǎibiàn"", ""note"": ""変える""}, {""text"": ""我们"", ""type"": ""vocab"", ""py"": ""wǒmen"", ""note"": ""私たち""}, {""text"": ""的"", ""type"": ""grammar"", ""py"": ""de"", ""note"": ""名詞を修飾し、所有・限定を表す助詞（〜の）。""}, {""text"": ""工作"", ""type"": ""vocab"", ""py"": ""gōngzuò"", ""note"": ""仕事、働く""}, {""text"": ""方式"", ""type"": ""vocab"", ""py"": ""fāngshì"", ""note"": ""方式、やり方""}, {""text"": ""。"", ""type"": ""punct""}]",HSKspeaking_practice
272,27,3,阿凯,不过很多人担心AI会取代人类的工作，这个问题您怎么看？,"Búguò hěn duō rén dānxīn AI huì qǔdài rénlèi de gōngzuò, zhège wèntí nín zěnme kàn?",ただ、AIが人間の仕事に取って代わるのではと心配する人も多いですが、この点についてはどうお考えですか？,"[{""text"": ""不过"", ""type"": ""grammar"", ""py"": ""bùguò"", ""note"": ""「ただし、でも」を表す軽い転換の接続詞。""}, {""text"": ""很多"", ""type"": ""vocab"", ""py"": ""hěnduō"", ""note"": ""多くの""}, {""text"": ""人"", ""type"": ""vocab"", ""py"": ""rén"", ""note"": ""人""}, {""text"": ""担心"", ""type"": ""vocab"", ""py"": ""dānxīn"", ""note"": ""心配する""}, {""text"": ""AI"", ""type"": ""vocab"", ""py"": ""AI"", ""note"": ""AI（人工知能）""}, {""text"": ""会"", ""type"": ""grammar"", ""py"": ""huì"", ""note"": ""「〜するだろう」「（習得して）〜できる」という可能性・技能を表す助動詞。""}, {""text"": ""取代"", ""type"": ""vocab"", ""py"": ""qǔdài"", ""note"": ""取って代わる""}, {""text"": ""人类"", ""type"": ""vocab"", ""py"": ""rénlèi"", ""note"": ""人類""}, {""text"": ""的"", ""type"": ""grammar"", ""py"": ""de"", ""note"": ""名詞を修飾し、所有・限定を表す助詞（〜の）。""}, {""text"": ""工作"", ""type"": ""vocab"", ""py"": ""gōngzuò"", ""note"": ""仕事、働く""}, {""text"": ""，"", ""type"": ""punct""}, {""text"": ""这个"", ""type"": ""vocab"", ""py"": ""zhège"", ""note"": ""これ""}, {""text"": ""问题"", ""type"": ""vocab"", ""py"": ""wèntí"", ""note"": ""問題""}, {""text"": ""您"", ""type"": ""vocab"", ""py"": ""nín"", ""note"": ""あなた（敬称）""}, {""text"": ""怎么"", ""type"": ""grammar"", ""py"": ""zěnme"", ""note"": ""「どうやって、なぜ」を表す疑問詞。""}, {""text"": ""看"", ""type"": ""vocab"", ""py"": ""kàn"", ""note"": ""見る""}, {""text"": ""？"", ""type"": ""punct""}]",HSKspeaking_practice
273,27,4,李博士,与其担心被取代，不如学习如何跟AI合作，提高自己的竞争力。,"Yǔqí dānxīn bèi qǔdài, bùrú xuéxí rúhé gēn AI hézuò, tígāo zìjǐ de jìngzhēnglì.",取って代わられることを心配するくらいなら、AIとどう協力するかを学び、自分の競争力を高める方がいいでしょう。,"[{""text"": ""与其"", ""type"": ""grammar"", ""py"": ""yǔqí"", ""note"": ""「〜するくらいなら」を表す接続詞。「与其…不如…」の形で使う。""}, {""text"": ""担心"", ""type"": ""vocab"", ""py"": ""dānxīn"", ""note"": ""心配する""}, {""text"": ""被"", ""type"": ""grammar"", ""py"": ""bèi"", ""note"": ""受身文を作る介詞（「〜される」）。""}, {""text"": ""取代"", ""type"": ""vocab"", ""py"": ""qǔdài"", ""note"": ""取って代わる""}, {""text"": ""，"", ""type"": ""punct""}, {""text"": ""不如"", ""type"": ""grammar"", ""py"": ""bùrú"", ""note"": ""「〜する方がよい」を表す語。「与其…不如…」の形で使う。""}, {""text"": ""学习"", ""type"": ""vocab"", ""py"": ""xuéxí"", ""note"": ""勉強する""}, {""text"": ""如何"", ""type"": ""vocab"", ""py"": ""rúhé"", ""note"": ""どのように""}, {""text"": ""跟"", ""type"": ""grammar"", ""py"": ""gēn"", ""note"": ""「〜と」を表す介詞。一緒に何かをする相手を示す。""}, {""text"": ""AI"", ""type"": ""vocab"", ""py"": ""AI"", ""note"": ""AI（人工知能）""}, {""text"": ""合作"", ""type"": ""vocab"", ""py"": ""hézuò"", ""note"": ""協力する""}, {""text"": ""，"", ""type"": ""punct""}, {""text"": ""提高"", ""type"": ""vocab"", ""py"": ""tígāo"", ""note"": ""高める、向上させる""}, {""text"": ""自己"", ""type"": ""vocab"", ""py"": ""zìjǐ"", ""note"": ""自分自身""}, {""text"": ""的"", ""type"": ""grammar"", ""py"": ""de"", ""note"": ""名詞を修飾し、所有・限定を表す助詞（〜の）。""}, {""text"": ""竞争力"", ""type"": ""vocab"", ""py"": ""jìngzhēnglì"", ""note"": ""競争力""}, {""text"": ""。"", ""type"": ""punct""}]",HSKspeaking_practice
274,27,5,主持人,阿凯，作为工程师，你在实际工作中遇到过什么挑战？,"Ākǎi, zuòwéi gōngchéngshī, nǐ zài shíjì gōngzuò zhōng yùdào guo shénme tiǎozhàn?",阿凱さん、エンジニアとして、実際の仕事でどんな課題に直面したことがありますか？,"[{""text"": ""阿凯"", ""type"": ""vocab"", ""py"": ""ākǎi"", ""note"": ""（人名）""}, {""text"": ""，"", ""type"": ""punct""}, {""text"": ""作为"", ""type"": ""vocab"", ""py"": ""zuòwéi"", ""note"": ""〜として""}, {""text"": ""工程师"", ""type"": ""vocab"", ""py"": ""gōngchéngshī"", ""note"": ""エンジニア""}, {""text"": ""，"", ""type"": ""punct""}, {""text"": ""你"", ""type"": ""vocab"", ""py"": ""nǐ"", ""note"": ""あなた""}, {""text"": ""在"", ""type"": ""grammar"", ""py"": ""zài"", ""note"": ""「〜にいる／ある」を表す動詞、または動詞の前について進行「〜している」を表す。""}, {""text"": ""实际"", ""type"": ""vocab"", ""py"": ""shíjì"", ""note"": ""実際の""}, {""text"": ""工作"", ""type"": ""vocab"", ""py"": ""gōngzuò"", ""note"": ""仕事、働く""}, {""text"": ""中"", ""type"": ""vocab"", ""py"": ""zhōng"", ""note"": ""〜の中で""}, {""text"": ""遇到"", ""type"": ""vocab"", ""py"": ""yùdào"", ""note"": ""出会う、遭遇する""}, {""text"": ""过"", ""type"": ""grammar"", ""py"": ""guò"", ""note"": ""動詞の後について「〜したことがある」という経験を表す助詞。""}, {""text"": ""什么"", ""type"": ""vocab"", ""py"": ""shénme"", ""note"": ""何""}, {""text"": ""挑战"", ""type"": ""vocab"", ""py"": ""tiǎozhàn"", ""note"": ""挑戦、チャレンジ""}, {""text"": ""？"", ""type"": ""punct""}]",HSKspeaking_practice
275,27,6,阿凯,最大的挑战是数据的隐私和安全问题，这方面必须非常谨慎。,"Zuì dà de tiǎozhàn shì shùjù de yǐnsī hé ānquán wèntí, zhè fāngmiàn bìxū fēicháng jǐnshèn.",最大の課題はデータのプライバシーとセキュリティ問題で、この点は非常に慎重でなければなりません。,"[{""text"": ""最大"", ""type"": ""vocab"", ""py"": ""zuìdà"", ""note"": ""最大の""}, {""text"": ""的"", ""type"": ""grammar"", ""py"": ""de"", ""note"": ""名詞を修飾し、所有・限定を表す助詞（〜の）。""}, {""text"": ""挑战"", ""type"": ""vocab"", ""py"": ""tiǎozhàn"", ""note"": ""挑戦、チャレンジ""}, {""text"": ""是"", ""type"": ""grammar"", ""py"": ""shì"", ""note"": ""「〜である」を表すbe動詞。""}, {""text"": ""数据"", ""type"": ""vocab"", ""py"": ""shùjù"", ""note"": ""データ""}, {""text"": ""的"", ""type"": ""grammar"", ""py"": ""de"", ""note"": ""名詞を修飾し、所有・限定を表す助詞（〜の）。""}, {""text"": ""隐私"", ""type"": ""vocab"", ""py"": ""yǐnsī"", ""note"": ""プライバシー""}, {""text"": ""和"", ""type"": ""grammar"", ""py"": ""hé"", ""note"": ""「〜と」を表す接続詞・介詞。""}, {""text"": ""安全"", ""type"": ""vocab"", ""py"": ""ānquán"", ""note"": ""安全""}, {""text"": ""问题"", ""type"": ""vocab"", ""py"": ""wèntí"", ""note"": ""問題""}, {""text"": ""，"", ""type"": ""punct""}, {""text"": ""这方面"", ""type"": ""vocab"", ""py"": ""zhèfāngmiàn"", ""note"": ""この方面、この点""}, {""text"": ""必须"", ""type"": ""vocab"", ""py"": ""bìxū"", ""note"": ""〜しなければならない""}, {""text"": ""非常"", ""type"": ""vocab"", ""py"": ""fēicháng"", ""note"": ""非常に""}, {""text"": ""谨慎"", ""type"": ""vocab"", ""py"": ""jǐnshèn"", ""note"": ""慎重だ""}, {""text"": ""。"", ""type"": ""punct""}]",HSKspeaking_practice
276,27,7,李博士,说得对，无论技术多先进，伦理和法律的规范都不能忽视。,"Shuō de duì, wúlùn jìshù duō xiānjìn, lúnlǐ hé fǎlǜ de guīfàn dōu bù néng hūshì.",おっしゃる通りです、技術がどれだけ先進的であっても、倫理と法律の規範を無視することはできません。,"[{""text"": ""说得对"", ""type"": ""vocab"", ""py"": ""shuōdéduì"", ""note"": ""言う通りだ""}, {""text"": ""，"", ""type"": ""punct""}, {""text"": ""无论"", ""type"": ""grammar"", ""py"": ""wúlùn"", ""note"": ""「〜にかかわらず」を表す接続詞。「无论…都…」の形で使う。""}, {""text"": ""技术"", ""type"": ""vocab"", ""py"": ""jìshù"", ""note"": ""技術""}, {""text"": ""多"", ""type"": ""vocab"", ""py"": ""duō"", ""note"": ""多い""}, {""text"": ""先进"", ""type"": ""vocab"", ""py"": ""xiānjìn"", ""note"": ""先進的な""}, {""text"": ""，"", ""type"": ""punct""}, {""text"": ""伦理"", ""type"": ""vocab"", ""py"": ""lúnlǐ"", ""note"": ""倫理""}, {""text"": ""和"", ""type"": ""grammar"", ""py"": ""hé"", ""note"": ""「〜と」を表す接続詞・介詞。""}, {""text"": ""法律"", ""type"": ""vocab"", ""py"": ""fǎlǜ"", ""note"": ""法律""}, {""text"": ""的"", ""type"": ""grammar"", ""py"": ""de"", ""note"": ""名詞を修飾し、所有・限定を表す助詞（〜の）。""}, {""text"": ""规范"", ""type"": ""vocab"", ""py"": ""guīfàn"", ""note"": ""規範""}, {""text"": ""都"", ""type"": ""grammar"", ""py"": ""dōu"", ""note"": ""「みな、すべて」を表す副詞。""}, {""text"": ""不能"", ""type"": ""vocab"", ""py"": ""bùnéng"", ""note"": ""〜できない""}, {""text"": ""忽视"", ""type"": ""vocab"", ""py"": ""hūshì"", ""note"": ""無視する""}, {""text"": ""。"", ""type"": ""punct""}]",HSKspeaking_practice
277,27,8,主持人,那对于普通人来说，应该如何面对这样的技术变革呢？,"Nà duìyú pǔtōngrén láishuō, yīnggāi rúhé miànduì zhèyàng de jìshù biàngé ne?",では一般の人々は、このような技術変革にどう向き合うべきでしょうか？,"[{""text"": ""那"", ""type"": ""vocab"", ""py"": ""nà"", ""note"": ""あれ、それ／それなら""}, {""text"": ""对于"", ""type"": ""vocab"", ""py"": ""duìyú"", ""note"": ""〜に対して、〜について""}, {""text"": ""普通人"", ""type"": ""vocab"", ""py"": ""pǔtōngrén"", ""note"": ""一般人""}, {""text"": ""来说"", ""type"": ""vocab"", ""py"": ""láishuō"", ""note"": ""（〜にとって）言えば""}, {""text"": ""，"", ""type"": ""punct""}, {""text"": ""应该"", ""type"": ""grammar"", ""py"": ""yīnggāi"", ""note"": ""「〜すべきだ」という当然・義務を表す助動詞。""}, {""text"": ""如何"", ""type"": ""vocab"", ""py"": ""rúhé"", ""note"": ""どのように""}, {""text"": ""面对"", ""type"": ""vocab"", ""py"": ""miànduì"", ""note"": ""向き合う""}, {""text"": ""这样"", ""type"": ""vocab"", ""py"": ""zhèyàng"", ""note"": ""このように""}, {""text"": ""的"", ""type"": ""grammar"", ""py"": ""de"", ""note"": ""名詞を修飾し、所有・限定を表す助詞（〜の）。""}, {""text"": ""技术"", ""type"": ""vocab"", ""py"": ""jìshù"", ""note"": ""技術""}, {""text"": ""变革"", ""type"": ""vocab"", ""py"": ""biàngé"", ""note"": ""変革""}, {""text"": ""呢"", ""type"": ""grammar"", ""py"": ""ne"", ""note"": ""疑問文を柔らかくしたり「〜は？」と聞き返すときに使う文末助詞。""}, {""text"": ""？"", ""type"": ""punct""}]",HSKspeaking_practice
278,27,9,阿凯,我建议大家保持开放的心态，尽早了解和学习相关的知识。,"Wǒ jiànyì dàjiā bǎochí kāifàng de xīntài, jǐnzǎo liǎojiě hé xuéxí xiāngguān de zhīshi.",皆さんにはオープンな姿勢を保ち、できるだけ早く関連知識を理解し学ぶことをお勧めします。,"[{""text"": ""我"", ""type"": ""vocab"", ""py"": ""wǒ"", ""note"": ""私""}, {""text"": ""建议"", ""type"": ""vocab"", ""py"": ""jiànyì"", ""note"": ""提案する、提案""}, {""text"": ""大家"", ""type"": ""vocab"", ""py"": ""dàjiā"", ""note"": ""みんな""}, {""text"": ""保持"", ""type"": ""vocab"", ""py"": ""bǎochí"", ""note"": ""保つ""}, {""text"": ""开放"", ""type"": ""vocab"", ""py"": ""kāifàng"", ""note"": ""オープンな""}, {""text"": ""的"", ""type"": ""grammar"", ""py"": ""de"", ""note"": ""名詞を修飾し、所有・限定を表す助詞（〜の）。""}, {""text"": ""心态"", ""type"": ""vocab"", ""py"": ""xīntài"", ""note"": ""心理状態、マインド""}, {""text"": ""，"", ""type"": ""punct""}, {""text"": ""尽早"", ""type"": ""vocab"", ""py"": ""jǐnzǎo"", ""note"": ""できるだけ早く""}, {""text"": ""了解"", ""type"": ""vocab"", ""py"": ""liǎojiě"", ""note"": ""理解する、把握する""}, {""text"": ""和"", ""type"": ""grammar"", ""py"": ""hé"", ""note"": ""「〜と」を表す接続詞・介詞。""}, {""text"": ""学习"", ""type"": ""vocab"", ""py"": ""xuéxí"", ""note"": ""勉強する""}, {""text"": ""相关"", ""type"": ""vocab"", ""py"": ""xiāngguān"", ""note"": ""関連する""}, {""text"": ""的"", ""type"": ""grammar"", ""py"": ""de"", ""note"": ""名詞を修飾し、所有・限定を表す助詞（〜の）。""}, {""text"": ""知识"", ""type"": ""vocab"", ""py"": ""zhīshí"", ""note"": ""知識""}, {""text"": ""。"", ""type"": ""punct""}]",HSKspeaking_practice
279,27,10,主持人,非常感谢两位的分享，让我们对AI的未来有了更深的了解。,"Fēicháng gǎnxiè liǎng wèi de fēnxiǎng, ràng wǒmen duì AI de wèilái yǒule gèng shēn de liǎojiě.",お二方のお話に感謝します、AIの未来についてより深く理解することができました。,"[{""text"": ""非常感谢"", ""type"": ""vocab"", ""py"": ""fēichánggǎnxiè"", ""note"": ""非常に感謝する""}, {""text"": ""两位"", ""type"": ""vocab"", ""py"": ""liǎngwèi"", ""note"": ""お二方""}, {""text"": ""的"", ""type"": ""grammar"", ""py"": ""de"", ""note"": ""名詞を修飾し、所有・限定を表す助詞（〜の）。""}, {""text"": ""分享"", ""type"": ""vocab"", ""py"": ""fēnxiǎng"", ""note"": ""シェアする、分かち合う""}, {""text"": ""，"", ""type"": ""punct""}, {""text"": ""让"", ""type"": ""grammar"", ""py"": ""ràng"", ""note"": ""「〜させる」使役を表す動詞。""}, {""text"": ""我们"", ""type"": ""vocab"", ""py"": ""wǒmen"", ""note"": ""私たち""}, {""text"": ""对"", ""type"": ""grammar"", ""py"": ""duì"", ""note"": ""「〜に対して」を表す介詞、または「正しい」という意味の形容詞。""}, {""text"": ""AI"", ""type"": ""vocab"", ""py"": ""AI"", ""note"": ""AI（人工知能）""}, {""text"": ""的"", ""type"": ""grammar"", ""py"": ""de"", ""note"": ""名詞を修飾し、所有・限定を表す助詞（〜の）。""}, {""text"": ""未来"", ""type"": ""vocab"", ""py"": ""wèilái"", ""note"": ""未来""}, {""text"": ""有"", ""type"": ""grammar"", ""py"": ""yǒu"", ""note"": ""「持っている、ある」を表す動詞。否定形は「没有」。""}, {""text"": ""了"", ""type"": ""grammar"", ""py"": ""le"", ""note"": ""動作の完了や状態の変化を表す助詞（文末や動詞の直後に置く）。""}, {""text"": ""更深"", ""type"": ""vocab"", ""py"": ""gēngshēn"", ""note"": ""より深く""}, {""text"": ""的"", ""type"": ""grammar"", ""py"": ""de"", ""note"": ""名詞を修飾し、所有・限定を表す助詞（〜の）。""}, {""text"": ""了解"", ""type"": ""vocab"", ""py"": ""liǎojiě"", ""note"": ""理解する、把握する""}, {""text"": ""。"", ""type"": ""punct""}]",HSKspeaking_practice
280,28,1,张部长,今天我们讨论一下公司的工作方式改革，大家有什么想法？,"Jīntiān wǒmen tǎolùn yíxià gōngsī de gōngzuò fāngshì gǎigé, dàjiā yǒu shénme xiǎngfǎ?",今日は会社の働き方改革について話し合いましょう。皆さんはどう思いますか？,"[{""text"": ""今天"", ""type"": ""vocab"", ""py"": ""jīntiān"", ""note"": ""今日""}, {""text"": ""我们"", ""type"": ""vocab"", ""py"": ""wǒmen"", ""note"": ""私たち""}, {""text"": ""讨论一下"", ""type"": ""vocab"", ""py"": ""tǎolùnyīxià"", ""note"": ""ちょっと議論する""}, {""text"": ""公司"", ""type"": ""vocab"", ""py"": ""gōngsī"", ""note"": ""会社""}, {""text"": ""的"", ""type"": ""grammar"", ""py"": ""de"", ""note"": ""名詞を修飾し、所有・限定を表す助詞（〜の）。""}, {""text"": ""工作"", ""type"": ""vocab"", ""py"": ""gōngzuò"", ""note"": ""仕事、働く""}, {""text"": ""方式"", ""type"": ""vocab"", ""py"": ""fāngshì"", ""note"": ""方式、やり方""}, {""text"": ""改革"", ""type"": ""vocab"", ""py"": ""gǎigé"", ""note"": ""改革する""}, {""text"": ""，"", ""type"": ""punct""}, {""text"": ""大家"", ""type"": ""vocab"", ""py"": ""dàjiā"", ""note"": ""みんな""}, {""text"": ""有"", ""type"": ""grammar"", ""py"": ""yǒu"", ""note"": ""「持っている、ある」を表す動詞。否定形は「没有」。""}, {""text"": ""什么"", ""type"": ""vocab"", ""py"": ""shénme"", ""note"": ""何""}, {""text"": ""想法"", ""type"": ""vocab"", ""py"": ""xiǎngfǎ"", ""note"": ""考え""}, {""text"": ""？"", ""type"": ""punct""}]",HSKspeaking_practice
281,28,2,小陈,我希望公司能提供更灵活的上下班时间。,Wǒ xīwàng gōngsī néng tígōng gèng línghuó de shàngxiàbān shíjiān.,もっと柔軟な出退勤時間を提供してもらえたらと思います。,"[{""text"": ""我"", ""type"": ""vocab"", ""py"": ""wǒ"", ""note"": ""私""}, {""text"": ""希望"", ""type"": ""grammar"", ""py"": ""xīwàng"", ""note"": ""「〜を望む」を表す動詞。""}, {""text"": ""公司"", ""type"": ""vocab"", ""py"": ""gōngsī"", ""note"": ""会社""}, {""text"": ""能"", ""type"": ""grammar"", ""py"": ""néng"", ""note"": ""「〜できる」という可能を表す助動詞。""}, {""text"": ""提供"", ""type"": ""vocab"", ""py"": ""tígōng"", ""note"": ""提供する""}, {""text"": ""更"", ""type"": ""grammar"", ""py"": ""gèng"", ""note"": ""「さらに、もっと」を表す程度の副詞（比較を強める）。""}, {""text"": ""灵活"", ""type"": ""vocab"", ""py"": ""línghuó"", ""note"": ""柔軟な""}, {""text"": ""的"", ""type"": ""grammar"", ""py"": ""de"", ""note"": ""名詞を修飾し、所有・限定を表す助詞（〜の）。""}, {""text"": ""上下班"", ""type"": ""vocab"", ""py"": ""shàngxiàbān"", ""note"": ""出退勤""}, {""text"": ""时间"", ""type"": ""vocab"", ""py"": ""shíjiān"", ""note"": ""時間""}, {""text"": ""。"", ""type"": ""punct""}]",HSKspeaking_practice
282,28,3,阿美,我同意，而且我认为远程办公的比例也应该适当增加。,"Wǒ tóngyì, érqiě wǒ rènwéi yuǎnchéng bàngōng de bǐlì yě yīnggāi shìdàng zēngjiā.",同感です、それにリモートワークの割合も適度に増やすべきだと思います。,"[{""text"": ""我"", ""type"": ""vocab"", ""py"": ""wǒ"", ""note"": ""私""}, {""text"": ""同意"", ""type"": ""vocab"", ""py"": ""tóngyì"", ""note"": ""同意する""}, {""text"": ""，"", ""type"": ""punct""}, {""text"": ""而且"", ""type"": ""grammar"", ""py"": ""érqiě"", ""note"": ""「その上、しかも」を表す接続詞。「不但…而且…」の形でよく使う。""}, {""text"": ""我"", ""type"": ""vocab"", ""py"": ""wǒ"", ""note"": ""私""}, {""text"": ""认为"", ""type"": ""vocab"", ""py"": ""rènwéi"", ""note"": ""〜と考える、思う""}, {""text"": ""远程"", ""type"": ""vocab"", ""py"": ""yuǎnchéng"", ""note"": ""リモート、遠隔""}, {""text"": ""办公"", ""type"": ""vocab"", ""py"": ""bàngōng"", ""note"": ""仕事をする、執務する""}, {""text"": ""的"", ""type"": ""grammar"", ""py"": ""de"", ""note"": ""名詞を修飾し、所有・限定を表す助詞（〜の）。""}, {""text"": ""比例"", ""type"": ""vocab"", ""py"": ""bǐlì"", ""note"": ""割合""}, {""text"": ""也"", ""type"": ""grammar"", ""py"": ""yě"", ""note"": ""「〜も」を表す副詞。""}, {""text"": ""应该"", ""type"": ""grammar"", ""py"": ""yīnggāi"", ""note"": ""「〜すべきだ」という当然・義務を表す助動詞。""}, {""text"": ""适当"", ""type"": ""vocab"", ""py"": ""shìdàng"", ""note"": ""適当な、適切な""}, {""text"": ""增加"", ""type"": ""vocab"", ""py"": ""zēngjiā"", ""note"": ""増やす""}, {""text"": ""。"", ""type"": ""punct""}]",HSKspeaking_practice
283,28,4,张部长,远程办公确实能提高一部分员工的效率，不过也有管理上的困难。,"Yuǎnchéng bàngōng quèshí néng tígāo yí bùfen yuángōng de xiàolǜ, búguò yě yǒu guǎnlǐ shàng de kùnnan.",リモートワークは確かに一部の社員の効率を上げますが、管理上の難しさもあります。,"[{""text"": ""远程"", ""type"": ""vocab"", ""py"": ""yuǎnchéng"", ""note"": ""リモート、遠隔""}, {""text"": ""办公"", ""type"": ""vocab"", ""py"": ""bàngōng"", ""note"": ""仕事をする、執務する""}, {""text"": ""确实"", ""type"": ""vocab"", ""py"": ""quèshí"", ""note"": ""確かに""}, {""text"": ""能"", ""type"": ""grammar"", ""py"": ""néng"", ""note"": ""「〜できる」という可能を表す助動詞。""}, {""text"": ""提高"", ""type"": ""vocab"", ""py"": ""tígāo"", ""note"": ""高める、向上させる""}, {""text"": ""一部分"", ""type"": ""vocab"", ""py"": ""yībùfèn"", ""note"": ""一部分""}, {""text"": ""员工"", ""type"": ""vocab"", ""py"": ""yuángōng"", ""note"": ""社員、従業員""}, {""text"": ""的"", ""type"": ""grammar"", ""py"": ""de"", ""note"": ""名詞を修飾し、所有・限定を表す助詞（〜の）。""}, {""text"": ""效率"", ""type"": ""vocab"", ""py"": ""xiàolǜ"", ""note"": ""効率""}, {""text"": ""，"", ""type"": ""punct""}, {""text"": ""不过"", ""type"": ""grammar"", ""py"": ""bùguò"", ""note"": ""「ただし、でも」を表す軽い転換の接続詞。""}, {""text"": ""也"", ""type"": ""grammar"", ""py"": ""yě"", ""note"": ""「〜も」を表す副詞。""}, {""text"": ""有"", ""type"": ""grammar"", ""py"": ""yǒu"", ""note"": ""「持っている、ある」を表す動詞。否定形は「没有」。""}, {""text"": ""管理"", ""type"": ""vocab"", ""py"": ""guǎnlǐ"", ""note"": ""管理する""}, {""text"": ""上"", ""type"": ""vocab"", ""py"": ""shàng"", ""note"": ""上、〜において""}, {""text"": ""的"", ""type"": ""grammar"", ""py"": ""de"", ""note"": ""名詞を修飾し、所有・限定を表す助詞（〜の）。""}, {""text"": ""困难"", ""type"": ""vocab"", ""py"": ""kùnnán"", ""note"": ""困難""}, {""text"": ""。"", ""type"": ""punct""}]",HSKspeaking_practice
284,28,5,小陈,只要设立清楚的目标和考核标准，管理应该不是大问题。,"Zhǐyào shèlì qīngchu de mùbiāo hé kǎohé biāozhǔn, guǎnlǐ yīnggāi bú shì dà wèntí.",明確な目標と評価基準さえ設定すれば、管理はそれほど大きな問題にはならないはずです。,"[{""text"": ""只要"", ""type"": ""grammar"", ""py"": ""zhǐyào"", ""note"": ""「〜さえすれば」を表す接続詞。「只要…就…」の形で使う。""}, {""text"": ""设立"", ""type"": ""vocab"", ""py"": ""shèlì"", ""note"": ""設立する、設定する""}, {""text"": ""清楚"", ""type"": ""vocab"", ""py"": ""qīngchǔ"", ""note"": ""はっきりしている""}, {""text"": ""的"", ""type"": ""grammar"", ""py"": ""de"", ""note"": ""名詞を修飾し、所有・限定を表す助詞（〜の）。""}, {""text"": ""目标"", ""type"": ""vocab"", ""py"": ""mùbiāo"", ""note"": ""目標""}, {""text"": ""和"", ""type"": ""grammar"", ""py"": ""hé"", ""note"": ""「〜と」を表す接続詞・介詞。""}, {""text"": ""考核"", ""type"": ""vocab"", ""py"": ""kǎohé"", ""note"": ""評価、査定""}, {""text"": ""标准"", ""type"": ""vocab"", ""py"": ""biāozhǔn"", ""note"": ""基準""}, {""text"": ""，"", ""type"": ""punct""}, {""text"": ""管理"", ""type"": ""vocab"", ""py"": ""guǎnlǐ"", ""note"": ""管理する""}, {""text"": ""应该"", ""type"": ""grammar"", ""py"": ""yīnggāi"", ""note"": ""「〜すべきだ」という当然・義務を表す助動詞。""}, {""text"": ""不是"", ""type"": ""vocab"", ""py"": ""búshì"", ""note"": ""〜ではない""}, {""text"": ""大"", ""type"": ""vocab"", ""py"": ""dà"", ""note"": ""大きい""}, {""text"": ""问题"", ""type"": ""vocab"", ""py"": ""wèntí"", ""note"": ""問題""}, {""text"": ""。"", ""type"": ""punct""}]",HSKspeaking_practice
285,28,6,阿美,除了办公方式以外，我们也希望能减少不必要的会议。,"Chúle bàngōng fāngshì yǐwài, wǒmen yě xīwàng néng jiǎnshǎo bú bìyào de huìyì.",働き方以外に、不必要な会議を減らしてもらえたらとも思います。,"[{""text"": ""除了"", ""type"": ""grammar"", ""py"": ""chúle"", ""note"": ""「〜を除いて、〜のほかに」を表す介詞。「除了…以外…」の形で使う。""}, {""text"": ""办公"", ""type"": ""vocab"", ""py"": ""bàngōng"", ""note"": ""仕事をする、執務する""}, {""text"": ""方式"", ""type"": ""vocab"", ""py"": ""fāngshì"", ""note"": ""方式、やり方""}, {""text"": ""以外"", ""type"": ""grammar"", ""py"": ""yǐwài"", ""note"": ""「〜以外」を表す語。「除了…以外」の形でよく使う。""}, {""text"": ""，"", ""type"": ""punct""}, {""text"": ""我们"", ""type"": ""vocab"", ""py"": ""wǒmen"", ""note"": ""私たち""}, {""text"": ""也"", ""type"": ""grammar"", ""py"": ""yě"", ""note"": ""「〜も」を表す副詞。""}, {""text"": ""希望"", ""type"": ""grammar"", ""py"": ""xīwàng"", ""note"": ""「〜を望む」を表す動詞。""}, {""text"": ""能"", ""type"": ""grammar"", ""py"": ""néng"", ""note"": ""「〜できる」という可能を表す助動詞。""}, {""text"": ""减少"", ""type"": ""vocab"", ""py"": ""jiǎnshǎo"", ""note"": ""減らす""}, {""text"": ""不必要"", ""type"": ""vocab"", ""py"": ""bùbìyào"", ""note"": ""不必要な""}, {""text"": ""的"", ""type"": ""grammar"", ""py"": ""de"", ""note"": ""名詞を修飾し、所有・限定を表す助詞（〜の）。""}, {""text"": ""会议"", ""type"": ""vocab"", ""py"": ""huìyì"", ""note"": ""会議""}, {""text"": ""。"", ""type"": ""punct""}]",HSKspeaking_practice
286,28,7,张部长,这个建议很好，我会跟各部门沟通，尽量精简会议流程。,"Zhège jiànyì hěn hǎo, wǒ huì gēn gè bùmén gōutōng, jǐnliàng jīngjiǎn huìyì liúchéng.",良い提案ですね、各部署と連携して、できるだけ会議のプロセスを簡素化するようにします。,"[{""text"": ""这个"", ""type"": ""vocab"", ""py"": ""zhège"", ""note"": ""これ""}, {""text"": ""建议"", ""type"": ""vocab"", ""py"": ""jiànyì"", ""note"": ""提案する、提案""}, {""text"": ""很"", ""type"": ""grammar"", ""py"": ""hěn"", ""note"": ""「とても」を表す程度の副詞。形容詞文でよく使われる。""}, {""text"": ""好"", ""type"": ""vocab"", ""py"": ""hǎo"", ""note"": ""良い、元気だ""}, {""text"": ""，"", ""type"": ""punct""}, {""text"": ""我会"", ""type"": ""vocab"", ""py"": ""wǒhuì"", ""note"": ""私は〜します""}, {""text"": ""跟"", ""type"": ""grammar"", ""py"": ""gēn"", ""note"": ""「〜と」を表す介詞。一緒に何かをする相手を示す。""}, {""text"": ""各"", ""type"": ""vocab"", ""py"": ""gè"", ""note"": ""それぞれの""}, {""text"": ""部门"", ""type"": ""vocab"", ""py"": ""bùmén"", ""note"": ""部署""}, {""text"": ""沟通"", ""type"": ""vocab"", ""py"": ""gōutōng"", ""note"": ""コミュニケーションを取る""}, {""text"": ""，"", ""type"": ""punct""}, {""text"": ""尽量"", ""type"": ""vocab"", ""py"": ""jǐnliàng"", ""note"": ""できるだけ""}, {""text"": ""精简"", ""type"": ""vocab"", ""py"": ""jīngjiǎn"", ""note"": ""簡素化する""}, {""text"": ""会议"", ""type"": ""vocab"", ""py"": ""huìyì"", ""note"": ""会議""}, {""text"": ""流程"", ""type"": ""vocab"", ""py"": ""liúchéng"", ""note"": ""プロセス、流れ""}, {""text"": ""。"", ""type"": ""punct""}]",HSKspeaking_practice
287,28,8,小陈,谢谢部长的理解，这样大家的工作效率应该会提高不少。,"Xièxie bùzhǎng de lǐjiě, zhèyàng dàjiā de gōngzuò xiàolǜ yīnggāi huì tígāo bù shǎo.",ご理解ありがとうございます、これでみんなの仕事の効率がかなり上がるはずです。,"[{""text"": ""谢谢"", ""type"": ""vocab"", ""py"": ""xièxiè"", ""note"": ""ありがとう""}, {""text"": ""部长"", ""type"": ""vocab"", ""py"": ""bùzhǎng"", ""note"": ""部長""}, {""text"": ""的"", ""type"": ""grammar"", ""py"": ""de"", ""note"": ""名詞を修飾し、所有・限定を表す助詞（〜の）。""}, {""text"": ""理解"", ""type"": ""vocab"", ""py"": ""lǐjiě"", ""note"": ""理解する""}, {""text"": ""，"", ""type"": ""punct""}, {""text"": ""这样"", ""type"": ""vocab"", ""py"": ""zhèyàng"", ""note"": ""このように""}, {""text"": ""大家"", ""type"": ""vocab"", ""py"": ""dàjiā"", ""note"": ""みんな""}, {""text"": ""的"", ""type"": ""grammar"", ""py"": ""de"", ""note"": ""名詞を修飾し、所有・限定を表す助詞（〜の）。""}, {""text"": ""工作效率"", ""type"": ""vocab"", ""py"": ""gōngzuòxiàolǜ"", ""note"": ""仕事の効率""}, {""text"": ""应该"", ""type"": ""grammar"", ""py"": ""yīnggāi"", ""note"": ""「〜すべきだ」という当然・義務を表す助動詞。""}, {""text"": ""会"", ""type"": ""grammar"", ""py"": ""huì"", ""note"": ""「〜するだろう」「（習得して）〜できる」という可能性・技能を表す助動詞。""}, {""text"": ""提高"", ""type"": ""vocab"", ""py"": ""tígāo"", ""note"": ""高める、向上させる""}, {""text"": ""不少"", ""type"": ""vocab"", ""py"": ""bùshǎo"", ""note"": ""少なくない""}, {""text"": ""。"", ""type"": ""punct""}]",HSKspeaking_practice
288,28,9,张部长,我们下个月先试行一个月，然后根据反馈再做调整。,"Wǒmen xià ge yuè xiān shìxíng yí ge yuè, ránhòu gēnjù fǎnkuì zài zuò tiáozhěng.",来月まず1ヶ月試行してみて、その後フィードバックに基づいて調整しましょう。,"[{""text"": ""我们"", ""type"": ""vocab"", ""py"": ""wǒmen"", ""note"": ""私たち""}, {""text"": ""下个月"", ""type"": ""vocab"", ""py"": ""xiàgèyuè"", ""note"": ""来月""}, {""text"": ""先"", ""type"": ""grammar"", ""py"": ""xiān"", ""note"": ""「まず、先に」を表す副詞。""}, {""text"": ""试行"", ""type"": ""vocab"", ""py"": ""shìxíng"", ""note"": ""試行する""}, {""text"": ""一个月"", ""type"": ""vocab"", ""py"": ""yígèyuè"", ""note"": ""1ヶ月""}, {""text"": ""，"", ""type"": ""punct""}, {""text"": ""然后"", ""type"": ""vocab"", ""py"": ""ránhòu"", ""note"": ""それから""}, {""text"": ""根据"", ""type"": ""vocab"", ""py"": ""gēnjù"", ""note"": ""〜に基づいて""}, {""text"": ""反馈"", ""type"": ""vocab"", ""py"": ""fǎnkuì"", ""note"": ""フィードバック""}, {""text"": ""再"", ""type"": ""grammar"", ""py"": ""zài"", ""note"": ""「また、さらに（これから先の繰り返し）」を表す副詞。""}, {""text"": ""做"", ""type"": ""vocab"", ""py"": ""zuò"", ""note"": ""する、作る""}, {""text"": ""调整"", ""type"": ""vocab"", ""py"": ""tiáozhěng"", ""note"": ""調整する""}, {""text"": ""。"", ""type"": ""punct""}]",HSKspeaking_practice
289,28,10,阿美,好的，希望这次改革能真正改善大家的工作和生活平衡。,"Hǎo de, xīwàng zhè cì gǎigé néng zhēnzhèng gǎishàn dàjiā de gōngzuò hé shēnghuó pínghéng.",はい、今回の改革が本当にみんなのワークライフバランスを改善できるといいですね。,"[{""text"": ""好"", ""type"": ""vocab"", ""py"": ""hǎo"", ""note"": ""良い、元気だ""}, {""text"": ""的"", ""type"": ""grammar"", ""py"": ""de"", ""note"": ""名詞を修飾し、所有・限定を表す助詞（〜の）。""}, {""text"": ""，"", ""type"": ""punct""}, {""text"": ""希望"", ""type"": ""grammar"", ""py"": ""xīwàng"", ""note"": ""「〜を望む」を表す動詞。""}, {""text"": ""这次"", ""type"": ""vocab"", ""py"": ""zhècì"", ""note"": ""今回""}, {""text"": ""改革"", ""type"": ""vocab"", ""py"": ""gǎigé"", ""note"": ""改革する""}, {""text"": ""能"", ""type"": ""grammar"", ""py"": ""néng"", ""note"": ""「〜できる」という可能を表す助動詞。""}, {""text"": ""真正"", ""type"": ""vocab"", ""py"": ""zhēnzhèng"", ""note"": ""本当の、真の""}, {""text"": ""改善"", ""type"": ""vocab"", ""py"": ""gǎishàn"", ""note"": ""改善する""}, {""text"": ""大家"", ""type"": ""vocab"", ""py"": ""dàjiā"", ""note"": ""みんな""}, {""text"": ""的"", ""type"": ""grammar"", ""py"": ""de"", ""note"": ""名詞を修飾し、所有・限定を表す助詞（〜の）。""}, {""text"": ""工作"", ""type"": ""vocab"", ""py"": ""gōngzuò"", ""note"": ""仕事、働く""}, {""text"": ""和"", ""type"": ""grammar"", ""py"": ""hé"", ""note"": ""「〜と」を表す接続詞・介詞。""}, {""text"": ""生活"", ""type"": ""vocab"", ""py"": ""shēnghuó"", ""note"": ""生活""}, {""text"": ""平衡"", ""type"": ""vocab"", ""py"": ""pínghéng"", ""note"": ""バランス""}, {""text"": ""。"", ""type"": ""punct""}]",HSKspeaking_practice
290,29,1,小林,阿明，今天天气怎么样？,"Āmíng, jīntiān tiānqì zěnmeyàng?",阿明、今日の天気はどう？,"[{""text"": ""阿明"", ""type"": ""vocab"", ""py"": ""āmíng"", ""note"": ""（人名）""}, {""text"": ""，"", ""type"": ""punct""}, {""text"": ""今天天气"", ""type"": ""vocab"", ""py"": ""jīntiāntiānqì"", ""note"": ""今日の天気""}, {""text"": ""怎么样"", ""type"": ""grammar"", ""py"": ""zěnmeyàng"", ""note"": ""「どうですか」と相手の意見や様子を尋ねる表現。""}, {""text"": ""？"", ""type"": ""punct""}]",HSKspeaking_practice
291,29,2,阿明,今天天气很好，很晴朗。,"Jīntiān tiānqì hěn hǎo, hěn qínglǎng.",今日はいい天気だよ、よく晴れてる。,"[{""text"": ""今天天气"", ""type"": ""vocab"", ""py"": ""jīntiāntiānqì"", ""note"": ""今日の天気""}, {""text"": ""很"", ""type"": ""grammar"", ""py"": ""hěn"", ""note"": ""「とても」を表す程度の副詞。形容詞文でよく使われる。""}, {""text"": ""好"", ""type"": ""vocab"", ""py"": ""hǎo"", ""note"": ""良い、元気だ""}, {""text"": ""，"", ""type"": ""punct""}, {""text"": ""很"", ""type"": ""grammar"", ""py"": ""hěn"", ""note"": ""「とても」を表す程度の副詞。形容詞文でよく使われる。""}, {""text"": ""晴朗"", ""type"": ""vocab"", ""py"": ""qínglǎng"", ""note"": ""晴れ渡っている""}, {""text"": ""。"", ""type"": ""punct""}]",HSKspeaking_practice
292,29,3,小林,太好了，我们去公园吧。,"Tài hǎo le, wǒmen qù gōngyuán ba.",よかった、公園に行こうよ。,"[{""text"": ""太好了"", ""type"": ""vocab"", ""py"": ""tàihǎole"", ""note"": ""よかった！""}, {""text"": ""，"", ""type"": ""punct""}, {""text"": ""我们"", ""type"": ""vocab"", ""py"": ""wǒmen"", ""note"": ""私たち""}, {""text"": ""去"", ""type"": ""vocab"", ""py"": ""qù"", ""note"": ""行く""}, {""text"": ""公园"", ""type"": ""vocab"", ""py"": ""gōngyuán"", ""note"": ""公園""}, {""text"": ""吧"", ""type"": ""grammar"", ""py"": ""ba"", ""note"": ""提案・推量・軽い命令を表す文末助詞（〜しよう、〜でしょう）。""}, {""text"": ""。"", ""type"": ""punct""}]",HSKspeaking_practice
293,29,4,阿明,好啊，不过明天可能下雨。,"Hǎo a, búguò míngtiān kěnéng xiàyǔ.",いいね、でも明日は雨が降るかも。,"[{""text"": ""好"", ""type"": ""vocab"", ""py"": ""hǎo"", ""note"": ""良い、元気だ""}, {""text"": ""啊"", ""type"": ""grammar"", ""py"": ""a"", ""note"": ""感嘆や語気をやわらげる文末助詞。""}, {""text"": ""，"", ""type"": ""punct""}, {""text"": ""不过"", ""type"": ""grammar"", ""py"": ""bùguò"", ""note"": ""「ただし、でも」を表す軽い転換の接続詞。""}, {""text"": ""明天"", ""type"": ""vocab"", ""py"": ""míngtiān"", ""note"": ""明日""}, {""text"": ""可能"", ""type"": ""grammar"", ""py"": ""kěnéng"", ""note"": ""「〜かもしれない、〜の可能性がある」ということを表す副詞（助動詞的に使われる）。""}, {""text"": ""下雨"", ""type"": ""vocab"", ""py"": ""xiàyǔ"", ""note"": ""雨が降る""}, {""text"": ""。"", ""type"": ""punct""}]",HSKspeaking_practice
294,29,5,小林,是吗？那我们今天多玩儿一会儿。,Shì ma? Nà wǒmen jīntiān duō wánr yíhuìr.,そうなの？じゃあ今日はもうちょっと遊ぼう。,"[{""text"": ""是"", ""type"": ""grammar"", ""py"": ""shì"", ""note"": ""「〜である」を表すbe動詞。""}, {""text"": ""吗"", ""type"": ""grammar"", ""py"": ""ma"", ""note"": ""「はい/いいえ」で答える疑問文を作る文末助詞。""}, {""text"": ""？"", ""type"": ""punct""}, {""text"": ""那"", ""type"": ""vocab"", ""py"": ""nà"", ""note"": ""あれ、それ／それなら""}, {""text"": ""我们"", ""type"": ""vocab"", ""py"": ""wǒmen"", ""note"": ""私たち""}, {""text"": ""今天"", ""type"": ""vocab"", ""py"": ""jīntiān"", ""note"": ""今日""}, {""text"": ""多"", ""type"": ""vocab"", ""py"": ""duō"", ""note"": ""多い""}, {""text"": ""玩儿"", ""type"": ""vocab"", ""py"": ""wánér"", ""note"": ""遊ぶ""}, {""text"": ""一会儿"", ""type"": ""vocab"", ""py"": ""yīhuìer"", ""note"": ""しばらく、少しの間""}, {""text"": ""。"", ""type"": ""punct""}]",HSKspeaking_practice
295,29,6,阿明,现在天气不冷也不热。,Xiànzài tiānqì bù lěng yě bú rè.,今は寒くも暑くもないね。,"[{""text"": ""现在"", ""type"": ""vocab"", ""py"": ""xiànzài"", ""note"": ""今、現在""}, {""text"": ""天气"", ""type"": ""vocab"", ""py"": ""tiānqì"", ""note"": ""天気""}, {""text"": ""不冷"", ""type"": ""vocab"", ""py"": ""bùlěng"", ""note"": ""寒くない（不＋冷）""}, {""text"": ""也"", ""type"": ""grammar"", ""py"": ""yě"", ""note"": ""「〜も」を表す副詞。""}, {""text"": ""不"", ""type"": ""grammar"", ""py"": ""bù"", ""note"": ""動詞・形容詞を否定する副詞。""}, {""text"": ""热"", ""type"": ""vocab"", ""py"": ""rè"", ""note"": ""暑い""}, {""text"": ""。"", ""type"": ""punct""}]",HSKspeaking_practice
296,29,7,小林,对，很舒服，特别适合散步。,"Duì, hěn shūfu, tèbié shìhé sànbù.",そうだね、快適で散歩にすごく向いてる。,"[{""text"": ""对"", ""type"": ""grammar"", ""py"": ""duì"", ""note"": ""「〜に対して」を表す介詞、または「正しい」という意味の形容詞。""}, {""text"": ""，"", ""type"": ""punct""}, {""text"": ""很"", ""type"": ""grammar"", ""py"": ""hěn"", ""note"": ""「とても」を表す程度の副詞。形容詞文でよく使われる。""}, {""text"": ""舒服"", ""type"": ""vocab"", ""py"": ""shūfú"", ""note"": ""気分がいい、快適だ""}, {""text"": ""，"", ""type"": ""punct""}, {""text"": ""特别"", ""type"": ""vocab"", ""py"": ""tèbié"", ""note"": ""特に、特別""}, {""text"": ""适合"", ""type"": ""vocab"", ""py"": ""shìhé"", ""note"": ""適合する、合う""}, {""text"": ""散步"", ""type"": ""vocab"", ""py"": ""sànbù"", ""note"": ""散歩する""}, {""text"": ""。"", ""type"": ""punct""}]",HSKspeaking_practice
297,29,8,阿明,我们走吧，带上水和帽子。,"Wǒmen zǒu ba, dàishàng shuǐ hé màozi.",行こう、水と帽子を持っていこう。,"[{""text"": ""我们"", ""type"": ""vocab"", ""py"": ""wǒmen"", ""note"": ""私たち""}, {""text"": ""走"", ""type"": ""vocab"", ""py"": ""zǒu"", ""note"": ""歩く、行く、離れる""}, {""text"": ""吧"", ""type"": ""grammar"", ""py"": ""ba"", ""note"": ""提案・推量・軽い命令を表す文末助詞（〜しよう、〜でしょう）。""}, {""text"": ""，"", ""type"": ""punct""}, {""text"": ""带上"", ""type"": ""vocab"", ""py"": ""dàishàng"", ""note"": ""持っていく""}, {""text"": ""水"", ""type"": ""vocab"", ""py"": ""shuǐ"", ""note"": ""水""}, {""text"": ""和"", ""type"": ""grammar"", ""py"": ""hé"", ""note"": ""「〜と」を表す接続詞・介詞。""}, {""text"": ""帽子"", ""type"": ""vocab"", ""py"": ""màozi"", ""note"": ""帽子""}, {""text"": ""。"", ""type"": ""punct""}]",HSKspeaking_practice
298,29,9,小林,好，出发！,"Hǎo, chūfā!",うん、出発！,"[{""text"": ""好"", ""type"": ""vocab"", ""py"": ""hǎo"", ""note"": ""良い、元気だ""}, {""text"": ""，"", ""type"": ""punct""}, {""text"": ""出发"", ""type"": ""vocab"", ""py"": ""chūfā"", ""note"": ""出発する""}, {""text"": ""！"", ""type"": ""punct""}]",HSKspeaking_practice
299,30,1,娜娜,小刚，你的生日是几月几号？,"Xiǎogāng, nǐ de shēngrì shì jǐ yuè jǐ hào?",小剛、あなたの誕生日は何月何日？,"[{""text"": ""小刚"", ""type"": ""vocab"", ""py"": ""xiǎogāng"", ""note"": ""（人名）""}, {""text"": ""，"", ""type"": ""punct""}, {""text"": ""你"", ""type"": ""vocab"", ""py"": ""nǐ"", ""note"": ""あなた""}, {""text"": ""的"", ""type"": ""grammar"", ""py"": ""de"", ""note"": ""名詞を修飾し、所有・限定を表す助詞（〜の）。""}, {""text"": ""生日"", ""type"": ""vocab"", ""py"": ""shēngrì"", ""note"": ""誕生日""}, {""text"": ""是"", ""type"": ""grammar"", ""py"": ""shì"", ""note"": ""「〜である」を表すbe動詞。""}, {""text"": ""几月"", ""type"": ""vocab"", ""py"": ""jǐyuè"", ""note"": ""何月""}, {""text"": ""几号"", ""type"": ""vocab"", ""py"": ""jǐhào"", ""note"": ""何日""}, {""text"": ""？"", ""type"": ""punct""}]",HSKspeaking_practice
300,30,2,小刚,我的生日是五月十号。,Wǒ de shēngrì shì wǔ yuè shí hào.,僕の誕生日は5月10日だよ。,"[{""text"": ""我"", ""type"": ""vocab"", ""py"": ""wǒ"", ""note"": ""私""}, {""text"": ""的"", ""type"": ""grammar"", ""py"": ""de"", ""note"": ""名詞を修飾し、所有・限定を表す助詞（〜の）。""}, {""text"": ""生日"", ""type"": ""vocab"", ""py"": ""shēngrì"", ""note"": ""誕生日""}, {""text"": ""是"", ""type"": ""grammar"", ""py"": ""shì"", ""note"": ""「〜である」を表すbe動詞。""}, {""text"": ""五月"", ""type"": ""vocab"", ""py"": ""wǔyuè"", ""note"": ""5月""}, {""text"": ""十号"", ""type"": ""vocab"", ""py"": ""shíhào"", ""note"": ""10日""}, {""text"": ""。"", ""type"": ""punct""}]",HSKspeaking_practice
301,30,3,娜娜,那是下个星期呀！,Nà shì xià ge xīngqī ya!,それって来週じゃない！,"[{""text"": ""那"", ""type"": ""vocab"", ""py"": ""nà"", ""note"": ""あれ、それ／それなら""}, {""text"": ""是"", ""type"": ""grammar"", ""py"": ""shì"", ""note"": ""「〜である」を表すbe動詞。""}, {""text"": ""下个星期"", ""type"": ""vocab"", ""py"": ""xiàgèxīngqī"", ""note"": ""来週""}, {""text"": ""呀"", ""type"": ""grammar"", ""py"": ""ya"", ""note"": ""感嘆や語気をやわらげる文末助詞（「啊」と似た働き）。""}, {""text"": ""！"", ""type"": ""punct""}]",HSKspeaking_practice
302,30,4,小刚,对，你的生日呢？,"Duì, nǐ de shēngrì ne?",そう、君の誕生日は？,"[{""text"": ""对"", ""type"": ""grammar"", ""py"": ""duì"", ""note"": ""「〜に対して」を表す介詞、または「正しい」という意味の形容詞。""}, {""text"": ""，"", ""type"": ""punct""}, {""text"": ""你"", ""type"": ""vocab"", ""py"": ""nǐ"", ""note"": ""あなた""}, {""text"": ""的"", ""type"": ""grammar"", ""py"": ""de"", ""note"": ""名詞を修飾し、所有・限定を表す助詞（〜の）。""}, {""text"": ""生日"", ""type"": ""vocab"", ""py"": ""shēngrì"", ""note"": ""誕生日""}, {""text"": ""呢"", ""type"": ""grammar"", ""py"": ""ne"", ""note"": ""疑問文を柔らかくしたり「〜は？」と聞き返すときに使う文末助詞。""}, {""text"": ""？"", ""type"": ""punct""}]",HSKspeaking_practice
303,30,5,娜娜,我的生日是十二月二十号。,Wǒ de shēngrì shì shí'èr yuè èrshí hào.,私の誕生日は12月20日。,"[{""text"": ""我"", ""type"": ""vocab"", ""py"": ""wǒ"", ""note"": ""私""}, {""text"": ""的"", ""type"": ""grammar"", ""py"": ""de"", ""note"": ""名詞を修飾し、所有・限定を表す助詞（〜の）。""}, {""text"": ""生日"", ""type"": ""vocab"", ""py"": ""shēngrì"", ""note"": ""誕生日""}, {""text"": ""是"", ""type"": ""grammar"", ""py"": ""shì"", ""note"": ""「〜である」を表すbe動詞。""}, {""text"": ""十二月"", ""type"": ""vocab"", ""py"": ""shíèryuè"", ""note"": ""12月""}, {""text"": ""二十"", ""type"": ""vocab"", ""py"": ""èrshí"", ""note"": ""20""}, {""text"": ""号"", ""type"": ""vocab"", ""py"": ""hào"", ""note"": ""〜日""}, {""text"": ""。"", ""type"": ""punct""}]",HSKspeaking_practice
304,30,6,小刚,那是冬天，很冷吧？,"Nà shì dōngtiān, hěn lěng ba?",それって冬だね、寒いでしょ？,"[{""text"": ""那"", ""type"": ""vocab"", ""py"": ""nà"", ""note"": ""あれ、それ／それなら""}, {""text"": ""是"", ""type"": ""grammar"", ""py"": ""shì"", ""note"": ""「〜である」を表すbe動詞。""}, {""text"": ""冬天"", ""type"": ""vocab"", ""py"": ""dōngtiān"", ""note"": ""冬""}, {""text"": ""，"", ""type"": ""punct""}, {""text"": ""很"", ""type"": ""grammar"", ""py"": ""hěn"", ""note"": ""「とても」を表す程度の副詞。形容詞文でよく使われる。""}, {""text"": ""冷"", ""type"": ""vocab"", ""py"": ""lěng"", ""note"": ""寒い""}, {""text"": ""吧"", ""type"": ""grammar"", ""py"": ""ba"", ""note"": ""提案・推量・軽い命令を表す文末助詞（〜しよう、〜でしょう）。""}, {""text"": ""？"", ""type"": ""punct""}]",HSKspeaking_practice
305,30,7,娜娜,是啊，不过我很喜欢冬天。,"Shì a, búguò wǒ hěn xǐhuan dōngtiān.",そうだよ、でも私は冬が好きなの。,"[{""text"": ""是"", ""type"": ""grammar"", ""py"": ""shì"", ""note"": ""「〜である」を表すbe動詞。""}, {""text"": ""啊"", ""type"": ""grammar"", ""py"": ""a"", ""note"": ""感嘆や語気をやわらげる文末助詞。""}, {""text"": ""，"", ""type"": ""punct""}, {""text"": ""不过"", ""type"": ""grammar"", ""py"": ""bùguò"", ""note"": ""「ただし、でも」を表す軽い転換の接続詞。""}, {""text"": ""我"", ""type"": ""vocab"", ""py"": ""wǒ"", ""note"": ""私""}, {""text"": ""很"", ""type"": ""grammar"", ""py"": ""hěn"", ""note"": ""「とても」を表す程度の副詞。形容詞文でよく使われる。""}, {""text"": ""喜欢"", ""type"": ""vocab"", ""py"": ""xǐhuān"", ""note"": ""好きだ、気に入る""}, {""text"": ""冬天"", ""type"": ""vocab"", ""py"": ""dōngtiān"", ""note"": ""冬""}, {""text"": ""。"", ""type"": ""punct""}]",HSKspeaking_practice
306,30,8,小刚,下个星期你有空吗？我想请你吃饭。,Xià ge xīngqī nǐ yǒu kòng ma? Wǒ xiǎng qǐng nǐ chīfàn.,来週時間ある？ご飯をおごりたいんだ。,"[{""text"": ""下个星期"", ""type"": ""vocab"", ""py"": ""xiàgèxīngqī"", ""note"": ""来週""}, {""text"": ""你"", ""type"": ""vocab"", ""py"": ""nǐ"", ""note"": ""あなた""}, {""text"": ""有空"", ""type"": ""vocab"", ""py"": ""yǒukòng"", ""note"": ""暇がある、時間がある""}, {""text"": ""吗"", ""type"": ""grammar"", ""py"": ""ma"", ""note"": ""「はい/いいえ」で答える疑問文を作る文末助詞。""}, {""text"": ""？"", ""type"": ""punct""}, {""text"": ""我"", ""type"": ""vocab"", ""py"": ""wǒ"", ""note"": ""私""}, {""text"": ""想"", ""type"": ""grammar"", ""py"": ""xiǎng"", ""note"": ""「〜したい」という願望を表す助動詞。""}, {""text"": ""请"", ""type"": ""vocab"", ""py"": ""qǐng"", ""note"": ""どうぞ〜してください""}, {""text"": ""你"", ""type"": ""vocab"", ""py"": ""nǐ"", ""note"": ""あなた""}, {""text"": ""吃饭"", ""type"": ""vocab"", ""py"": ""chīfàn"", ""note"": ""ご飯を食べる""}, {""text"": ""。"", ""type"": ""punct""}]",HSKspeaking_practice
307,30,9,娜娜,好啊，谢谢你！祝你生日快乐！,"Hǎo a, xièxie nǐ! Zhù nǐ shēngrì kuàilè!",いいよ、ありがとう！お誕生日おめでとう！,"[{""text"": ""好"", ""type"": ""vocab"", ""py"": ""hǎo"", ""note"": ""良い、元気だ""}, {""text"": ""啊"", ""type"": ""grammar"", ""py"": ""a"", ""note"": ""感嘆や語気をやわらげる文末助詞。""}, {""text"": ""，"", ""type"": ""punct""}, {""text"": ""谢谢"", ""type"": ""vocab"", ""py"": ""xièxiè"", ""note"": ""ありがとう""}, {""text"": ""你"", ""type"": ""vocab"", ""py"": ""nǐ"", ""note"": ""あなた""}, {""text"": ""！"", ""type"": ""punct""}, {""text"": ""祝"", ""type"": ""vocab"", ""py"": ""zhù"", ""note"": ""〜を祈る、願う""}, {""text"": ""你"", ""type"": ""vocab"", ""py"": ""nǐ"", ""note"": ""あなた""}, {""text"": ""生日快乐"", ""type"": ""vocab"", ""py"": ""shēngrìkuàilè"", ""note"": ""誕生日おめでとう""}, {""text"": ""！"", ""type"": ""punct""}]",HSKspeaking_practice
308,31,1,小方,阿雪，你喜欢什么颜色？,"Āxuě, nǐ xǐhuan shénme yánsè?",阿雪、何色が好き？,"[{""text"": ""阿雪"", ""type"": ""vocab"", ""py"": ""āxuě"", ""note"": ""（人名）""}, {""text"": ""，"", ""type"": ""punct""}, {""text"": ""你"", ""type"": ""vocab"", ""py"": ""nǐ"", ""note"": ""あなた""}, {""text"": ""喜欢"", ""type"": ""vocab"", ""py"": ""xǐhuān"", ""note"": ""好きだ、気に入る""}, {""text"": ""什么"", ""type"": ""vocab"", ""py"": ""shénme"", ""note"": ""何""}, {""text"": ""颜色"", ""type"": ""vocab"", ""py"": ""yánsè"", ""note"": ""色""}, {""text"": ""？"", ""type"": ""punct""}]",HSKspeaking_practice
309,31,2,阿雪,我喜欢蓝色，你呢？,"Wǒ xǐhuan lánsè, nǐ ne?",私は青が好き、あなたは？,"[{""text"": ""我"", ""type"": ""vocab"", ""py"": ""wǒ"", ""note"": ""私""}, {""text"": ""喜欢"", ""type"": ""vocab"", ""py"": ""xǐhuān"", ""note"": ""好きだ、気に入る""}, {""text"": ""蓝色"", ""type"": ""vocab"", ""py"": ""lánsè"", ""note"": ""青色""}, {""text"": ""，"", ""type"": ""punct""}, {""text"": ""你"", ""type"": ""vocab"", ""py"": ""nǐ"", ""note"": ""あなた""}, {""text"": ""呢"", ""type"": ""grammar"", ""py"": ""ne"", ""note"": ""疑問文を柔らかくしたり「〜は？」と聞き返すときに使う文末助詞。""}, {""text"": ""？"", ""type"": ""punct""}]",HSKspeaking_practice
310,31,3,小方,我最喜欢绿色。,Wǒ zuì xǐhuan lǜsè.,僕は緑が一番好き。,"[{""text"": ""我"", ""type"": ""vocab"", ""py"": ""wǒ"", ""note"": ""私""}, {""text"": ""最"", ""type"": ""grammar"", ""py"": ""zuì"", ""note"": ""「もっとも」を表す最上級の副詞。""}, {""text"": ""喜欢"", ""type"": ""vocab"", ""py"": ""xǐhuān"", ""note"": ""好きだ、気に入る""}, {""text"": ""绿色"", ""type"": ""vocab"", ""py"": ""lǜsè"", ""note"": ""緑色""}, {""text"": ""。"", ""type"": ""punct""}]",HSKspeaking_practice
311,31,4,阿雪,你的衣服也是绿色的吗？,Nǐ de yīfu yě shì lǜsè de ma?,服も緑色なの？,"[{""text"": ""你"", ""type"": ""vocab"", ""py"": ""nǐ"", ""note"": ""あなた""}, {""text"": ""的"", ""type"": ""grammar"", ""py"": ""de"", ""note"": ""名詞を修飾し、所有・限定を表す助詞（〜の）。""}, {""text"": ""衣服"", ""type"": ""vocab"", ""py"": ""yīfú"", ""note"": ""服""}, {""text"": ""也"", ""type"": ""grammar"", ""py"": ""yě"", ""note"": ""「〜も」を表す副詞。""}, {""text"": ""是"", ""type"": ""grammar"", ""py"": ""shì"", ""note"": ""「〜である」を表すbe動詞。""}, {""text"": ""绿色"", ""type"": ""vocab"", ""py"": ""lǜsè"", ""note"": ""緑色""}, {""text"": ""的"", ""type"": ""grammar"", ""py"": ""de"", ""note"": ""名詞を修飾し、所有・限定を表す助詞（〜の）。""}, {""text"": ""吗"", ""type"": ""grammar"", ""py"": ""ma"", ""note"": ""「はい/いいえ」で答える疑問文を作る文末助詞。""}, {""text"": ""？"", ""type"": ""punct""}]",HSKspeaking_practice
312,31,5,小方,对，我很多衣服都是绿色的。,"Duì, wǒ hěn duō yīfu dōu shì lǜsè de.",そう、僕の服は緑色が多いんだ。,"[{""text"": ""对"", ""type"": ""grammar"", ""py"": ""duì"", ""note"": ""「〜に対して」を表す介詞、または「正しい」という意味の形容詞。""}, {""text"": ""，"", ""type"": ""punct""}, {""text"": ""我"", ""type"": ""vocab"", ""py"": ""wǒ"", ""note"": ""私""}, {""text"": ""很多"", ""type"": ""vocab"", ""py"": ""hěnduō"", ""note"": ""多くの""}, {""text"": ""衣服"", ""type"": ""vocab"", ""py"": ""yīfú"", ""note"": ""服""}, {""text"": ""都"", ""type"": ""grammar"", ""py"": ""dōu"", ""note"": ""「みな、すべて」を表す副詞。""}, {""text"": ""是"", ""type"": ""grammar"", ""py"": ""shì"", ""note"": ""「〜である」を表すbe動詞。""}, {""text"": ""绿色"", ""type"": ""vocab"", ""py"": ""lǜsè"", ""note"": ""緑色""}, {""text"": ""的"", ""type"": ""grammar"", ""py"": ""de"", ""note"": ""名詞を修飾し、所有・限定を表す助詞（〜の）。""}, {""text"": ""。"", ""type"": ""punct""}]",HSKspeaking_practice
313,31,6,阿雪,我不喜欢黄色，太亮了。,"Wǒ bù xǐhuan huángsè, tài liàng le.",私は黄色は苦手、明るすぎる。,"[{""text"": ""我"", ""type"": ""vocab"", ""py"": ""wǒ"", ""note"": ""私""}, {""text"": ""不"", ""type"": ""grammar"", ""py"": ""bù"", ""note"": ""動詞・形容詞を否定する副詞。""}, {""text"": ""喜欢"", ""type"": ""vocab"", ""py"": ""xǐhuān"", ""note"": ""好きだ、気に入る""}, {""text"": ""黄色"", ""type"": ""vocab"", ""py"": ""huángsè"", ""note"": ""黄色""}, {""text"": ""，"", ""type"": ""punct""}, {""text"": ""太亮"", ""type"": ""vocab"", ""py"": ""tàiliàng"", ""note"": ""明るすぎる（太＋亮）""}, {""text"": ""了"", ""type"": ""grammar"", ""py"": ""le"", ""note"": ""動作の完了や状態の変化を表す助詞（文末や動詞の直後に置く）。""}, {""text"": ""。"", ""type"": ""punct""}]",HSKspeaking_practice
314,31,7,小方,我觉得黄色也很漂亮啊。,Wǒ juéde huángsè yě hěn piàoliang a.,僕は黄色もきれいだと思うけどな。,"[{""text"": ""我"", ""type"": ""vocab"", ""py"": ""wǒ"", ""note"": ""私""}, {""text"": ""觉得"", ""type"": ""grammar"", ""py"": ""juéde"", ""note"": ""「〜と思う、感じる」を表す動詞。""}, {""text"": ""黄色"", ""type"": ""vocab"", ""py"": ""huángsè"", ""note"": ""黄色""}, {""text"": ""也"", ""type"": ""grammar"", ""py"": ""yě"", ""note"": ""「〜も」を表す副詞。""}, {""text"": ""很漂亮"", ""type"": ""vocab"", ""py"": ""hěnpiàoliàng"", ""note"": ""とても綺麗だ""}, {""text"": ""啊"", ""type"": ""grammar"", ""py"": ""a"", ""note"": ""感嘆や語気をやわらげる文末助詞。""}, {""text"": ""。"", ""type"": ""punct""}]",HSKspeaking_practice
315,31,8,阿雪,那我们买东西的时候颜色不一样。,Nà wǒmen mǎi dōngxi de shíhou yánsè bù yíyàng.,じゃあ買い物する時、色の好みが違うね。,"[{""text"": ""那"", ""type"": ""vocab"", ""py"": ""nà"", ""note"": ""あれ、それ／それなら""}, {""text"": ""我们"", ""type"": ""vocab"", ""py"": ""wǒmen"", ""note"": ""私たち""}, {""text"": ""买"", ""type"": ""vocab"", ""py"": ""mǎi"", ""note"": ""買う""}, {""text"": ""东西"", ""type"": ""vocab"", ""py"": ""dōngxī"", ""note"": ""もの""}, {""text"": ""的"", ""type"": ""grammar"", ""py"": ""de"", ""note"": ""名詞を修飾し、所有・限定を表す助詞（〜の）。""}, {""text"": ""时候"", ""type"": ""vocab"", ""py"": ""shíhòu"", ""note"": ""時、頃""}, {""text"": ""颜色"", ""type"": ""vocab"", ""py"": ""yánsè"", ""note"": ""色""}, {""text"": ""不"", ""type"": ""grammar"", ""py"": ""bù"", ""note"": ""動詞・形容詞を否定する副詞。""}, {""text"": ""一样"", ""type"": ""vocab"", ""py"": ""yīyàng"", ""note"": ""同じ""}, {""text"": ""。"", ""type"": ""punct""}]",HSKspeaking_practice
316,31,9,小方,是啊，这样也挺有意思的。,"Shì a, zhèyàng yě tǐng yǒu yìsi de.",そうだね、それもまた面白いね。,"[{""text"": ""是"", ""type"": ""grammar"", ""py"": ""shì"", ""note"": ""「〜である」を表すbe動詞。""}, {""text"": ""啊"", ""type"": ""grammar"", ""py"": ""a"", ""note"": ""感嘆や語気をやわらげる文末助詞。""}, {""text"": ""，"", ""type"": ""punct""}, {""text"": ""这样"", ""type"": ""vocab"", ""py"": ""zhèyàng"", ""note"": ""このように""}, {""text"": ""也"", ""type"": ""grammar"", ""py"": ""yě"", ""note"": ""「〜も」を表す副詞。""}, {""text"": ""挺"", ""type"": ""grammar"", ""py"": ""tǐng"", ""note"": ""「なかなか、けっこう」を表す口語的な程度副詞。「挺…的」の形でよく使う。""}, {""text"": ""有意思"", ""type"": ""vocab"", ""py"": ""yǒuyìsi"", ""note"": ""面白い""}, {""text"": ""的"", ""type"": ""grammar"", ""py"": ""de"", ""note"": ""名詞を修飾し、所有・限定を表す助詞（〜の）。""}, {""text"": ""。"", ""type"": ""punct""}]",HSKspeaking_practice
317,32,1,小艾,阿龙，你家有小动物吗？,"Ālóng, nǐ jiā yǒu xiǎo dòngwù ma?",阿龍、家にペットはいる？,"[{""text"": ""阿龙"", ""type"": ""vocab"", ""py"": ""ālóng"", ""note"": ""（人名）""}, {""text"": ""，"", ""type"": ""punct""}, {""text"": ""你家"", ""type"": ""vocab"", ""py"": ""nǐjiā"", ""note"": ""あなたの家""}, {""text"": ""有"", ""type"": ""grammar"", ""py"": ""yǒu"", ""note"": ""「持っている、ある」を表す動詞。否定形は「没有」。""}, {""text"": ""小"", ""type"": ""vocab"", ""py"": ""xiǎo"", ""note"": ""小さい""}, {""text"": ""动物"", ""type"": ""vocab"", ""py"": ""dòngwù"", ""note"": ""動物""}, {""text"": ""吗"", ""type"": ""grammar"", ""py"": ""ma"", ""note"": ""「はい/いいえ」で答える疑問文を作る文末助詞。""}, {""text"": ""？"", ""type"": ""punct""}]",HSKspeaking_practice
318,32,2,阿龙,有，我家有一只猫。,"Yǒu, wǒ jiā yǒu yì zhī māo.",いるよ、うちには猫が一匹いる。,"[{""text"": ""有"", ""type"": ""grammar"", ""py"": ""yǒu"", ""note"": ""「持っている、ある」を表す動詞。否定形は「没有」。""}, {""text"": ""，"", ""type"": ""punct""}, {""text"": ""我家"", ""type"": ""vocab"", ""py"": ""wǒjiā"", ""note"": ""私の家""}, {""text"": ""有"", ""type"": ""grammar"", ""py"": ""yǒu"", ""note"": ""「持っている、ある」を表す動詞。否定形は「没有」。""}, {""text"": ""一只"", ""type"": ""vocab"", ""py"": ""yīzhī"", ""note"": ""一匹（量詞）""}, {""text"": ""猫"", ""type"": ""vocab"", ""py"": ""māo"", ""note"": ""猫""}, {""text"": ""。"", ""type"": ""punct""}]",HSKspeaking_practice
319,32,3,小艾,它叫什么名字？,Tā jiào shénme míngzi?,名前は何ていうの？,"[{""text"": ""它"", ""type"": ""vocab"", ""py"": ""tā"", ""note"": ""それ""}, {""text"": ""叫"", ""type"": ""grammar"", ""py"": ""jiào"", ""note"": ""「（人に）〜させる」使役、または「〜という名前だ」を表す動詞。""}, {""text"": ""什么"", ""type"": ""vocab"", ""py"": ""shénme"", ""note"": ""何""}, {""text"": ""名字"", ""type"": ""vocab"", ""py"": ""míngzì"", ""note"": ""名前""}, {""text"": ""？"", ""type"": ""punct""}]",HSKspeaking_practice
320,32,4,阿龙,它叫小白，因为它是白色的。,"Tā jiào Xiǎobái, yīnwèi tā shì báisè de.",小白っていうんだ、白いから。,"[{""text"": ""它"", ""type"": ""vocab"", ""py"": ""tā"", ""note"": ""それ""}, {""text"": ""叫"", ""type"": ""grammar"", ""py"": ""jiào"", ""note"": ""「（人に）〜させる」使役、または「〜という名前だ」を表す動詞。""}, {""text"": ""小白"", ""type"": ""vocab"", ""py"": ""xiǎobái"", ""note"": ""小白（ペットの名前）""}, {""text"": ""，"", ""type"": ""punct""}, {""text"": ""因为"", ""type"": ""grammar"", ""py"": ""yīnwèi"", ""note"": ""「なぜなら、〜なので」と原因を表す接続詞。「因为…所以…」の形でよく使う。""}, {""text"": ""它"", ""type"": ""vocab"", ""py"": ""tā"", ""note"": ""それ""}, {""text"": ""是"", ""type"": ""grammar"", ""py"": ""shì"", ""note"": ""「〜である」を表すbe動詞。""}, {""text"": ""白色"", ""type"": ""vocab"", ""py"": ""báisè"", ""note"": ""白色""}, {""text"": ""的"", ""type"": ""grammar"", ""py"": ""de"", ""note"": ""名詞を修飾し、所有・限定を表す助詞（〜の）。""}, {""text"": ""。"", ""type"": ""punct""}]",HSKspeaking_practice
321,32,5,小艾,真可爱！我家有一只狗。,Zhēn kě'ài! Wǒ jiā yǒu yì zhī gǒu.,可愛い！うちには犬が一匹いるよ。,"[{""text"": ""真"", ""type"": ""vocab"", ""py"": ""zhēn"", ""note"": ""本当に""}, {""text"": ""可爱"", ""type"": ""vocab"", ""py"": ""kěài"", ""note"": ""可愛い""}, {""text"": ""！"", ""type"": ""punct""}, {""text"": ""我家"", ""type"": ""vocab"", ""py"": ""wǒjiā"", ""note"": ""私の家""}, {""text"": ""有"", ""type"": ""grammar"", ""py"": ""yǒu"", ""note"": ""「持っている、ある」を表す動詞。否定形は「没有」。""}, {""text"": ""一只"", ""type"": ""vocab"", ""py"": ""yīzhī"", ""note"": ""一匹（量詞）""}, {""text"": ""狗"", ""type"": ""vocab"", ""py"": ""gǒu"", ""note"": ""犬""}, {""text"": ""。"", ""type"": ""punct""}]",HSKspeaking_practice
322,32,6,阿龙,你的狗叫什么？,Nǐ de gǒu jiào shénme?,君の犬は何て名前？,"[{""text"": ""你"", ""type"": ""vocab"", ""py"": ""nǐ"", ""note"": ""あなた""}, {""text"": ""的"", ""type"": ""grammar"", ""py"": ""de"", ""note"": ""名詞を修飾し、所有・限定を表す助詞（〜の）。""}, {""text"": ""狗叫"", ""type"": ""vocab"", ""py"": ""gǒujiào"", ""note"": ""犬は〜という名前（狗＋叫、叫＝〜と呼ばれる）""}, {""text"": ""什么"", ""type"": ""vocab"", ""py"": ""shénme"", ""note"": ""何""}, {""text"": ""？"", ""type"": ""punct""}]",HSKspeaking_practice
323,32,7,小艾,它叫豆豆，很喜欢跑步。,"Tā jiào Dòudou, hěn xǐhuan pǎobù.",豆豆っていうの、走るのが大好きなんだ。,"[{""text"": ""它"", ""type"": ""vocab"", ""py"": ""tā"", ""note"": ""それ""}, {""text"": ""叫"", ""type"": ""grammar"", ""py"": ""jiào"", ""note"": ""「（人に）〜させる」使役、または「〜という名前だ」を表す動詞。""}, {""text"": ""豆豆"", ""type"": ""vocab"", ""py"": ""dòudòu"", ""note"": ""豆豆（ペットの名前）""}, {""text"": ""，"", ""type"": ""punct""}, {""text"": ""很"", ""type"": ""grammar"", ""py"": ""hěn"", ""note"": ""「とても」を表す程度の副詞。形容詞文でよく使われる。""}, {""text"": ""喜欢"", ""type"": ""vocab"", ""py"": ""xǐhuān"", ""note"": ""好きだ、気に入る""}, {""text"": ""跑步"", ""type"": ""vocab"", ""py"": ""pǎobù"", ""note"": ""走る、ランニングする""}, {""text"": ""。"", ""type"": ""punct""}]",HSKspeaking_practice
324,32,8,阿龙,改天我带小白去找豆豆玩儿吧。,Gǎitiān wǒ dài Xiǎobái qù zhǎo Dòudou wánr ba.,今度小白を連れて豆豆に会いに行くよ。,"[{""text"": ""改天"", ""type"": ""vocab"", ""py"": ""gǎitiān"", ""note"": ""日を改めて、また今度""}, {""text"": ""我带"", ""type"": ""vocab"", ""py"": ""wǒdài"", ""note"": ""私が連れていく（我＋带）""}, {""text"": ""小白"", ""type"": ""vocab"", ""py"": ""xiǎobái"", ""note"": ""小白（ペットの名前）""}, {""text"": ""去"", ""type"": ""vocab"", ""py"": ""qù"", ""note"": ""行く""}, {""text"": ""找"", ""type"": ""vocab"", ""py"": ""zhǎo"", ""note"": ""探す、訪ねる""}, {""text"": ""豆豆"", ""type"": ""vocab"", ""py"": ""dòudòu"", ""note"": ""豆豆（ペットの名前）""}, {""text"": ""玩儿"", ""type"": ""vocab"", ""py"": ""wánér"", ""note"": ""遊ぶ""}, {""text"": ""吧"", ""type"": ""grammar"", ""py"": ""ba"", ""note"": ""提案・推量・軽い命令を表す文末助詞（〜しよう、〜でしょう）。""}, {""text"": ""。"", ""type"": ""punct""}]",HSKspeaking_practice
325,32,9,小艾,好啊，它们一定会成为好朋友。,"Hǎo a, tāmen yídìng huì chéngwéi hǎo péngyou.",いいね、きっと仲良くなれるよ。,"[{""text"": ""好"", ""type"": ""vocab"", ""py"": ""hǎo"", ""note"": ""良い、元気だ""}, {""text"": ""啊"", ""type"": ""grammar"", ""py"": ""a"", ""note"": ""感嘆や語気をやわらげる文末助詞。""}, {""text"": ""，"", ""type"": ""punct""}, {""text"": ""它们"", ""type"": ""vocab"", ""py"": ""tāmen"", ""note"": ""それら（動物などを指す）""}, {""text"": ""一定"", ""type"": ""vocab"", ""py"": ""yídìng"", ""note"": ""必ず、きっと""}, {""text"": ""会"", ""type"": ""grammar"", ""py"": ""huì"", ""note"": ""「〜するだろう」「（習得して）〜できる」という可能性・技能を表す助動詞。""}, {""text"": ""成为"", ""type"": ""vocab"", ""py"": ""chéngwéi"", ""note"": ""〜になる""}, {""text"": ""好"", ""type"": ""vocab"", ""py"": ""hǎo"", ""note"": ""良い、元気だ""}, {""text"": ""朋友"", ""type"": ""vocab"", ""py"": ""péngyǒu"", ""note"": ""友達""}, {""text"": ""。"", ""type"": ""punct""}]",HSKspeaking_practice
326,33,1,阿俊,小娟，你有几个兄弟姐妹？,"Xiǎojuān, nǐ yǒu jǐ ge xiōngdì jiěmèi?",小娟、兄弟姉妹は何人いる？,"[{""text"": ""小娟"", ""type"": ""vocab"", ""py"": ""xiǎojuān"", ""note"": ""（人名）""}, {""text"": ""，"", ""type"": ""punct""}, {""text"": ""你"", ""type"": ""vocab"", ""py"": ""nǐ"", ""note"": ""あなた""}, {""text"": ""有"", ""type"": ""grammar"", ""py"": ""yǒu"", ""note"": ""「持っている、ある」を表す動詞。否定形は「没有」。""}, {""text"": ""几个"", ""type"": ""vocab"", ""py"": ""jǐgè"", ""note"": ""いくつか""}, {""text"": ""兄弟姐妹"", ""type"": ""vocab"", ""py"": ""xiōngdìjiěmèi"", ""note"": ""兄弟姉妹""}, {""text"": ""？"", ""type"": ""punct""}]",HSKspeaking_practice
327,33,2,小娟,我有一个姐姐，没有弟弟妹妹。,"Wǒ yǒu yí ge jiějie, méiyǒu dìdi mèimei.",お姉さんが一人いて、弟や妹はいないよ。,"[{""text"": ""我"", ""type"": ""vocab"", ""py"": ""wǒ"", ""note"": ""私""}, {""text"": ""有"", ""type"": ""grammar"", ""py"": ""yǒu"", ""note"": ""「持っている、ある」を表す動詞。否定形は「没有」。""}, {""text"": ""一个"", ""type"": ""vocab"", ""py"": ""yígè"", ""note"": ""一つ""}, {""text"": ""姐姐"", ""type"": ""vocab"", ""py"": ""jiějiě"", ""note"": ""お姉さん""}, {""text"": ""，"", ""type"": ""punct""}, {""text"": ""没有"", ""type"": ""vocab"", ""py"": ""méiyǒu"", ""note"": ""ない""}, {""text"": ""弟弟"", ""type"": ""vocab"", ""py"": ""dìdi"", ""note"": ""弟""}, {""text"": ""妹妹"", ""type"": ""vocab"", ""py"": ""mèimèi"", ""note"": ""妹""}, {""text"": ""。"", ""type"": ""punct""}]",HSKspeaking_practice
328,33,3,阿俊,你姐姐比你大几岁？,Nǐ jiějie bǐ nǐ dà jǐ suì?,お姉さんは何歳年上？,"[{""text"": ""你"", ""type"": ""vocab"", ""py"": ""nǐ"", ""note"": ""あなた""}, {""text"": ""姐姐"", ""type"": ""vocab"", ""py"": ""jiějiě"", ""note"": ""お姉さん""}, {""text"": ""比"", ""type"": ""grammar"", ""py"": ""bǐ"", ""note"": ""「〜より」を表し、二つのものを比較するときに使う介詞（A比B+形容詞）。""}, {""text"": ""你"", ""type"": ""vocab"", ""py"": ""nǐ"", ""note"": ""あなた""}, {""text"": ""大"", ""type"": ""vocab"", ""py"": ""dà"", ""note"": ""大きい""}, {""text"": ""几岁"", ""type"": ""vocab"", ""py"": ""jǐsuì"", ""note"": ""何歳""}, {""text"": ""？"", ""type"": ""punct""}]",HSKspeaking_practice
329,33,4,小娟,她比我大三岁，今年二十五岁。,"Tā bǐ wǒ dà sān suì, jīnnián èrshíwǔ suì.",3歳年上で、今年25歳だよ。,"[{""text"": ""她"", ""type"": ""vocab"", ""py"": ""tā"", ""note"": ""彼女""}, {""text"": ""比"", ""type"": ""grammar"", ""py"": ""bǐ"", ""note"": ""「〜より」を表し、二つのものを比較するときに使う介詞（A比B+形容詞）。""}, {""text"": ""我"", ""type"": ""vocab"", ""py"": ""wǒ"", ""note"": ""私""}, {""text"": ""大"", ""type"": ""vocab"", ""py"": ""dà"", ""note"": ""大きい""}, {""text"": ""三岁"", ""type"": ""vocab"", ""py"": ""sānsuì"", ""note"": ""3歳""}, {""text"": ""，"", ""type"": ""punct""}, {""text"": ""今年"", ""type"": ""vocab"", ""py"": ""jīnnián"", ""note"": ""今年""}, {""text"": ""二十五岁"", ""type"": ""vocab"", ""py"": ""èrshíwǔsuì"", ""note"": ""25歳""}, {""text"": ""。"", ""type"": ""punct""}]",HSKspeaking_practice
330,33,5,阿俊,你们感情好吗？,Nǐmen gǎnqíng hǎo ma?,仲はいいの？,"[{""text"": ""你们"", ""type"": ""vocab"", ""py"": ""nǐmen"", ""note"": ""あなたたち""}, {""text"": ""感情"", ""type"": ""vocab"", ""py"": ""gǎnqíng"", ""note"": ""感情""}, {""text"": ""好"", ""type"": ""vocab"", ""py"": ""hǎo"", ""note"": ""良い、元気だ""}, {""text"": ""吗"", ""type"": ""grammar"", ""py"": ""ma"", ""note"": ""「はい/いいえ」で答える疑問文を作る文末助詞。""}, {""text"": ""？"", ""type"": ""punct""}]",HSKspeaking_practice
331,33,6,小娟,很好，我们经常一起逛街。,"Hěn hǎo, wǒmen jīngcháng yìqǐ guàngjiē.",すごくいいよ、よく一緒に街をぶらぶらするの。,"[{""text"": ""很"", ""type"": ""grammar"", ""py"": ""hěn"", ""note"": ""「とても」を表す程度の副詞。形容詞文でよく使われる。""}, {""text"": ""好"", ""type"": ""vocab"", ""py"": ""hǎo"", ""note"": ""良い、元気だ""}, {""text"": ""，"", ""type"": ""punct""}, {""text"": ""我们"", ""type"": ""vocab"", ""py"": ""wǒmen"", ""note"": ""私たち""}, {""text"": ""经常"", ""type"": ""vocab"", ""py"": ""jīngcháng"", ""note"": ""よく、しょっちゅう""}, {""text"": ""一起"", ""type"": ""vocab"", ""py"": ""yìqǐ"", ""note"": ""一緒に""}, {""text"": ""逛街"", ""type"": ""vocab"", ""py"": ""guàngjiē"", ""note"": ""街をぶらぶらする、ショッピングする""}, {""text"": ""。"", ""type"": ""punct""}]",HSKspeaking_practice
332,33,7,阿俊,我是家里最小的孩子。,Wǒ shì jiā li zuì xiǎo de háizi.,僕は家で一番下の子なんだ。,"[{""text"": ""我"", ""type"": ""vocab"", ""py"": ""wǒ"", ""note"": ""私""}, {""text"": ""是"", ""type"": ""grammar"", ""py"": ""shì"", ""note"": ""「〜である」を表すbe動詞。""}, {""text"": ""家里"", ""type"": ""vocab"", ""py"": ""jiālǐ"", ""note"": ""家、家の中""}, {""text"": ""最小"", ""type"": ""vocab"", ""py"": ""zuìxiǎo"", ""note"": ""一番下、最年少""}, {""text"": ""的"", ""type"": ""grammar"", ""py"": ""de"", ""note"": ""名詞を修飾し、所有・限定を表す助詞（〜の）。""}, {""text"": ""孩子"", ""type"": ""vocab"", ""py"": ""háizi"", ""note"": ""子供""}, {""text"": ""。"", ""type"": ""punct""}]",HSKspeaking_practice
333,33,8,小娟,那你上边有几个哥哥姐姐？,Nà nǐ shàngbian yǒu jǐ ge gēge jiějie?,じゃあ上にお兄さんお姉さんが何人いるの？,"[{""text"": ""那"", ""type"": ""vocab"", ""py"": ""nà"", ""note"": ""あれ、それ／それなら""}, {""text"": ""你"", ""type"": ""vocab"", ""py"": ""nǐ"", ""note"": ""あなた""}, {""text"": ""上边"", ""type"": ""vocab"", ""py"": ""shàngbiān"", ""note"": ""上のほう""}, {""text"": ""有"", ""type"": ""grammar"", ""py"": ""yǒu"", ""note"": ""「持っている、ある」を表す動詞。否定形は「没有」。""}, {""text"": ""几个"", ""type"": ""vocab"", ""py"": ""jǐgè"", ""note"": ""いくつか""}, {""text"": ""哥哥"", ""type"": ""vocab"", ""py"": ""gēgē"", ""note"": ""お兄さん""}, {""text"": ""姐姐"", ""type"": ""vocab"", ""py"": ""jiějiě"", ""note"": ""お姉さん""}, {""text"": ""？"", ""type"": ""punct""}]",HSKspeaking_practice
334,33,9,阿俊,我有两个哥哥，他们都很照顾我。,"Wǒ yǒu liǎng ge gēge, tāmen dōu hěn zhàogù wǒ.",お兄さんが二人いて、二人ともよく面倒を見てくれるよ。,"[{""text"": ""我"", ""type"": ""vocab"", ""py"": ""wǒ"", ""note"": ""私""}, {""text"": ""有"", ""type"": ""grammar"", ""py"": ""yǒu"", ""note"": ""「持っている、ある」を表す動詞。否定形は「没有」。""}, {""text"": ""两个"", ""type"": ""vocab"", ""py"": ""liǎnggè"", ""note"": ""二つ""}, {""text"": ""哥哥"", ""type"": ""vocab"", ""py"": ""gēgē"", ""note"": ""お兄さん""}, {""text"": ""，"", ""type"": ""punct""}, {""text"": ""他们"", ""type"": ""vocab"", ""py"": ""tāmen"", ""note"": ""彼ら""}, {""text"": ""都"", ""type"": ""grammar"", ""py"": ""dōu"", ""note"": ""「みな、すべて」を表す副詞。""}, {""text"": ""很"", ""type"": ""grammar"", ""py"": ""hěn"", ""note"": ""「とても」を表す程度の副詞。形容詞文でよく使われる。""}, {""text"": ""照顾"", ""type"": ""vocab"", ""py"": ""zhàogù"", ""note"": ""世話をする、大事にする""}, {""text"": ""我"", ""type"": ""vocab"", ""py"": ""wǒ"", ""note"": ""私""}, {""text"": ""。"", ""type"": ""punct""}]",HSKspeaking_practice
335,34,1,小婷,阿超，你不是下周要搬家吗？准备得怎么样了？,"Āchāo, nǐ bú shì xià zhōu yào bānjiā ma? Zhǔnbèi de zěnmeyàng le?",阿超、来週引っ越しじゃなかった？準備はどう？,"[{""text"": ""阿超"", ""type"": ""vocab"", ""py"": ""āchāo"", ""note"": ""（人名）""}, {""text"": ""，"", ""type"": ""punct""}, {""text"": ""你"", ""type"": ""vocab"", ""py"": ""nǐ"", ""note"": ""あなた""}, {""text"": ""不是"", ""type"": ""vocab"", ""py"": ""búshì"", ""note"": ""〜ではない""}, {""text"": ""下周"", ""type"": ""vocab"", ""py"": ""xiàzhōu"", ""note"": ""来週""}, {""text"": ""要"", ""type"": ""grammar"", ""py"": ""yào"", ""note"": ""「〜したい、〜するつもりだ」という意志・必要を表す助動詞。""}, {""text"": ""搬家"", ""type"": ""vocab"", ""py"": ""bānjiā"", ""note"": ""引っ越す""}, {""text"": ""吗"", ""type"": ""grammar"", ""py"": ""ma"", ""note"": ""「はい/いいえ」で答える疑問文を作る文末助詞。""}, {""text"": ""？"", ""type"": ""punct""}, {""text"": ""准备"", ""type"": ""vocab"", ""py"": ""zhǔnbèi"", ""note"": ""準備する""}, {""text"": ""得"", ""type"": ""grammar"", ""py"": ""dé"", ""note"": ""動詞・形容詞の後について程度や結果を表す補語を導く助詞（〜するのが…だ）。文脈により「〜しなければならない(děi)」の助動詞の場合もある。""}, {""text"": ""怎么样"", ""type"": ""grammar"", ""py"": ""zěnmeyàng"", ""note"": ""「どうですか」と相手の意見や様子を尋ねる表現。""}, {""text"": ""了"", ""type"": ""grammar"", ""py"": ""le"", ""note"": ""動作の完了や状態の変化を表す助詞（文末や動詞の直後に置く）。""}, {""text"": ""？"", ""type"": ""punct""}]",HSKspeaking_practice
336,34,2,阿超,还在收拾东西，比我想的麻烦多了。,"Hái zài shōushi dōngxi, bǐ wǒ xiǎng de máfan duō le.",まだ荷物をまとめてる、思ったよりずっと大変だよ。,"[{""text"": ""还"", ""type"": ""grammar"", ""py"": ""hái"", ""note"": ""「まだ、さらに」を表す副詞。""}, {""text"": ""在"", ""type"": ""grammar"", ""py"": ""zài"", ""note"": ""「〜にいる／ある」を表す動詞、または動詞の前について進行「〜している」を表す。""}, {""text"": ""收拾"", ""type"": ""vocab"", ""py"": ""shōushí"", ""note"": ""片付ける""}, {""text"": ""东西"", ""type"": ""vocab"", ""py"": ""dōngxī"", ""note"": ""もの""}, {""text"": ""，"", ""type"": ""punct""}, {""text"": ""比"", ""type"": ""grammar"", ""py"": ""bǐ"", ""note"": ""「〜より」を表し、二つのものを比較するときに使う介詞（A比B+形容詞）。""}, {""text"": ""我"", ""type"": ""vocab"", ""py"": ""wǒ"", ""note"": ""私""}, {""text"": ""想"", ""type"": ""grammar"", ""py"": ""xiǎng"", ""note"": ""「〜したい」という願望を表す助動詞。""}, {""text"": ""的"", ""type"": ""grammar"", ""py"": ""de"", ""note"": ""名詞を修飾し、所有・限定を表す助詞（〜の）。""}, {""text"": ""麻烦"", ""type"": ""vocab"", ""py"": ""máfán"", ""note"": ""面倒をかける、お手数をかける""}, {""text"": ""多"", ""type"": ""vocab"", ""py"": ""duō"", ""note"": ""多い""}, {""text"": ""了"", ""type"": ""grammar"", ""py"": ""le"", ""note"": ""動作の完了や状態の変化を表す助詞（文末や動詞の直後に置く）。""}, {""text"": ""。"", ""type"": ""punct""}]",HSKspeaking_practice
337,34,3,小婷,需要我帮你打包吗？,Xūyào wǒ bāng nǐ dǎbāo ma?,荷造り手伝おうか？,"[{""text"": ""需要"", ""type"": ""vocab"", ""py"": ""xūyào"", ""note"": ""必要とする""}, {""text"": ""我"", ""type"": ""vocab"", ""py"": ""wǒ"", ""note"": ""私""}, {""text"": ""帮"", ""type"": ""vocab"", ""py"": ""bāng"", ""note"": ""手伝う""}, {""text"": ""你"", ""type"": ""vocab"", ""py"": ""nǐ"", ""note"": ""あなた""}, {""text"": ""打包"", ""type"": ""vocab"", ""py"": ""dǎbāo"", ""note"": ""荷造りする、パッキングする""}, {""text"": ""吗"", ""type"": ""grammar"", ""py"": ""ma"", ""note"": ""「はい/いいえ」で答える疑問文を作る文末助詞。""}, {""text"": ""？"", ""type"": ""punct""}]",HSKspeaking_practice
338,34,4,阿超,太好了，谢谢你。书特别多，很占地方。,"Tài hǎo le, xièxie nǐ. Shū tèbié duō, hěn zhàn dìfang.",ありがとう、助かるよ。本がすごく多くて、場所を取るんだ。,"[{""text"": ""太好了"", ""type"": ""vocab"", ""py"": ""tàihǎole"", ""note"": ""よかった！""}, {""text"": ""，"", ""type"": ""punct""}, {""text"": ""谢谢"", ""type"": ""vocab"", ""py"": ""xièxiè"", ""note"": ""ありがとう""}, {""text"": ""你"", ""type"": ""vocab"", ""py"": ""nǐ"", ""note"": ""あなた""}, {""text"": ""。"", ""type"": ""punct""}, {""text"": ""书"", ""type"": ""vocab"", ""py"": ""shū"", ""note"": ""本""}, {""text"": ""特别"", ""type"": ""vocab"", ""py"": ""tèbié"", ""note"": ""特に、特別""}, {""text"": ""多"", ""type"": ""vocab"", ""py"": ""duō"", ""note"": ""多い""}, {""text"": ""，"", ""type"": ""punct""}, {""text"": ""很"", ""type"": ""grammar"", ""py"": ""hěn"", ""note"": ""「とても」を表す程度の副詞。形容詞文でよく使われる。""}, {""text"": ""占"", ""type"": ""vocab"", ""py"": ""zhàn"", ""note"": ""占める、場所を取る""}, {""text"": ""地方"", ""type"": ""vocab"", ""py"": ""dìfāng"", ""note"": ""場所""}, {""text"": ""。"", ""type"": ""punct""}]",HSKspeaking_practice
339,34,5,小婷,你联系搬家公司了吗？,Nǐ liánxì bānjiā gōngsī le ma?,引っ越し業者には連絡した？,"[{""text"": ""你"", ""type"": ""vocab"", ""py"": ""nǐ"", ""note"": ""あなた""}, {""text"": ""联系"", ""type"": ""vocab"", ""py"": ""liánxì"", ""note"": ""連絡する""}, {""text"": ""搬家"", ""type"": ""vocab"", ""py"": ""bānjiā"", ""note"": ""引っ越す""}, {""text"": ""公司"", ""type"": ""vocab"", ""py"": ""gōngsī"", ""note"": ""会社""}, {""text"": ""了"", ""type"": ""grammar"", ""py"": ""le"", ""note"": ""動作の完了や状態の変化を表す助詞（文末や動詞の直後に置く）。""}, {""text"": ""吗"", ""type"": ""grammar"", ""py"": ""ma"", ""note"": ""「はい/いいえ」で答える疑問文を作る文末助詞。""}, {""text"": ""？"", ""type"": ""punct""}]",HSKspeaking_practice
340,34,6,阿超,联系了，他们星期六早上九点来。,"Liánxì le, tāmen xīngqīliù zǎoshang jiǔ diǎn lái.",したよ、土曜日の朝9時に来るって。,"[{""text"": ""联系"", ""type"": ""vocab"", ""py"": ""liánxì"", ""note"": ""連絡する""}, {""text"": ""了"", ""type"": ""grammar"", ""py"": ""le"", ""note"": ""動作の完了や状態の変化を表す助詞（文末や動詞の直後に置く）。""}, {""text"": ""，"", ""type"": ""punct""}, {""text"": ""他们"", ""type"": ""vocab"", ""py"": ""tāmen"", ""note"": ""彼ら""}, {""text"": ""星期六"", ""type"": ""vocab"", ""py"": ""xīngqīliù"", ""note"": ""土曜日""}, {""text"": ""早上"", ""type"": ""vocab"", ""py"": ""zǎoshàng"", ""note"": ""朝""}, {""text"": ""九点"", ""type"": ""vocab"", ""py"": ""jiǔdiǎn"", ""note"": ""9時""}, {""text"": ""来"", ""type"": ""vocab"", ""py"": ""lái"", ""note"": ""来る""}, {""text"": ""。"", ""type"": ""punct""}]",HSKspeaking_practice
341,34,7,小婷,新家离这儿远吗？,Xīn jiā lí zhèr yuǎn ma?,新しい家はここから遠いの？,"[{""text"": ""新家离"", ""type"": ""vocab"", ""py"": ""xīnjiālí"", ""note"": ""新しい家は〜（から/まで）（新家＋离）""}, {""text"": ""这儿"", ""type"": ""vocab"", ""py"": ""zhèér"", ""note"": ""ここ""}, {""text"": ""远"", ""type"": ""vocab"", ""py"": ""yuǎn"", ""note"": ""遠い""}, {""text"": ""吗"", ""type"": ""grammar"", ""py"": ""ma"", ""note"": ""「はい/いいえ」で答える疑問文を作る文末助詞。""}, {""text"": ""？"", ""type"": ""punct""}]",HSKspeaking_practice
342,34,8,阿超,不太远，坐地铁大概三十分钟。,"Bú tài yuǎn, zuò dìtiě dàgài sānshí fēnzhōng.",そんなに遠くないよ、地下鉄で30分くらい。,"[{""text"": ""不太远"", ""type"": ""vocab"", ""py"": ""bùtàiyuǎn"", ""note"": ""あまり遠くない""}, {""text"": ""，"", ""type"": ""punct""}, {""text"": ""坐地铁"", ""type"": ""vocab"", ""py"": ""zuòdìtiě"", ""note"": ""地下鉄に乗る""}, {""text"": ""大概"", ""type"": ""vocab"", ""py"": ""dàgài"", ""note"": ""だいたい、おそらく""}, {""text"": ""三十分钟"", ""type"": ""vocab"", ""py"": ""sānshífēnzhōng"", ""note"": ""30分間""}, {""text"": ""。"", ""type"": ""punct""}]",HSKspeaking_practice
343,34,9,小婷,那以后见面也方便。,Nà yǐhòu jiànmiàn yě fāngbiàn.,じゃあこれからも会いやすいね。,"[{""text"": ""那"", ""type"": ""vocab"", ""py"": ""nà"", ""note"": ""あれ、それ／それなら""}, {""text"": ""以后"", ""type"": ""vocab"", ""py"": ""yǐhòu"", ""note"": ""〜以後、これから""}, {""text"": ""见面"", ""type"": ""vocab"", ""py"": ""jiànmiàn"", ""note"": ""会う""}, {""text"": ""也"", ""type"": ""grammar"", ""py"": ""yě"", ""note"": ""「〜も」を表す副詞。""}, {""text"": ""方便"", ""type"": ""vocab"", ""py"": ""fāngbiàn"", ""note"": ""都合がいい""}, {""text"": ""。"", ""type"": ""punct""}]",HSKspeaking_practice
344,34,10,阿超,是啊，欢迎你以后常来玩儿。,"Shì a, huānyíng nǐ yǐhòu cháng lái wánr.",そうだよ、これからもよく遊びに来てね。,"[{""text"": ""是"", ""type"": ""grammar"", ""py"": ""shì"", ""note"": ""「〜である」を表すbe動詞。""}, {""text"": ""啊"", ""type"": ""grammar"", ""py"": ""a"", ""note"": ""感嘆や語気をやわらげる文末助詞。""}, {""text"": ""，"", ""type"": ""punct""}, {""text"": ""欢迎"", ""type"": ""vocab"", ""py"": ""huānyíng"", ""note"": ""歓迎する""}, {""text"": ""你"", ""type"": ""vocab"", ""py"": ""nǐ"", ""note"": ""あなた""}, {""text"": ""以后"", ""type"": ""vocab"", ""py"": ""yǐhòu"", ""note"": ""〜以後、これから""}, {""text"": ""常"", ""type"": ""vocab"", ""py"": ""cháng"", ""note"": ""よく、しょっちゅう""}, {""text"": ""来"", ""type"": ""vocab"", ""py"": ""lái"", ""note"": ""来る""}, {""text"": ""玩儿"", ""type"": ""vocab"", ""py"": ""wánér"", ""note"": ""遊ぶ""}, {""text"": ""。"", ""type"": ""punct""}]",HSKspeaking_practice
345,35,1,面试官,你好，请坐。你以前做过服务员的工作吗？,"Nǐ hǎo, qǐng zuò. Nǐ yǐqián zuò guo fúwùyuán de gōngzuò ma?",こんにちは、どうぞお座りください。以前ウェイターの仕事をしたことはありますか？,"[{""text"": ""你好"", ""type"": ""vocab"", ""py"": ""nǐhǎo"", ""note"": ""こんにちは""}, {""text"": ""，"", ""type"": ""punct""}, {""text"": ""请"", ""type"": ""vocab"", ""py"": ""qǐng"", ""note"": ""どうぞ〜してください""}, {""text"": ""坐"", ""type"": ""vocab"", ""py"": ""zuò"", ""note"": ""乗る、座る""}, {""text"": ""。"", ""type"": ""punct""}, {""text"": ""你"", ""type"": ""vocab"", ""py"": ""nǐ"", ""note"": ""あなた""}, {""text"": ""以前"", ""type"": ""vocab"", ""py"": ""yǐqián"", ""note"": ""以前""}, {""text"": ""做过"", ""type"": ""vocab"", ""py"": ""zuòguò"", ""note"": ""したことがある（做＋过）""}, {""text"": ""服务员"", ""type"": ""vocab"", ""py"": ""fúwùyuán"", ""note"": ""（人名）""}, {""text"": ""的"", ""type"": ""grammar"", ""py"": ""de"", ""note"": ""名詞を修飾し、所有・限定を表す助詞（〜の）。""}, {""text"": ""工作"", ""type"": ""vocab"", ""py"": ""gōngzuò"", ""note"": ""仕事、働く""}, {""text"": ""吗"", ""type"": ""grammar"", ""py"": ""ma"", ""note"": ""「はい/いいえ」で答える疑問文を作る文末助詞。""}, {""text"": ""？"", ""type"": ""punct""}]",HSKspeaking_practice
346,35,2,阿泽,做过，我在咖啡店打过半年工。,"Zuò guo, wǒ zài kāfēidiàn dǎ guo bàn nián gōng.",あります、カフェで半年アルバイトをしていました。,"[{""text"": ""做过"", ""type"": ""vocab"", ""py"": ""zuòguò"", ""note"": ""したことがある（做＋过）""}, {""text"": ""，"", ""type"": ""punct""}, {""text"": ""我"", ""type"": ""vocab"", ""py"": ""wǒ"", ""note"": ""私""}, {""text"": ""在"", ""type"": ""grammar"", ""py"": ""zài"", ""note"": ""「〜にいる／ある」を表す動詞、または動詞の前について進行「〜している」を表す。""}, {""text"": ""咖啡店"", ""type"": ""vocab"", ""py"": ""kāfēidiàn"", ""note"": ""コーヒー店、カフェ""}, {""text"": ""打"", ""type"": ""vocab"", ""py"": ""dǎ"", ""note"": ""（アルバイトを）する""}, {""text"": ""过"", ""type"": ""grammar"", ""py"": ""guò"", ""note"": ""動詞の後について「〜したことがある」という経験を表す助詞。""}, {""text"": ""半年"", ""type"": ""vocab"", ""py"": ""bànnián"", ""note"": ""半年""}, {""text"": ""工"", ""type"": ""vocab"", ""py"": ""gōng"", ""note"": ""（打工の一部）アルバイト""}, {""text"": ""。"", ""type"": ""punct""}]",HSKspeaking_practice
347,35,3,面试官,你为什么想在我们这儿工作？,Nǐ wèishénme xiǎng zài wǒmen zhèr gōngzuò?,なぜうちで働きたいのですか？,"[{""text"": ""你"", ""type"": ""vocab"", ""py"": ""nǐ"", ""note"": ""あなた""}, {""text"": ""为什么"", ""type"": ""grammar"", ""py"": ""wèishénme"", ""note"": ""「なぜ」と理由を尋ねる疑問詞。""}, {""text"": ""想"", ""type"": ""grammar"", ""py"": ""xiǎng"", ""note"": ""「〜したい」という願望を表す助動詞。""}, {""text"": ""在"", ""type"": ""grammar"", ""py"": ""zài"", ""note"": ""「〜にいる／ある」を表す動詞、または動詞の前について進行「〜している」を表す。""}, {""text"": ""我们"", ""type"": ""vocab"", ""py"": ""wǒmen"", ""note"": ""私たち""}, {""text"": ""这儿"", ""type"": ""vocab"", ""py"": ""zhèér"", ""note"": ""ここ""}, {""text"": ""工作"", ""type"": ""vocab"", ""py"": ""gōngzuò"", ""note"": ""仕事、働く""}, {""text"": ""？"", ""type"": ""punct""}]",HSKspeaking_practice
348,35,4,阿泽,因为我喜欢跟客人聊天，也想多练习汉语。,"Yīnwèi wǒ xǐhuan gēn kèrén liáotiān, yě xiǎng duō liànxí Hànyǔ.",お客さんと話すのが好きで、中国語ももっと練習したいからです。,"[{""text"": ""因为"", ""type"": ""grammar"", ""py"": ""yīnwèi"", ""note"": ""「なぜなら、〜なので」と原因を表す接続詞。「因为…所以…」の形でよく使う。""}, {""text"": ""我"", ""type"": ""vocab"", ""py"": ""wǒ"", ""note"": ""私""}, {""text"": ""喜欢"", ""type"": ""vocab"", ""py"": ""xǐhuān"", ""note"": ""好きだ、気に入る""}, {""text"": ""跟"", ""type"": ""grammar"", ""py"": ""gēn"", ""note"": ""「〜と」を表す介詞。一緒に何かをする相手を示す。""}, {""text"": ""客人"", ""type"": ""vocab"", ""py"": ""kèrén"", ""note"": ""お客さん""}, {""text"": ""聊天"", ""type"": ""vocab"", ""py"": ""liáotiān"", ""note"": ""おしゃべりする""}, {""text"": ""，"", ""type"": ""punct""}, {""text"": ""也"", ""type"": ""grammar"", ""py"": ""yě"", ""note"": ""「〜も」を表す副詞。""}, {""text"": ""想"", ""type"": ""grammar"", ""py"": ""xiǎng"", ""note"": ""「〜したい」という願望を表す助動詞。""}, {""text"": ""多"", ""type"": ""vocab"", ""py"": ""duō"", ""note"": ""多い""}, {""text"": ""练习"", ""type"": ""vocab"", ""py"": ""liànxí"", ""note"": ""練習する""}, {""text"": ""汉语"", ""type"": ""vocab"", ""py"": ""hànyǔ"", ""note"": ""中国語""}, {""text"": ""。"", ""type"": ""punct""}]",HSKspeaking_practice
349,35,5,面试官,你每个星期可以工作几天？,Nǐ měi ge xīngqī kěyǐ gōngzuò jǐ tiān?,週に何日働けますか？,"[{""text"": ""你"", ""type"": ""vocab"", ""py"": ""nǐ"", ""note"": ""あなた""}, {""text"": ""每个"", ""type"": ""vocab"", ""py"": ""měigè"", ""note"": ""それぞれの""}, {""text"": ""星期"", ""type"": ""vocab"", ""py"": ""xīngqī"", ""note"": ""曜日、週""}, {""text"": ""可以"", ""type"": ""grammar"", ""py"": ""kěyǐ"", ""note"": ""「〜してもよい、〜できる」という許可・可能を表す助動詞。""}, {""text"": ""工作"", ""type"": ""vocab"", ""py"": ""gōngzuò"", ""note"": ""仕事、働く""}, {""text"": ""几天"", ""type"": ""vocab"", ""py"": ""jǐtiān"", ""note"": ""何日か""}, {""text"": ""？"", ""type"": ""punct""}]",HSKspeaking_practice
350,35,6,阿泽,我可以工作四天，周末都可以。,"Wǒ kěyǐ gōngzuò sì tiān, zhōumò dōu kěyǐ.",4日働けます、週末はいつでも大丈夫です。,"[{""text"": ""我"", ""type"": ""vocab"", ""py"": ""wǒ"", ""note"": ""私""}, {""text"": ""可以"", ""type"": ""grammar"", ""py"": ""kěyǐ"", ""note"": ""「〜してもよい、〜できる」という許可・可能を表す助動詞。""}, {""text"": ""工作"", ""type"": ""vocab"", ""py"": ""gōngzuò"", ""note"": ""仕事、働く""}, {""text"": ""四天"", ""type"": ""vocab"", ""py"": ""sìtiān"", ""note"": ""4日間""}, {""text"": ""，"", ""type"": ""punct""}, {""text"": ""周末"", ""type"": ""vocab"", ""py"": ""zhōumò"", ""note"": ""週末""}, {""text"": ""都"", ""type"": ""grammar"", ""py"": ""dōu"", ""note"": ""「みな、すべて」を表す副詞。""}, {""text"": ""可以"", ""type"": ""grammar"", ""py"": ""kěyǐ"", ""note"": ""「〜してもよい、〜できる」という許可・可能を表す助動詞。""}, {""text"": ""。"", ""type"": ""punct""}]",HSKspeaking_practice
351,35,7,面试官,很好。你觉得自己有什么优点？,Hěn hǎo. Nǐ juéde zìjǐ yǒu shénme yōudiǎn?,いいですね。ご自身の長所は何だと思いますか？,"[{""text"": ""很"", ""type"": ""grammar"", ""py"": ""hěn"", ""note"": ""「とても」を表す程度の副詞。形容詞文でよく使われる。""}, {""text"": ""好"", ""type"": ""vocab"", ""py"": ""hǎo"", ""note"": ""良い、元気だ""}, {""text"": ""。"", ""type"": ""punct""}, {""text"": ""你"", ""type"": ""vocab"", ""py"": ""nǐ"", ""note"": ""あなた""}, {""text"": ""觉得"", ""type"": ""grammar"", ""py"": ""juéde"", ""note"": ""「〜と思う、感じる」を表す動詞。""}, {""text"": ""自己"", ""type"": ""vocab"", ""py"": ""zìjǐ"", ""note"": ""自分自身""}, {""text"": ""有"", ""type"": ""grammar"", ""py"": ""yǒu"", ""note"": ""「持っている、ある」を表す動詞。否定形は「没有」。""}, {""text"": ""什么"", ""type"": ""vocab"", ""py"": ""shénme"", ""note"": ""何""}, {""text"": ""优点"", ""type"": ""vocab"", ""py"": ""yōudiǎn"", ""note"": ""長所""}, {""text"": ""？"", ""type"": ""punct""}]",HSKspeaking_practice
352,35,8,阿泽,我做事很认真，也很有耐心。,"Wǒ zuò shì hěn rènzhēn, yě hěn yǒu nàixīn.",物事に真面目に取り組みますし、忍耐力もあります。,"[{""text"": ""我"", ""type"": ""vocab"", ""py"": ""wǒ"", ""note"": ""私""}, {""text"": ""做事"", ""type"": ""vocab"", ""py"": ""zuòshì"", ""note"": ""仕事をする、物事を行う""}, {""text"": ""很"", ""type"": ""grammar"", ""py"": ""hěn"", ""note"": ""「とても」を表す程度の副詞。形容詞文でよく使われる。""}, {""text"": ""认真"", ""type"": ""vocab"", ""py"": ""rènzhēn"", ""note"": ""真面目に""}, {""text"": ""，"", ""type"": ""punct""}, {""text"": ""也"", ""type"": ""grammar"", ""py"": ""yě"", ""note"": ""「〜も」を表す副詞。""}, {""text"": ""很"", ""type"": ""grammar"", ""py"": ""hěn"", ""note"": ""「とても」を表す程度の副詞。形容詞文でよく使われる。""}, {""text"": ""有"", ""type"": ""grammar"", ""py"": ""yǒu"", ""note"": ""「持っている、ある」を表す動詞。否定形は「没有」。""}, {""text"": ""耐心"", ""type"": ""vocab"", ""py"": ""nàixīn"", ""note"": ""忍耐強い、根気""}, {""text"": ""。"", ""type"": ""punct""}]",HSKspeaking_practice
353,35,9,面试官,好的，我们这个星期内会通知你结果。,"Hǎo de, wǒmen zhège xīngqī nèi huì tōngzhī nǐ jiéguǒ.",分かりました、今週中に結果をご連絡します。,"[{""text"": ""好"", ""type"": ""vocab"", ""py"": ""hǎo"", ""note"": ""良い、元気だ""}, {""text"": ""的"", ""type"": ""grammar"", ""py"": ""de"", ""note"": ""名詞を修飾し、所有・限定を表す助詞（〜の）。""}, {""text"": ""，"", ""type"": ""punct""}, {""text"": ""我们"", ""type"": ""vocab"", ""py"": ""wǒmen"", ""note"": ""私たち""}, {""text"": ""这个"", ""type"": ""vocab"", ""py"": ""zhège"", ""note"": ""これ""}, {""text"": ""星期"", ""type"": ""vocab"", ""py"": ""xīngqī"", ""note"": ""曜日、週""}, {""text"": ""内会"", ""type"": ""vocab"", ""py"": ""nèihuì"", ""note"": ""〜以内に〜するだろう（内＝以内、会＝〜だろう）""}, {""text"": ""通知"", ""type"": ""vocab"", ""py"": ""tōngzhī"", ""note"": ""知らせる、通知する""}, {""text"": ""你"", ""type"": ""vocab"", ""py"": ""nǐ"", ""note"": ""あなた""}, {""text"": ""结果"", ""type"": ""vocab"", ""py"": ""jiéguǒ"", ""note"": ""結果""}, {""text"": ""。"", ""type"": ""punct""}]",HSKspeaking_practice
354,35,10,阿泽,谢谢您给我这次机会。,Xièxie nín gěi wǒ zhè cì jīhuì.,この機会をいただき、ありがとうございます。,"[{""text"": ""谢谢您"", ""type"": ""vocab"", ""py"": ""xièxiènín"", ""note"": ""ありがとうございます""}, {""text"": ""给"", ""type"": ""grammar"", ""py"": ""gěi"", ""note"": ""「〜に、〜のために」を表す介詞、または「あげる」という意味の動詞。""}, {""text"": ""我"", ""type"": ""vocab"", ""py"": ""wǒ"", ""note"": ""私""}, {""text"": ""这次"", ""type"": ""vocab"", ""py"": ""zhècì"", ""note"": ""今回""}, {""text"": ""机会"", ""type"": ""vocab"", ""py"": ""jīhuì"", ""note"": ""機会""}, {""text"": ""。"", ""type"": ""punct""}]",HSKspeaking_practice
355,36,1,图书馆员,你好，你要借书还是还书？,"Nǐ hǎo, nǐ yào jiè shū háishi huán shū?",こんにちは、本を借りますか、それとも返却しますか？,"[{""text"": ""你好"", ""type"": ""vocab"", ""py"": ""nǐhǎo"", ""note"": ""こんにちは""}, {""text"": ""，"", ""type"": ""punct""}, {""text"": ""你"", ""type"": ""vocab"", ""py"": ""nǐ"", ""note"": ""あなた""}, {""text"": ""要"", ""type"": ""grammar"", ""py"": ""yào"", ""note"": ""「〜したい、〜するつもりだ」という意志・必要を表す助動詞。""}, {""text"": ""借书"", ""type"": ""vocab"", ""py"": ""jièshū"", ""note"": ""本を借りる""}, {""text"": ""还是"", ""type"": ""grammar"", ""py"": ""háishì"", ""note"": ""「それとも」（疑問文の選択）、または「やはり」を表す。""}, {""text"": ""还书"", ""type"": ""vocab"", ""py"": ""huánshū"", ""note"": ""本を返す""}, {""text"": ""？"", ""type"": ""punct""}]",HSKspeaking_practice
356,36,2,小茜,我先还这两本，然后想借一本新的。,"Wǒ xiān huán zhè liǎng běn, ránhòu xiǎng jiè yì běn xīn de.",先にこの2冊を返して、それから新しいのを1冊借りたいです。,"[{""text"": ""我"", ""type"": ""vocab"", ""py"": ""wǒ"", ""note"": ""私""}, {""text"": ""先"", ""type"": ""grammar"", ""py"": ""xiān"", ""note"": ""「まず、先に」を表す副詞。""}, {""text"": ""还"", ""type"": ""grammar"", ""py"": ""hái"", ""note"": ""「まだ、さらに」を表す副詞。""}, {""text"": ""这"", ""type"": ""vocab"", ""py"": ""zhè"", ""note"": ""これ""}, {""text"": ""两本"", ""type"": ""vocab"", ""py"": ""liǎngběn"", ""note"": ""2冊""}, {""text"": ""，"", ""type"": ""punct""}, {""text"": ""然后"", ""type"": ""vocab"", ""py"": ""ránhòu"", ""note"": ""それから""}, {""text"": ""想"", ""type"": ""grammar"", ""py"": ""xiǎng"", ""note"": ""「〜したい」という願望を表す助動詞。""}, {""text"": ""借"", ""type"": ""vocab"", ""py"": ""jiè"", ""note"": ""借りる""}, {""text"": ""一本"", ""type"": ""vocab"", ""py"": ""yīběn"", ""note"": ""1冊""}, {""text"": ""新"", ""type"": ""vocab"", ""py"": ""xīn"", ""note"": ""新しい""}, {""text"": ""的"", ""type"": ""grammar"", ""py"": ""de"", ""note"": ""名詞を修飾し、所有・限定を表す助詞（〜の）。""}, {""text"": ""。"", ""type"": ""punct""}]",HSKspeaking_practice
357,36,3,图书馆员,好的，这两本没有超期，没问题。,"Hǎo de, zhè liǎng běn méiyǒu chāoqī, méi wèntí.",はい、この2冊は延滞していないので大丈夫です。,"[{""text"": ""好"", ""type"": ""vocab"", ""py"": ""hǎo"", ""note"": ""良い、元気だ""}, {""text"": ""的"", ""type"": ""grammar"", ""py"": ""de"", ""note"": ""名詞を修飾し、所有・限定を表す助詞（〜の）。""}, {""text"": ""，"", ""type"": ""punct""}, {""text"": ""这"", ""type"": ""vocab"", ""py"": ""zhè"", ""note"": ""これ""}, {""text"": ""两本"", ""type"": ""vocab"", ""py"": ""liǎngběn"", ""note"": ""2冊""}, {""text"": ""没有"", ""type"": ""vocab"", ""py"": ""méiyǒu"", ""note"": ""ない""}, {""text"": ""超期"", ""type"": ""vocab"", ""py"": ""chāoqī"", ""note"": ""期限を過ぎる""}, {""text"": ""，"", ""type"": ""punct""}, {""text"": ""没"", ""type"": ""grammar"", ""py"": ""méi"", ""note"": ""「〜していない、〜がない」を表す否定の副詞（過去・完了・所有の否定）。""}, {""text"": ""问题"", ""type"": ""vocab"", ""py"": ""wèntí"", ""note"": ""問題""}, {""text"": ""。"", ""type"": ""punct""}]",HSKspeaking_practice
358,36,4,小茜,太好了。我可以借几本书？,Tài hǎo le. Wǒ kěyǐ jiè jǐ běn shū?,よかった。本は何冊借りられますか？,"[{""text"": ""太好了"", ""type"": ""vocab"", ""py"": ""tàihǎole"", ""note"": ""よかった！""}, {""text"": ""。"", ""type"": ""punct""}, {""text"": ""我"", ""type"": ""vocab"", ""py"": ""wǒ"", ""note"": ""私""}, {""text"": ""可以"", ""type"": ""grammar"", ""py"": ""kěyǐ"", ""note"": ""「〜してもよい、〜できる」という許可・可能を表す助動詞。""}, {""text"": ""借"", ""type"": ""vocab"", ""py"": ""jiè"", ""note"": ""借りる""}, {""text"": ""几本书"", ""type"": ""vocab"", ""py"": ""jǐběnshū"", ""note"": ""何冊かの本""}, {""text"": ""？"", ""type"": ""punct""}]",HSKspeaking_practice
359,36,5,图书馆员,学生证一次可以借五本，借期是一个月。,"Xuéshēngzhèng yí cì kěyǐ jiè wǔ běn, jièqī shì yí ge yuè.",学生証で一度に5冊、貸出期間は1ヶ月です。,"[{""text"": ""学生证"", ""type"": ""vocab"", ""py"": ""xuéshēngzhèng"", ""note"": ""学生証""}, {""text"": ""一次"", ""type"": ""vocab"", ""py"": ""yīcì"", ""note"": ""一回""}, {""text"": ""可以"", ""type"": ""grammar"", ""py"": ""kěyǐ"", ""note"": ""「〜してもよい、〜できる」という許可・可能を表す助動詞。""}, {""text"": ""借"", ""type"": ""vocab"", ""py"": ""jiè"", ""note"": ""借りる""}, {""text"": ""五本"", ""type"": ""vocab"", ""py"": ""wǔběn"", ""note"": ""5冊""}, {""text"": ""，"", ""type"": ""punct""}, {""text"": ""借期"", ""type"": ""vocab"", ""py"": ""jièqī"", ""note"": ""貸出期間""}, {""text"": ""是"", ""type"": ""grammar"", ""py"": ""shì"", ""note"": ""「〜である」を表すbe動詞。""}, {""text"": ""一个月"", ""type"": ""vocab"", ""py"": ""yígèyuè"", ""note"": ""1ヶ月""}, {""text"": ""。"", ""type"": ""punct""}]",HSKspeaking_practice
360,36,6,小茜,我想借这本关于中国历史的书。,Wǒ xiǎng jiè zhè běn guānyú Zhōngguó lìshǐ de shū.,この中国史についての本を借りたいです。,"[{""text"": ""我"", ""type"": ""vocab"", ""py"": ""wǒ"", ""note"": ""私""}, {""text"": ""想"", ""type"": ""grammar"", ""py"": ""xiǎng"", ""note"": ""「〜したい」という願望を表す助動詞。""}, {""text"": ""借"", ""type"": ""vocab"", ""py"": ""jiè"", ""note"": ""借りる""}, {""text"": ""这本"", ""type"": ""vocab"", ""py"": ""zhèběn"", ""note"": ""この本""}, {""text"": ""关于"", ""type"": ""vocab"", ""py"": ""guānyú"", ""note"": ""〜について""}, {""text"": ""中国"", ""type"": ""vocab"", ""py"": ""zhōngguó"", ""note"": ""中国""}, {""text"": ""历史"", ""type"": ""vocab"", ""py"": ""lìshǐ"", ""note"": ""歴史""}, {""text"": ""的"", ""type"": ""grammar"", ""py"": ""de"", ""note"": ""名詞を修飾し、所有・限定を表す助詞（〜の）。""}, {""text"": ""书"", ""type"": ""vocab"", ""py"": ""shū"", ""note"": ""本""}, {""text"": ""。"", ""type"": ""punct""}]",HSKspeaking_practice
361,36,7,图书馆员,好，请把学生证给我看一下。,"Hǎo, qǐng bǎ xuéshēngzhèng gěi wǒ kàn yíxià.",はい、学生証を見せてください。,"[{""text"": ""好"", ""type"": ""vocab"", ""py"": ""hǎo"", ""note"": ""良い、元気だ""}, {""text"": ""，"", ""type"": ""punct""}, {""text"": ""请"", ""type"": ""vocab"", ""py"": ""qǐng"", ""note"": ""どうぞ〜してください""}, {""text"": ""把"", ""type"": ""grammar"", ""py"": ""bǎ"", ""note"": ""目的語を動詞の前に出し「〜を…する」という処置を表す構文を作る介詞（把構文）。""}, {""text"": ""学生证"", ""type"": ""vocab"", ""py"": ""xuéshēngzhèng"", ""note"": ""学生証""}, {""text"": ""给"", ""type"": ""grammar"", ""py"": ""gěi"", ""note"": ""「〜に、〜のために」を表す介詞、または「あげる」という意味の動詞。""}, {""text"": ""我"", ""type"": ""vocab"", ""py"": ""wǒ"", ""note"": ""私""}, {""text"": ""看"", ""type"": ""vocab"", ""py"": ""kàn"", ""note"": ""見る""}, {""text"": ""一下"", ""type"": ""grammar"", ""py"": ""yīxià"", ""note"": ""動詞の後について「ちょっと〜する」と動作の軽さ・短さを表す表現。""}, {""text"": ""。"", ""type"": ""punct""}]",HSKspeaking_practice
362,36,8,小茜,给您。什么时候必须还？,Gěi nín. Shénme shíhou bìxū huán?,どうぞ。いつまでに返さないといけませんか？,"[{""text"": ""给"", ""type"": ""grammar"", ""py"": ""gěi"", ""note"": ""「〜に、〜のために」を表す介詞、または「あげる」という意味の動詞。""}, {""text"": ""您"", ""type"": ""vocab"", ""py"": ""nín"", ""note"": ""あなた（敬称）""}, {""text"": ""。"", ""type"": ""punct""}, {""text"": ""什么"", ""type"": ""vocab"", ""py"": ""shénme"", ""note"": ""何""}, {""text"": ""时候"", ""type"": ""vocab"", ""py"": ""shíhòu"", ""note"": ""時、頃""}, {""text"": ""必须"", ""type"": ""vocab"", ""py"": ""bìxū"", ""note"": ""〜しなければならない""}, {""text"": ""还"", ""type"": ""grammar"", ""py"": ""hái"", ""note"": ""「まだ、さらに」を表す副詞。""}, {""text"": ""？"", ""type"": ""punct""}]",HSKspeaking_practice
363,36,9,图书馆员,下个月的今天之前还就可以。,Xià ge yuè de jīntiān zhīqián huán jiù kěyǐ.,来月の今日までに返せば大丈夫です。,"[{""text"": ""下个月"", ""type"": ""vocab"", ""py"": ""xiàgèyuè"", ""note"": ""来月""}, {""text"": ""的"", ""type"": ""grammar"", ""py"": ""de"", ""note"": ""名詞を修飾し、所有・限定を表す助詞（〜の）。""}, {""text"": ""今天"", ""type"": ""vocab"", ""py"": ""jīntiān"", ""note"": ""今日""}, {""text"": ""之前"", ""type"": ""vocab"", ""py"": ""zhīqián"", ""note"": ""以前、〜前に""}, {""text"": ""还"", ""type"": ""grammar"", ""py"": ""hái"", ""note"": ""「まだ、さらに」を表す副詞。""}, {""text"": ""就"", ""type"": ""grammar"", ""py"": ""jiù"", ""note"": ""「すぐに、まさに」など、条件の帰結や強調を表す副詞。""}, {""text"": ""可以"", ""type"": ""grammar"", ""py"": ""kěyǐ"", ""note"": ""「〜してもよい、〜できる」という許可・可能を表す助動詞。""}, {""text"": ""。"", ""type"": ""punct""}]",HSKspeaking_practice
364,36,10,小茜,明白了，谢谢您。,"Míngbai le, xièxie nín.",分かりました、ありがとうございます。,"[{""text"": ""明白"", ""type"": ""vocab"", ""py"": ""míngbái"", ""note"": ""分かる""}, {""text"": ""了"", ""type"": ""grammar"", ""py"": ""le"", ""note"": ""動作の完了や状態の変化を表す助詞（文末や動詞の直後に置く）。""}, {""text"": ""，"", ""type"": ""punct""}, {""text"": ""谢谢您"", ""type"": ""vocab"", ""py"": ""xièxiènín"", ""note"": ""ありがとうございます""}, {""text"": ""。"", ""type"": ""punct""}]",HSKspeaking_practice
365,37,1,阿伦,你好，我想了解一下健身房的会员卡。,"Nǐ hǎo, wǒ xiǎng liǎojiě yíxià jiànshēnfáng de huìyuánkǎ.",こんにちは、ジムの会員カードについて知りたいのですが。,"[{""text"": ""你好"", ""type"": ""vocab"", ""py"": ""nǐhǎo"", ""note"": ""こんにちは""}, {""text"": ""，"", ""type"": ""punct""}, {""text"": ""我"", ""type"": ""vocab"", ""py"": ""wǒ"", ""note"": ""私""}, {""text"": ""想"", ""type"": ""grammar"", ""py"": ""xiǎng"", ""note"": ""「〜したい」という願望を表す助動詞。""}, {""text"": ""了解"", ""type"": ""vocab"", ""py"": ""liǎojiě"", ""note"": ""理解する、把握する""}, {""text"": ""一下"", ""type"": ""grammar"", ""py"": ""yīxià"", ""note"": ""動詞の後について「ちょっと〜する」と動作の軽さ・短さを表す表現。""}, {""text"": ""健身房"", ""type"": ""vocab"", ""py"": ""jiànshēnfáng"", ""note"": ""ジム""}, {""text"": ""的"", ""type"": ""grammar"", ""py"": ""de"", ""note"": ""名詞を修飾し、所有・限定を表す助詞（〜の）。""}, {""text"": ""会员卡"", ""type"": ""vocab"", ""py"": ""huìyuánkǎ"", ""note"": ""会員カード""}, {""text"": ""。"", ""type"": ""punct""}]",HSKspeaking_practice
366,37,2,工作人员,好的，我们有月卡、季卡和年卡。,"Hǎo de, wǒmen yǒu yuèkǎ, jìkǎ hé niánkǎ.",はい、月会員、季会員、年会員があります。,"[{""text"": ""好"", ""type"": ""vocab"", ""py"": ""hǎo"", ""note"": ""良い、元気だ""}, {""text"": ""的"", ""type"": ""grammar"", ""py"": ""de"", ""note"": ""名詞を修飾し、所有・限定を表す助詞（〜の）。""}, {""text"": ""，"", ""type"": ""punct""}, {""text"": ""我们"", ""type"": ""vocab"", ""py"": ""wǒmen"", ""note"": ""私たち""}, {""text"": ""有"", ""type"": ""grammar"", ""py"": ""yǒu"", ""note"": ""「持っている、ある」を表す動詞。否定形は「没有」。""}, {""text"": ""月"", ""type"": ""vocab"", ""py"": ""yuè"", ""note"": ""月""}, {""text"": ""卡"", ""type"": ""vocab"", ""py"": ""kǎ"", ""note"": ""カード""}, {""text"": ""、"", ""type"": ""punct""}, {""text"": ""季卡"", ""type"": ""vocab"", ""py"": ""jìkǎ"", ""note"": ""季刊会員カード（3か月分）""}, {""text"": ""和"", ""type"": ""grammar"", ""py"": ""hé"", ""note"": ""「〜と」を表す接続詞・介詞。""}, {""text"": ""年"", ""type"": ""vocab"", ""py"": ""nián"", ""note"": ""年""}, {""text"": ""卡"", ""type"": ""vocab"", ""py"": ""kǎ"", ""note"": ""カード""}, {""text"": ""。"", ""type"": ""punct""}]",HSKspeaking_practice
367,37,3,阿伦,年卡大概多少钱？,Niánkǎ dàgài duōshao qián?,年会員はだいたいいくらですか？,"[{""text"": ""年卡"", ""type"": ""vocab"", ""py"": ""niánkǎ"", ""note"": ""年間会員カード""}, {""text"": ""大概"", ""type"": ""vocab"", ""py"": ""dàgài"", ""note"": ""だいたい、おそらく""}, {""text"": ""多少钱"", ""type"": ""vocab"", ""py"": ""duōshǎoqián"", ""note"": ""いくらですか""}, {""text"": ""？"", ""type"": ""punct""}]",HSKspeaking_practice
368,37,4,工作人员,年卡两千块，比每个月单独交便宜很多。,"Niánkǎ liǎngqiān kuài, bǐ měi ge yuè dāndú jiāo piányi hěn duō.",年会員は2000元で、毎月単独で払うよりずっと安いです。,"[{""text"": ""年卡"", ""type"": ""vocab"", ""py"": ""niánkǎ"", ""note"": ""年間会員カード""}, {""text"": ""两千块"", ""type"": ""vocab"", ""py"": ""liǎngqiānkuài"", ""note"": ""2000元""}, {""text"": ""，"", ""type"": ""punct""}, {""text"": ""比"", ""type"": ""grammar"", ""py"": ""bǐ"", ""note"": ""「〜より」を表し、二つのものを比較するときに使う介詞（A比B+形容詞）。""}, {""text"": ""每个"", ""type"": ""vocab"", ""py"": ""měigè"", ""note"": ""それぞれの""}, {""text"": ""月"", ""type"": ""vocab"", ""py"": ""yuè"", ""note"": ""月""}, {""text"": ""单独"", ""type"": ""vocab"", ""py"": ""dāndú"", ""note"": ""単独で、別々に""}, {""text"": ""交"", ""type"": ""vocab"", ""py"": ""jiāo"", ""note"": ""払う、渡す""}, {""text"": ""便宜"", ""type"": ""vocab"", ""py"": ""piányi"", ""note"": ""安い""}, {""text"": ""很多"", ""type"": ""vocab"", ""py"": ""hěnduō"", ""note"": ""多くの""}, {""text"": ""。"", ""type"": ""punct""}]",HSKspeaking_practice
369,37,5,阿伦,健身房几点开门？,Jiànshēnfáng jǐ diǎn kāimén?,ジムは何時に開きますか？,"[{""text"": ""健身房"", ""type"": ""vocab"", ""py"": ""jiànshēnfáng"", ""note"": ""ジム""}, {""text"": ""几点"", ""type"": ""vocab"", ""py"": ""jǐdiǎn"", ""note"": ""何時""}, {""text"": ""开门"", ""type"": ""vocab"", ""py"": ""kāimén"", ""note"": ""開店する、ドアを開ける""}, {""text"": ""？"", ""type"": ""punct""}]",HSKspeaking_practice
370,37,6,工作人员,早上六点到晚上十一点，天天营业。,"Zǎoshang liù diǎn dào wǎnshang shíyī diǎn, tiāntiān yíngyè.",朝6時から夜11時まで、毎日営業しています。,"[{""text"": ""早上"", ""type"": ""vocab"", ""py"": ""zǎoshàng"", ""note"": ""朝""}, {""text"": ""六点"", ""type"": ""vocab"", ""py"": ""liùdiǎn"", ""note"": ""6時""}, {""text"": ""到"", ""type"": ""grammar"", ""py"": ""dào"", ""note"": ""「〜まで、〜に着く」を表す介詞・動詞。""}, {""text"": ""晚上"", ""type"": ""vocab"", ""py"": ""wǎnshàng"", ""note"": ""夜""}, {""text"": ""十一点"", ""type"": ""vocab"", ""py"": ""shíyìdiǎn"", ""note"": ""11時""}, {""text"": ""，"", ""type"": ""punct""}, {""text"": ""天天"", ""type"": ""vocab"", ""py"": ""tiāntiān"", ""note"": ""毎日""}, {""text"": ""营业"", ""type"": ""vocab"", ""py"": ""yíngyè"", ""note"": ""営業する""}, {""text"": ""。"", ""type"": ""punct""}]",HSKspeaking_practice
371,37,7,阿伦,有没有教练可以教我怎么用器材？,Yǒu méiyǒu jiàoliàn kěyǐ jiāo wǒ zěnme yòng qìcái?,器具の使い方を教えてくれるトレーナーはいますか？,"[{""text"": ""有没有"", ""type"": ""vocab"", ""py"": ""yǒuméiyǒu"", ""note"": ""〜がありますか""}, {""text"": ""教练"", ""type"": ""vocab"", ""py"": ""jiàoliàn"", ""note"": ""コーチ、トレーナー""}, {""text"": ""可以"", ""type"": ""grammar"", ""py"": ""kěyǐ"", ""note"": ""「〜してもよい、〜できる」という許可・可能を表す助動詞。""}, {""text"": ""教"", ""type"": ""vocab"", ""py"": ""jiào"", ""note"": ""教える""}, {""text"": ""我"", ""type"": ""vocab"", ""py"": ""wǒ"", ""note"": ""私""}, {""text"": ""怎么"", ""type"": ""grammar"", ""py"": ""zěnme"", ""note"": ""「どうやって、なぜ」を表す疑問詞。""}, {""text"": ""用"", ""type"": ""vocab"", ""py"": ""yòng"", ""note"": ""使う""}, {""text"": ""器材"", ""type"": ""vocab"", ""py"": ""qìcái"", ""note"": ""器具、器材""}, {""text"": ""？"", ""type"": ""punct""}]",HSKspeaking_practice
372,37,8,工作人员,有，第一次来我们会安排免费的体验课。,"Yǒu, dì-yī cì lái wǒmen huì ānpái miǎnfèi de tǐyànkè.",います、初回は無料の体験レッスンをご案内します。,"[{""text"": ""有"", ""type"": ""grammar"", ""py"": ""yǒu"", ""note"": ""「持っている、ある」を表す動詞。否定形は「没有」。""}, {""text"": ""，"", ""type"": ""punct""}, {""text"": ""第一次"", ""type"": ""vocab"", ""py"": ""dìyīcì"", ""note"": ""初めて""}, {""text"": ""来"", ""type"": ""vocab"", ""py"": ""lái"", ""note"": ""来る""}, {""text"": ""我们"", ""type"": ""vocab"", ""py"": ""wǒmen"", ""note"": ""私たち""}, {""text"": ""会"", ""type"": ""grammar"", ""py"": ""huì"", ""note"": ""「〜するだろう」「（習得して）〜できる」という可能性・技能を表す助動詞。""}, {""text"": ""安排"", ""type"": ""vocab"", ""py"": ""ānpái"", ""note"": ""手配、スケジュール""}, {""text"": ""免费"", ""type"": ""vocab"", ""py"": ""miǎnfèi"", ""note"": ""無料""}, {""text"": ""的"", ""type"": ""grammar"", ""py"": ""de"", ""note"": ""名詞を修飾し、所有・限定を表す助詞（〜の）。""}, {""text"": ""体验"", ""type"": ""vocab"", ""py"": ""tǐyàn"", ""note"": ""体験する""}, {""text"": ""课"", ""type"": ""vocab"", ""py"": ""kè"", ""note"": ""授業""}, {""text"": ""。"", ""type"": ""punct""}]",HSKspeaking_practice
373,37,9,阿伦,太好了，那我就办年卡吧。,"Tài hǎo le, nà wǒ jiù bàn niánkǎ ba.",よかった、じゃあ年会員にします。,"[{""text"": ""太好了"", ""type"": ""vocab"", ""py"": ""tàihǎole"", ""note"": ""よかった！""}, {""text"": ""，"", ""type"": ""punct""}, {""text"": ""那"", ""type"": ""vocab"", ""py"": ""nà"", ""note"": ""あれ、それ／それなら""}, {""text"": ""我"", ""type"": ""vocab"", ""py"": ""wǒ"", ""note"": ""私""}, {""text"": ""就"", ""type"": ""grammar"", ""py"": ""jiù"", ""note"": ""「すぐに、まさに」など、条件の帰結や強調を表す副詞。""}, {""text"": ""办年"", ""type"": ""vocab"", ""py"": ""bànnián"", ""note"": ""年間契約を申し込む（办＋年）""}, {""text"": ""卡"", ""type"": ""vocab"", ""py"": ""kǎ"", ""note"": ""カード""}, {""text"": ""吧"", ""type"": ""grammar"", ""py"": ""ba"", ""note"": ""提案・推量・軽い命令を表す文末助詞（〜しよう、〜でしょう）。""}, {""text"": ""。"", ""type"": ""punct""}]",HSKspeaking_practice
374,37,10,工作人员,好的，请填一下这张申请表。,"Hǎo de, qǐng tián yíxià zhè zhāng shēnqǐngbiǎo.",分かりました、こちらの申込書にご記入ください。,"[{""text"": ""好"", ""type"": ""vocab"", ""py"": ""hǎo"", ""note"": ""良い、元気だ""}, {""text"": ""的"", ""type"": ""grammar"", ""py"": ""de"", ""note"": ""名詞を修飾し、所有・限定を表す助詞（〜の）。""}, {""text"": ""，"", ""type"": ""punct""}, {""text"": ""请"", ""type"": ""vocab"", ""py"": ""qǐng"", ""note"": ""どうぞ〜してください""}, {""text"": ""填"", ""type"": ""vocab"", ""py"": ""tián"", ""note"": ""記入する""}, {""text"": ""一下"", ""type"": ""grammar"", ""py"": ""yīxià"", ""note"": ""動詞の後について「ちょっと〜する」と動作の軽さ・短さを表す表現。""}, {""text"": ""这张"", ""type"": ""vocab"", ""py"": ""zhèzhāng"", ""note"": ""この一枚の""}, {""text"": ""申请表"", ""type"": ""vocab"", ""py"": ""shēnqǐngbiǎo"", ""note"": ""申込書""}, {""text"": ""。"", ""type"": ""punct""}]",HSKspeaking_practice
375,38,1,小蕾,阿泰，昨天的电影你觉得怎么样？,"Ātài, zuótiān de diànyǐng nǐ juéde zěnmeyàng?",阿泰、昨日の映画どう思った？,"[{""text"": ""阿泰"", ""type"": ""vocab"", ""py"": ""ātài"", ""note"": ""（人名）""}, {""text"": ""，"", ""type"": ""punct""}, {""text"": ""昨天"", ""type"": ""vocab"", ""py"": ""zuótiān"", ""note"": ""昨日""}, {""text"": ""的"", ""type"": ""grammar"", ""py"": ""de"", ""note"": ""名詞を修飾し、所有・限定を表す助詞（〜の）。""}, {""text"": ""电影"", ""type"": ""vocab"", ""py"": ""diànyǐng"", ""note"": ""映画""}, {""text"": ""你"", ""type"": ""vocab"", ""py"": ""nǐ"", ""note"": ""あなた""}, {""text"": ""觉得"", ""type"": ""grammar"", ""py"": ""juéde"", ""note"": ""「〜と思う、感じる」を表す動詞。""}, {""text"": ""怎么样"", ""type"": ""grammar"", ""py"": ""zěnmeyàng"", ""note"": ""「どうですか」と相手の意見や様子を尋ねる表現。""}, {""text"": ""？"", ""type"": ""punct""}]",HSKspeaking_practice
376,38,2,阿泰,我觉得特别好看，故事很感人。,"Wǒ juéde tèbié hǎokàn, gùshi hěn gǎnrén.",すごく面白かったと思う、ストーリーが感動的だった。,"[{""text"": ""我"", ""type"": ""vocab"", ""py"": ""wǒ"", ""note"": ""私""}, {""text"": ""觉得"", ""type"": ""grammar"", ""py"": ""juéde"", ""note"": ""「〜と思う、感じる」を表す動詞。""}, {""text"": ""特别"", ""type"": ""vocab"", ""py"": ""tèbié"", ""note"": ""特に、特別""}, {""text"": ""好看"", ""type"": ""vocab"", ""py"": ""hǎokàn"", ""note"": ""綺麗だ、見栄えがいい""}, {""text"": ""，"", ""type"": ""punct""}, {""text"": ""故事"", ""type"": ""vocab"", ""py"": ""gùshì"", ""note"": ""物語、ストーリー""}, {""text"": ""很"", ""type"": ""grammar"", ""py"": ""hěn"", ""note"": ""「とても」を表す程度の副詞。形容詞文でよく使われる。""}, {""text"": ""感人"", ""type"": ""vocab"", ""py"": ""gǎnrén"", ""note"": ""感動的だ""}, {""text"": ""。"", ""type"": ""punct""}]",HSKspeaking_practice
377,38,3,小蕾,我也这么觉得，特别是最后那段。,"Wǒ yě zhème juéde, tèbié shì zuìhòu nà duàn.",私もそう思う、特に最後の部分が。,"[{""text"": ""我"", ""type"": ""vocab"", ""py"": ""wǒ"", ""note"": ""私""}, {""text"": ""也"", ""type"": ""grammar"", ""py"": ""yě"", ""note"": ""「〜も」を表す副詞。""}, {""text"": ""这么"", ""type"": ""vocab"", ""py"": ""zhème"", ""note"": ""こんなに、このように""}, {""text"": ""觉得"", ""type"": ""grammar"", ""py"": ""juéde"", ""note"": ""「〜と思う、感じる」を表す動詞。""}, {""text"": ""，"", ""type"": ""punct""}, {""text"": ""特别"", ""type"": ""vocab"", ""py"": ""tèbié"", ""note"": ""特に、特別""}, {""text"": ""是"", ""type"": ""grammar"", ""py"": ""shì"", ""note"": ""「〜である」を表すbe動詞。""}, {""text"": ""最后"", ""type"": ""vocab"", ""py"": ""zuìhòu"", ""note"": ""最後に""}, {""text"": ""那段"", ""type"": ""vocab"", ""py"": ""nàduàn"", ""note"": ""あのシーン、あの部分""}, {""text"": ""。"", ""type"": ""punct""}]",HSKspeaking_practice
378,38,4,阿泰,对，我差点儿哭了。,"Duì, wǒ chàdiǎnr kū le.",そうだね、僕はちょっと泣きそうになった。,"[{""text"": ""对"", ""type"": ""grammar"", ""py"": ""duì"", ""note"": ""「〜に対して」を表す介詞、または「正しい」という意味の形容詞。""}, {""text"": ""，"", ""type"": ""punct""}, {""text"": ""我"", ""type"": ""vocab"", ""py"": ""wǒ"", ""note"": ""私""}, {""text"": ""差点儿"", ""type"": ""grammar"", ""py"": ""chàdiǎnér"", ""note"": ""「もう少しで〜するところだった」を表す副詞。""}, {""text"": ""哭"", ""type"": ""vocab"", ""py"": ""kū"", ""note"": ""泣く""}, {""text"": ""了"", ""type"": ""grammar"", ""py"": ""le"", ""note"": ""動作の完了や状態の変化を表す助詞（文末や動詞の直後に置く）。""}, {""text"": ""。"", ""type"": ""punct""}]",HSKspeaking_practice
379,38,5,小蕾,演员演得也很好，特别是主角。,"Yǎnyuán yǎn de yě hěn hǎo, tèbié shì zhǔjué.",俳優の演技もよかった、特に主役が。,"[{""text"": ""演员"", ""type"": ""vocab"", ""py"": ""yǎnyuán"", ""note"": ""俳優""}, {""text"": ""演得"", ""type"": ""vocab"", ""py"": ""yǎndé"", ""note"": ""演技が〜（演＋得）""}, {""text"": ""也"", ""type"": ""grammar"", ""py"": ""yě"", ""note"": ""「〜も」を表す副詞。""}, {""text"": ""很"", ""type"": ""grammar"", ""py"": ""hěn"", ""note"": ""「とても」を表す程度の副詞。形容詞文でよく使われる。""}, {""text"": ""好"", ""type"": ""vocab"", ""py"": ""hǎo"", ""note"": ""良い、元気だ""}, {""text"": ""，"", ""type"": ""punct""}, {""text"": ""特别"", ""type"": ""vocab"", ""py"": ""tèbié"", ""note"": ""特に、特別""}, {""text"": ""是"", ""type"": ""grammar"", ""py"": ""shì"", ""note"": ""「〜である」を表すbe動詞。""}, {""text"": ""主角"", ""type"": ""vocab"", ""py"": ""zhǔjué"", ""note"": ""主役""}, {""text"": ""。"", ""type"": ""punct""}]",HSKspeaking_practice
380,38,6,阿泰,是啊，听说他为了这个角色练了半年。,"Shì a, tīngshuō tā wèile zhège juésè liàn le bàn nián.",そうだね、この役のために半年練習したらしいよ。,"[{""text"": ""是"", ""type"": ""grammar"", ""py"": ""shì"", ""note"": ""「〜である」を表すbe動詞。""}, {""text"": ""啊"", ""type"": ""grammar"", ""py"": ""a"", ""note"": ""感嘆や語気をやわらげる文末助詞。""}, {""text"": ""，"", ""type"": ""punct""}, {""text"": ""听说"", ""type"": ""vocab"", ""py"": ""tīngshuō"", ""note"": ""〜と聞いている""}, {""text"": ""他"", ""type"": ""vocab"", ""py"": ""tā"", ""note"": ""彼""}, {""text"": ""为了"", ""type"": ""vocab"", ""py"": ""wèile"", ""note"": ""〜のために""}, {""text"": ""这个"", ""type"": ""vocab"", ""py"": ""zhège"", ""note"": ""これ""}, {""text"": ""角色"", ""type"": ""vocab"", ""py"": ""juésè"", ""note"": ""役、キャラクター""}, {""text"": ""练"", ""type"": ""vocab"", ""py"": ""liàn"", ""note"": ""練習する""}, {""text"": ""了"", ""type"": ""grammar"", ""py"": ""le"", ""note"": ""動作の完了や状態の変化を表す助詞（文末や動詞の直後に置く）。""}, {""text"": ""半年"", ""type"": ""vocab"", ""py"": ""bànnián"", ""note"": ""半年""}, {""text"": ""。"", ""type"": ""punct""}]",HSKspeaking_practice
381,38,7,小蕾,难怪演得这么真实。,Nánguài yǎn de zhème zhēnshí.,道理でこんなにリアルに演じられるわけだ。,"[{""text"": ""难怪"", ""type"": ""vocab"", ""py"": ""nánguài"", ""note"": ""どうりで""}, {""text"": ""演得"", ""type"": ""vocab"", ""py"": ""yǎndé"", ""note"": ""演技が〜（演＋得）""}, {""text"": ""这么"", ""type"": ""vocab"", ""py"": ""zhème"", ""note"": ""こんなに、このように""}, {""text"": ""真实"", ""type"": ""vocab"", ""py"": ""zhēnshí"", ""note"": ""リアルな、本物っぽい""}, {""text"": ""。"", ""type"": ""punct""}]",HSKspeaking_practice
382,38,8,阿泰,你想不想再看一遍？,Nǐ xiǎng bu xiǎng zài kàn yí biàn?,もう一回見たいと思う？,"[{""text"": ""你"", ""type"": ""vocab"", ""py"": ""nǐ"", ""note"": ""あなた""}, {""text"": ""想"", ""type"": ""grammar"", ""py"": ""xiǎng"", ""note"": ""「〜したい」という願望を表す助動詞。""}, {""text"": ""不想"", ""type"": ""vocab"", ""py"": ""bùxiǎng"", ""note"": ""〜したくない""}, {""text"": ""再"", ""type"": ""grammar"", ""py"": ""zài"", ""note"": ""「また、さらに（これから先の繰り返し）」を表す副詞。""}, {""text"": ""看一遍"", ""type"": ""vocab"", ""py"": ""kànyībiàn"", ""note"": ""一回見る""}, {""text"": ""？"", ""type"": ""punct""}]",HSKspeaking_practice
383,38,9,小蕾,想，我们下周末再去看吧。,"Xiǎng, wǒmen xià zhōumò zài qù kàn ba.",見たい、また来週末見に行こう。,"[{""text"": ""想"", ""type"": ""grammar"", ""py"": ""xiǎng"", ""note"": ""「〜したい」という願望を表す助動詞。""}, {""text"": ""，"", ""type"": ""punct""}, {""text"": ""我们"", ""type"": ""vocab"", ""py"": ""wǒmen"", ""note"": ""私たち""}, {""text"": ""下"", ""type"": ""vocab"", ""py"": ""xià"", ""note"": ""下、次""}, {""text"": ""周末"", ""type"": ""vocab"", ""py"": ""zhōumò"", ""note"": ""週末""}, {""text"": ""再"", ""type"": ""grammar"", ""py"": ""zài"", ""note"": ""「また、さらに（これから先の繰り返し）」を表す副詞。""}, {""text"": ""去"", ""type"": ""vocab"", ""py"": ""qù"", ""note"": ""行く""}, {""text"": ""看吧"", ""type"": ""vocab"", ""py"": ""kànba"", ""note"": ""見よう（看＋吧）""}, {""text"": ""。"", ""type"": ""punct""}]",HSKspeaking_practice
384,38,10,阿泰,好，这次叫上小林一起去。,"Hǎo, zhè cì jiào shàng Xiǎolín yìqǐ qù.",いいね、今回は小林も誘って一緒に行こう。,"[{""text"": ""好"", ""type"": ""vocab"", ""py"": ""hǎo"", ""note"": ""良い、元気だ""}, {""text"": ""，"", ""type"": ""punct""}, {""text"": ""这次"", ""type"": ""vocab"", ""py"": ""zhècì"", ""note"": ""今回""}, {""text"": ""叫"", ""type"": ""grammar"", ""py"": ""jiào"", ""note"": ""「（人に）〜させる」使役、または「〜という名前だ」を表す動詞。""}, {""text"": ""上"", ""type"": ""vocab"", ""py"": ""shàng"", ""note"": ""上、〜において""}, {""text"": ""小林"", ""type"": ""vocab"", ""py"": ""xiǎolín"", ""note"": ""（人名）""}, {""text"": ""一起"", ""type"": ""vocab"", ""py"": ""yìqǐ"", ""note"": ""一緒に""}, {""text"": ""去"", ""type"": ""vocab"", ""py"": ""qù"", ""note"": ""行く""}, {""text"": ""。"", ""type"": ""punct""}]",HSKspeaking_practice
385,39,1,小柔,阿静，我最近喜欢上了一个人，不知道该怎么办。,"Ājìng, wǒ zuìjìn xǐhuan shàng le yí ge rén, bù zhī dào gāi zěnme bàn.",阿静、最近ある人のことが好きになっちゃって、どうしたらいいか分からないの。,"[{""text"": ""阿静"", ""type"": ""vocab"", ""py"": ""ājìng"", ""note"": ""（人名）""}, {""text"": ""，"", ""type"": ""punct""}, {""text"": ""我"", ""type"": ""vocab"", ""py"": ""wǒ"", ""note"": ""私""}, {""text"": ""最近"", ""type"": ""vocab"", ""py"": ""zuìjìn"", ""note"": ""最近""}, {""text"": ""喜欢"", ""type"": ""vocab"", ""py"": ""xǐhuān"", ""note"": ""好きだ、気に入る""}, {""text"": ""上"", ""type"": ""vocab"", ""py"": ""shàng"", ""note"": ""上、〜において""}, {""text"": ""了"", ""type"": ""grammar"", ""py"": ""le"", ""note"": ""動作の完了や状態の変化を表す助詞（文末や動詞の直後に置く）。""}, {""text"": ""一个"", ""type"": ""vocab"", ""py"": ""yígè"", ""note"": ""一つ""}, {""text"": ""人"", ""type"": ""vocab"", ""py"": ""rén"", ""note"": ""人""}, {""text"": ""，"", ""type"": ""punct""}, {""text"": ""不"", ""type"": ""grammar"", ""py"": ""bù"", ""note"": ""動詞・形容詞を否定する副詞。""}, {""text"": ""知道"", ""type"": ""vocab"", ""py"": ""zhīdào"", ""note"": ""知っている、わかる""}, {""text"": ""该"", ""type"": ""vocab"", ""py"": ""gāi"", ""note"": ""〜すべきだ""}, {""text"": ""怎么办"", ""type"": ""vocab"", ""py"": ""zěnmebàn"", ""note"": ""どうしよう""}, {""text"": ""。"", ""type"": ""punct""}]",HSKspeaking_practice
386,39,2,阿静,真的吗？是谁呀，快跟我说说。,"Zhēn de ma? Shì shéi ya, kuài gēn wǒ shuōshuo.",本当に？誰なの、早く教えてよ。,"[{""text"": ""真的"", ""type"": ""vocab"", ""py"": ""zhēnde"", ""note"": ""本当に""}, {""text"": ""吗"", ""type"": ""grammar"", ""py"": ""ma"", ""note"": ""「はい/いいえ」で答える疑問文を作る文末助詞。""}, {""text"": ""？"", ""type"": ""punct""}, {""text"": ""是"", ""type"": ""grammar"", ""py"": ""shì"", ""note"": ""「〜である」を表すbe動詞。""}, {""text"": ""谁"", ""type"": ""vocab"", ""py"": ""shuí"", ""note"": ""誰""}, {""text"": ""呀"", ""type"": ""grammar"", ""py"": ""ya"", ""note"": ""感嘆や語気をやわらげる文末助詞（「啊」と似た働き）。""}, {""text"": ""，"", ""type"": ""punct""}, {""text"": ""快"", ""type"": ""vocab"", ""py"": ""kuài"", ""note"": ""速い、はやく""}, {""text"": ""跟"", ""type"": ""grammar"", ""py"": ""gēn"", ""note"": ""「〜と」を表す介詞。一緒に何かをする相手を示す。""}, {""text"": ""我"", ""type"": ""vocab"", ""py"": ""wǒ"", ""note"": ""私""}, {""text"": ""说"", ""type"": ""vocab"", ""py"": ""shuō"", ""note"": ""話す、言う""}, {""text"": ""说"", ""type"": ""vocab"", ""py"": ""shuō"", ""note"": ""話す、言う""}, {""text"": ""。"", ""type"": ""punct""}]",HSKspeaking_practice
387,39,3,小柔,是我们公司新来的同事，人很幽默。,"Shì wǒmen gōngsī xīn lái de tóngshì, rén hěn yōumò.",会社に新しく来た同僚なの、すごくユーモアがある人で。,"[{""text"": ""是"", ""type"": ""grammar"", ""py"": ""shì"", ""note"": ""「〜である」を表すbe動詞。""}, {""text"": ""我们"", ""type"": ""vocab"", ""py"": ""wǒmen"", ""note"": ""私たち""}, {""text"": ""公司"", ""type"": ""vocab"", ""py"": ""gōngsī"", ""note"": ""会社""}, {""text"": ""新来"", ""type"": ""vocab"", ""py"": ""xīnlái"", ""note"": ""新しく来た""}, {""text"": ""的"", ""type"": ""grammar"", ""py"": ""de"", ""note"": ""名詞を修飾し、所有・限定を表す助詞（〜の）。""}, {""text"": ""同事"", ""type"": ""vocab"", ""py"": ""tóngshì"", ""note"": ""同僚""}, {""text"": ""，"", ""type"": ""punct""}, {""text"": ""人"", ""type"": ""vocab"", ""py"": ""rén"", ""note"": ""人""}, {""text"": ""很"", ""type"": ""grammar"", ""py"": ""hěn"", ""note"": ""「とても」を表す程度の副詞。形容詞文でよく使われる。""}, {""text"": ""幽默"", ""type"": ""vocab"", ""py"": ""yōumò"", ""note"": ""ユーモアがある""}, {""text"": ""。"", ""type"": ""punct""}]",HSKspeaking_practice
388,39,4,阿静,那你打算怎么表达自己的心意？,Nà nǐ dǎsuàn zěnme biǎodá zìjǐ de xīnyì?,それで自分の気持ちをどう伝えるつもり？,"[{""text"": ""那"", ""type"": ""vocab"", ""py"": ""nà"", ""note"": ""あれ、それ／それなら""}, {""text"": ""你"", ""type"": ""vocab"", ""py"": ""nǐ"", ""note"": ""あなた""}, {""text"": ""打算"", ""type"": ""grammar"", ""py"": ""dǎsuàn"", ""note"": ""「〜するつもりだ」という計画を表す動詞。""}, {""text"": ""怎么"", ""type"": ""grammar"", ""py"": ""zěnme"", ""note"": ""「どうやって、なぜ」を表す疑問詞。""}, {""text"": ""表达"", ""type"": ""vocab"", ""py"": ""biǎodá"", ""note"": ""表現する""}, {""text"": ""自己"", ""type"": ""vocab"", ""py"": ""zìjǐ"", ""note"": ""自分自身""}, {""text"": ""的"", ""type"": ""grammar"", ""py"": ""de"", ""note"": ""名詞を修飾し、所有・限定を表す助詞（〜の）。""}, {""text"": ""心意"", ""type"": ""vocab"", ""py"": ""xīnyì"", ""note"": ""気持ち""}, {""text"": ""？"", ""type"": ""punct""}]",HSKspeaking_practice
389,39,5,小柔,我很紧张，怕表白以后连朋友都做不成。,"Wǒ hěn jǐnzhāng, pà biǎobái yǐhòu lián péngyou dōu zuò bu chéng.",すごく緊張するの、告白した後で友達にすらなれなくなるんじゃないかって怖くて。,"[{""text"": ""我"", ""type"": ""vocab"", ""py"": ""wǒ"", ""note"": ""私""}, {""text"": ""很"", ""type"": ""grammar"", ""py"": ""hěn"", ""note"": ""「とても」を表す程度の副詞。形容詞文でよく使われる。""}, {""text"": ""紧张"", ""type"": ""vocab"", ""py"": ""jǐnzhāng"", ""note"": ""緊張する""}, {""text"": ""，"", ""type"": ""punct""}, {""text"": ""怕"", ""type"": ""vocab"", ""py"": ""pà"", ""note"": ""恐れる、心配する""}, {""text"": ""表白"", ""type"": ""vocab"", ""py"": ""biǎobái"", ""note"": ""告白する""}, {""text"": ""以后"", ""type"": ""vocab"", ""py"": ""yǐhòu"", ""note"": ""〜以後、これから""}, {""text"": ""连"", ""type"": ""vocab"", ""py"": ""lián"", ""note"": ""〜さえ""}, {""text"": ""朋友"", ""type"": ""vocab"", ""py"": ""péngyǒu"", ""note"": ""友達""}, {""text"": ""都"", ""type"": ""grammar"", ""py"": ""dōu"", ""note"": ""「みな、すべて」を表す副詞。""}, {""text"": ""做"", ""type"": ""vocab"", ""py"": ""zuò"", ""note"": ""する、作る""}, {""text"": ""不成"", ""type"": ""vocab"", ""py"": ""bùchéng"", ""note"": ""うまくいかない、だめになる""}, {""text"": ""。"", ""type"": ""punct""}]",HSKspeaking_practice
390,39,6,阿静,与其一直担心，不如先多花时间了解一下他。,"Yǔqí yìzhí dānxīn, bùrú xiān duō huā shíjiān liǎojiě yíxià tā.",ずっと心配しているくらいなら、まずもっと時間をかけて彼のことを知る方がいいよ。,"[{""text"": ""与其"", ""type"": ""grammar"", ""py"": ""yǔqí"", ""note"": ""「〜するくらいなら」を表す接続詞。「与其…不如…」の形で使う。""}, {""text"": ""一直"", ""type"": ""grammar"", ""py"": ""yìzhí"", ""note"": ""「ずっと、一貫して」を表す副詞。""}, {""text"": ""担心"", ""type"": ""vocab"", ""py"": ""dānxīn"", ""note"": ""心配する""}, {""text"": ""，"", ""type"": ""punct""}, {""text"": ""不如"", ""type"": ""grammar"", ""py"": ""bùrú"", ""note"": ""「〜する方がよい」を表す語。「与其…不如…」の形で使う。""}, {""text"": ""先多花"", ""type"": ""vocab"", ""py"": ""xiānduōhuā"", ""note"": ""まず多めに（時間を）かける（先＋多＋花）""}, {""text"": ""时间"", ""type"": ""vocab"", ""py"": ""shíjiān"", ""note"": ""時間""}, {""text"": ""了解"", ""type"": ""vocab"", ""py"": ""liǎojiě"", ""note"": ""理解する、把握する""}, {""text"": ""一下"", ""type"": ""grammar"", ""py"": ""yīxià"", ""note"": ""動詞の後について「ちょっと〜する」と動作の軽さ・短さを表す表現。""}, {""text"": ""他"", ""type"": ""vocab"", ""py"": ""tā"", ""note"": ""彼""}, {""text"": ""。"", ""type"": ""punct""}]",HSKspeaking_practice
391,39,7,小柔,你说得对，我们可以先一起吃几次饭。,"Nǐ shuō de duì, wǒmen kěyǐ xiān yìqǐ chī jǐ cì fàn.",その通りだね、まず何回か一緒にご飯を食べてみようかな。,"[{""text"": ""你"", ""type"": ""vocab"", ""py"": ""nǐ"", ""note"": ""あなた""}, {""text"": ""说得对"", ""type"": ""vocab"", ""py"": ""shuōdéduì"", ""note"": ""言う通りだ""}, {""text"": ""，"", ""type"": ""punct""}, {""text"": ""我们"", ""type"": ""vocab"", ""py"": ""wǒmen"", ""note"": ""私たち""}, {""text"": ""可以"", ""type"": ""grammar"", ""py"": ""kěyǐ"", ""note"": ""「〜してもよい、〜できる」という許可・可能を表す助動詞。""}, {""text"": ""先"", ""type"": ""grammar"", ""py"": ""xiān"", ""note"": ""「まず、先に」を表す副詞。""}, {""text"": ""一起"", ""type"": ""vocab"", ""py"": ""yìqǐ"", ""note"": ""一緒に""}, {""text"": ""吃"", ""type"": ""vocab"", ""py"": ""chī"", ""note"": ""食べる""}, {""text"": ""几次"", ""type"": ""vocab"", ""py"": ""jǐcì"", ""note"": ""何回か""}, {""text"": ""饭"", ""type"": ""vocab"", ""py"": ""fàn"", ""note"": ""ご飯""}, {""text"": ""。"", ""type"": ""punct""}]",HSKspeaking_practice
392,39,8,阿静,只要顺其自然，感情才会更真实。,"Zhǐyào shùnqízìrán, gǎnqíng cái huì gèng zhēnshí.",自然な流れに任せさえすれば、気持ちはもっと本物になるよ。,"[{""text"": ""只要"", ""type"": ""grammar"", ""py"": ""zhǐyào"", ""note"": ""「〜さえすれば」を表す接続詞。「只要…就…」の形で使う。""}, {""text"": ""顺其自然"", ""type"": ""vocab"", ""py"": ""shùnqízìrán"", ""note"": ""成り行きに任せる""}, {""text"": ""，"", ""type"": ""punct""}, {""text"": ""感情"", ""type"": ""vocab"", ""py"": ""gǎnqíng"", ""note"": ""感情""}, {""text"": ""才"", ""type"": ""grammar"", ""py"": ""cái"", ""note"": ""「やっと、〜してはじめて」を表す副詞。""}, {""text"": ""会"", ""type"": ""grammar"", ""py"": ""huì"", ""note"": ""「〜するだろう」「（習得して）〜できる」という可能性・技能を表す助動詞。""}, {""text"": ""更"", ""type"": ""grammar"", ""py"": ""gèng"", ""note"": ""「さらに、もっと」を表す程度の副詞（比較を強める）。""}, {""text"": ""真实"", ""type"": ""vocab"", ""py"": ""zhēnshí"", ""note"": ""リアルな、本物っぽい""}, {""text"": ""。"", ""type"": ""punct""}]",HSKspeaking_practice
393,39,9,小柔,谢谢你，我心里踏实多了。,"Xièxie nǐ, wǒ xīnli tāshi duō le.",ありがとう、気持ちがだいぶ落ち着いた。,"[{""text"": ""谢谢"", ""type"": ""vocab"", ""py"": ""xièxiè"", ""note"": ""ありがとう""}, {""text"": ""你"", ""type"": ""vocab"", ""py"": ""nǐ"", ""note"": ""あなた""}, {""text"": ""，"", ""type"": ""punct""}, {""text"": ""我"", ""type"": ""vocab"", ""py"": ""wǒ"", ""note"": ""私""}, {""text"": ""心里"", ""type"": ""vocab"", ""py"": ""xīnlǐ"", ""note"": ""心の中""}, {""text"": ""踏实"", ""type"": ""vocab"", ""py"": ""tàshí"", ""note"": ""落ち着いている、安心だ""}, {""text"": ""多"", ""type"": ""vocab"", ""py"": ""duō"", ""note"": ""多い""}, {""text"": ""了"", ""type"": ""grammar"", ""py"": ""le"", ""note"": ""動作の完了や状態の変化を表す助詞（文末や動詞の直後に置く）。""}, {""text"": ""。"", ""type"": ""punct""}]",HSKspeaking_practice
394,39,10,阿静,不客气，有进展一定要告诉我！,"Bú kèqi, yǒu jìnzhǎn yídìng yào gàosu wǒ!",どういたしまして、進展があったら必ず教えてね！,"[{""text"": ""不"", ""type"": ""grammar"", ""py"": ""bù"", ""note"": ""動詞・形容詞を否定する副詞。""}, {""text"": ""客气"", ""type"": ""vocab"", ""py"": ""kèqì"", ""note"": ""遠慮する、礼儀正しい""}, {""text"": ""，"", ""type"": ""punct""}, {""text"": ""有"", ""type"": ""grammar"", ""py"": ""yǒu"", ""note"": ""「持っている、ある」を表す動詞。否定形は「没有」。""}, {""text"": ""进展"", ""type"": ""vocab"", ""py"": ""jìnzhǎn"", ""note"": ""進展""}, {""text"": ""一定"", ""type"": ""vocab"", ""py"": ""yídìng"", ""note"": ""必ず、きっと""}, {""text"": ""要"", ""type"": ""grammar"", ""py"": ""yào"", ""note"": ""「〜したい、〜するつもりだ」という意志・必要を表す助動詞。""}, {""text"": ""告诉"", ""type"": ""vocab"", ""py"": ""gàosù"", ""note"": ""伝える、教える""}, {""text"": ""我"", ""type"": ""vocab"", ""py"": ""wǒ"", ""note"": ""私""}, {""text"": ""！"", ""type"": ""punct""}]",HSKspeaking_practice
395,40,1,小茹,阿玲，婚礼的日子定下来了，下个月十号。,"Ālíng, hūnlǐ de rìzi dìng xiàlái le, xià ge yuè shí hào.",阿玲、結婚式の日取りが決まったの、来月10日。,"[{""text"": ""阿玲"", ""type"": ""vocab"", ""py"": ""ālíng"", ""note"": ""（人名）""}, {""text"": ""，"", ""type"": ""punct""}, {""text"": ""婚礼"", ""type"": ""vocab"", ""py"": ""hūnlǐ"", ""note"": ""結婚式""}, {""text"": ""的"", ""type"": ""grammar"", ""py"": ""de"", ""note"": ""名詞を修飾し、所有・限定を表す助詞（〜の）。""}, {""text"": ""日子"", ""type"": ""vocab"", ""py"": ""rìzi"", ""note"": ""日にち""}, {""text"": ""定"", ""type"": ""vocab"", ""py"": ""dìng"", ""note"": ""決める""}, {""text"": ""下来"", ""type"": ""vocab"", ""py"": ""xiàlái"", ""note"": ""〜し終える、〜してくる（方向補語）""}, {""text"": ""了"", ""type"": ""grammar"", ""py"": ""le"", ""note"": ""動作の完了や状態の変化を表す助詞（文末や動詞の直後に置く）。""}, {""text"": ""，"", ""type"": ""punct""}, {""text"": ""下个月"", ""type"": ""vocab"", ""py"": ""xiàgèyuè"", ""note"": ""来月""}, {""text"": ""十号"", ""type"": ""vocab"", ""py"": ""shíhào"", ""note"": ""10日""}, {""text"": ""。"", ""type"": ""punct""}]",HSKspeaking_practice
396,40,2,阿玲,太好了！你们准备在哪儿办？,Tài hǎo le! Nǐmen zhǔnbèi zài nǎr bàn?,よかった！どこで挙げる予定なの？,"[{""text"": ""太好了"", ""type"": ""vocab"", ""py"": ""tàihǎole"", ""note"": ""よかった！""}, {""text"": ""！"", ""type"": ""punct""}, {""text"": ""你们"", ""type"": ""vocab"", ""py"": ""nǐmen"", ""note"": ""あなたたち""}, {""text"": ""准备"", ""type"": ""vocab"", ""py"": ""zhǔnbèi"", ""note"": ""準備する""}, {""text"": ""在"", ""type"": ""grammar"", ""py"": ""zài"", ""note"": ""「〜にいる／ある」を表す動詞、または動詞の前について進行「〜している」を表す。""}, {""text"": ""哪儿"", ""type"": ""vocab"", ""py"": ""nǎér"", ""note"": ""どこ""}, {""text"": ""办"", ""type"": ""vocab"", ""py"": ""bàn"", ""note"": ""（催しなどを）行う、開く""}, {""text"": ""？"", ""type"": ""punct""}]",HSKspeaking_practice
397,40,3,小茹,就在市中心的一家酒店，风景很不错。,"Jiù zài shìzhōngxīn de yì jiā jiǔdiàn, fēngjǐng hěn búcuò.",街中心のホテルでやるつもり、景色がすごくいいの。,"[{""text"": ""就"", ""type"": ""grammar"", ""py"": ""jiù"", ""note"": ""「すぐに、まさに」など、条件の帰結や強調を表す副詞。""}, {""text"": ""在"", ""type"": ""grammar"", ""py"": ""zài"", ""note"": ""「〜にいる／ある」を表す動詞、または動詞の前について進行「〜している」を表す。""}, {""text"": ""市中心"", ""type"": ""vocab"", ""py"": ""shìzhōngxīn"", ""note"": ""市の中心部""}, {""text"": ""的"", ""type"": ""grammar"", ""py"": ""de"", ""note"": ""名詞を修飾し、所有・限定を表す助詞（〜の）。""}, {""text"": ""一家"", ""type"": ""vocab"", ""py"": ""yījiā"", ""note"": ""1社、一軒""}, {""text"": ""酒店"", ""type"": ""vocab"", ""py"": ""jiǔdiàn"", ""note"": ""ホテル""}, {""text"": ""，"", ""type"": ""punct""}, {""text"": ""风景"", ""type"": ""vocab"", ""py"": ""fēngjǐng"", ""note"": ""景色""}, {""text"": ""很"", ""type"": ""grammar"", ""py"": ""hěn"", ""note"": ""「とても」を表す程度の副詞。形容詞文でよく使われる。""}, {""text"": ""不错"", ""type"": ""vocab"", ""py"": ""bùcuò"", ""note"": ""なかなか良い""}, {""text"": ""。"", ""type"": ""punct""}]",HSKspeaking_practice
398,40,4,阿玲,婚纱选好了吗？,Hūnshā xuǎnhǎo le ma?,ウェディングドレスはもう決まった？,"[{""text"": ""婚纱"", ""type"": ""vocab"", ""py"": ""hūnshā"", ""note"": ""ウェディングドレス""}, {""text"": ""选"", ""type"": ""vocab"", ""py"": ""xuǎn"", ""note"": ""選ぶ""}, {""text"": ""好了吗"", ""type"": ""vocab"", ""py"": ""hǎolema"", ""note"": ""終わりましたか（好＋了＋吗）""}, {""text"": ""？"", ""type"": ""punct""}]",HSKspeaking_practice
399,40,5,小茹,选好了，不过还得再改改尺寸。,"Xuǎnhǎo le, búguò hái děi zài gǎigai chǐcùn.",決まったんだけど、まだサイズを直さないといけないの。,"[{""text"": ""选好"", ""type"": ""vocab"", ""py"": ""xuǎnhǎo"", ""note"": ""選び終える""}, {""text"": ""了"", ""type"": ""grammar"", ""py"": ""le"", ""note"": ""動作の完了や状態の変化を表す助詞（文末や動詞の直後に置く）。""}, {""text"": ""，"", ""type"": ""punct""}, {""text"": ""不过"", ""type"": ""grammar"", ""py"": ""bùguò"", ""note"": ""「ただし、でも」を表す軽い転換の接続詞。""}, {""text"": ""还"", ""type"": ""grammar"", ""py"": ""hái"", ""note"": ""「まだ、さらに」を表す副詞。""}, {""text"": ""得"", ""type"": ""grammar"", ""py"": ""dé"", ""note"": ""動詞・形容詞の後について程度や結果を表す補語を導く助詞（〜するのが…だ）。文脈により「〜しなければならない(děi)」の助動詞の場合もある。""}, {""text"": ""再"", ""type"": ""grammar"", ""py"": ""zài"", ""note"": ""「また、さらに（これから先の繰り返し）」を表す副詞。""}, {""text"": ""改改"", ""type"": ""vocab"", ""py"": ""gǎigǎi"", ""note"": ""少し直す""}, {""text"": ""尺寸"", ""type"": ""vocab"", ""py"": ""chǐcùn"", ""note"": ""サイズ""}, {""text"": ""。"", ""type"": ""punct""}]",HSKspeaking_practice
400,40,6,阿玲,客人名单准备得怎么样了？,Kèrén míngdān zhǔnbèi de zěnmeyàng le?,招待客のリストはどんな感じ？,"[{""text"": ""客人"", ""type"": ""vocab"", ""py"": ""kèrén"", ""note"": ""お客さん""}, {""text"": ""名单"", ""type"": ""vocab"", ""py"": ""míngdān"", ""note"": ""名簿、リスト""}, {""text"": ""准备"", ""type"": ""vocab"", ""py"": ""zhǔnbèi"", ""note"": ""準備する""}, {""text"": ""得"", ""type"": ""grammar"", ""py"": ""dé"", ""note"": ""動詞・形容詞の後について程度や結果を表す補語を導く助詞（〜するのが…だ）。文脈により「〜しなければならない(děi)」の助動詞の場合もある。""}, {""text"": ""怎么样"", ""type"": ""grammar"", ""py"": ""zěnmeyàng"", ""note"": ""「どうですか」と相手の意見や様子を尋ねる表現。""}, {""text"": ""了"", ""type"": ""grammar"", ""py"": ""le"", ""note"": ""動作の完了や状態の変化を表す助詞（文末や動詞の直後に置く）。""}, {""text"": ""？"", ""type"": ""punct""}]",HSKspeaking_practice
401,40,7,小茹,差不多了，大概会请一百多位客人。,"Chàbuduō le, dàgài huì qǐng yìbǎi duō wèi kèrén.",ほぼ準備できたよ、だいたい100人以上招待する予定。,"[{""text"": ""差不多"", ""type"": ""vocab"", ""py"": ""chàbuduō"", ""note"": ""だいたい、ほぼ""}, {""text"": ""了"", ""type"": ""grammar"", ""py"": ""le"", ""note"": ""動作の完了や状態の変化を表す助詞（文末や動詞の直後に置く）。""}, {""text"": ""，"", ""type"": ""punct""}, {""text"": ""大概"", ""type"": ""vocab"", ""py"": ""dàgài"", ""note"": ""だいたい、おそらく""}, {""text"": ""会"", ""type"": ""grammar"", ""py"": ""huì"", ""note"": ""「〜するだろう」「（習得して）〜できる」という可能性・技能を表す助動詞。""}, {""text"": ""请"", ""type"": ""vocab"", ""py"": ""qǐng"", ""note"": ""どうぞ〜してください""}, {""text"": ""一百多位"", ""type"": ""vocab"", ""py"": ""yìbǎiduōwèi"", ""note"": ""100人あまり""}, {""text"": ""客人"", ""type"": ""vocab"", ""py"": ""kèrén"", ""note"": ""お客さん""}, {""text"": ""。"", ""type"": ""punct""}]",HSKspeaking_practice
402,40,8,阿玲,那么多，一定很热闹。,"Nàme duō, yídìng hěn rènao.",そんなにいるんだ、きっとにぎやかだね。,"[{""text"": ""那么"", ""type"": ""vocab"", ""py"": ""nàme"", ""note"": ""それでは、それなら""}, {""text"": ""多"", ""type"": ""vocab"", ""py"": ""duō"", ""note"": ""多い""}, {""text"": ""，"", ""type"": ""punct""}, {""text"": ""一定"", ""type"": ""vocab"", ""py"": ""yídìng"", ""note"": ""必ず、きっと""}, {""text"": ""很"", ""type"": ""grammar"", ""py"": ""hěn"", ""note"": ""「とても」を表す程度の副詞。形容詞文でよく使われる。""}, {""text"": ""热闹"", ""type"": ""vocab"", ""py"": ""rènào"", ""note"": ""にぎやかだ""}, {""text"": ""。"", ""type"": ""punct""}]",HSKspeaking_practice
403,40,9,小茹,是啊，希望那天天气也能配合一下。,"Shì a, xīwàng nà tiān tiānqì yě néng pèihé yíxià.",そうなの、当日は天気も味方してくれるといいな。,"[{""text"": ""是"", ""type"": ""grammar"", ""py"": ""shì"", ""note"": ""「〜である」を表すbe動詞。""}, {""text"": ""啊"", ""type"": ""grammar"", ""py"": ""a"", ""note"": ""感嘆や語気をやわらげる文末助詞。""}, {""text"": ""，"", ""type"": ""punct""}, {""text"": ""希望"", ""type"": ""grammar"", ""py"": ""xīwàng"", ""note"": ""「〜を望む」を表す動詞。""}, {""text"": ""那天"", ""type"": ""vocab"", ""py"": ""nàtiān"", ""note"": ""あの日""}, {""text"": ""天气"", ""type"": ""vocab"", ""py"": ""tiānqì"", ""note"": ""天気""}, {""text"": ""也"", ""type"": ""grammar"", ""py"": ""yě"", ""note"": ""「〜も」を表す副詞。""}, {""text"": ""能"", ""type"": ""grammar"", ""py"": ""néng"", ""note"": ""「〜できる」という可能を表す助動詞。""}, {""text"": ""配合"", ""type"": ""vocab"", ""py"": ""pèihé"", ""note"": ""息を合わせる、共演する""}, {""text"": ""一下"", ""type"": ""grammar"", ""py"": ""yīxià"", ""note"": ""動詞の後について「ちょっと〜する」と動作の軽さ・短さを表す表現。""}, {""text"": ""。"", ""type"": ""punct""}]",HSKspeaking_practice
404,40,10,阿玲,别担心，我到时候一定早点儿去帮你。,"Bié dānxīn, wǒ dào shíhou yídìng zǎodiǎnr qù bāng nǐ.",心配しないで、その時は必ず早めに行って手伝うから。,"[{""text"": ""别"", ""type"": ""grammar"", ""py"": ""bié"", ""note"": ""「〜するな」と禁止を表す副詞。""}, {""text"": ""担心"", ""type"": ""vocab"", ""py"": ""dānxīn"", ""note"": ""心配する""}, {""text"": ""，"", ""type"": ""punct""}, {""text"": ""我"", ""type"": ""vocab"", ""py"": ""wǒ"", ""note"": ""私""}, {""text"": ""到时候"", ""type"": ""vocab"", ""py"": ""dàoshíhòu"", ""note"": ""その時になったら""}, {""text"": ""一定"", ""type"": ""vocab"", ""py"": ""yídìng"", ""note"": ""必ず、きっと""}, {""text"": ""早点儿"", ""type"": ""vocab"", ""py"": ""zǎodiǎnér"", ""note"": ""早めに""}, {""text"": ""去"", ""type"": ""vocab"", ""py"": ""qù"", ""note"": ""行く""}, {""text"": ""帮"", ""type"": ""vocab"", ""py"": ""bāng"", ""note"": ""手伝う""}, {""text"": ""你"", ""type"": ""vocab"", ""py"": ""nǐ"", ""note"": ""あなた""}, {""text"": ""。"", ""type"": ""punct""}]",HSKspeaking_practice
405,40,11,小茹,太谢谢你了，有你在我就放心多了。,"Tài xièxie nǐ le, yǒu nǐ zài wǒ jiù fàngxīn duō le.",本当にありがとう、あなたがいてくれるとすごく安心する。,"[{""text"": ""太"", ""type"": ""grammar"", ""py"": ""tài"", ""note"": ""「〜すぎる」を表す程度の副詞。「太…了」の形でよく使う。""}, {""text"": ""谢谢"", ""type"": ""vocab"", ""py"": ""xièxiè"", ""note"": ""ありがとう""}, {""text"": ""你"", ""type"": ""vocab"", ""py"": ""nǐ"", ""note"": ""あなた""}, {""text"": ""了"", ""type"": ""grammar"", ""py"": ""le"", ""note"": ""動作の完了や状態の変化を表す助詞（文末や動詞の直後に置く）。""}, {""text"": ""，"", ""type"": ""punct""}, {""text"": ""有"", ""type"": ""grammar"", ""py"": ""yǒu"", ""note"": ""「持っている、ある」を表す動詞。否定形は「没有」。""}, {""text"": ""你"", ""type"": ""vocab"", ""py"": ""nǐ"", ""note"": ""あなた""}, {""text"": ""在"", ""type"": ""grammar"", ""py"": ""zài"", ""note"": ""「〜にいる／ある」を表す動詞、または動詞の前について進行「〜している」を表す。""}, {""text"": ""我"", ""type"": ""vocab"", ""py"": ""wǒ"", ""note"": ""私""}, {""text"": ""就"", ""type"": ""grammar"", ""py"": ""jiù"", ""note"": ""「すぐに、まさに」など、条件の帰結や強調を表す副詞。""}, {""text"": ""放心"", ""type"": ""vocab"", ""py"": ""fàngxīn"", ""note"": ""安心する""}, {""text"": ""多"", ""type"": ""vocab"", ""py"": ""duō"", ""note"": ""多い""}, {""text"": ""了"", ""type"": ""grammar"", ""py"": ""le"", ""note"": ""動作の完了や状態の変化を表す助詞（文末や動詞の直後に置く）。""}, {""text"": ""。"", ""type"": ""punct""}]",HSKspeaking_practice
406,41,1,小媛,阿豪，听说小林的太太生了，我们要不要一起去看看？,"Āháo, tīngshuō Xiǎolín de tàitai shēng le, wǒmen yào bu yào yìqǐ qù kànkan?",阿豪、小林の奥さんが出産したって聞いたけど、一緒にお見舞いに行かない？,"[{""text"": ""阿豪"", ""type"": ""vocab"", ""py"": ""āháo"", ""note"": ""（人名）""}, {""text"": ""，"", ""type"": ""punct""}, {""text"": ""听说"", ""type"": ""vocab"", ""py"": ""tīngshuō"", ""note"": ""〜と聞いている""}, {""text"": ""小林"", ""type"": ""vocab"", ""py"": ""xiǎolín"", ""note"": ""（人名）""}, {""text"": ""的"", ""type"": ""grammar"", ""py"": ""de"", ""note"": ""名詞を修飾し、所有・限定を表す助詞（〜の）。""}, {""text"": ""太太"", ""type"": ""vocab"", ""py"": ""tàitài"", ""note"": ""奥さん、夫人""}, {""text"": ""生"", ""type"": ""vocab"", ""py"": ""shēng"", ""note"": ""産む""}, {""text"": ""了"", ""type"": ""grammar"", ""py"": ""le"", ""note"": ""動作の完了や状態の変化を表す助詞（文末や動詞の直後に置く）。""}, {""text"": ""，"", ""type"": ""punct""}, {""text"": ""我们"", ""type"": ""vocab"", ""py"": ""wǒmen"", ""note"": ""私たち""}, {""text"": ""要"", ""type"": ""grammar"", ""py"": ""yào"", ""note"": ""「〜したい、〜するつもりだ」という意志・必要を表す助動詞。""}, {""text"": ""不要"", ""type"": ""vocab"", ""py"": ""búyào"", ""note"": ""〜しないで""}, {""text"": ""一起"", ""type"": ""vocab"", ""py"": ""yìqǐ"", ""note"": ""一緒に""}, {""text"": ""去"", ""type"": ""vocab"", ""py"": ""qù"", ""note"": ""行く""}, {""text"": ""看看"", ""type"": ""vocab"", ""py"": ""kànkàn"", ""note"": ""ちょっと見る""}, {""text"": ""？"", ""type"": ""punct""}]",HSKspeaking_practice
407,41,2,阿豪,好主意，我们应该准备点儿礼物。,"Hǎo zhǔyi, wǒmen yīnggāi zhǔnbèi diǎnr lǐwù.",いい考えだね、何かプレゼントを用意した方がいいね。,"[{""text"": ""好"", ""type"": ""vocab"", ""py"": ""hǎo"", ""note"": ""良い、元気だ""}, {""text"": ""主意"", ""type"": ""vocab"", ""py"": ""zhǔyì"", ""note"": ""考え、アイデア""}, {""text"": ""，"", ""type"": ""punct""}, {""text"": ""我们"", ""type"": ""vocab"", ""py"": ""wǒmen"", ""note"": ""私たち""}, {""text"": ""应该"", ""type"": ""grammar"", ""py"": ""yīnggāi"", ""note"": ""「〜すべきだ」という当然・義務を表す助動詞。""}, {""text"": ""准备"", ""type"": ""vocab"", ""py"": ""zhǔnbèi"", ""note"": ""準備する""}, {""text"": ""点儿"", ""type"": ""vocab"", ""py"": ""diǎnér"", ""note"": ""少し（量を表す）""}, {""text"": ""礼物"", ""type"": ""vocab"", ""py"": ""lǐwù"", ""note"": ""プレゼント""}, {""text"": ""。"", ""type"": ""punct""}]",HSKspeaking_practice
408,41,3,小媛,你觉得送什么比较合适？,Nǐ juéde sòng shénme bǐjiào héshì?,何を贈るのがいいと思う？,"[{""text"": ""你"", ""type"": ""vocab"", ""py"": ""nǐ"", ""note"": ""あなた""}, {""text"": ""觉得"", ""type"": ""grammar"", ""py"": ""juéde"", ""note"": ""「〜と思う、感じる」を表す動詞。""}, {""text"": ""送"", ""type"": ""vocab"", ""py"": ""sòng"", ""note"": ""贈る""}, {""text"": ""什么"", ""type"": ""vocab"", ""py"": ""shénme"", ""note"": ""何""}, {""text"": ""比较"", ""type"": ""grammar"", ""py"": ""bǐjiào"", ""note"": ""「わりと、比較的」を表す程度の副詞。""}, {""text"": ""合适"", ""type"": ""vocab"", ""py"": ""héshì"", ""note"": ""ふさわしい、ぴったりだ""}, {""text"": ""？"", ""type"": ""punct""}]",HSKspeaking_practice
409,41,4,阿豪,婴儿用品应该不错，比如衣服或者玩具。,"Yīng'ér yòngpǐn yīnggāi búcuò, bǐrú yīfu huòzhě wánjù.",ベビー用品がいいんじゃないかな、服とかおもちゃとか。,"[{""text"": ""婴儿用品"", ""type"": ""vocab"", ""py"": ""yīngéryòngpǐn"", ""note"": ""赤ちゃん用品""}, {""text"": ""应该"", ""type"": ""grammar"", ""py"": ""yīnggāi"", ""note"": ""「〜すべきだ」という当然・義務を表す助動詞。""}, {""text"": ""不错"", ""type"": ""vocab"", ""py"": ""bùcuò"", ""note"": ""なかなか良い""}, {""text"": ""，"", ""type"": ""punct""}, {""text"": ""比如"", ""type"": ""vocab"", ""py"": ""bǐrú"", ""note"": ""例えば""}, {""text"": ""衣服"", ""type"": ""vocab"", ""py"": ""yīfú"", ""note"": ""服""}, {""text"": ""或者"", ""type"": ""grammar"", ""py"": ""huòzhě"", ""note"": ""「あるいは、それとも」を表す接続詞（平叙文で使う）。""}, {""text"": ""玩具"", ""type"": ""vocab"", ""py"": ""wánjù"", ""note"": ""おもちゃ""}, {""text"": ""。"", ""type"": ""punct""}]",HSKspeaking_practice
410,41,5,小媛,我听说他们还需要一辆婴儿车。,Wǒ tīngshuō tāmen hái xūyào yí liàng yīng'érchē.,ベビーカーも必要って聞いたよ。,"[{""text"": ""我"", ""type"": ""vocab"", ""py"": ""wǒ"", ""note"": ""私""}, {""text"": ""听说"", ""type"": ""vocab"", ""py"": ""tīngshuō"", ""note"": ""〜と聞いている""}, {""text"": ""他们"", ""type"": ""vocab"", ""py"": ""tāmen"", ""note"": ""彼ら""}, {""text"": ""还"", ""type"": ""grammar"", ""py"": ""hái"", ""note"": ""「まだ、さらに」を表す副詞。""}, {""text"": ""需要"", ""type"": ""vocab"", ""py"": ""xūyào"", ""note"": ""必要とする""}, {""text"": ""一辆"", ""type"": ""vocab"", ""py"": ""yīliàng"", ""note"": ""1台（車の量詞）""}, {""text"": ""婴儿车"", ""type"": ""vocab"", ""py"": ""yīngérchē"", ""note"": ""ベビーカー""}, {""text"": ""。"", ""type"": ""punct""}]",HSKspeaking_practice
411,41,6,阿豪,那个有点儿贵，我们可以几个同事一起凑钱买。,"Nàge yǒudiǎnr guì, wǒmen kěyǐ jǐ ge tóngshì yìqǐ còu qián mǎi.",それは少し高いから、何人かの同僚でお金を出し合って買おうよ。,"[{""text"": ""那个"", ""type"": ""vocab"", ""py"": ""nàge"", ""note"": ""あれ、その""}, {""text"": ""有点儿"", ""type"": ""grammar"", ""py"": ""yǒudiǎnér"", ""note"": ""「少し、ちょっと」を表す副詞。好ましくない状態を表すことが多く、形容詞・動詞の前に置く。""}, {""text"": ""贵"", ""type"": ""vocab"", ""py"": ""guì"", ""note"": ""（値段が）高い""}, {""text"": ""，"", ""type"": ""punct""}, {""text"": ""我们"", ""type"": ""vocab"", ""py"": ""wǒmen"", ""note"": ""私たち""}, {""text"": ""可以"", ""type"": ""grammar"", ""py"": ""kěyǐ"", ""note"": ""「〜してもよい、〜できる」という許可・可能を表す助動詞。""}, {""text"": ""几个"", ""type"": ""vocab"", ""py"": ""jǐgè"", ""note"": ""いくつか""}, {""text"": ""同事"", ""type"": ""vocab"", ""py"": ""tóngshì"", ""note"": ""同僚""}, {""text"": ""一起"", ""type"": ""vocab"", ""py"": ""yìqǐ"", ""note"": ""一緒に""}, {""text"": ""凑钱"", ""type"": ""vocab"", ""py"": ""còuqián"", ""note"": ""お金を出し合う""}, {""text"": ""买"", ""type"": ""vocab"", ""py"": ""mǎi"", ""note"": ""買う""}, {""text"": ""。"", ""type"": ""punct""}]",HSKspeaking_practice
412,41,7,小媛,好主意，我去问问其他人愿不愿意。,"Hǎo zhǔyi, wǒ qù wènwen qítā rén yuàn bu yuànyì.",いい考えだね、他の人にも聞いてみるよ。,"[{""text"": ""好"", ""type"": ""vocab"", ""py"": ""hǎo"", ""note"": ""良い、元気だ""}, {""text"": ""主意"", ""type"": ""vocab"", ""py"": ""zhǔyì"", ""note"": ""考え、アイデア""}, {""text"": ""，"", ""type"": ""punct""}, {""text"": ""我"", ""type"": ""vocab"", ""py"": ""wǒ"", ""note"": ""私""}, {""text"": ""去"", ""type"": ""vocab"", ""py"": ""qù"", ""note"": ""行く""}, {""text"": ""问问"", ""type"": ""vocab"", ""py"": ""wènwèn"", ""note"": ""ちょっと聞いてみる""}, {""text"": ""其他人"", ""type"": ""vocab"", ""py"": ""qítārén"", ""note"": ""他の人""}, {""text"": ""愿不愿意"", ""type"": ""vocab"", ""py"": ""yuànbùyuànyì"", ""note"": ""〜する気があるかどうか""}, {""text"": ""。"", ""type"": ""punct""}]",HSKspeaking_practice
413,41,8,阿豪,顺便问一下他们方便什么时候来看孩子。,Shùnbiàn wènyíxià tāmen fāngbiàn shénme shíhou lái kàn háizi.,ついでに赤ちゃんに会いに行くのに都合のいい時間も聞いておいて。,"[{""text"": ""顺便"", ""type"": ""vocab"", ""py"": ""shùnbiàn"", ""note"": ""ついでに""}, {""text"": ""问"", ""type"": ""vocab"", ""py"": ""wèn"", ""note"": ""尋ねる、聞く""}, {""text"": ""一下"", ""type"": ""grammar"", ""py"": ""yīxià"", ""note"": ""動詞の後について「ちょっと〜する」と動作の軽さ・短さを表す表現。""}, {""text"": ""他们"", ""type"": ""vocab"", ""py"": ""tāmen"", ""note"": ""彼ら""}, {""text"": ""方便"", ""type"": ""vocab"", ""py"": ""fāngbiàn"", ""note"": ""都合がいい""}, {""text"": ""什么"", ""type"": ""vocab"", ""py"": ""shénme"", ""note"": ""何""}, {""text"": ""时候"", ""type"": ""vocab"", ""py"": ""shíhòu"", ""note"": ""時、頃""}, {""text"": ""来看"", ""type"": ""vocab"", ""py"": ""láikàn"", ""note"": ""見に来る""}, {""text"": ""孩子"", ""type"": ""vocab"", ""py"": ""háizi"", ""note"": ""子供""}, {""text"": ""。"", ""type"": ""punct""}]",HSKspeaking_practice
414,41,9,小媛,好，我今天下午就联系大家。,"Hǎo, wǒ jīntiān xiàwǔ jiù liánxì dàjiā.",分かった、今日の午後にみんなに連絡するね。,"[{""text"": ""好"", ""type"": ""vocab"", ""py"": ""hǎo"", ""note"": ""良い、元気だ""}, {""text"": ""，"", ""type"": ""punct""}, {""text"": ""我"", ""type"": ""vocab"", ""py"": ""wǒ"", ""note"": ""私""}, {""text"": ""今天下午"", ""type"": ""vocab"", ""py"": ""jīntiānxiàwǔ"", ""note"": ""今日の午後""}, {""text"": ""就"", ""type"": ""grammar"", ""py"": ""jiù"", ""note"": ""「すぐに、まさに」など、条件の帰結や強調を表す副詞。""}, {""text"": ""联系"", ""type"": ""vocab"", ""py"": ""liánxì"", ""note"": ""連絡する""}, {""text"": ""大家"", ""type"": ""vocab"", ""py"": ""dàjiā"", ""note"": ""みんな""}, {""text"": ""。"", ""type"": ""punct""}]",HSKspeaking_practice
415,41,10,阿豪,太好了，希望小林一家都健健康康的。,"Tài hǎo le, xīwàng Xiǎolín yìjiā dōu jiànjiànkāngkāng de.",よかった、小林さん一家がみんな健康でありますように。,"[{""text"": ""太好了"", ""type"": ""vocab"", ""py"": ""tàihǎole"", ""note"": ""よかった！""}, {""text"": ""，"", ""type"": ""punct""}, {""text"": ""希望"", ""type"": ""grammar"", ""py"": ""xīwàng"", ""note"": ""「〜を望む」を表す動詞。""}, {""text"": ""小林"", ""type"": ""vocab"", ""py"": ""xiǎolín"", ""note"": ""（人名）""}, {""text"": ""一家"", ""type"": ""vocab"", ""py"": ""yījiā"", ""note"": ""1社、一軒""}, {""text"": ""都"", ""type"": ""grammar"", ""py"": ""dōu"", ""note"": ""「みな、すべて」を表す副詞。""}, {""text"": ""健健康康"", ""type"": ""vocab"", ""py"": ""jiànjiànkāngkāng"", ""note"": ""健康であるように（健康の重ね型）""}, {""text"": ""的"", ""type"": ""grammar"", ""py"": ""de"", ""note"": ""名詞を修飾し、所有・限定を表す助詞（〜の）。""}, {""text"": ""。"", ""type"": ""punct""}]",HSKspeaking_practice
416,42,1,小凯,妈，暑假我们去哪儿旅行？,"Mā, shǔjià wǒmen qù nǎr lǚxíng?",お母さん、夏休みどこに旅行に行く？,"[{""text"": ""妈"", ""type"": ""vocab"", ""py"": ""mā"", ""note"": ""お母さん""}, {""text"": ""，"", ""type"": ""punct""}, {""text"": ""暑假"", ""type"": ""vocab"", ""py"": ""shǔjià"", ""note"": ""夏休み""}, {""text"": ""我们"", ""type"": ""vocab"", ""py"": ""wǒmen"", ""note"": ""私たち""}, {""text"": ""去"", ""type"": ""vocab"", ""py"": ""qù"", ""note"": ""行く""}, {""text"": ""哪儿"", ""type"": ""vocab"", ""py"": ""nǎér"", ""note"": ""どこ""}, {""text"": ""旅行"", ""type"": ""vocab"", ""py"": ""lǚxíng"", ""note"": ""旅行""}, {""text"": ""？"", ""type"": ""punct""}]",HSKspeaking_practice
417,42,2,陈姐,你爸爸想去海边，你有什么想法？,"Nǐ bàba xiǎng qù hǎibiān, nǐ yǒu shénme xiǎngfǎ?",お父さんは海に行きたいって言ってるけど、あなたはどう思う？,"[{""text"": ""你"", ""type"": ""vocab"", ""py"": ""nǐ"", ""note"": ""あなた""}, {""text"": ""爸爸"", ""type"": ""vocab"", ""py"": ""bàbà"", ""note"": ""お父さん""}, {""text"": ""想"", ""type"": ""grammar"", ""py"": ""xiǎng"", ""note"": ""「〜したい」という願望を表す助動詞。""}, {""text"": ""去"", ""type"": ""vocab"", ""py"": ""qù"", ""note"": ""行く""}, {""text"": ""海边"", ""type"": ""vocab"", ""py"": ""hǎibiān"", ""note"": ""海辺""}, {""text"": ""，"", ""type"": ""punct""}, {""text"": ""你"", ""type"": ""vocab"", ""py"": ""nǐ"", ""note"": ""あなた""}, {""text"": ""有"", ""type"": ""grammar"", ""py"": ""yǒu"", ""note"": ""「持っている、ある」を表す動詞。否定形は「没有」。""}, {""text"": ""什么"", ""type"": ""vocab"", ""py"": ""shénme"", ""note"": ""何""}, {""text"": ""想法"", ""type"": ""vocab"", ""py"": ""xiǎngfǎ"", ""note"": ""考え""}, {""text"": ""？"", ""type"": ""punct""}]",HSKspeaking_practice
418,42,3,小凯,海边挺好的，我一直想学冲浪。,"Hǎibiān tǐng hǎo de, wǒ yìzhí xiǎng xué chōnglàng.",海はいいね、ずっとサーフィンを習いたかったんだ。,"[{""text"": ""海边"", ""type"": ""vocab"", ""py"": ""hǎibiān"", ""note"": ""海辺""}, {""text"": ""挺"", ""type"": ""grammar"", ""py"": ""tǐng"", ""note"": ""「なかなか、けっこう」を表す口語的な程度副詞。「挺…的」の形でよく使う。""}, {""text"": ""好"", ""type"": ""vocab"", ""py"": ""hǎo"", ""note"": ""良い、元気だ""}, {""text"": ""的"", ""type"": ""grammar"", ""py"": ""de"", ""note"": ""名詞を修飾し、所有・限定を表す助詞（〜の）。""}, {""text"": ""，"", ""type"": ""punct""}, {""text"": ""我"", ""type"": ""vocab"", ""py"": ""wǒ"", ""note"": ""私""}, {""text"": ""一直"", ""type"": ""grammar"", ""py"": ""yìzhí"", ""note"": ""「ずっと、一貫して」を表す副詞。""}, {""text"": ""想"", ""type"": ""grammar"", ""py"": ""xiǎng"", ""note"": ""「〜したい」という願望を表す助動詞。""}, {""text"": ""学"", ""type"": ""vocab"", ""py"": ""xué"", ""note"": ""習う、学ぶ""}, {""text"": ""冲浪"", ""type"": ""vocab"", ""py"": ""chōnglàng"", ""note"": ""サーフィン""}, {""text"": ""。"", ""type"": ""punct""}]",HSKspeaking_practice
419,42,4,陈姐,那我们订三亚的机票吧，那里的海比较适合初学者。,"Nà wǒmen dìng Sānyà de jīpiào ba, nàli de hǎi bǐjiào shìhé chūxuézhě.",じゃあ三亜のチケットを予約しよう、あそこの海は初心者に向いてるから。,"[{""text"": ""那"", ""type"": ""vocab"", ""py"": ""nà"", ""note"": ""あれ、それ／それなら""}, {""text"": ""我们"", ""type"": ""vocab"", ""py"": ""wǒmen"", ""note"": ""私たち""}, {""text"": ""订"", ""type"": ""vocab"", ""py"": ""dìng"", ""note"": ""予約する""}, {""text"": ""三亚"", ""type"": ""vocab"", ""py"": ""sānyà"", ""note"": ""三亜（サンヤ、海南島のリゾート地）""}, {""text"": ""的"", ""type"": ""grammar"", ""py"": ""de"", ""note"": ""名詞を修飾し、所有・限定を表す助詞（〜の）。""}, {""text"": ""机票"", ""type"": ""vocab"", ""py"": ""jīpiào"", ""note"": ""航空券""}, {""text"": ""吧"", ""type"": ""grammar"", ""py"": ""ba"", ""note"": ""提案・推量・軽い命令を表す文末助詞（〜しよう、〜でしょう）。""}, {""text"": ""，"", ""type"": ""punct""}, {""text"": ""那里"", ""type"": ""vocab"", ""py"": ""nàlǐ"", ""note"": ""そこ、あそこ""}, {""text"": ""的"", ""type"": ""grammar"", ""py"": ""de"", ""note"": ""名詞を修飾し、所有・限定を表す助詞（〜の）。""}, {""text"": ""海"", ""type"": ""vocab"", ""py"": ""hǎi"", ""note"": ""海""}, {""text"": ""比较"", ""type"": ""grammar"", ""py"": ""bǐjiào"", ""note"": ""「わりと、比較的」を表す程度の副詞。""}, {""text"": ""适合"", ""type"": ""vocab"", ""py"": ""shìhé"", ""note"": ""適合する、合う""}, {""text"": ""初学者"", ""type"": ""vocab"", ""py"": ""chūxuézhě"", ""note"": ""初心者""}, {""text"": ""。"", ""type"": ""punct""}]",HSKspeaking_practice
420,42,5,小凯,好，我们要去几天？,"Hǎo, wǒmen yào qù jǐ tiān?",いいね、何日行くの？,"[{""text"": ""好"", ""type"": ""vocab"", ""py"": ""hǎo"", ""note"": ""良い、元気だ""}, {""text"": ""，"", ""type"": ""punct""}, {""text"": ""我们"", ""type"": ""vocab"", ""py"": ""wǒmen"", ""note"": ""私たち""}, {""text"": ""要"", ""type"": ""grammar"", ""py"": ""yào"", ""note"": ""「〜したい、〜するつもりだ」という意志・必要を表す助動詞。""}, {""text"": ""去"", ""type"": ""vocab"", ""py"": ""qù"", ""note"": ""行く""}, {""text"": ""几天"", ""type"": ""vocab"", ""py"": ""jǐtiān"", ""note"": ""何日か""}, {""text"": ""？"", ""type"": ""punct""}]",HSKspeaking_practice
421,42,6,陈姐,大概五天四夜，够我们好好玩儿了。,"Dàgài wǔ tiān sì yè, gòu wǒmen hǎohāo wánr le.",だいたい5泊、じゅうぶん楽しめるよ。,"[{""text"": ""大概"", ""type"": ""vocab"", ""py"": ""dàgài"", ""note"": ""だいたい、おそらく""}, {""text"": ""五天"", ""type"": ""vocab"", ""py"": ""wǔtiān"", ""note"": ""5日間""}, {""text"": ""四夜"", ""type"": ""vocab"", ""py"": ""sìyè"", ""note"": ""4泊""}, {""text"": ""，"", ""type"": ""punct""}, {""text"": ""够"", ""type"": ""vocab"", ""py"": ""gòu"", ""note"": ""十分だ、足りる""}, {""text"": ""我们"", ""type"": ""vocab"", ""py"": ""wǒmen"", ""note"": ""私たち""}, {""text"": ""好"", ""type"": ""vocab"", ""py"": ""hǎo"", ""note"": ""良い、元気だ""}, {""text"": ""好玩儿"", ""type"": ""vocab"", ""py"": ""hǎowánér"", ""note"": ""面白い、楽しい""}, {""text"": ""了"", ""type"": ""grammar"", ""py"": ""le"", ""note"": ""動作の完了や状態の変化を表す助詞（文末や動詞の直後に置く）。""}, {""text"": ""。"", ""type"": ""punct""}]",HSKspeaking_practice
422,42,7,小凯,除了冲浪以外，我们还能做什么？,"Chúle chōnglàng yǐwài, wǒmen hái néng zuò shénme?",サーフィン以外に何ができる？,"[{""text"": ""除了"", ""type"": ""grammar"", ""py"": ""chúle"", ""note"": ""「〜を除いて、〜のほかに」を表す介詞。「除了…以外…」の形で使う。""}, {""text"": ""冲浪"", ""type"": ""vocab"", ""py"": ""chōnglàng"", ""note"": ""サーフィン""}, {""text"": ""以外"", ""type"": ""grammar"", ""py"": ""yǐwài"", ""note"": ""「〜以外」を表す語。「除了…以外」の形でよく使う。""}, {""text"": ""，"", ""type"": ""punct""}, {""text"": ""我们"", ""type"": ""vocab"", ""py"": ""wǒmen"", ""note"": ""私たち""}, {""text"": ""还"", ""type"": ""grammar"", ""py"": ""hái"", ""note"": ""「まだ、さらに」を表す副詞。""}, {""text"": ""能"", ""type"": ""grammar"", ""py"": ""néng"", ""note"": ""「〜できる」という可能を表す助動詞。""}, {""text"": ""做"", ""type"": ""vocab"", ""py"": ""zuò"", ""note"": ""する、作る""}, {""text"": ""什么"", ""type"": ""vocab"", ""py"": ""shénme"", ""note"": ""何""}, {""text"": ""？"", ""type"": ""punct""}]",HSKspeaking_practice
423,42,8,陈姐,可以去潜水，还可以尝尝当地的海鲜。,"Kěyǐ qù qiánshuǐ, hái kěyǐ chángchang dāngdì de hǎixiān.",ダイビングもできるし、地元の海鮮も味わえるよ。,"[{""text"": ""可以"", ""type"": ""grammar"", ""py"": ""kěyǐ"", ""note"": ""「〜してもよい、〜できる」という許可・可能を表す助動詞。""}, {""text"": ""去"", ""type"": ""vocab"", ""py"": ""qù"", ""note"": ""行く""}, {""text"": ""潜水"", ""type"": ""vocab"", ""py"": ""qiánshuǐ"", ""note"": ""ダイビング""}, {""text"": ""，"", ""type"": ""punct""}, {""text"": ""还"", ""type"": ""grammar"", ""py"": ""hái"", ""note"": ""「まだ、さらに」を表す副詞。""}, {""text"": ""可以"", ""type"": ""grammar"", ""py"": ""kěyǐ"", ""note"": ""「〜してもよい、〜できる」という許可・可能を表す助動詞。""}, {""text"": ""尝尝"", ""type"": ""vocab"", ""py"": ""chángcháng"", ""note"": ""味わってみる""}, {""text"": ""当地"", ""type"": ""vocab"", ""py"": ""dāngdì"", ""note"": ""現地""}, {""text"": ""的"", ""type"": ""grammar"", ""py"": ""de"", ""note"": ""名詞を修飾し、所有・限定を表す助詞（〜の）。""}, {""text"": ""海鲜"", ""type"": ""vocab"", ""py"": ""hǎixiān"", ""note"": ""海鮮""}, {""text"": ""。"", ""type"": ""punct""}]",HSKspeaking_practice
424,42,9,小凯,太期待了，我现在就想开始收拾行李。,"Tài qídài le, wǒ xiànzài jiù xiǎng kāishǐ shōushi xíngli.",すごく楽しみ、もう今から荷造りを始めたいくらい。,"[{""text"": ""太"", ""type"": ""grammar"", ""py"": ""tài"", ""note"": ""「〜すぎる」を表す程度の副詞。「太…了」の形でよく使う。""}, {""text"": ""期待"", ""type"": ""vocab"", ""py"": ""qīdài"", ""note"": ""楽しみにする、期待する""}, {""text"": ""了"", ""type"": ""grammar"", ""py"": ""le"", ""note"": ""動作の完了や状態の変化を表す助詞（文末や動詞の直後に置く）。""}, {""text"": ""，"", ""type"": ""punct""}, {""text"": ""我"", ""type"": ""vocab"", ""py"": ""wǒ"", ""note"": ""私""}, {""text"": ""现在"", ""type"": ""vocab"", ""py"": ""xiànzài"", ""note"": ""今、現在""}, {""text"": ""就"", ""type"": ""grammar"", ""py"": ""jiù"", ""note"": ""「すぐに、まさに」など、条件の帰結や強調を表す副詞。""}, {""text"": ""想"", ""type"": ""grammar"", ""py"": ""xiǎng"", ""note"": ""「〜したい」という願望を表す助動詞。""}, {""text"": ""开始"", ""type"": ""vocab"", ""py"": ""kāishǐ"", ""note"": ""始まる、始める""}, {""text"": ""收拾"", ""type"": ""vocab"", ""py"": ""shōushí"", ""note"": ""片付ける""}, {""text"": ""行李"", ""type"": ""vocab"", ""py"": ""xínglǐ"", ""note"": ""荷物""}, {""text"": ""。"", ""type"": ""punct""}]",HSKspeaking_practice
425,42,10,陈姐,别着急，还有一个月呢，慢慢准备就行。,"Bié zháojí, hái yǒu yí ge yuè ne, mànmàn zhǔnbèi jiù xíng.",焦らないで、まだ1ヶ月あるから、ゆっくり準備すればいいよ。,"[{""text"": ""别着急"", ""type"": ""vocab"", ""py"": ""biézháojí"", ""note"": ""焦らないで""}, {""text"": ""，"", ""type"": ""punct""}, {""text"": ""还有"", ""type"": ""vocab"", ""py"": ""háiyǒu"", ""note"": ""まだ〜がある、それから""}, {""text"": ""一个月"", ""type"": ""vocab"", ""py"": ""yígèyuè"", ""note"": ""1ヶ月""}, {""text"": ""呢"", ""type"": ""grammar"", ""py"": ""ne"", ""note"": ""疑問文を柔らかくしたり「〜は？」と聞き返すときに使う文末助詞。""}, {""text"": ""，"", ""type"": ""punct""}, {""text"": ""慢慢"", ""type"": ""vocab"", ""py"": ""mànmàn"", ""note"": ""ゆっくりと""}, {""text"": ""准备"", ""type"": ""vocab"", ""py"": ""zhǔnbèi"", ""note"": ""準備する""}, {""text"": ""就行"", ""type"": ""vocab"", ""py"": ""jiùxíng"", ""note"": ""〜でよい、大丈夫""}, {""text"": ""。"", ""type"": ""punct""}]",HSKspeaking_practice
426,43,1,小萌,王老师，我想申请去日本留学，应该怎么准备？,"Wáng lǎoshī, wǒ xiǎng shēnqǐng qù Rìběn liúxué, yīnggāi zěnme zhǔnbèi?",王先生、日本への留学を申請したいのですが、どう準備すればいいですか？,"[{""text"": ""王老师"", ""type"": ""vocab"", ""py"": ""wánglǎoshī"", ""note"": ""（人名）""}, {""text"": ""，"", ""type"": ""punct""}, {""text"": ""我"", ""type"": ""vocab"", ""py"": ""wǒ"", ""note"": ""私""}, {""text"": ""想"", ""type"": ""grammar"", ""py"": ""xiǎng"", ""note"": ""「〜したい」という願望を表す助動詞。""}, {""text"": ""申请"", ""type"": ""vocab"", ""py"": ""shēnqǐng"", ""note"": ""申請する""}, {""text"": ""去"", ""type"": ""vocab"", ""py"": ""qù"", ""note"": ""行く""}, {""text"": ""日本"", ""type"": ""vocab"", ""py"": ""rìběn"", ""note"": ""日本""}, {""text"": ""留学"", ""type"": ""vocab"", ""py"": ""liúxué"", ""note"": ""留学する""}, {""text"": ""，"", ""type"": ""punct""}, {""text"": ""应该"", ""type"": ""grammar"", ""py"": ""yīnggāi"", ""note"": ""「〜すべきだ」という当然・義務を表す助動詞。""}, {""text"": ""怎么"", ""type"": ""grammar"", ""py"": ""zěnme"", ""note"": ""「どうやって、なぜ」を表す疑問詞。""}, {""text"": ""准备"", ""type"": ""vocab"", ""py"": ""zhǔnbèi"", ""note"": ""準備する""}, {""text"": ""？"", ""type"": ""punct""}]",HSKspeaking_practice
427,43,2,王老师,首先你需要通过语言考试，你现在日语水平怎么样？,"Shǒuxiān nǐ xūyào tōngguò yǔyán kǎoshì, nǐ xiànzài Rìyǔ shuǐpíng zěnmeyàng?",まず語学試験に合格する必要があります、今の日本語のレベルはどうですか？,"[{""text"": ""首先"", ""type"": ""vocab"", ""py"": ""shǒuxiān"", ""note"": ""まず、最初に""}, {""text"": ""你"", ""type"": ""vocab"", ""py"": ""nǐ"", ""note"": ""あなた""}, {""text"": ""需要"", ""type"": ""vocab"", ""py"": ""xūyào"", ""note"": ""必要とする""}, {""text"": ""通过"", ""type"": ""vocab"", ""py"": ""tōngguò"", ""note"": ""〜を通して""}, {""text"": ""语言"", ""type"": ""vocab"", ""py"": ""yǔyán"", ""note"": ""言語""}, {""text"": ""考试"", ""type"": ""vocab"", ""py"": ""kǎoshì"", ""note"": ""試験""}, {""text"": ""，"", ""type"": ""punct""}, {""text"": ""你"", ""type"": ""vocab"", ""py"": ""nǐ"", ""note"": ""あなた""}, {""text"": ""现在"", ""type"": ""vocab"", ""py"": ""xiànzài"", ""note"": ""今、現在""}, {""text"": ""日语"", ""type"": ""vocab"", ""py"": ""rìyǔ"", ""note"": ""日本語""}, {""text"": ""水平"", ""type"": ""vocab"", ""py"": ""shuǐpíng"", ""note"": ""レベル""}, {""text"": ""怎么样"", ""type"": ""grammar"", ""py"": ""zěnmeyàng"", ""note"": ""「どうですか」と相手の意見や様子を尋ねる表現。""}, {""text"": ""？"", ""type"": ""punct""}]",HSKspeaking_practice
428,43,3,小萌,我学了两年了，但是听力还不太好。,"Wǒ xué le liǎng nián le, dànshì tīnglì hái bú tài hǎo.",2年勉強していますが、リスニングがまだあまり得意ではありません。,"[{""text"": ""我学"", ""type"": ""vocab"", ""py"": ""wǒxué"", ""note"": ""私が学ぶ""}, {""text"": ""了"", ""type"": ""grammar"", ""py"": ""le"", ""note"": ""動作の完了や状態の変化を表す助詞（文末や動詞の直後に置く）。""}, {""text"": ""两年"", ""type"": ""vocab"", ""py"": ""liǎngnián"", ""note"": ""2年""}, {""text"": ""了"", ""type"": ""grammar"", ""py"": ""le"", ""note"": ""動作の完了や状態の変化を表す助詞（文末や動詞の直後に置く）。""}, {""text"": ""，"", ""type"": ""punct""}, {""text"": ""但是"", ""type"": ""grammar"", ""py"": ""dànshì"", ""note"": ""「しかし」を表す接続詞。""}, {""text"": ""听力"", ""type"": ""vocab"", ""py"": ""tīnglì"", ""note"": ""リスニング（力）""}, {""text"": ""还"", ""type"": ""grammar"", ""py"": ""hái"", ""note"": ""「まだ、さらに」を表す副詞。""}, {""text"": ""不太好"", ""type"": ""vocab"", ""py"": ""bùtàihǎo"", ""note"": ""あまり良くない""}, {""text"": ""。"", ""type"": ""punct""}]",HSKspeaking_practice
429,43,4,王老师,那你可以每天多听一些日语材料练习。,Nà nǐ kěyǐ měitiān duō tīng yìxiē Rìyǔ cáiliào liànxí.,では毎日もっと日本語の教材をたくさん聞いて練習するといいですね。,"[{""text"": ""那"", ""type"": ""vocab"", ""py"": ""nà"", ""note"": ""あれ、それ／それなら""}, {""text"": ""你"", ""type"": ""vocab"", ""py"": ""nǐ"", ""note"": ""あなた""}, {""text"": ""可以"", ""type"": ""grammar"", ""py"": ""kěyǐ"", ""note"": ""「〜してもよい、〜できる」という許可・可能を表す助動詞。""}, {""text"": ""每天"", ""type"": ""vocab"", ""py"": ""měitiān"", ""note"": ""毎日""}, {""text"": ""多"", ""type"": ""vocab"", ""py"": ""duō"", ""note"": ""多い""}, {""text"": ""听"", ""type"": ""vocab"", ""py"": ""tīng"", ""note"": ""聞く""}, {""text"": ""一些"", ""type"": ""grammar"", ""py"": ""yīxiē"", ""note"": ""「いくつかの、少しの」を表す数量表現。""}, {""text"": ""日语"", ""type"": ""vocab"", ""py"": ""rìyǔ"", ""note"": ""日本語""}, {""text"": ""材料"", ""type"": ""vocab"", ""py"": ""cáiliào"", ""note"": ""資料、材料""}, {""text"": ""练习"", ""type"": ""vocab"", ""py"": ""liànxí"", ""note"": ""練習する""}, {""text"": ""。"", ""type"": ""punct""}]",HSKspeaking_practice
430,43,5,小萌,好的。除了语言，还需要准备什么材料？,"Hǎo de. Chúle yǔyán, hái xūyào zhǔnbèi shénme cáiliào?",分かりました。語学以外に、どんな資料を準備する必要がありますか？,"[{""text"": ""好"", ""type"": ""vocab"", ""py"": ""hǎo"", ""note"": ""良い、元気だ""}, {""text"": ""的"", ""type"": ""grammar"", ""py"": ""de"", ""note"": ""名詞を修飾し、所有・限定を表す助詞（〜の）。""}, {""text"": ""。"", ""type"": ""punct""}, {""text"": ""除了"", ""type"": ""grammar"", ""py"": ""chúle"", ""note"": ""「〜を除いて、〜のほかに」を表す介詞。「除了…以外…」の形で使う。""}, {""text"": ""语言"", ""type"": ""vocab"", ""py"": ""yǔyán"", ""note"": ""言語""}, {""text"": ""，"", ""type"": ""punct""}, {""text"": ""还"", ""type"": ""grammar"", ""py"": ""hái"", ""note"": ""「まだ、さらに」を表す副詞。""}, {""text"": ""需要"", ""type"": ""vocab"", ""py"": ""xūyào"", ""note"": ""必要とする""}, {""text"": ""准备"", ""type"": ""vocab"", ""py"": ""zhǔnbèi"", ""note"": ""準備する""}, {""text"": ""什么"", ""type"": ""vocab"", ""py"": ""shénme"", ""note"": ""何""}, {""text"": ""材料"", ""type"": ""vocab"", ""py"": ""cáiliào"", ""note"": ""資料、材料""}, {""text"": ""？"", ""type"": ""punct""}]",HSKspeaking_practice
431,43,6,王老师,你需要成绩单、推荐信，还有一份学习计划书。,"Nǐ xūyào chéngjìdān, tuījiànxìn, hái yǒu yí fèn xuéxí jìhuàshū.",成績証明書、推薦状、それから学習計画書が必要です。,"[{""text"": ""你"", ""type"": ""vocab"", ""py"": ""nǐ"", ""note"": ""あなた""}, {""text"": ""需要"", ""type"": ""vocab"", ""py"": ""xūyào"", ""note"": ""必要とする""}, {""text"": ""成绩单"", ""type"": ""vocab"", ""py"": ""chéngjìdān"", ""note"": ""成績表""}, {""text"": ""、"", ""type"": ""punct""}, {""text"": ""推荐信"", ""type"": ""vocab"", ""py"": ""tuījiànxìn"", ""note"": ""推薦状""}, {""text"": ""，"", ""type"": ""punct""}, {""text"": ""还有"", ""type"": ""vocab"", ""py"": ""háiyǒu"", ""note"": ""まだ〜がある、それから""}, {""text"": ""一份"", ""type"": ""vocab"", ""py"": ""yīfèn"", ""note"": ""一つの（仕事などの量詞）""}, {""text"": ""学习"", ""type"": ""vocab"", ""py"": ""xuéxí"", ""note"": ""勉強する""}, {""text"": ""计划书"", ""type"": ""vocab"", ""py"": ""jìhuàshū"", ""note"": ""計画書""}, {""text"": ""。"", ""type"": ""punct""}]",HSKspeaking_practice
432,43,7,小萌,学习计划书应该写什么内容？,Xuéxí jìhuàshū yīnggāi xiě shénme nèiróng?,学習計画書にはどんな内容を書けばいいですか？,"[{""text"": ""学习"", ""type"": ""vocab"", ""py"": ""xuéxí"", ""note"": ""勉強する""}, {""text"": ""计划书"", ""type"": ""vocab"", ""py"": ""jìhuàshū"", ""note"": ""計画書""}, {""text"": ""应该"", ""type"": ""grammar"", ""py"": ""yīnggāi"", ""note"": ""「〜すべきだ」という当然・義務を表す助動詞。""}, {""text"": ""写"", ""type"": ""vocab"", ""py"": ""xiě"", ""note"": ""書く""}, {""text"": ""什么"", ""type"": ""vocab"", ""py"": ""shénme"", ""note"": ""何""}, {""text"": ""内容"", ""type"": ""vocab"", ""py"": ""nèiróng"", ""note"": ""内容""}, {""text"": ""？"", ""type"": ""punct""}]",HSKspeaking_practice
433,43,8,王老师,主要写你为什么选择这个专业和未来的打算。,Zhǔyào xiě nǐ wèishénme xuǎnzé zhège zhuānyè hé wèilái de dǎsuàn.,主にこの専攻を選んだ理由と将来の計画を書きます。,"[{""text"": ""主要"", ""type"": ""vocab"", ""py"": ""zhǔyào"", ""note"": ""主に""}, {""text"": ""写"", ""type"": ""vocab"", ""py"": ""xiě"", ""note"": ""書く""}, {""text"": ""你"", ""type"": ""vocab"", ""py"": ""nǐ"", ""note"": ""あなた""}, {""text"": ""为什么"", ""type"": ""grammar"", ""py"": ""wèishénme"", ""note"": ""「なぜ」と理由を尋ねる疑問詞。""}, {""text"": ""选择"", ""type"": ""vocab"", ""py"": ""xuǎnzé"", ""note"": ""選ぶ、選択""}, {""text"": ""这个"", ""type"": ""vocab"", ""py"": ""zhège"", ""note"": ""これ""}, {""text"": ""专业"", ""type"": ""vocab"", ""py"": ""zhuānyè"", ""note"": ""専攻""}, {""text"": ""和"", ""type"": ""grammar"", ""py"": ""hé"", ""note"": ""「〜と」を表す接続詞・介詞。""}, {""text"": ""未来"", ""type"": ""vocab"", ""py"": ""wèilái"", ""note"": ""未来""}, {""text"": ""的"", ""type"": ""grammar"", ""py"": ""de"", ""note"": ""名詞を修飾し、所有・限定を表す助詞（〜の）。""}, {""text"": ""打算"", ""type"": ""grammar"", ""py"": ""dǎsuàn"", ""note"": ""「〜するつもりだ」という計画を表す動詞。""}, {""text"": ""。"", ""type"": ""punct""}]",HSKspeaking_practice
434,43,9,小萌,明白了，大概什么时候申请比较合适？,"Míngbai le, dàgài shénme shíhou shēnqǐng bǐjiào héshì?",分かりました、だいたいいつ申請するのが適切ですか？,"[{""text"": ""明白"", ""type"": ""vocab"", ""py"": ""míngbái"", ""note"": ""分かる""}, {""text"": ""了"", ""type"": ""grammar"", ""py"": ""le"", ""note"": ""動作の完了や状態の変化を表す助詞（文末や動詞の直後に置く）。""}, {""text"": ""，"", ""type"": ""punct""}, {""text"": ""大概"", ""type"": ""vocab"", ""py"": ""dàgài"", ""note"": ""だいたい、おそらく""}, {""text"": ""什么"", ""type"": ""vocab"", ""py"": ""shénme"", ""note"": ""何""}, {""text"": ""时候"", ""type"": ""vocab"", ""py"": ""shíhòu"", ""note"": ""時、頃""}, {""text"": ""申请"", ""type"": ""vocab"", ""py"": ""shēnqǐng"", ""note"": ""申請する""}, {""text"": ""比较"", ""type"": ""grammar"", ""py"": ""bǐjiào"", ""note"": ""「わりと、比較的」を表す程度の副詞。""}, {""text"": ""合适"", ""type"": ""vocab"", ""py"": ""héshì"", ""note"": ""ふさわしい、ぴったりだ""}, {""text"": ""？"", ""type"": ""punct""}]",HSKspeaking_practice
435,43,10,王老师,建议提前一年准备，申请季一般在秋天。,"Jiànyì tíqián yì nián zhǔnbèi, shēnqǐngjì yìbān zài qiūtiān.",1年前から準備することをお勧めします、申請シーズンは通常秋です。,"[{""text"": ""建议"", ""type"": ""vocab"", ""py"": ""jiànyì"", ""note"": ""提案する、提案""}, {""text"": ""提前"", ""type"": ""vocab"", ""py"": ""tíqián"", ""note"": ""前もって、早めに""}, {""text"": ""一年"", ""type"": ""vocab"", ""py"": ""yīnián"", ""note"": ""1年""}, {""text"": ""准备"", ""type"": ""vocab"", ""py"": ""zhǔnbèi"", ""note"": ""準備する""}, {""text"": ""，"", ""type"": ""punct""}, {""text"": ""申请"", ""type"": ""vocab"", ""py"": ""shēnqǐng"", ""note"": ""申請する""}, {""text"": ""季"", ""type"": ""vocab"", ""py"": ""jì"", ""note"": ""季節""}, {""text"": ""一般"", ""type"": ""vocab"", ""py"": ""yìbān"", ""note"": ""普段、一般的に""}, {""text"": ""在"", ""type"": ""grammar"", ""py"": ""zài"", ""note"": ""「〜にいる／ある」を表す動詞、または動詞の前について進行「〜している」を表す。""}, {""text"": ""秋天"", ""type"": ""vocab"", ""py"": ""qiūtiān"", ""note"": ""秋""}, {""text"": ""。"", ""type"": ""punct""}]",HSKspeaking_practice
436,43,11,小萌,谢谢您，我会认真准备的。,"Xièxie nín, wǒ huì rènzhēn zhǔnbèi de.",ありがとうございます、しっかり準備します。,"[{""text"": ""谢谢您"", ""type"": ""vocab"", ""py"": ""xièxiènín"", ""note"": ""ありがとうございます""}, {""text"": ""，"", ""type"": ""punct""}, {""text"": ""我会"", ""type"": ""vocab"", ""py"": ""wǒhuì"", ""note"": ""私は〜します""}, {""text"": ""认真"", ""type"": ""vocab"", ""py"": ""rènzhēn"", ""note"": ""真面目に""}, {""text"": ""准备"", ""type"": ""vocab"", ""py"": ""zhǔnbèi"", ""note"": ""準備する""}, {""text"": ""的"", ""type"": ""grammar"", ""py"": ""de"", ""note"": ""名詞を修飾し、所有・限定を表す助詞（〜の）。""}, {""text"": ""。"", ""type"": ""punct""}]",HSKspeaking_practice
437,44,1,主持人,今天我们讨论职场中的男女平等问题，刘教授，您怎么看？,"Jīntiān wǒmen tǎolùn zhíchǎng zhōng de nánnǚ píngděng wèntí, Liú jiàoshòu, nín zěnme kàn?",今日は職場における男女平等の問題について話し合います、劉教授、どうお考えですか？,"[{""text"": ""今天"", ""type"": ""vocab"", ""py"": ""jīntiān"", ""note"": ""今日""}, {""text"": ""我们"", ""type"": ""vocab"", ""py"": ""wǒmen"", ""note"": ""私たち""}, {""text"": ""讨论"", ""type"": ""vocab"", ""py"": ""tǎolùn"", ""note"": ""討論する""}, {""text"": ""职场"", ""type"": ""vocab"", ""py"": ""zhíchǎng"", ""note"": ""職場""}, {""text"": ""中"", ""type"": ""vocab"", ""py"": ""zhōng"", ""note"": ""〜の中で""}, {""text"": ""的"", ""type"": ""grammar"", ""py"": ""de"", ""note"": ""名詞を修飾し、所有・限定を表す助詞（〜の）。""}, {""text"": ""男女平等"", ""type"": ""vocab"", ""py"": ""nánnǚpíngděng"", ""note"": ""男女平等""}, {""text"": ""问题"", ""type"": ""vocab"", ""py"": ""wèntí"", ""note"": ""問題""}, {""text"": ""，"", ""type"": ""punct""}, {""text"": ""刘教授"", ""type"": ""vocab"", ""py"": ""liújiàoshòu"", ""note"": ""（人名）""}, {""text"": ""，"", ""type"": ""punct""}, {""text"": ""您"", ""type"": ""vocab"", ""py"": ""nín"", ""note"": ""あなた（敬称）""}, {""text"": ""怎么"", ""type"": ""grammar"", ""py"": ""zěnme"", ""note"": ""「どうやって、なぜ」を表す疑問詞。""}, {""text"": ""看"", ""type"": ""vocab"", ""py"": ""kàn"", ""note"": ""見る""}, {""text"": ""？"", ""type"": ""punct""}]",HSKspeaking_practice
438,44,2,刘教授,虽然近年来情况有所改善，但是薪酬差距依然存在。,"Suīrán jìnnián lái qíngkuàng yǒu suǒ gǎishàn, dànshì xīnchóu chājù yīrán cúnzài.",近年状況は改善されつつありますが、それでも賃金格差は依然として存在しています。,"[{""text"": ""虽然"", ""type"": ""grammar"", ""py"": ""suīrán"", ""note"": ""「〜ではあるが」を表す接続詞。「虽然…但是…」の形で使う。""}, {""text"": ""近年来"", ""type"": ""vocab"", ""py"": ""jìnniánlái"", ""note"": ""近年""}, {""text"": ""情况"", ""type"": ""vocab"", ""py"": ""qíngkuàng"", ""note"": ""状況""}, {""text"": ""有所改善"", ""type"": ""vocab"", ""py"": ""yǒusuǒgǎishàn"", ""note"": ""ある程度改善された""}, {""text"": ""，"", ""type"": ""punct""}, {""text"": ""但是"", ""type"": ""grammar"", ""py"": ""dànshì"", ""note"": ""「しかし」を表す接続詞。""}, {""text"": ""薪酬"", ""type"": ""vocab"", ""py"": ""xīnchóu"", ""note"": ""給与、報酬""}, {""text"": ""差距"", ""type"": ""vocab"", ""py"": ""chājù"", ""note"": ""格差""}, {""text"": ""依然"", ""type"": ""vocab"", ""py"": ""yīrán"", ""note"": ""依然として""}, {""text"": ""存在"", ""type"": ""vocab"", ""py"": ""cúnzài"", ""note"": ""存在する""}, {""text"": ""。"", ""type"": ""punct""}]",HSKspeaking_practice
439,44,3,小芳,我自己也遇到过晋升机会不平等的情况。,Wǒ zìjǐ yě yùdào guo jìnshēng jīhuì bù píngděng de qíngkuàng.,私自身も昇進の機会が不平等な状況に直面したことがあります。,"[{""text"": ""我"", ""type"": ""vocab"", ""py"": ""wǒ"", ""note"": ""私""}, {""text"": ""自己"", ""type"": ""vocab"", ""py"": ""zìjǐ"", ""note"": ""自分自身""}, {""text"": ""也"", ""type"": ""grammar"", ""py"": ""yě"", ""note"": ""「〜も」を表す副詞。""}, {""text"": ""遇到"", ""type"": ""vocab"", ""py"": ""yùdào"", ""note"": ""出会う、遭遇する""}, {""text"": ""过"", ""type"": ""grammar"", ""py"": ""guò"", ""note"": ""動詞の後について「〜したことがある」という経験を表す助詞。""}, {""text"": ""晋升"", ""type"": ""vocab"", ""py"": ""jìnshēng"", ""note"": ""昇進""}, {""text"": ""机会"", ""type"": ""vocab"", ""py"": ""jīhuì"", ""note"": ""機会""}, {""text"": ""不"", ""type"": ""grammar"", ""py"": ""bù"", ""note"": ""動詞・形容詞を否定する副詞。""}, {""text"": ""平等"", ""type"": ""vocab"", ""py"": ""píngděng"", ""note"": ""平等""}, {""text"": ""的"", ""type"": ""grammar"", ""py"": ""de"", ""note"": ""名詞を修飾し、所有・限定を表す助詞（〜の）。""}, {""text"": ""情况"", ""type"": ""vocab"", ""py"": ""qíngkuàng"", ""note"": ""状況""}, {""text"": ""。"", ""type"": ""punct""}]",HSKspeaking_practice
440,44,4,刘教授,这确实是一个普遍问题，尤其在管理层更明显。,"Zhè quèshí shì yí ge pǔbiàn wèntí, yóuqí zài guǎnlǐcéng gèng míngxiǎn.",これは確かに一般的な問題で、特に管理職層でより顕著です。,"[{""text"": ""这"", ""type"": ""vocab"", ""py"": ""zhè"", ""note"": ""これ""}, {""text"": ""确实"", ""type"": ""vocab"", ""py"": ""quèshí"", ""note"": ""確かに""}, {""text"": ""是"", ""type"": ""grammar"", ""py"": ""shì"", ""note"": ""「〜である」を表すbe動詞。""}, {""text"": ""一个"", ""type"": ""vocab"", ""py"": ""yígè"", ""note"": ""一つ""}, {""text"": ""普遍"", ""type"": ""vocab"", ""py"": ""pǔbiàn"", ""note"": ""普遍的、一般的""}, {""text"": ""问题"", ""type"": ""vocab"", ""py"": ""wèntí"", ""note"": ""問題""}, {""text"": ""，"", ""type"": ""punct""}, {""text"": ""尤其"", ""type"": ""vocab"", ""py"": ""yóuqí"", ""note"": ""特に""}, {""text"": ""在"", ""type"": ""grammar"", ""py"": ""zài"", ""note"": ""「〜にいる／ある」を表す動詞、または動詞の前について進行「〜している」を表す。""}, {""text"": ""管理层"", ""type"": ""vocab"", ""py"": ""guǎnlǐcéng"", ""note"": ""管理職層、経営陣""}, {""text"": ""更"", ""type"": ""grammar"", ""py"": ""gèng"", ""note"": ""「さらに、もっと」を表す程度の副詞（比較を強める）。""}, {""text"": ""明显"", ""type"": ""vocab"", ""py"": ""míngxiǎn"", ""note"": ""明らかだ""}, {""text"": ""。"", ""type"": ""punct""}]",HSKspeaking_practice
441,44,5,主持人,那您认为企业应该采取什么措施来改善这种情况？,Nà nín rènwéi qǐyè yīnggāi cǎiqǔ shénme cuòshī lái gǎishàn zhè zhǒng qíngkuàng?,では企業はこの状況を改善するためにどんな措置を取るべきだとお考えですか？,"[{""text"": ""那"", ""type"": ""vocab"", ""py"": ""nà"", ""note"": ""あれ、それ／それなら""}, {""text"": ""您"", ""type"": ""vocab"", ""py"": ""nín"", ""note"": ""あなた（敬称）""}, {""text"": ""认为"", ""type"": ""vocab"", ""py"": ""rènwéi"", ""note"": ""〜と考える、思う""}, {""text"": ""企业"", ""type"": ""vocab"", ""py"": ""qǐyè"", ""note"": ""企業""}, {""text"": ""应该"", ""type"": ""grammar"", ""py"": ""yīnggāi"", ""note"": ""「〜すべきだ」という当然・義務を表す助動詞。""}, {""text"": ""采取"", ""type"": ""vocab"", ""py"": ""cǎiqǔ"", ""note"": ""採る、講じる""}, {""text"": ""什么"", ""type"": ""vocab"", ""py"": ""shénme"", ""note"": ""何""}, {""text"": ""措施"", ""type"": ""vocab"", ""py"": ""cuòshī"", ""note"": ""措置""}, {""text"": ""来"", ""type"": ""vocab"", ""py"": ""lái"", ""note"": ""来る""}, {""text"": ""改善"", ""type"": ""vocab"", ""py"": ""gǎishàn"", ""note"": ""改善する""}, {""text"": ""这种"", ""type"": ""vocab"", ""py"": ""zhèzhǒng"", ""note"": ""この種の""}, {""text"": ""情况"", ""type"": ""vocab"", ""py"": ""qíngkuàng"", ""note"": ""状況""}, {""text"": ""？"", ""type"": ""punct""}]",HSKspeaking_practice
442,44,6,刘教授,除了制定明确的薪酬标准以外，还应该提供更多晋升培训。,"Chúle zhìdìng míngquè de xīnchóu biāozhǔn yǐwài, hái yīnggāi tígōng gèng duō jìnshēng péixùn.",明確な賃金基準を定める以外に、より多くの昇進トレーニングも提供すべきです。,"[{""text"": ""除了"", ""type"": ""grammar"", ""py"": ""chúle"", ""note"": ""「〜を除いて、〜のほかに」を表す介詞。「除了…以外…」の形で使う。""}, {""text"": ""制定"", ""type"": ""vocab"", ""py"": ""zhìdìng"", ""note"": ""制定する""}, {""text"": ""明确"", ""type"": ""vocab"", ""py"": ""míngquè"", ""note"": ""明確にする""}, {""text"": ""的"", ""type"": ""grammar"", ""py"": ""de"", ""note"": ""名詞を修飾し、所有・限定を表す助詞（〜の）。""}, {""text"": ""薪酬"", ""type"": ""vocab"", ""py"": ""xīnchóu"", ""note"": ""給与、報酬""}, {""text"": ""标准"", ""type"": ""vocab"", ""py"": ""biāozhǔn"", ""note"": ""基準""}, {""text"": ""以外"", ""type"": ""grammar"", ""py"": ""yǐwài"", ""note"": ""「〜以外」を表す語。「除了…以外」の形でよく使う。""}, {""text"": ""，"", ""type"": ""punct""}, {""text"": ""还"", ""type"": ""grammar"", ""py"": ""hái"", ""note"": ""「まだ、さらに」を表す副詞。""}, {""text"": ""应该"", ""type"": ""grammar"", ""py"": ""yīnggāi"", ""note"": ""「〜すべきだ」という当然・義務を表す助動詞。""}, {""text"": ""提供"", ""type"": ""vocab"", ""py"": ""tígōng"", ""note"": ""提供する""}, {""text"": ""更"", ""type"": ""grammar"", ""py"": ""gèng"", ""note"": ""「さらに、もっと」を表す程度の副詞（比較を強める）。""}, {""text"": ""多"", ""type"": ""vocab"", ""py"": ""duō"", ""note"": ""多い""}, {""text"": ""晋升"", ""type"": ""vocab"", ""py"": ""jìnshēng"", ""note"": ""昇進""}, {""text"": ""培训"", ""type"": ""vocab"", ""py"": ""péixùn"", ""note"": ""研修、トレーニング""}, {""text"": ""。"", ""type"": ""punct""}]",HSKspeaking_practice
443,44,7,小芳,我觉得社会观念的改变也同样重要。,Wǒ juéde shèhuì guānniàn de gǎibiàn yě tóngyàng zhòngyào.,社会の考え方の変化も同様に重要だと思います。,"[{""text"": ""我"", ""type"": ""vocab"", ""py"": ""wǒ"", ""note"": ""私""}, {""text"": ""觉得"", ""type"": ""grammar"", ""py"": ""juéde"", ""note"": ""「〜と思う、感じる」を表す動詞。""}, {""text"": ""社会"", ""type"": ""vocab"", ""py"": ""shèhuì"", ""note"": ""社会""}, {""text"": ""观念"", ""type"": ""vocab"", ""py"": ""guānniàn"", ""note"": ""考え方、観念""}, {""text"": ""的"", ""type"": ""grammar"", ""py"": ""de"", ""note"": ""名詞を修飾し、所有・限定を表す助詞（〜の）。""}, {""text"": ""改变"", ""type"": ""vocab"", ""py"": ""gǎibiàn"", ""note"": ""変える""}, {""text"": ""也"", ""type"": ""grammar"", ""py"": ""yě"", ""note"": ""「〜も」を表す副詞。""}, {""text"": ""同样"", ""type"": ""vocab"", ""py"": ""tóngyàng"", ""note"": ""同様に""}, {""text"": ""重要"", ""type"": ""vocab"", ""py"": ""zhòngyào"", ""note"": ""重要だ""}, {""text"": ""。"", ""type"": ""punct""}]",HSKspeaking_practice
444,44,8,刘教授,说得对，只有观念真正转变，制度改革才能真正见效。,"Shuō de duì, zhǐyǒu guānniàn zhēnzhèng zhuǎnbiàn, zhìdù gǎigé cái néng zhēnzhèng jiànxiào.",おっしゃる通りです、考え方が本当に変わってはじめて、制度改革も本当に効果を発揮できます。,"[{""text"": ""说得对"", ""type"": ""vocab"", ""py"": ""shuōdéduì"", ""note"": ""言う通りだ""}, {""text"": ""，"", ""type"": ""punct""}, {""text"": ""只有"", ""type"": ""grammar"", ""py"": ""zhǐyǒu"", ""note"": ""「〜だけ、〜してはじめて」を表す語。「只有…才…」の形でよく使う。""}, {""text"": ""观念"", ""type"": ""vocab"", ""py"": ""guānniàn"", ""note"": ""考え方、観念""}, {""text"": ""真正"", ""type"": ""vocab"", ""py"": ""zhēnzhèng"", ""note"": ""本当の、真の""}, {""text"": ""转变"", ""type"": ""vocab"", ""py"": ""zhuǎnbiàn"", ""note"": ""転換する、変わる""}, {""text"": ""，"", ""type"": ""punct""}, {""text"": ""制度"", ""type"": ""vocab"", ""py"": ""zhìdù"", ""note"": ""制度""}, {""text"": ""改革"", ""type"": ""vocab"", ""py"": ""gǎigé"", ""note"": ""改革する""}, {""text"": ""才能"", ""type"": ""vocab"", ""py"": ""cáinéng"", ""note"": ""〜してこそ〜できる（才+能の組み合わせ、名詞の「才能」とは別）""}, {""text"": ""真正"", ""type"": ""vocab"", ""py"": ""zhēnzhèng"", ""note"": ""本当の、真の""}, {""text"": ""见效"", ""type"": ""vocab"", ""py"": ""jiànxiào"", ""note"": ""効果が出る""}, {""text"": ""。"", ""type"": ""punct""}]",HSKspeaking_practice
445,44,9,主持人,非常感谢两位的精彩讨论，希望这个话题能引起更多关注。,"Fēicháng gǎnxiè liǎng wèi de jīngcǎi tǎolùn, xīwàng zhège huàtí néng yǐnqǐ gèng duō guānzhù.",お二方の素晴らしい議論に感謝します、この話題がより多くの関心を集めることを願っています。,"[{""text"": ""非常感谢"", ""type"": ""vocab"", ""py"": ""fēichánggǎnxiè"", ""note"": ""非常に感謝する""}, {""text"": ""两位"", ""type"": ""vocab"", ""py"": ""liǎngwèi"", ""note"": ""お二方""}, {""text"": ""的"", ""type"": ""grammar"", ""py"": ""de"", ""note"": ""名詞を修飾し、所有・限定を表す助詞（〜の）。""}, {""text"": ""精彩"", ""type"": ""vocab"", ""py"": ""jīngcǎi"", ""note"": ""素晴らしい""}, {""text"": ""讨论"", ""type"": ""vocab"", ""py"": ""tǎolùn"", ""note"": ""討論する""}, {""text"": ""，"", ""type"": ""punct""}, {""text"": ""希望"", ""type"": ""grammar"", ""py"": ""xīwàng"", ""note"": ""「〜を望む」を表す動詞。""}, {""text"": ""这个"", ""type"": ""vocab"", ""py"": ""zhège"", ""note"": ""これ""}, {""text"": ""话题"", ""type"": ""vocab"", ""py"": ""huàtí"", ""note"": ""話題""}, {""text"": ""能"", ""type"": ""grammar"", ""py"": ""néng"", ""note"": ""「〜できる」という可能を表す助動詞。""}, {""text"": ""引起"", ""type"": ""vocab"", ""py"": ""yǐnqǐ"", ""note"": ""引き起こす""}, {""text"": ""更"", ""type"": ""grammar"", ""py"": ""gèng"", ""note"": ""「さらに、もっと」を表す程度の副詞（比較を強める）。""}, {""text"": ""多"", ""type"": ""vocab"", ""py"": ""duō"", ""note"": ""多い""}, {""text"": ""关注"", ""type"": ""vocab"", ""py"": ""guānzhù"", ""note"": ""関心を持つ、注目する""}, {""text"": ""。"", ""type"": ""punct""}]",HSKspeaking_practice
446,45,1,记者,张老师，您怎么看现在的应试教育制度？,"Zhāng lǎoshī, nín zěnme kàn xiànzài de yìngshì jiàoyù zhìdù?",張先生、今の受験教育制度についてどうお考えですか？,"[{""text"": ""张老师"", ""type"": ""vocab"", ""py"": ""zhānglǎoshī"", ""note"": ""（人名）""}, {""text"": ""，"", ""type"": ""punct""}, {""text"": ""您"", ""type"": ""vocab"", ""py"": ""nín"", ""note"": ""あなた（敬称）""}, {""text"": ""怎么"", ""type"": ""grammar"", ""py"": ""zěnme"", ""note"": ""「どうやって、なぜ」を表す疑問詞。""}, {""text"": ""看"", ""type"": ""vocab"", ""py"": ""kàn"", ""note"": ""見る""}, {""text"": ""现在"", ""type"": ""vocab"", ""py"": ""xiànzài"", ""note"": ""今、現在""}, {""text"": ""的"", ""type"": ""grammar"", ""py"": ""de"", ""note"": ""名詞を修飾し、所有・限定を表す助詞（〜の）。""}, {""text"": ""应试教育"", ""type"": ""vocab"", ""py"": ""yìngshìjiàoyù"", ""note"": ""受験教育、詰め込み教育""}, {""text"": ""制度"", ""type"": ""vocab"", ""py"": ""zhìdù"", ""note"": ""制度""}, {""text"": ""？"", ""type"": ""punct""}]",HSKspeaking_practice
447,45,2,张老师,应试教育确实能比较公平地选拔人才，但是也容易忽视学生的个性和创造力。,"Yìngshì jiàoyù quèshí néng bǐjiào gōngpíng de xuǎnbá réncái, dànshì yě róngyì hūshì xuésheng de gèxìng hé chuàngzàolì.",受験教育は確かに比較的公平に人材を選抜できますが、生徒の個性や創造力を軽視しがちでもあります。,"[{""text"": ""应试教育"", ""type"": ""vocab"", ""py"": ""yìngshìjiàoyù"", ""note"": ""受験教育、詰め込み教育""}, {""text"": ""确实"", ""type"": ""vocab"", ""py"": ""quèshí"", ""note"": ""確かに""}, {""text"": ""能"", ""type"": ""grammar"", ""py"": ""néng"", ""note"": ""「〜できる」という可能を表す助動詞。""}, {""text"": ""比较"", ""type"": ""grammar"", ""py"": ""bǐjiào"", ""note"": ""「わりと、比較的」を表す程度の副詞。""}, {""text"": ""公平"", ""type"": ""vocab"", ""py"": ""gōngpíng"", ""note"": ""公平だ""}, {""text"": ""地"", ""type"": ""grammar"", ""py"": ""dì"", ""note"": ""形容詞や擬態語の後についてどのように動作するかを表す助詞（〜に、〜と）。""}, {""text"": ""选拔"", ""type"": ""vocab"", ""py"": ""xuǎnbá"", ""note"": ""選抜する""}, {""text"": ""人才"", ""type"": ""vocab"", ""py"": ""réncái"", ""note"": ""人材""}, {""text"": ""，"", ""type"": ""punct""}, {""text"": ""但是"", ""type"": ""grammar"", ""py"": ""dànshì"", ""note"": ""「しかし」を表す接続詞。""}, {""text"": ""也"", ""type"": ""grammar"", ""py"": ""yě"", ""note"": ""「〜も」を表す副詞。""}, {""text"": ""容易"", ""type"": ""vocab"", ""py"": ""róngyì"", ""note"": ""簡単だ、〜しやすい""}, {""text"": ""忽视"", ""type"": ""vocab"", ""py"": ""hūshì"", ""note"": ""無視する""}, {""text"": ""学生"", ""type"": ""vocab"", ""py"": ""xuéshēng"", ""note"": ""学生""}, {""text"": ""的"", ""type"": ""grammar"", ""py"": ""de"", ""note"": ""名詞を修飾し、所有・限定を表す助詞（〜の）。""}, {""text"": ""个性"", ""type"": ""vocab"", ""py"": ""gèxìng"", ""note"": ""個性""}, {""text"": ""和"", ""type"": ""grammar"", ""py"": ""hé"", ""note"": ""「〜と」を表す接続詞・介詞。""}, {""text"": ""创造力"", ""type"": ""vocab"", ""py"": ""chuàngzàolì"", ""note"": ""創造力""}, {""text"": ""。"", ""type"": ""punct""}]",HSKspeaking_practice
448,45,3,李女士,作为家长，我最担心的是孩子的学习压力太大。,"Zuòwéi jiāzhǎng, wǒ zuì dānxīn de shì háizi de xuéxí yālì tài dà.",親として、私が一番心配しているのは子供の学習プレッシャーが大きすぎることです。,"[{""text"": ""作为"", ""type"": ""vocab"", ""py"": ""zuòwéi"", ""note"": ""〜として""}, {""text"": ""家长"", ""type"": ""vocab"", ""py"": ""jiāzhǎng"", ""note"": ""保護者""}, {""text"": ""，"", ""type"": ""punct""}, {""text"": ""我"", ""type"": ""vocab"", ""py"": ""wǒ"", ""note"": ""私""}, {""text"": ""最"", ""type"": ""grammar"", ""py"": ""zuì"", ""note"": ""「もっとも」を表す最上級の副詞。""}, {""text"": ""担心"", ""type"": ""vocab"", ""py"": ""dānxīn"", ""note"": ""心配する""}, {""text"": ""的"", ""type"": ""grammar"", ""py"": ""de"", ""note"": ""名詞を修飾し、所有・限定を表す助詞（〜の）。""}, {""text"": ""是"", ""type"": ""grammar"", ""py"": ""shì"", ""note"": ""「〜である」を表すbe動詞。""}, {""text"": ""孩子"", ""type"": ""vocab"", ""py"": ""háizi"", ""note"": ""子供""}, {""text"": ""的"", ""type"": ""grammar"", ""py"": ""de"", ""note"": ""名詞を修飾し、所有・限定を表す助詞（〜の）。""}, {""text"": ""学习"", ""type"": ""vocab"", ""py"": ""xuéxí"", ""note"": ""勉強する""}, {""text"": ""压力"", ""type"": ""vocab"", ""py"": ""yālì"", ""note"": ""プレッシャー、ストレス""}, {""text"": ""太"", ""type"": ""grammar"", ""py"": ""tài"", ""note"": ""「〜すぎる」を表す程度の副詞。「太…了」の形でよく使う。""}, {""text"": ""大"", ""type"": ""vocab"", ""py"": ""dà"", ""note"": ""大きい""}, {""text"": ""。"", ""type"": ""punct""}]",HSKspeaking_practice
449,45,4,记者,那您觉得应该怎么改进这个制度？,Nà nín juéde yīnggāi zěnme gǎijìn zhège zhìdù?,ではこの制度をどう改善すべきだとお考えですか？,"[{""text"": ""那"", ""type"": ""vocab"", ""py"": ""nà"", ""note"": ""あれ、それ／それなら""}, {""text"": ""您"", ""type"": ""vocab"", ""py"": ""nín"", ""note"": ""あなた（敬称）""}, {""text"": ""觉得"", ""type"": ""grammar"", ""py"": ""juéde"", ""note"": ""「〜と思う、感じる」を表す動詞。""}, {""text"": ""应该"", ""type"": ""grammar"", ""py"": ""yīnggāi"", ""note"": ""「〜すべきだ」という当然・義務を表す助動詞。""}, {""text"": ""怎么"", ""type"": ""grammar"", ""py"": ""zěnme"", ""note"": ""「どうやって、なぜ」を表す疑問詞。""}, {""text"": ""改进"", ""type"": ""vocab"", ""py"": ""gǎijìn"", ""note"": ""改善する""}, {""text"": ""这个"", ""type"": ""vocab"", ""py"": ""zhège"", ""note"": ""これ""}, {""text"": ""制度"", ""type"": ""vocab"", ""py"": ""zhìdù"", ""note"": ""制度""}, {""text"": ""？"", ""type"": ""punct""}]",HSKspeaking_practice
450,45,5,张老师,我认为除了考试成绩以外，还应该重视学生的综合能力。,"Wǒ rènwéi chúle kǎoshì chéngjì yǐwài, hái yīnggāi zhòngshì xuésheng de zònghé nénglì.",試験の成績以外に、生徒の総合的な能力も重視すべきだと考えています。,"[{""text"": ""我"", ""type"": ""vocab"", ""py"": ""wǒ"", ""note"": ""私""}, {""text"": ""认为"", ""type"": ""vocab"", ""py"": ""rènwéi"", ""note"": ""〜と考える、思う""}, {""text"": ""除了"", ""type"": ""grammar"", ""py"": ""chúle"", ""note"": ""「〜を除いて、〜のほかに」を表す介詞。「除了…以外…」の形で使う。""}, {""text"": ""考试成绩"", ""type"": ""vocab"", ""py"": ""kǎoshìchéngjì"", ""note"": ""試験の成績""}, {""text"": ""以外"", ""type"": ""grammar"", ""py"": ""yǐwài"", ""note"": ""「〜以外」を表す語。「除了…以外」の形でよく使う。""}, {""text"": ""，"", ""type"": ""punct""}, {""text"": ""还"", ""type"": ""grammar"", ""py"": ""hái"", ""note"": ""「まだ、さらに」を表す副詞。""}, {""text"": ""应该"", ""type"": ""grammar"", ""py"": ""yīnggāi"", ""note"": ""「〜すべきだ」という当然・義務を表す助動詞。""}, {""text"": ""重视"", ""type"": ""vocab"", ""py"": ""zhòngshì"", ""note"": ""重視する""}, {""text"": ""学生"", ""type"": ""vocab"", ""py"": ""xuéshēng"", ""note"": ""学生""}, {""text"": ""的"", ""type"": ""grammar"", ""py"": ""de"", ""note"": ""名詞を修飾し、所有・限定を表す助詞（〜の）。""}, {""text"": ""综合"", ""type"": ""vocab"", ""py"": ""zōnghé"", ""note"": ""総合的な""}, {""text"": ""能力"", ""type"": ""vocab"", ""py"": ""nénglì"", ""note"": ""能力""}, {""text"": ""。"", ""type"": ""punct""}]",HSKspeaking_practice
451,45,6,李女士,与其让孩子一直刷题，不如让他们多参加课外活动。,"Yǔqí ràng háizi yìzhí shuā tí, bùrú ràng tāmen duō cānjiā kèwài huódòng.",子供にずっと問題演習をさせるくらいなら、もっと課外活動に参加させる方がいいです。,"[{""text"": ""与其"", ""type"": ""grammar"", ""py"": ""yǔqí"", ""note"": ""「〜するくらいなら」を表す接続詞。「与其…不如…」の形で使う。""}, {""text"": ""让"", ""type"": ""grammar"", ""py"": ""ràng"", ""note"": ""「〜させる」使役を表す動詞。""}, {""text"": ""孩子"", ""type"": ""vocab"", ""py"": ""háizi"", ""note"": ""子供""}, {""text"": ""一直"", ""type"": ""grammar"", ""py"": ""yìzhí"", ""note"": ""「ずっと、一貫して」を表す副詞。""}, {""text"": ""刷题"", ""type"": ""vocab"", ""py"": ""shuātí"", ""note"": ""問題を大量に解く""}, {""text"": ""，"", ""type"": ""punct""}, {""text"": ""不如"", ""type"": ""grammar"", ""py"": ""bùrú"", ""note"": ""「〜する方がよい」を表す語。「与其…不如…」の形で使う。""}, {""text"": ""让"", ""type"": ""grammar"", ""py"": ""ràng"", ""note"": ""「〜させる」使役を表す動詞。""}, {""text"": ""他们"", ""type"": ""vocab"", ""py"": ""tāmen"", ""note"": ""彼ら""}, {""text"": ""多"", ""type"": ""vocab"", ""py"": ""duō"", ""note"": ""多い""}, {""text"": ""参加"", ""type"": ""vocab"", ""py"": ""cānjiā"", ""note"": ""参加する""}, {""text"": ""课外活动"", ""type"": ""vocab"", ""py"": ""kèwàihuódòng"", ""note"": ""課外活動""}, {""text"": ""。"", ""type"": ""punct""}]",HSKspeaking_practice
452,45,7,张老师,没错，全面发展对孩子的未来更有帮助。,"Méi cuò, quánmiàn fāzhǎn duì háizi de wèilái gèng yǒu bāngzhù.",その通りです、全面的な発達は子供の将来にとってより役立ちます。,"[{""text"": ""没错"", ""type"": ""vocab"", ""py"": ""méicuò"", ""note"": ""その通りだ""}, {""text"": ""，"", ""type"": ""punct""}, {""text"": ""全面"", ""type"": ""vocab"", ""py"": ""quánmiàn"", ""note"": ""全面的な""}, {""text"": ""发展"", ""type"": ""vocab"", ""py"": ""fāzhǎn"", ""note"": ""発展する""}, {""text"": ""对"", ""type"": ""grammar"", ""py"": ""duì"", ""note"": ""「〜に対して」を表す介詞、または「正しい」という意味の形容詞。""}, {""text"": ""孩子"", ""type"": ""vocab"", ""py"": ""háizi"", ""note"": ""子供""}, {""text"": ""的"", ""type"": ""grammar"", ""py"": ""de"", ""note"": ""名詞を修飾し、所有・限定を表す助詞（〜の）。""}, {""text"": ""未来"", ""type"": ""vocab"", ""py"": ""wèilái"", ""note"": ""未来""}, {""text"": ""更"", ""type"": ""grammar"", ""py"": ""gèng"", ""note"": ""「さらに、もっと」を表す程度の副詞（比較を強める）。""}, {""text"": ""有"", ""type"": ""grammar"", ""py"": ""yǒu"", ""note"": ""「持っている、ある」を表す動詞。否定形は「没有」。""}, {""text"": ""帮助"", ""type"": ""vocab"", ""py"": ""bāngzhù"", ""note"": ""助ける、助け""}, {""text"": ""。"", ""type"": ""punct""}]",HSKspeaking_practice
453,45,8,记者,那您觉得学校和家长应该怎么配合？,Nà nín juéde xuéxiào hé jiāzhǎng yīnggāi zěnme pèihé?,では学校と保護者はどう協力すべきだとお考えですか？,"[{""text"": ""那"", ""type"": ""vocab"", ""py"": ""nà"", ""note"": ""あれ、それ／それなら""}, {""text"": ""您"", ""type"": ""vocab"", ""py"": ""nín"", ""note"": ""あなた（敬称）""}, {""text"": ""觉得"", ""type"": ""grammar"", ""py"": ""juéde"", ""note"": ""「〜と思う、感じる」を表す動詞。""}, {""text"": ""学校"", ""type"": ""vocab"", ""py"": ""xuéxiào"", ""note"": ""学校""}, {""text"": ""和"", ""type"": ""grammar"", ""py"": ""hé"", ""note"": ""「〜と」を表す接続詞・介詞。""}, {""text"": ""家长"", ""type"": ""vocab"", ""py"": ""jiāzhǎng"", ""note"": ""保護者""}, {""text"": ""应该"", ""type"": ""grammar"", ""py"": ""yīnggāi"", ""note"": ""「〜すべきだ」という当然・義務を表す助動詞。""}, {""text"": ""怎么"", ""type"": ""grammar"", ""py"": ""zěnme"", ""note"": ""「どうやって、なぜ」を表す疑問詞。""}, {""text"": ""配合"", ""type"": ""vocab"", ""py"": ""pèihé"", ""note"": ""息を合わせる、共演する""}, {""text"": ""？"", ""type"": ""punct""}]",HSKspeaking_practice
454,45,9,李女士,我们需要多沟通，一起关注孩子的心理健康。,"Wǒmen xūyào duō gōutōng, yìqǐ guānzhù háizi de xīnlǐ jiànkāng.",もっとコミュニケーションを取って、一緒に子供の心の健康に気を配る必要があります。,"[{""text"": ""我们"", ""type"": ""vocab"", ""py"": ""wǒmen"", ""note"": ""私たち""}, {""text"": ""需要"", ""type"": ""vocab"", ""py"": ""xūyào"", ""note"": ""必要とする""}, {""text"": ""多"", ""type"": ""vocab"", ""py"": ""duō"", ""note"": ""多い""}, {""text"": ""沟通"", ""type"": ""vocab"", ""py"": ""gōutōng"", ""note"": ""コミュニケーションを取る""}, {""text"": ""，"", ""type"": ""punct""}, {""text"": ""一起"", ""type"": ""vocab"", ""py"": ""yìqǐ"", ""note"": ""一緒に""}, {""text"": ""关注"", ""type"": ""vocab"", ""py"": ""guānzhù"", ""note"": ""関心を持つ、注目する""}, {""text"": ""孩子"", ""type"": ""vocab"", ""py"": ""háizi"", ""note"": ""子供""}, {""text"": ""的"", ""type"": ""grammar"", ""py"": ""de"", ""note"": ""名詞を修飾し、所有・限定を表す助詞（〜の）。""}, {""text"": ""心理健康"", ""type"": ""vocab"", ""py"": ""xīnlǐjiànkāng"", ""note"": ""心の健康、メンタルヘルス""}, {""text"": ""。"", ""type"": ""punct""}]",HSKspeaking_practice
455,45,10,张老师,说得好，教育不只是学校的责任，也是全社会的责任。,"Shuō de hǎo, jiàoyù bù zhǐshì xuéxiào de zérèn, yě shì quán shèhuì de zérèn.",おっしゃる通りです、教育は学校だけの責任ではなく、社会全体の責任でもあります。,"[{""text"": ""说得好"", ""type"": ""vocab"", ""py"": ""shuōdéhǎo"", ""note"": ""よく言った""}, {""text"": ""，"", ""type"": ""punct""}, {""text"": ""教育"", ""type"": ""vocab"", ""py"": ""jiàoyù"", ""note"": ""教育""}, {""text"": ""不"", ""type"": ""grammar"", ""py"": ""bù"", ""note"": ""動詞・形容詞を否定する副詞。""}, {""text"": ""只是"", ""type"": ""vocab"", ""py"": ""zhǐshì"", ""note"": ""ただ〜なだけ""}, {""text"": ""学校"", ""type"": ""vocab"", ""py"": ""xuéxiào"", ""note"": ""学校""}, {""text"": ""的"", ""type"": ""grammar"", ""py"": ""de"", ""note"": ""名詞を修飾し、所有・限定を表す助詞（〜の）。""}, {""text"": ""责任"", ""type"": ""vocab"", ""py"": ""zérèn"", ""note"": ""責任""}, {""text"": ""，"", ""type"": ""punct""}, {""text"": ""也"", ""type"": ""grammar"", ""py"": ""yě"", ""note"": ""「〜も」を表す副詞。""}, {""text"": ""是"", ""type"": ""grammar"", ""py"": ""shì"", ""note"": ""「〜である」を表すbe動詞。""}, {""text"": ""全"", ""type"": ""vocab"", ""py"": ""quán"", ""note"": ""すべて""}, {""text"": ""社会"", ""type"": ""vocab"", ""py"": ""shèhuì"", ""note"": ""社会""}, {""text"": ""的"", ""type"": ""grammar"", ""py"": ""de"", ""note"": ""名詞を修飾し、所有・限定を表す助詞（〜の）。""}, {""text"": ""责任"", ""type"": ""vocab"", ""py"": ""zérèn"", ""note"": ""責任""}, {""text"": ""。"", ""type"": ""punct""}]",HSKspeaking_practice
456,46,1,小茵,阿泓，你太太生完孩子后打算继续工作吗？,"Āhóng, nǐ tàitai shēngwán háizi hòu dǎsuàn jìxù gōngzuò ma?",阿泓、奥さんは出産後も仕事を続けるつもりなの？,"[{""text"": ""阿泓"", ""type"": ""vocab"", ""py"": ""āhóng"", ""note"": ""（人名）""}, {""text"": ""，"", ""type"": ""punct""}, {""text"": ""你"", ""type"": ""vocab"", ""py"": ""nǐ"", ""note"": ""あなた""}, {""text"": ""太太"", ""type"": ""vocab"", ""py"": ""tàitài"", ""note"": ""奥さん、夫人""}, {""text"": ""生完"", ""type"": ""vocab"", ""py"": ""shēngwán"", ""note"": ""産み終える""}, {""text"": ""孩子"", ""type"": ""vocab"", ""py"": ""háizi"", ""note"": ""子供""}, {""text"": ""后"", ""type"": ""vocab"", ""py"": ""hòu"", ""note"": ""〜の後""}, {""text"": ""打算"", ""type"": ""grammar"", ""py"": ""dǎsuàn"", ""note"": ""「〜するつもりだ」という計画を表す動詞。""}, {""text"": ""继续"", ""type"": ""vocab"", ""py"": ""jìxù"", ""note"": ""続ける""}, {""text"": ""工作"", ""type"": ""vocab"", ""py"": ""gōngzuò"", ""note"": ""仕事、働く""}, {""text"": ""吗"", ""type"": ""grammar"", ""py"": ""ma"", ""note"": ""「はい/いいえ」で答える疑問文を作る文末助詞。""}, {""text"": ""？"", ""type"": ""punct""}]",HSKspeaking_practice
457,46,2,阿泓,打算继续，不过她很担心没办法平衡工作和家庭。,"Dǎsuàn jìxù, búguò tā hěn dānxīn méi bànfǎ pínghéng gōngzuò hé jiātíng.",続けるつもりだよ、でも仕事と家庭のバランスが取れないんじゃないかとすごく心配してる。,"[{""text"": ""打算"", ""type"": ""grammar"", ""py"": ""dǎsuàn"", ""note"": ""「〜するつもりだ」という計画を表す動詞。""}, {""text"": ""继续"", ""type"": ""vocab"", ""py"": ""jìxù"", ""note"": ""続ける""}, {""text"": ""，"", ""type"": ""punct""}, {""text"": ""不过"", ""type"": ""grammar"", ""py"": ""bùguò"", ""note"": ""「ただし、でも」を表す軽い転換の接続詞。""}, {""text"": ""她"", ""type"": ""vocab"", ""py"": ""tā"", ""note"": ""彼女""}, {""text"": ""很"", ""type"": ""grammar"", ""py"": ""hěn"", ""note"": ""「とても」を表す程度の副詞。形容詞文でよく使われる。""}, {""text"": ""担心"", ""type"": ""vocab"", ""py"": ""dānxīn"", ""note"": ""心配する""}, {""text"": ""没"", ""type"": ""grammar"", ""py"": ""méi"", ""note"": ""「〜していない、〜がない」を表す否定の副詞（過去・完了・所有の否定）。""}, {""text"": ""办法"", ""type"": ""vocab"", ""py"": ""bànfǎ"", ""note"": ""方法""}, {""text"": ""平衡"", ""type"": ""vocab"", ""py"": ""pínghéng"", ""note"": ""バランス""}, {""text"": ""工作"", ""type"": ""vocab"", ""py"": ""gōngzuò"", ""note"": ""仕事、働く""}, {""text"": ""和"", ""type"": ""grammar"", ""py"": ""hé"", ""note"": ""「〜と」を表す接続詞・介詞。""}, {""text"": ""家庭"", ""type"": ""vocab"", ""py"": ""jiātíng"", ""note"": ""家庭""}, {""text"": ""。"", ""type"": ""punct""}]",HSKspeaking_practice
458,46,3,小茵,这确实是很多职场妈妈面临的问题。,Zhè quèshí shì hěn duō zhíchǎng māma miànlín de wèntí.,それは確かに多くの働くお母さんが直面する問題だね。,"[{""text"": ""这"", ""type"": ""vocab"", ""py"": ""zhè"", ""note"": ""これ""}, {""text"": ""确实"", ""type"": ""vocab"", ""py"": ""quèshí"", ""note"": ""確かに""}, {""text"": ""是"", ""type"": ""grammar"", ""py"": ""shì"", ""note"": ""「〜である」を表すbe動詞。""}, {""text"": ""很多"", ""type"": ""vocab"", ""py"": ""hěnduō"", ""note"": ""多くの""}, {""text"": ""职场"", ""type"": ""vocab"", ""py"": ""zhíchǎng"", ""note"": ""職場""}, {""text"": ""妈妈"", ""type"": ""vocab"", ""py"": ""māmā"", ""note"": ""お母さん""}, {""text"": ""面临"", ""type"": ""vocab"", ""py"": ""miànlín"", ""note"": ""直面する""}, {""text"": ""的"", ""type"": ""grammar"", ""py"": ""de"", ""note"": ""名詞を修飾し、所有・限定を表す助詞（〜の）。""}, {""text"": ""问题"", ""type"": ""vocab"", ""py"": ""wèntí"", ""note"": ""問題""}, {""text"": ""。"", ""type"": ""punct""}]",HSKspeaking_practice
459,46,4,阿泓,尽管公司有产假制度，但是休完假回来竞争压力还是很大。,"Jǐnguǎn gōngsī yǒu chǎnjià zhìdù, dànshì xiūwán jià huílái jìngzhēng yālì háishi hěn dà.",会社に産休制度はあるけれど、休みが終わって戻ってきても競争のプレッシャーはやっぱり大きいんだ。,"[{""text"": ""尽管"", ""type"": ""grammar"", ""py"": ""jǐnguǎn"", ""note"": ""「〜にもかかわらず」を表す接続詞。「尽管…但是…」の形で使う。""}, {""text"": ""公司"", ""type"": ""vocab"", ""py"": ""gōngsī"", ""note"": ""会社""}, {""text"": ""有"", ""type"": ""grammar"", ""py"": ""yǒu"", ""note"": ""「持っている、ある」を表す動詞。否定形は「没有」。""}, {""text"": ""产假"", ""type"": ""vocab"", ""py"": ""chǎnjià"", ""note"": ""産休""}, {""text"": ""制度"", ""type"": ""vocab"", ""py"": ""zhìdù"", ""note"": ""制度""}, {""text"": ""，"", ""type"": ""punct""}, {""text"": ""但是"", ""type"": ""grammar"", ""py"": ""dànshì"", ""note"": ""「しかし」を表す接続詞。""}, {""text"": ""休"", ""type"": ""vocab"", ""py"": ""xiū"", ""note"": ""休む""}, {""text"": ""完假"", ""type"": ""vocab"", ""py"": ""wánjiǎ"", ""note"": ""休暇が終わる""}, {""text"": ""回来"", ""type"": ""vocab"", ""py"": ""huílái"", ""note"": ""戻ってくる""}, {""text"": ""竞争"", ""type"": ""vocab"", ""py"": ""jìngzhēng"", ""note"": ""競争""}, {""text"": ""压力"", ""type"": ""vocab"", ""py"": ""yālì"", ""note"": ""プレッシャー、ストレス""}, {""text"": ""还是"", ""type"": ""grammar"", ""py"": ""háishì"", ""note"": ""「それとも」（疑問文の選択）、または「やはり」を表す。""}, {""text"": ""很大"", ""type"": ""vocab"", ""py"": ""hěndà"", ""note"": ""とても大きい""}, {""text"": ""。"", ""type"": ""punct""}]",HSKspeaking_practice
460,46,5,小茵,与其一个人硬扛，不如跟公司谈谈弹性工作时间。,"Yǔqí yí ge rén yìng káng, bùrú gēn gōngsī tántan tánxìng gōngzuò shíjiān.",一人で無理して抱え込むくらいなら、会社にフレックスタイムについて相談する方がいいよ。,"[{""text"": ""与其"", ""type"": ""grammar"", ""py"": ""yǔqí"", ""note"": ""「〜するくらいなら」を表す接続詞。「与其…不如…」の形で使う。""}, {""text"": ""一个"", ""type"": ""vocab"", ""py"": ""yígè"", ""note"": ""一つ""}, {""text"": ""人硬"", ""type"": ""vocab"", ""py"": ""rényìng"", ""note"": ""一人で無理に（人＋硬、扛＝耐える・担う）""}, {""text"": ""扛"", ""type"": ""vocab"", ""py"": ""káng"", ""note"": ""一人で耐える、担う""}, {""text"": ""，"", ""type"": ""punct""}, {""text"": ""不如"", ""type"": ""grammar"", ""py"": ""bùrú"", ""note"": ""「〜する方がよい」を表す語。「与其…不如…」の形で使う。""}, {""text"": ""跟"", ""type"": ""grammar"", ""py"": ""gēn"", ""note"": ""「〜と」を表す介詞。一緒に何かをする相手を示す。""}, {""text"": ""公司"", ""type"": ""vocab"", ""py"": ""gōngsī"", ""note"": ""会社""}, {""text"": ""谈谈"", ""type"": ""vocab"", ""py"": ""tántán"", ""note"": ""ちょっと話す""}, {""text"": ""弹性"", ""type"": ""vocab"", ""py"": ""tánxìng"", ""note"": ""弾力的な、フレキシブルな""}, {""text"": ""工作"", ""type"": ""vocab"", ""py"": ""gōngzuò"", ""note"": ""仕事、働く""}, {""text"": ""时间"", ""type"": ""vocab"", ""py"": ""shíjiān"", ""note"": ""時間""}, {""text"": ""。"", ""type"": ""punct""}]",HSKspeaking_practice
461,46,6,阿泓,我也这么建议她了，希望公司能理解。,"Wǒ yě zhème jiànyì tā le, xīwàng gōngsī néng lǐjiě.",僕もそう提案したよ、会社が理解してくれるといいな。,"[{""text"": ""我"", ""type"": ""vocab"", ""py"": ""wǒ"", ""note"": ""私""}, {""text"": ""也"", ""type"": ""grammar"", ""py"": ""yě"", ""note"": ""「〜も」を表す副詞。""}, {""text"": ""这么"", ""type"": ""vocab"", ""py"": ""zhème"", ""note"": ""こんなに、このように""}, {""text"": ""建议"", ""type"": ""vocab"", ""py"": ""jiànyì"", ""note"": ""提案する、提案""}, {""text"": ""她"", ""type"": ""vocab"", ""py"": ""tā"", ""note"": ""彼女""}, {""text"": ""了"", ""type"": ""grammar"", ""py"": ""le"", ""note"": ""動作の完了や状態の変化を表す助詞（文末や動詞の直後に置く）。""}, {""text"": ""，"", ""type"": ""punct""}, {""text"": ""希望"", ""type"": ""grammar"", ""py"": ""xīwàng"", ""note"": ""「〜を望む」を表す動詞。""}, {""text"": ""公司"", ""type"": ""vocab"", ""py"": ""gōngsī"", ""note"": ""会社""}, {""text"": ""能"", ""type"": ""grammar"", ""py"": ""néng"", ""note"": ""「〜できる」という可能を表す助動詞。""}, {""text"": ""理解"", ""type"": ""vocab"", ""py"": ""lǐjiě"", ""note"": ""理解する""}, {""text"": ""。"", ""type"": ""punct""}]",HSKspeaking_practice
462,46,7,小茵,另外，家里人的支持也非常重要。,"Lìngwài, jiā li rén de zhīchí yě fēicháng zhòngyào.",それに、家族のサポートもすごく重要だよ。,"[{""text"": ""另外"", ""type"": ""vocab"", ""py"": ""lìngwài"", ""note"": ""そのほか、別に""}, {""text"": ""，"", ""type"": ""punct""}, {""text"": ""家里人"", ""type"": ""vocab"", ""py"": ""jiālǐrén"", ""note"": ""家族""}, {""text"": ""的"", ""type"": ""grammar"", ""py"": ""de"", ""note"": ""名詞を修飾し、所有・限定を表す助詞（〜の）。""}, {""text"": ""支持"", ""type"": ""vocab"", ""py"": ""zhīchí"", ""note"": ""支持する、支える""}, {""text"": ""也"", ""type"": ""grammar"", ""py"": ""yě"", ""note"": ""「〜も」を表す副詞。""}, {""text"": ""非常"", ""type"": ""vocab"", ""py"": ""fēicháng"", ""note"": ""非常に""}, {""text"": ""重要"", ""type"": ""vocab"", ""py"": ""zhòngyào"", ""note"": ""重要だ""}, {""text"": ""。"", ""type"": ""punct""}]",HSKspeaking_practice
463,46,8,阿泓,是啊，我打算多分担一些家务和带孩子的事情。,"Shì a, wǒ dǎsuàn duō fēndān yìxiē jiāwù hé dài háizi de shìqing.",そうだね、僕も家事や育児をもっと分担するつもりだよ。,"[{""text"": ""是"", ""type"": ""grammar"", ""py"": ""shì"", ""note"": ""「〜である」を表すbe動詞。""}, {""text"": ""啊"", ""type"": ""grammar"", ""py"": ""a"", ""note"": ""感嘆や語気をやわらげる文末助詞。""}, {""text"": ""，"", ""type"": ""punct""}, {""text"": ""我"", ""type"": ""vocab"", ""py"": ""wǒ"", ""note"": ""私""}, {""text"": ""打算"", ""type"": ""grammar"", ""py"": ""dǎsuàn"", ""note"": ""「〜するつもりだ」という計画を表す動詞。""}, {""text"": ""多"", ""type"": ""vocab"", ""py"": ""duō"", ""note"": ""多い""}, {""text"": ""分担"", ""type"": ""vocab"", ""py"": ""fēndān"", ""note"": ""分担する""}, {""text"": ""一些"", ""type"": ""grammar"", ""py"": ""yīxiē"", ""note"": ""「いくつかの、少しの」を表す数量表現。""}, {""text"": ""家务"", ""type"": ""vocab"", ""py"": ""jiāwù"", ""note"": ""家事""}, {""text"": ""和"", ""type"": ""grammar"", ""py"": ""hé"", ""note"": ""「〜と」を表す接続詞・介詞。""}, {""text"": ""带"", ""type"": ""vocab"", ""py"": ""dài"", ""note"": ""持って行く""}, {""text"": ""孩子"", ""type"": ""vocab"", ""py"": ""háizi"", ""note"": ""子供""}, {""text"": ""的"", ""type"": ""grammar"", ""py"": ""de"", ""note"": ""名詞を修飾し、所有・限定を表す助詞（〜の）。""}, {""text"": ""事情"", ""type"": ""vocab"", ""py"": ""shìqíng"", ""note"": ""出来事、事柄""}, {""text"": ""。"", ""type"": ""punct""}]",HSKspeaking_practice
464,46,9,小茵,这样她的压力应该会小很多。,Zhèyàng tā de yālì yīnggāi huì xiǎo hěn duō.,それなら彼女のプレッシャーもだいぶ小さくなるはずだね。,"[{""text"": ""这样"", ""type"": ""vocab"", ""py"": ""zhèyàng"", ""note"": ""このように""}, {""text"": ""她"", ""type"": ""vocab"", ""py"": ""tā"", ""note"": ""彼女""}, {""text"": ""的"", ""type"": ""grammar"", ""py"": ""de"", ""note"": ""名詞を修飾し、所有・限定を表す助詞（〜の）。""}, {""text"": ""压力"", ""type"": ""vocab"", ""py"": ""yālì"", ""note"": ""プレッシャー、ストレス""}, {""text"": ""应该"", ""type"": ""grammar"", ""py"": ""yīnggāi"", ""note"": ""「〜すべきだ」という当然・義務を表す助動詞。""}, {""text"": ""会"", ""type"": ""grammar"", ""py"": ""huì"", ""note"": ""「〜するだろう」「（習得して）〜できる」という可能性・技能を表す助動詞。""}, {""text"": ""小"", ""type"": ""vocab"", ""py"": ""xiǎo"", ""note"": ""小さい""}, {""text"": ""很多"", ""type"": ""vocab"", ""py"": ""hěnduō"", ""note"": ""多くの""}, {""text"": ""。"", ""type"": ""punct""}]",HSKspeaking_practice
465,46,10,阿泓,希望如此，家庭和事业都很重要，缺一不可。,"Xīwàng rúcǐ, jiātíng hé shìyè dōu hěn zhòngyào, quē yī bù kě.",そうだといいな、家庭もキャリアもどちらも大事で、どちらも欠かせないから。,"[{""text"": ""希望"", ""type"": ""grammar"", ""py"": ""xīwàng"", ""note"": ""「〜を望む」を表す動詞。""}, {""text"": ""如此"", ""type"": ""vocab"", ""py"": ""rúcǐ"", ""note"": ""このように、そのように""}, {""text"": ""，"", ""type"": ""punct""}, {""text"": ""家庭"", ""type"": ""vocab"", ""py"": ""jiātíng"", ""note"": ""家庭""}, {""text"": ""和"", ""type"": ""grammar"", ""py"": ""hé"", ""note"": ""「〜と」を表す接続詞・介詞。""}, {""text"": ""事业"", ""type"": ""vocab"", ""py"": ""shìyè"", ""note"": ""キャリア、事業""}, {""text"": ""都"", ""type"": ""grammar"", ""py"": ""dōu"", ""note"": ""「みな、すべて」を表す副詞。""}, {""text"": ""很"", ""type"": ""grammar"", ""py"": ""hěn"", ""note"": ""「とても」を表す程度の副詞。形容詞文でよく使われる。""}, {""text"": ""重要"", ""type"": ""vocab"", ""py"": ""zhòngyào"", ""note"": ""重要だ""}, {""text"": ""，"", ""type"": ""punct""}, {""text"": ""缺一不可"", ""type"": ""vocab"", ""py"": ""quēyībùkě"", ""note"": ""一つも欠かせない""}, {""text"": ""。"", ""type"": ""punct""}]",HSKspeaking_practice
466,47,1,周老师,今天我们聊聊媒体素养，大家平时怎么获取新闻？,"Jīntiān wǒmen liáoliao méitǐ sùyǎng, dàjiā píngshí zěnme huòqǔ xīnwén?",今日はメディアリテラシーについて話しましょう、皆さんは普段どうやってニュースを得ていますか？,"[{""text"": ""今天"", ""type"": ""vocab"", ""py"": ""jīntiān"", ""note"": ""今日""}, {""text"": ""我们"", ""type"": ""vocab"", ""py"": ""wǒmen"", ""note"": ""私たち""}, {""text"": ""聊聊"", ""type"": ""vocab"", ""py"": ""liáoliáo"", ""note"": ""ちょっと話す""}, {""text"": ""媒体"", ""type"": ""vocab"", ""py"": ""méitǐ"", ""note"": ""メディア""}, {""text"": ""素养"", ""type"": ""vocab"", ""py"": ""sùyǎng"", ""note"": ""素養、リテラシー""}, {""text"": ""，"", ""type"": ""punct""}, {""text"": ""大家"", ""type"": ""vocab"", ""py"": ""dàjiā"", ""note"": ""みんな""}, {""text"": ""平时"", ""type"": ""vocab"", ""py"": ""píngshí"", ""note"": ""普段""}, {""text"": ""怎么"", ""type"": ""grammar"", ""py"": ""zěnme"", ""note"": ""「どうやって、なぜ」を表す疑問詞。""}, {""text"": ""获取"", ""type"": ""vocab"", ""py"": ""huòqǔ"", ""note"": ""取得する""}, {""text"": ""新闻"", ""type"": ""vocab"", ""py"": ""xīnwén"", ""note"": ""ニュース""}, {""text"": ""？"", ""type"": ""punct""}]",HSKspeaking_practice
467,47,2,小蓓,我主要通过社交媒体看新闻，比较方便快捷。,"Wǒ zhǔyào tōngguò shèjiāo méitǐ kàn xīnwén, bǐjiào fāngbiàn kuàijié.",私は主にSNSでニュースを見ています、便利で速いので。,"[{""text"": ""我"", ""type"": ""vocab"", ""py"": ""wǒ"", ""note"": ""私""}, {""text"": ""主要"", ""type"": ""vocab"", ""py"": ""zhǔyào"", ""note"": ""主に""}, {""text"": ""通过"", ""type"": ""vocab"", ""py"": ""tōngguò"", ""note"": ""〜を通して""}, {""text"": ""社交"", ""type"": ""vocab"", ""py"": ""shèjiāo"", ""note"": ""ソーシャル、交際""}, {""text"": ""媒体"", ""type"": ""vocab"", ""py"": ""méitǐ"", ""note"": ""メディア""}, {""text"": ""看"", ""type"": ""vocab"", ""py"": ""kàn"", ""note"": ""見る""}, {""text"": ""新闻"", ""type"": ""vocab"", ""py"": ""xīnwén"", ""note"": ""ニュース""}, {""text"": ""，"", ""type"": ""punct""}, {""text"": ""比较"", ""type"": ""grammar"", ""py"": ""bǐjiào"", ""note"": ""「わりと、比較的」を表す程度の副詞。""}, {""text"": ""方便快捷"", ""type"": ""vocab"", ""py"": ""fāngbiànkuàijié"", ""note"": ""便利で手早い""}, {""text"": ""。"", ""type"": ""punct""}]",HSKspeaking_practice
468,47,3,大卫,不过社交媒体上的信息真假难辨，这是个问题。,"Búguò shèjiāo méitǐ shàng de xìnxī zhēnjiǎ nán biàn, zhè shì ge wèntí.",でもSNS上の情報は真偽の見分けが難しくて、これが問題だと思います。,"[{""text"": ""不过"", ""type"": ""grammar"", ""py"": ""bùguò"", ""note"": ""「ただし、でも」を表す軽い転換の接続詞。""}, {""text"": ""社交"", ""type"": ""vocab"", ""py"": ""shèjiāo"", ""note"": ""ソーシャル、交際""}, {""text"": ""媒体"", ""type"": ""vocab"", ""py"": ""méitǐ"", ""note"": ""メディア""}, {""text"": ""上"", ""type"": ""vocab"", ""py"": ""shàng"", ""note"": ""上、〜において""}, {""text"": ""的"", ""type"": ""grammar"", ""py"": ""de"", ""note"": ""名詞を修飾し、所有・限定を表す助詞（〜の）。""}, {""text"": ""信息"", ""type"": ""vocab"", ""py"": ""xìnxī"", ""note"": ""情報""}, {""text"": ""真假难辨"", ""type"": ""vocab"", ""py"": ""zhēnjiǎnánbiàn"", ""note"": ""真偽の区別がつきにくい""}, {""text"": ""，"", ""type"": ""punct""}, {""text"": ""这"", ""type"": ""vocab"", ""py"": ""zhè"", ""note"": ""これ""}, {""text"": ""是"", ""type"": ""grammar"", ""py"": ""shì"", ""note"": ""「〜である」を表すbe動詞。""}, {""text"": ""个"", ""type"": ""vocab"", ""py"": ""gè"", ""note"": ""〜個（量詞）""}, {""text"": ""问题"", ""type"": ""vocab"", ""py"": ""wèntí"", ""note"": ""問題""}, {""text"": ""。"", ""type"": ""punct""}]",HSKspeaking_practice
469,47,4,周老师,说得对，那你们平时怎么判断信息的可靠性？,"Shuō de duì, nà nǐmen píngshí zěnme pànduàn xìnxī de kěkàoxìng?",その通りです、では普段どうやって情報の信頼性を判断していますか？,"[{""text"": ""说得对"", ""type"": ""vocab"", ""py"": ""shuōdéduì"", ""note"": ""言う通りだ""}, {""text"": ""，"", ""type"": ""punct""}, {""text"": ""那"", ""type"": ""vocab"", ""py"": ""nà"", ""note"": ""あれ、それ／それなら""}, {""text"": ""你们"", ""type"": ""vocab"", ""py"": ""nǐmen"", ""note"": ""あなたたち""}, {""text"": ""平时"", ""type"": ""vocab"", ""py"": ""píngshí"", ""note"": ""普段""}, {""text"": ""怎么"", ""type"": ""grammar"", ""py"": ""zěnme"", ""note"": ""「どうやって、なぜ」を表す疑問詞。""}, {""text"": ""判断"", ""type"": ""vocab"", ""py"": ""pànduàn"", ""note"": ""判断する""}, {""text"": ""信息"", ""type"": ""vocab"", ""py"": ""xìnxī"", ""note"": ""情報""}, {""text"": ""的"", ""type"": ""grammar"", ""py"": ""de"", ""note"": ""名詞を修飾し、所有・限定を表す助詞（〜の）。""}, {""text"": ""可靠性"", ""type"": ""vocab"", ""py"": ""kěkàoxìng"", ""note"": ""信頼性""}, {""text"": ""？"", ""type"": ""punct""}]",HSKspeaking_practice
470,47,5,小蓓,我会看看这条新闻是不是有正规媒体也报道过。,Wǒ huì kànkan zhè tiáo xīnwén shì bu shì yǒu zhèngguī méitǐ yě bàodào guo.,そのニュースを正規のメディアも報道しているかどうかを見ます。,"[{""text"": ""我会"", ""type"": ""vocab"", ""py"": ""wǒhuì"", ""note"": ""私は〜します""}, {""text"": ""看看"", ""type"": ""vocab"", ""py"": ""kànkàn"", ""note"": ""ちょっと見る""}, {""text"": ""这"", ""type"": ""vocab"", ""py"": ""zhè"", ""note"": ""これ""}, {""text"": ""条"", ""type"": ""vocab"", ""py"": ""tiáo"", ""note"": ""〜件（量詞）""}, {""text"": ""新闻"", ""type"": ""vocab"", ""py"": ""xīnwén"", ""note"": ""ニュース""}, {""text"": ""是不是"", ""type"": ""grammar"", ""py"": ""shìbúshì"", ""note"": ""「〜かどうか、〜ですよね」と確認する疑問表現。""}, {""text"": ""有"", ""type"": ""grammar"", ""py"": ""yǒu"", ""note"": ""「持っている、ある」を表す動詞。否定形は「没有」。""}, {""text"": ""正规"", ""type"": ""vocab"", ""py"": ""zhèngguī"", ""note"": ""正規の、正式な""}, {""text"": ""媒体"", ""type"": ""vocab"", ""py"": ""méitǐ"", ""note"": ""メディア""}, {""text"": ""也"", ""type"": ""grammar"", ""py"": ""yě"", ""note"": ""「〜も」を表す副詞。""}, {""text"": ""报道"", ""type"": ""vocab"", ""py"": ""bàodào"", ""note"": ""報道""}, {""text"": ""过"", ""type"": ""grammar"", ""py"": ""guò"", ""note"": ""動詞の後について「〜したことがある」という経験を表す助詞。""}, {""text"": ""。"", ""type"": ""punct""}]",HSKspeaking_practice
471,47,6,大卫,我还会查一下发布者的背景，看是否可信。,"Wǒ hái huì chá yíxià fābùzhě de bèijǐng, kàn shìfǒu kěxìn.",発信者の背景も調べて、信頼できるかどうかを見ます。,"[{""text"": ""我"", ""type"": ""vocab"", ""py"": ""wǒ"", ""note"": ""私""}, {""text"": ""还"", ""type"": ""grammar"", ""py"": ""hái"", ""note"": ""「まだ、さらに」を表す副詞。""}, {""text"": ""会查"", ""type"": ""vocab"", ""py"": ""huìchá"", ""note"": ""調べるだろう（会＋查）""}, {""text"": ""一下"", ""type"": ""grammar"", ""py"": ""yīxià"", ""note"": ""動詞の後について「ちょっと〜する」と動作の軽さ・短さを表す表現。""}, {""text"": ""发布者"", ""type"": ""vocab"", ""py"": ""fābùzhě"", ""note"": ""発信者""}, {""text"": ""的"", ""type"": ""grammar"", ""py"": ""de"", ""note"": ""名詞を修飾し、所有・限定を表す助詞（〜の）。""}, {""text"": ""背景"", ""type"": ""vocab"", ""py"": ""bèijǐng"", ""note"": ""背景""}, {""text"": ""，"", ""type"": ""punct""}, {""text"": ""看"", ""type"": ""vocab"", ""py"": ""kàn"", ""note"": ""見る""}, {""text"": ""是否"", ""type"": ""vocab"", ""py"": ""shìfǒu"", ""note"": ""〜かどうか""}, {""text"": ""可信"", ""type"": ""vocab"", ""py"": ""kěxìn"", ""note"": ""信頼できる""}, {""text"": ""。"", ""type"": ""punct""}]",HSKspeaking_practice
472,47,7,周老师,除了这些方法以外，也要注意不要被标题党误导。,"Chúle zhèxiē fāngfǎ yǐwài, yě yào zhùyì búyào bèi biāotídǎng wùdǎo.",これらの方法以外にも、扇情的な見出しに惑わされないよう注意する必要があります。,"[{""text"": ""除了"", ""type"": ""grammar"", ""py"": ""chúle"", ""note"": ""「〜を除いて、〜のほかに」を表す介詞。「除了…以外…」の形で使う。""}, {""text"": ""这些"", ""type"": ""vocab"", ""py"": ""zhèxiē"", ""note"": ""これらの""}, {""text"": ""方法"", ""type"": ""vocab"", ""py"": ""fāngfǎ"", ""note"": ""方法""}, {""text"": ""以外"", ""type"": ""grammar"", ""py"": ""yǐwài"", ""note"": ""「〜以外」を表す語。「除了…以外」の形でよく使う。""}, {""text"": ""，"", ""type"": ""punct""}, {""text"": ""也"", ""type"": ""grammar"", ""py"": ""yě"", ""note"": ""「〜も」を表す副詞。""}, {""text"": ""要"", ""type"": ""grammar"", ""py"": ""yào"", ""note"": ""「〜したい、〜するつもりだ」という意志・必要を表す助動詞。""}, {""text"": ""注意"", ""type"": ""vocab"", ""py"": ""zhùyì"", ""note"": ""注意する""}, {""text"": ""不要"", ""type"": ""vocab"", ""py"": ""búyào"", ""note"": ""〜しないで""}, {""text"": ""被"", ""type"": ""grammar"", ""py"": ""bèi"", ""note"": ""受身文を作る介詞（「〜される」）。""}, {""text"": ""标题"", ""type"": ""vocab"", ""py"": ""biāotí"", ""note"": ""見出し、タイトル""}, {""text"": ""党"", ""type"": ""vocab"", ""py"": ""dǎng"", ""note"": ""〜党（ここでは『标题党』＝扇情的な見出しを使う人、の意）""}, {""text"": ""误导"", ""type"": ""vocab"", ""py"": ""wùdǎo"", ""note"": ""誤解させる、ミスリードする""}, {""text"": ""。"", ""type"": ""punct""}]",HSKspeaking_practice
473,47,8,小蓓,对，很多人只看标题就转发，根本不看内容。,"Duì, hěn duō rén zhǐ kàn biāotí jiù zhuǎnfā, gēnběn bú kàn nèiróng.",そうです、多くの人が見出しだけ見て転送してしまって、内容を全然読まないんです。,"[{""text"": ""对"", ""type"": ""grammar"", ""py"": ""duì"", ""note"": ""「〜に対して」を表す介詞、または「正しい」という意味の形容詞。""}, {""text"": ""，"", ""type"": ""punct""}, {""text"": ""很多"", ""type"": ""vocab"", ""py"": ""hěnduō"", ""note"": ""多くの""}, {""text"": ""人"", ""type"": ""vocab"", ""py"": ""rén"", ""note"": ""人""}, {""text"": ""只"", ""type"": ""vocab"", ""py"": ""zhǐ"", ""note"": ""ただ〜だけ""}, {""text"": ""看"", ""type"": ""vocab"", ""py"": ""kàn"", ""note"": ""見る""}, {""text"": ""标题"", ""type"": ""vocab"", ""py"": ""biāotí"", ""note"": ""見出し、タイトル""}, {""text"": ""就"", ""type"": ""grammar"", ""py"": ""jiù"", ""note"": ""「すぐに、まさに」など、条件の帰結や強調を表す副詞。""}, {""text"": ""转发"", ""type"": ""vocab"", ""py"": ""zhuǎnfā"", ""note"": ""転送する、シェアする""}, {""text"": ""，"", ""type"": ""punct""}, {""text"": ""根本"", ""type"": ""vocab"", ""py"": ""gēnběn"", ""note"": ""そもそも、根本的に""}, {""text"": ""不看"", ""type"": ""vocab"", ""py"": ""bùkàn"", ""note"": ""見ない""}, {""text"": ""内容"", ""type"": ""vocab"", ""py"": ""nèiróng"", ""note"": ""内容""}, {""text"": ""。"", ""type"": ""punct""}]",HSKspeaking_practice
474,47,9,周老师,所以我们更需要培养独立思考和批判的能力。,Suǒyǐ wǒmen gèng xūyào péiyǎng dúlì sīkǎo hé pīpàn de nénglì.,だからこそ独立して考え、批判的に判断する力を養う必要があります。,"[{""text"": ""所以"", ""type"": ""grammar"", ""py"": ""suǒyǐ"", ""note"": ""「だから」と結果を表す接続詞。""}, {""text"": ""我们"", ""type"": ""vocab"", ""py"": ""wǒmen"", ""note"": ""私たち""}, {""text"": ""更"", ""type"": ""grammar"", ""py"": ""gèng"", ""note"": ""「さらに、もっと」を表す程度の副詞（比較を強める）。""}, {""text"": ""需要"", ""type"": ""vocab"", ""py"": ""xūyào"", ""note"": ""必要とする""}, {""text"": ""培养"", ""type"": ""vocab"", ""py"": ""péiyǎng"", ""note"": ""養う、育てる""}, {""text"": ""独立思考"", ""type"": ""vocab"", ""py"": ""dúlìsīkǎo"", ""note"": ""独立した思考""}, {""text"": ""和"", ""type"": ""grammar"", ""py"": ""hé"", ""note"": ""「〜と」を表す接続詞・介詞。""}, {""text"": ""批判"", ""type"": ""vocab"", ""py"": ""pīpàn"", ""note"": ""批判する""}, {""text"": ""的"", ""type"": ""grammar"", ""py"": ""de"", ""note"": ""名詞を修飾し、所有・限定を表す助詞（〜の）。""}, {""text"": ""能力"", ""type"": ""vocab"", ""py"": ""nénglì"", ""note"": ""能力""}, {""text"": ""。"", ""type"": ""punct""}]",HSKspeaking_practice
475,47,10,大卫,明白了，以后看新闻会更谨慎一些。,"Míngbai le, yǐhòu kàn xīnwén huì gèng jǐnshèn yìxiē.",分かりました、これからはニュースを見るときもっと慎重にします。,"[{""text"": ""明白"", ""type"": ""vocab"", ""py"": ""míngbái"", ""note"": ""分かる""}, {""text"": ""了"", ""type"": ""grammar"", ""py"": ""le"", ""note"": ""動作の完了や状態の変化を表す助詞（文末や動詞の直後に置く）。""}, {""text"": ""，"", ""type"": ""punct""}, {""text"": ""以后"", ""type"": ""vocab"", ""py"": ""yǐhòu"", ""note"": ""〜以後、これから""}, {""text"": ""看"", ""type"": ""vocab"", ""py"": ""kàn"", ""note"": ""見る""}, {""text"": ""新闻"", ""type"": ""vocab"", ""py"": ""xīnwén"", ""note"": ""ニュース""}, {""text"": ""会"", ""type"": ""grammar"", ""py"": ""huì"", ""note"": ""「〜するだろう」「（習得して）〜できる」という可能性・技能を表す助動詞。""}, {""text"": ""更"", ""type"": ""grammar"", ""py"": ""gèng"", ""note"": ""「さらに、もっと」を表す程度の副詞（比較を強める）。""}, {""text"": ""谨慎"", ""type"": ""vocab"", ""py"": ""jǐnshèn"", ""note"": ""慎重だ""}, {""text"": ""一些"", ""type"": ""grammar"", ""py"": ""yīxiē"", ""note"": ""「いくつかの、少しの」を表す数量表現。""}, {""text"": ""。"", ""type"": ""punct""}]",HSKspeaking_practice
476,48,1,主持人,今天我们讨论社交媒体对年轻人的影响，吴博士您怎么看？,"Jīntiān wǒmen tǎolùn shèjiāo méitǐ duì niánqīngrén de yǐngxiǎng, Wú bóshì nín zěnme kàn?",今日はSNSが若者に与える影響について話し合います、呉博士はどうお考えですか？,"[{""text"": ""今天"", ""type"": ""vocab"", ""py"": ""jīntiān"", ""note"": ""今日""}, {""text"": ""我们"", ""type"": ""vocab"", ""py"": ""wǒmen"", ""note"": ""私たち""}, {""text"": ""讨论"", ""type"": ""vocab"", ""py"": ""tǎolùn"", ""note"": ""討論する""}, {""text"": ""社交"", ""type"": ""vocab"", ""py"": ""shèjiāo"", ""note"": ""ソーシャル、交際""}, {""text"": ""媒体"", ""type"": ""vocab"", ""py"": ""méitǐ"", ""note"": ""メディア""}, {""text"": ""对"", ""type"": ""grammar"", ""py"": ""duì"", ""note"": ""「〜に対して」を表す介詞、または「正しい」という意味の形容詞。""}, {""text"": ""年轻人"", ""type"": ""vocab"", ""py"": ""niánqīngrén"", ""note"": ""若者""}, {""text"": ""的"", ""type"": ""grammar"", ""py"": ""de"", ""note"": ""名詞を修飾し、所有・限定を表す助詞（〜の）。""}, {""text"": ""影响"", ""type"": ""vocab"", ""py"": ""yǐngxiǎng"", ""note"": ""影響する""}, {""text"": ""，"", ""type"": ""punct""}, {""text"": ""吴博士"", ""type"": ""vocab"", ""py"": ""wúbóshì"", ""note"": ""（人名）""}, {""text"": ""您"", ""type"": ""vocab"", ""py"": ""nín"", ""note"": ""あなた（敬称）""}, {""text"": ""怎么"", ""type"": ""grammar"", ""py"": ""zěnme"", ""note"": ""「どうやって、なぜ」を表す疑問詞。""}, {""text"": ""看"", ""type"": ""vocab"", ""py"": ""kàn"", ""note"": ""見る""}, {""text"": ""？"", ""type"": ""punct""}]",HSKspeaking_practice
477,48,2,吴博士,社交媒体一方面拉近了人与人的距离，另一方面也带来不少心理压力。,"Shèjiāo méitǐ yì fāngmiàn lājìn le rén yǔ rén de jùlí, lìng yì fāngmiàn yě dàilái bù shǎo xīnlǐ yālì.",SNSは一方で人と人との距離を縮めましたが、他方で少なからぬ心理的プレッシャーももたらしています。,"[{""text"": ""社交"", ""type"": ""vocab"", ""py"": ""shèjiāo"", ""note"": ""ソーシャル、交際""}, {""text"": ""媒体"", ""type"": ""vocab"", ""py"": ""méitǐ"", ""note"": ""メディア""}, {""text"": ""一方面"", ""type"": ""grammar"", ""py"": ""yìfāngmiàn"", ""note"": ""「一方では」を表す表現。「一方面…另一方面…」の形で物事の二つの側面を対比して述べる。""}, {""text"": ""拉近"", ""type"": ""vocab"", ""py"": ""lājìn"", ""note"": ""縮める、近づける""}, {""text"": ""了"", ""type"": ""grammar"", ""py"": ""le"", ""note"": ""動作の完了や状態の変化を表す助詞（文末や動詞の直後に置く）。""}, {""text"": ""人"", ""type"": ""vocab"", ""py"": ""rén"", ""note"": ""人""}, {""text"": ""与"", ""type"": ""vocab"", ""py"": ""yǔ"", ""note"": ""〜と""}, {""text"": ""人"", ""type"": ""vocab"", ""py"": ""rén"", ""note"": ""人""}, {""text"": ""的"", ""type"": ""grammar"", ""py"": ""de"", ""note"": ""名詞を修飾し、所有・限定を表す助詞（〜の）。""}, {""text"": ""距离"", ""type"": ""vocab"", ""py"": ""jùlí"", ""note"": ""距離""}, {""text"": ""，"", ""type"": ""punct""}, {""text"": ""另一方面"", ""type"": ""vocab"", ""py"": ""lìngyìfāngmiàn"", ""note"": ""他方では（「一方面…另一方面…」の形で対比を表す）""}, {""text"": ""也"", ""type"": ""grammar"", ""py"": ""yě"", ""note"": ""「〜も」を表す副詞。""}, {""text"": ""带来"", ""type"": ""vocab"", ""py"": ""dàilái"", ""note"": ""もたらす""}, {""text"": ""不少"", ""type"": ""vocab"", ""py"": ""bùshǎo"", ""note"": ""少なくない""}, {""text"": ""心理压力"", ""type"": ""vocab"", ""py"": ""xīnlǐyālì"", ""note"": ""心理的プレッシャー""}, {""text"": ""。"", ""type"": ""punct""}]",HSKspeaking_practice
478,48,3,小凡,我自己就经常因为看别人的生活而感到焦虑。,Wǒ zìjǐ jiù jīngcháng yīnwèi kàn biéren de shēnghuó ér gǎndào jiāolǜ.,私自身、他人の生活を見て不安を感じることがよくあります。,"[{""text"": ""我"", ""type"": ""vocab"", ""py"": ""wǒ"", ""note"": ""私""}, {""text"": ""自己"", ""type"": ""vocab"", ""py"": ""zìjǐ"", ""note"": ""自分自身""}, {""text"": ""就"", ""type"": ""grammar"", ""py"": ""jiù"", ""note"": ""「すぐに、まさに」など、条件の帰結や強調を表す副詞。""}, {""text"": ""经常"", ""type"": ""vocab"", ""py"": ""jīngcháng"", ""note"": ""よく、しょっちゅう""}, {""text"": ""因为"", ""type"": ""grammar"", ""py"": ""yīnwèi"", ""note"": ""「なぜなら、〜なので」と原因を表す接続詞。「因为…所以…」の形でよく使う。""}, {""text"": ""看"", ""type"": ""vocab"", ""py"": ""kàn"", ""note"": ""見る""}, {""text"": ""别人"", ""type"": ""vocab"", ""py"": ""biérén"", ""note"": ""他の人""}, {""text"": ""的"", ""type"": ""grammar"", ""py"": ""de"", ""note"": ""名詞を修飾し、所有・限定を表す助詞（〜の）。""}, {""text"": ""生活"", ""type"": ""vocab"", ""py"": ""shēnghuó"", ""note"": ""生活""}, {""text"": ""而"", ""type"": ""vocab"", ""py"": ""ér"", ""note"": ""そして、しかし""}, {""text"": ""感到"", ""type"": ""vocab"", ""py"": ""gǎndào"", ""note"": ""感じる""}, {""text"": ""焦虑"", ""type"": ""vocab"", ""py"": ""jiāolǜ"", ""note"": ""不安、焦り""}, {""text"": ""。"", ""type"": ""punct""}]",HSKspeaking_practice
479,48,4,吴博士,这种现象很常见，叫做“社交比较”，容易影响自我认同。,"Zhè zhǒng xiànxiàng hěn chángjiàn, jiàozuò “shèjiāo bǐjiào”, róngyì yǐngxiǎng zìwǒ rèntóng.",この現象はよくあることで、「ソーシャル比較」と呼ばれ、自己認識に影響を与えやすいのです。,"[{""text"": ""这种"", ""type"": ""vocab"", ""py"": ""zhèzhǒng"", ""note"": ""この種の""}, {""text"": ""现象"", ""type"": ""vocab"", ""py"": ""xiànxiàng"", ""note"": ""現象""}, {""text"": ""很"", ""type"": ""grammar"", ""py"": ""hěn"", ""note"": ""「とても」を表す程度の副詞。形容詞文でよく使われる。""}, {""text"": ""常见"", ""type"": ""vocab"", ""py"": ""chángjiàn"", ""note"": ""よくある""}, {""text"": ""，"", ""type"": ""punct""}, {""text"": ""叫做"", ""type"": ""vocab"", ""py"": ""jiàozuò"", ""note"": ""〜と呼ばれる""}, {""text"": ""“"", ""type"": ""punct""}, {""text"": ""社交"", ""type"": ""vocab"", ""py"": ""shèjiāo"", ""note"": ""ソーシャル、交際""}, {""text"": ""比较"", ""type"": ""grammar"", ""py"": ""bǐjiào"", ""note"": ""「わりと、比較的」を表す程度の副詞。""}, {""text"": ""”"", ""type"": ""punct""}, {""text"": ""，"", ""type"": ""punct""}, {""text"": ""容易"", ""type"": ""vocab"", ""py"": ""róngyì"", ""note"": ""簡単だ、〜しやすい""}, {""text"": ""影响"", ""type"": ""vocab"", ""py"": ""yǐngxiǎng"", ""note"": ""影響する""}, {""text"": ""自我"", ""type"": ""vocab"", ""py"": ""zìwǒ"", ""note"": ""自己""}, {""text"": ""认同"", ""type"": ""vocab"", ""py"": ""rèntóng"", ""note"": ""アイデンティティ、認同""}, {""text"": ""。"", ""type"": ""punct""}]",HSKspeaking_practice
480,48,5,主持人,那年轻人应该怎么健康地使用社交媒体呢？,Nà niánqīngrén yīnggāi zěnme jiànkāng de shǐyòng shèjiāo méitǐ ne?,では若者はどうやって健全にSNSを使うべきでしょうか？,"[{""text"": ""那"", ""type"": ""vocab"", ""py"": ""nà"", ""note"": ""あれ、それ／それなら""}, {""text"": ""年轻人"", ""type"": ""vocab"", ""py"": ""niánqīngrén"", ""note"": ""若者""}, {""text"": ""应该"", ""type"": ""grammar"", ""py"": ""yīnggāi"", ""note"": ""「〜すべきだ」という当然・義務を表す助動詞。""}, {""text"": ""怎么"", ""type"": ""grammar"", ""py"": ""zěnme"", ""note"": ""「どうやって、なぜ」を表す疑問詞。""}, {""text"": ""健康"", ""type"": ""vocab"", ""py"": ""jiànkāng"", ""note"": ""健康""}, {""text"": ""地"", ""type"": ""grammar"", ""py"": ""dì"", ""note"": ""形容詞や擬態語の後についてどのように動作するかを表す助詞（〜に、〜と）。""}, {""text"": ""使用"", ""type"": ""vocab"", ""py"": ""shǐyòng"", ""note"": ""使用する""}, {""text"": ""社交"", ""type"": ""vocab"", ""py"": ""shèjiāo"", ""note"": ""ソーシャル、交際""}, {""text"": ""媒体"", ""type"": ""vocab"", ""py"": ""méitǐ"", ""note"": ""メディア""}, {""text"": ""呢"", ""type"": ""grammar"", ""py"": ""ne"", ""note"": ""疑問文を柔らかくしたり「〜は？」と聞き返すときに使う文末助詞。""}, {""text"": ""？"", ""type"": ""punct""}]",HSKspeaking_practice
481,48,6,吴博士,首先要意识到，网上呈现的往往只是别人生活的一部分。,"Shǒuxiān yào yìshi dào, wǎngshàng chéngxiàn de wǎngwǎng zhǐshì biéren shēnghuó de yí bùfen.",まず、ネット上に見えるものは往々にして他人の生活のごく一部にすぎないと認識する必要があります。,"[{""text"": ""首先"", ""type"": ""vocab"", ""py"": ""shǒuxiān"", ""note"": ""まず、最初に""}, {""text"": ""要"", ""type"": ""grammar"", ""py"": ""yào"", ""note"": ""「〜したい、〜するつもりだ」という意志・必要を表す助動詞。""}, {""text"": ""意识"", ""type"": ""vocab"", ""py"": ""yìshí"", ""note"": ""意識""}, {""text"": ""到"", ""type"": ""grammar"", ""py"": ""dào"", ""note"": ""「〜まで、〜に着く」を表す介詞・動詞。""}, {""text"": ""，"", ""type"": ""punct""}, {""text"": ""网上"", ""type"": ""vocab"", ""py"": ""wǎngshàng"", ""note"": ""ネット上""}, {""text"": ""呈现"", ""type"": ""vocab"", ""py"": ""chéngxiàn"", ""note"": ""呈する、示す""}, {""text"": ""的"", ""type"": ""grammar"", ""py"": ""de"", ""note"": ""名詞を修飾し、所有・限定を表す助詞（〜の）。""}, {""text"": ""往往"", ""type"": ""vocab"", ""py"": ""wǎngwǎng"", ""note"": ""往々にして""}, {""text"": ""只是"", ""type"": ""vocab"", ""py"": ""zhǐshì"", ""note"": ""ただ〜なだけ""}, {""text"": ""别人"", ""type"": ""vocab"", ""py"": ""biérén"", ""note"": ""他の人""}, {""text"": ""生活"", ""type"": ""vocab"", ""py"": ""shēnghuó"", ""note"": ""生活""}, {""text"": ""的"", ""type"": ""grammar"", ""py"": ""de"", ""note"": ""名詞を修飾し、所有・限定を表す助詞（〜の）。""}, {""text"": ""一部分"", ""type"": ""vocab"", ""py"": ""yībùfèn"", ""note"": ""一部分""}, {""text"": ""。"", ""type"": ""punct""}]",HSKspeaking_practice
482,48,7,小凡,我最近也开始控制使用社交媒体的时间了。,Wǒ zuìjìn yě kāishǐ kòngzhì shǐyòng shèjiāo méitǐ de shíjiān le.,私も最近SNSを使う時間をコントロールし始めました。,"[{""text"": ""我"", ""type"": ""vocab"", ""py"": ""wǒ"", ""note"": ""私""}, {""text"": ""最近"", ""type"": ""vocab"", ""py"": ""zuìjìn"", ""note"": ""最近""}, {""text"": ""也"", ""type"": ""grammar"", ""py"": ""yě"", ""note"": ""「〜も」を表す副詞。""}, {""text"": ""开始"", ""type"": ""vocab"", ""py"": ""kāishǐ"", ""note"": ""始まる、始める""}, {""text"": ""控制"", ""type"": ""vocab"", ""py"": ""kòngzhì"", ""note"": ""コントロールする""}, {""text"": ""使用"", ""type"": ""vocab"", ""py"": ""shǐyòng"", ""note"": ""使用する""}, {""text"": ""社交"", ""type"": ""vocab"", ""py"": ""shèjiāo"", ""note"": ""ソーシャル、交際""}, {""text"": ""媒体"", ""type"": ""vocab"", ""py"": ""méitǐ"", ""note"": ""メディア""}, {""text"": ""的"", ""type"": ""grammar"", ""py"": ""de"", ""note"": ""名詞を修飾し、所有・限定を表す助詞（〜の）。""}, {""text"": ""时间"", ""type"": ""vocab"", ""py"": ""shíjiān"", ""note"": ""時間""}, {""text"": ""了"", ""type"": ""grammar"", ""py"": ""le"", ""note"": ""動作の完了や状態の変化を表す助詞（文末や動詞の直後に置く）。""}, {""text"": ""。"", ""type"": ""punct""}]",HSKspeaking_practice
483,48,8,吴博士,这是个很好的开始，除此以外，也建议多进行线下的社交活动。,"Zhè shì ge hěn hǎo de kāishǐ, chúcǐ yǐwài, yě jiànyì duō jìnxíng xiànxià de shèjiāo huódòng.",それはとても良い始まりです、それ以外にも、オフラインの社交活動をもっと行うことをお勧めします。,"[{""text"": ""这"", ""type"": ""vocab"", ""py"": ""zhè"", ""note"": ""これ""}, {""text"": ""是"", ""type"": ""grammar"", ""py"": ""shì"", ""note"": ""「〜である」を表すbe動詞。""}, {""text"": ""个"", ""type"": ""vocab"", ""py"": ""gè"", ""note"": ""〜個（量詞）""}, {""text"": ""很"", ""type"": ""grammar"", ""py"": ""hěn"", ""note"": ""「とても」を表す程度の副詞。形容詞文でよく使われる。""}, {""text"": ""好的开始"", ""type"": ""vocab"", ""py"": ""hǎodekāishǐ"", ""note"": ""良いスタート""}, {""text"": ""，"", ""type"": ""punct""}, {""text"": ""除此以外"", ""type"": ""grammar"", ""py"": ""chúcǐyǐwài"", ""note"": ""「それ以外に」という意味の表現。話を付け加えるときに使う。""}, {""text"": ""，"", ""type"": ""punct""}, {""text"": ""也"", ""type"": ""grammar"", ""py"": ""yě"", ""note"": ""「〜も」を表す副詞。""}, {""text"": ""建议"", ""type"": ""vocab"", ""py"": ""jiànyì"", ""note"": ""提案する、提案""}, {""text"": ""多"", ""type"": ""vocab"", ""py"": ""duō"", ""note"": ""多い""}, {""text"": ""进行"", ""type"": ""vocab"", ""py"": ""jìnxíng"", ""note"": ""行う""}, {""text"": ""线下"", ""type"": ""vocab"", ""py"": ""xiànxià"", ""note"": ""オフライン""}, {""text"": ""的"", ""type"": ""grammar"", ""py"": ""de"", ""note"": ""名詞を修飾し、所有・限定を表す助詞（〜の）。""}, {""text"": ""社交活动"", ""type"": ""vocab"", ""py"": ""shèjiāohuódòng"", ""note"": ""社交活動""}, {""text"": ""。"", ""type"": ""punct""}]",HSKspeaking_practice
484,48,9,主持人,非常感谢吴博士的分析，希望大家都能找到平衡点。,"Fēicháng gǎnxiè Wú bóshì de fēnxī, xīwàng dàjiā dōu néng zhǎodào pínghéngdiǎn.",呉博士の分析に感謝します、皆さんがバランスの取れる点を見つけられることを願っています。,"[{""text"": ""非常感谢"", ""type"": ""vocab"", ""py"": ""fēichánggǎnxiè"", ""note"": ""非常に感謝する""}, {""text"": ""吴博士"", ""type"": ""vocab"", ""py"": ""wúbóshì"", ""note"": ""（人名）""}, {""text"": ""的"", ""type"": ""grammar"", ""py"": ""de"", ""note"": ""名詞を修飾し、所有・限定を表す助詞（〜の）。""}, {""text"": ""分析"", ""type"": ""vocab"", ""py"": ""fēnxī"", ""note"": ""分析する""}, {""text"": ""，"", ""type"": ""punct""}, {""text"": ""希望"", ""type"": ""grammar"", ""py"": ""xīwàng"", ""note"": ""「〜を望む」を表す動詞。""}, {""text"": ""大家"", ""type"": ""vocab"", ""py"": ""dàjiā"", ""note"": ""みんな""}, {""text"": ""都"", ""type"": ""grammar"", ""py"": ""dōu"", ""note"": ""「みな、すべて」を表す副詞。""}, {""text"": ""能"", ""type"": ""grammar"", ""py"": ""néng"", ""note"": ""「〜できる」という可能を表す助動詞。""}, {""text"": ""找到"", ""type"": ""vocab"", ""py"": ""zhǎodào"", ""note"": ""見つける""}, {""text"": ""平衡点"", ""type"": ""vocab"", ""py"": ""pínghéngdiǎn"", ""note"": ""バランスの取れる点""}, {""text"": ""。"", ""type"": ""punct""}]",HSKspeaking_practice
485,49,1,小龙,你好，我是小龙。你叫什么名字？,"Nǐ hǎo, wǒ shì Xiǎolóng. Nǐ jiào shénme míngzi?",こんにちは、僕は小龙です。あなたの名前は？,"[{""text"": ""你好"", ""type"": ""vocab"", ""py"": ""nǐhǎo"", ""note"": ""こんにちは""}, {""text"": ""，"", ""type"": ""punct""}, {""text"": ""我"", ""type"": ""vocab"", ""py"": ""wǒ"", ""note"": ""私""}, {""text"": ""是"", ""type"": ""grammar"", ""py"": ""shì"", ""note"": ""「〜である」を表すbe動詞。""}, {""text"": ""小龙"", ""type"": ""vocab"", ""py"": ""xiǎolóng"", ""note"": ""（人名）""}, {""text"": ""。"", ""type"": ""punct""}, {""text"": ""你"", ""type"": ""vocab"", ""py"": ""nǐ"", ""note"": ""あなた""}, {""text"": ""叫"", ""type"": ""grammar"", ""py"": ""jiào"", ""note"": ""「（人に）〜させる」使役、または「〜という名前だ」を表す動詞。""}, {""text"": ""什么"", ""type"": ""vocab"", ""py"": ""shénme"", ""note"": ""何""}, {""text"": ""名字"", ""type"": ""vocab"", ""py"": ""míngzì"", ""note"": ""名前""}, {""text"": ""？"", ""type"": ""punct""}]",HSKspeaking_practice
486,49,2,小红,你好，我叫小红。很高兴认识你。,"Nǐ hǎo, wǒ jiào Xiǎohóng. Hěn gāoxìng rènshi nǐ.",こんにちは、私は小红といいます。よろしくね。,"[{""text"": ""你好"", ""type"": ""vocab"", ""py"": ""nǐhǎo"", ""note"": ""こんにちは""}, {""text"": ""，"", ""type"": ""punct""}, {""text"": ""我"", ""type"": ""vocab"", ""py"": ""wǒ"", ""note"": ""私""}, {""text"": ""叫"", ""type"": ""grammar"", ""py"": ""jiào"", ""note"": ""「（人に）〜させる」使役、または「〜という名前だ」を表す動詞。""}, {""text"": ""小红"", ""type"": ""vocab"", ""py"": ""xiǎohóng"", ""note"": ""（人名）""}, {""text"": ""。"", ""type"": ""punct""}, {""text"": ""很"", ""type"": ""grammar"", ""py"": ""hěn"", ""note"": ""「とても」を表す程度の副詞。形容詞文でよく使われる。""}, {""text"": ""高兴"", ""type"": ""vocab"", ""py"": ""gāoxìng"", ""note"": ""うれしい""}, {""text"": ""认识"", ""type"": ""vocab"", ""py"": ""rènshí"", ""note"": ""知り合う、知っている""}, {""text"": ""你"", ""type"": ""vocab"", ""py"": ""nǐ"", ""note"": ""あなた""}, {""text"": ""。"", ""type"": ""punct""}]",HSKspeaking_practice
487,49,3,小龙,我们是同班同学吗？,Wǒmen shì tóngbān tóngxué ma?,私たち同じクラスの同級生ですか？,"[{""text"": ""我们"", ""type"": ""vocab"", ""py"": ""wǒmen"", ""note"": ""私たち""}, {""text"": ""是"", ""type"": ""grammar"", ""py"": ""shì"", ""note"": ""「〜である」を表すbe動詞。""}, {""text"": ""同班同学"", ""type"": ""vocab"", ""py"": ""tóngbāntóngxué"", ""note"": ""同じクラスの同級生""}, {""text"": ""吗"", ""type"": ""grammar"", ""py"": ""ma"", ""note"": ""「はい/いいえ」で答える疑問文を作る文末助詞。""}, {""text"": ""？"", ""type"": ""punct""}]",HSKspeaking_practice
488,49,4,小红,是啊，我们都在一班。,"Shì a, wǒmen dōu zài yī bān.",そうだよ、私たちは二人とも1組だよ。,"[{""text"": ""是"", ""type"": ""grammar"", ""py"": ""shì"", ""note"": ""「〜である」を表すbe動詞。""}, {""text"": ""啊"", ""type"": ""grammar"", ""py"": ""a"", ""note"": ""感嘆や語気をやわらげる文末助詞。""}, {""text"": ""，"", ""type"": ""punct""}, {""text"": ""我们"", ""type"": ""vocab"", ""py"": ""wǒmen"", ""note"": ""私たち""}, {""text"": ""都"", ""type"": ""grammar"", ""py"": ""dōu"", ""note"": ""「みな、すべて」を表す副詞。""}, {""text"": ""在"", ""type"": ""grammar"", ""py"": ""zài"", ""note"": ""「〜にいる／ある」を表す動詞、または動詞の前について進行「〜している」を表す。""}, {""text"": ""一班"", ""type"": ""vocab"", ""py"": ""yībān"", ""note"": ""1組""}, {""text"": ""。"", ""type"": ""punct""}]",HSKspeaking_practice
489,49,5,小龙,太好了，以后请多关照。,"Tài hǎo le, yǐhòu qǐng duō guānzhào.",よかった、これからよろしくね。,"[{""text"": ""太好了"", ""type"": ""vocab"", ""py"": ""tàihǎole"", ""note"": ""よかった！""}, {""text"": ""，"", ""type"": ""punct""}, {""text"": ""以后"", ""type"": ""vocab"", ""py"": ""yǐhòu"", ""note"": ""〜以後、これから""}, {""text"": ""请多关照"", ""type"": ""vocab"", ""py"": ""qǐngduōguānzhào"", ""note"": ""よろしくお願いします""}, {""text"": ""。"", ""type"": ""punct""}]",HSKspeaking_practice
490,49,6,小红,你喜欢什么课？,Nǐ xǐhuan shénme kè?,あなたはどの授業が好き？,"[{""text"": ""你"", ""type"": ""vocab"", ""py"": ""nǐ"", ""note"": ""あなた""}, {""text"": ""喜欢"", ""type"": ""vocab"", ""py"": ""xǐhuān"", ""note"": ""好きだ、気に入る""}, {""text"": ""什么"", ""type"": ""vocab"", ""py"": ""shénme"", ""note"": ""何""}, {""text"": ""课"", ""type"": ""vocab"", ""py"": ""kè"", ""note"": ""授業""}, {""text"": ""？"", ""type"": ""punct""}]",HSKspeaking_practice
491,49,7,小龙,我喜欢数学课，你呢？,"Wǒ xǐhuan shùxué kè, nǐ ne?",僕は数学の授業が好きだよ、あなたは？,"[{""text"": ""我"", ""type"": ""vocab"", ""py"": ""wǒ"", ""note"": ""私""}, {""text"": ""喜欢"", ""type"": ""vocab"", ""py"": ""xǐhuān"", ""note"": ""好きだ、気に入る""}, {""text"": ""数学课"", ""type"": ""vocab"", ""py"": ""shùxuékè"", ""note"": ""数学の授業""}, {""text"": ""，"", ""type"": ""punct""}, {""text"": ""你"", ""type"": ""vocab"", ""py"": ""nǐ"", ""note"": ""あなた""}, {""text"": ""呢"", ""type"": ""grammar"", ""py"": ""ne"", ""note"": ""疑問文を柔らかくしたり「〜は？」と聞き返すときに使う文末助詞。""}, {""text"": ""？"", ""type"": ""punct""}]",HSKspeaking_practice
492,49,8,小红,我喜欢英语课。我们一起学习吧。,Wǒ xǐhuan yīngyǔ kè. Wǒmen yìqǐ xuéxí ba.,私は英語の授業が好き。一緒に勉強しようね。,"[{""text"": ""我"", ""type"": ""vocab"", ""py"": ""wǒ"", ""note"": ""私""}, {""text"": ""喜欢"", ""type"": ""vocab"", ""py"": ""xǐhuān"", ""note"": ""好きだ、気に入る""}, {""text"": ""英语课"", ""type"": ""vocab"", ""py"": ""yīngyǔkè"", ""note"": ""英語の授業""}, {""text"": ""。"", ""type"": ""punct""}, {""text"": ""我们"", ""type"": ""vocab"", ""py"": ""wǒmen"", ""note"": ""私たち""}, {""text"": ""一起"", ""type"": ""vocab"", ""py"": ""yìqǐ"", ""note"": ""一緒に""}, {""text"": ""学习"", ""type"": ""vocab"", ""py"": ""xuéxí"", ""note"": ""勉強する""}, {""text"": ""吧"", ""type"": ""grammar"", ""py"": ""ba"", ""note"": ""提案・推量・軽い命令を表す文末助詞（〜しよう、〜でしょう）。""}, {""text"": ""。"", ""type"": ""punct""}]",HSKspeaking_practice
493,49,9,小龙,好的，我们做朋友吧！,"Hǎo de, wǒmen zuò péngyou ba!",いいね、友達になろうよ！,"[{""text"": ""好"", ""type"": ""vocab"", ""py"": ""hǎo"", ""note"": ""良い、元気だ""}, {""text"": ""的"", ""type"": ""grammar"", ""py"": ""de"", ""note"": ""名詞を修飾し、所有・限定を表す助詞（〜の）。""}, {""text"": ""，"", ""type"": ""punct""}, {""text"": ""我们"", ""type"": ""vocab"", ""py"": ""wǒmen"", ""note"": ""私たち""}, {""text"": ""做"", ""type"": ""vocab"", ""py"": ""zuò"", ""note"": ""する、作る""}, {""text"": ""朋友"", ""type"": ""vocab"", ""py"": ""péngyǒu"", ""note"": ""友達""}, {""text"": ""吧"", ""type"": ""grammar"", ""py"": ""ba"", ""note"": ""提案・推量・軽い命令を表す文末助詞（〜しよう、〜でしょう）。""}, {""text"": ""！"", ""type"": ""punct""}]",HSKspeaking_practice
494,50,1,小雨,阿凯，你有笔吗？我忘了带笔。,"Ākǎi, nǐ yǒu bǐ ma? Wǒ wàng le dài bǐ.",阿凯、ペン持ってる？ペンを忘れちゃった。,"[{""text"": ""阿凯"", ""type"": ""vocab"", ""py"": ""ākǎi"", ""note"": ""（人名）""}, {""text"": ""，"", ""type"": ""punct""}, {""text"": ""你"", ""type"": ""vocab"", ""py"": ""nǐ"", ""note"": ""あなた""}, {""text"": ""有"", ""type"": ""grammar"", ""py"": ""yǒu"", ""note"": ""「持っている、ある」を表す動詞。否定形は「没有」。""}, {""text"": ""笔"", ""type"": ""vocab"", ""py"": ""bǐ"", ""note"": ""ペン""}, {""text"": ""吗"", ""type"": ""grammar"", ""py"": ""ma"", ""note"": ""「はい/いいえ」で答える疑問文を作る文末助詞。""}, {""text"": ""？"", ""type"": ""punct""}, {""text"": ""我"", ""type"": ""vocab"", ""py"": ""wǒ"", ""note"": ""私""}, {""text"": ""忘"", ""type"": ""vocab"", ""py"": ""wàng"", ""note"": ""忘れる""}, {""text"": ""了"", ""type"": ""grammar"", ""py"": ""le"", ""note"": ""動作の完了や状態の変化を表す助詞（文末や動詞の直後に置く）。""}, {""text"": ""带笔"", ""type"": ""vocab"", ""py"": ""dàibǐ"", ""note"": ""ペンを持ってくる（带＋笔）""}, {""text"": ""。"", ""type"": ""punct""}]",HSKspeaking_practice
495,50,2,阿凯,有，给你一支。,"Yǒu, gěi nǐ yì zhī.",あるよ、一本あげる。,"[{""text"": ""有"", ""type"": ""grammar"", ""py"": ""yǒu"", ""note"": ""「持っている、ある」を表す動詞。否定形は「没有」。""}, {""text"": ""，"", ""type"": ""punct""}, {""text"": ""给"", ""type"": ""grammar"", ""py"": ""gěi"", ""note"": ""「〜に、〜のために」を表す介詞、または「あげる」という意味の動詞。""}, {""text"": ""你"", ""type"": ""vocab"", ""py"": ""nǐ"", ""note"": ""あなた""}, {""text"": ""一支"", ""type"": ""vocab"", ""py"": ""yīzhī"", ""note"": ""1本（ペンの量詞）""}, {""text"": ""。"", ""type"": ""punct""}]",HSKspeaking_practice
496,50,3,小雨,谢谢！我还想借一块橡皮。,Xièxie! Wǒ hái xiǎng jiè yí kuài xiàngpí.,ありがとう！消しゴムも一個借りたいな。,"[{""text"": ""谢谢"", ""type"": ""vocab"", ""py"": ""xièxiè"", ""note"": ""ありがとう""}, {""text"": ""！"", ""type"": ""punct""}, {""text"": ""我"", ""type"": ""vocab"", ""py"": ""wǒ"", ""note"": ""私""}, {""text"": ""还"", ""type"": ""grammar"", ""py"": ""hái"", ""note"": ""「まだ、さらに」を表す副詞。""}, {""text"": ""想"", ""type"": ""grammar"", ""py"": ""xiǎng"", ""note"": ""「〜したい」という願望を表す助動詞。""}, {""text"": ""借"", ""type"": ""vocab"", ""py"": ""jiè"", ""note"": ""借りる""}, {""text"": ""一块"", ""type"": ""vocab"", ""py"": ""yīkuài"", ""note"": ""1個（消しゴムなどの量詞）""}, {""text"": ""橡皮"", ""type"": ""vocab"", ""py"": ""xiàngpí"", ""note"": ""消しゴム""}, {""text"": ""。"", ""type"": ""punct""}]",HSKspeaking_practice
497,50,4,阿凯,橡皮在这儿，给你。,"Xiàngpí zài zhèr, gěi nǐ.",消しゴムはここ、どうぞ。,"[{""text"": ""橡皮"", ""type"": ""vocab"", ""py"": ""xiàngpí"", ""note"": ""消しゴム""}, {""text"": ""在"", ""type"": ""grammar"", ""py"": ""zài"", ""note"": ""「〜にいる／ある」を表す動詞、または動詞の前について進行「〜している」を表す。""}, {""text"": ""这儿"", ""type"": ""vocab"", ""py"": ""zhèér"", ""note"": ""ここ""}, {""text"": ""，"", ""type"": ""punct""}, {""text"": ""给"", ""type"": ""grammar"", ""py"": ""gěi"", ""note"": ""「〜に、〜のために」を表す介詞、または「あげる」という意味の動詞。""}, {""text"": ""你"", ""type"": ""vocab"", ""py"": ""nǐ"", ""note"": ""あなた""}, {""text"": ""。"", ""type"": ""punct""}]",HSKspeaking_practice
498,50,5,小雨,谢谢你，用完就还你。,"Xièxie nǐ, yòngwán jiù huán nǐ.",ありがとう、使い終わったら返すね。,"[{""text"": ""谢谢"", ""type"": ""vocab"", ""py"": ""xièxiè"", ""note"": ""ありがとう""}, {""text"": ""你"", ""type"": ""vocab"", ""py"": ""nǐ"", ""note"": ""あなた""}, {""text"": ""，"", ""type"": ""punct""}, {""text"": ""用"", ""type"": ""vocab"", ""py"": ""yòng"", ""note"": ""使う""}, {""text"": ""完"", ""type"": ""vocab"", ""py"": ""wán"", ""note"": ""終わる""}, {""text"": ""就"", ""type"": ""grammar"", ""py"": ""jiù"", ""note"": ""「すぐに、まさに」など、条件の帰結や強調を表す副詞。""}, {""text"": ""还"", ""type"": ""grammar"", ""py"": ""hái"", ""note"": ""「まだ、さらに」を表す副詞。""}, {""text"": ""你"", ""type"": ""vocab"", ""py"": ""nǐ"", ""note"": ""あなた""}, {""text"": ""。"", ""type"": ""punct""}]",HSKspeaking_practice
499,50,6,阿凯,不客气，你还需要尺子吗？,"Bú kèqi, nǐ hái xūyào chǐzi ma?",どういたしまして、定規も要る？,"[{""text"": ""不"", ""type"": ""grammar"", ""py"": ""bù"", ""note"": ""動詞・形容詞を否定する副詞。""}, {""text"": ""客气"", ""type"": ""vocab"", ""py"": ""kèqì"", ""note"": ""遠慮する、礼儀正しい""}, {""text"": ""，"", ""type"": ""punct""}, {""text"": ""你"", ""type"": ""vocab"", ""py"": ""nǐ"", ""note"": ""あなた""}, {""text"": ""还"", ""type"": ""grammar"", ""py"": ""hái"", ""note"": ""「まだ、さらに」を表す副詞。""}, {""text"": ""需要"", ""type"": ""vocab"", ""py"": ""xūyào"", ""note"": ""必要とする""}, {""text"": ""尺子"", ""type"": ""vocab"", ""py"": ""chǐzi"", ""note"": ""定規""}, {""text"": ""吗"", ""type"": ""grammar"", ""py"": ""ma"", ""note"": ""「はい/いいえ」で答える疑問文を作る文末助詞。""}, {""text"": ""？"", ""type"": ""punct""}]",HSKspeaking_practice
500,50,7,小雨,不用，谢谢，笔和橡皮就够了。,"Búyòng, xièxie, bǐ hé xiàngpí jiù gòu le.",いらないよ、ありがとう、ペンと消しゴムで十分。,"[{""text"": ""不用"", ""type"": ""vocab"", ""py"": ""bùyòng"", ""note"": ""〜する必要がない""}, {""text"": ""，"", ""type"": ""punct""}, {""text"": ""谢谢"", ""type"": ""vocab"", ""py"": ""xièxiè"", ""note"": ""ありがとう""}, {""text"": ""，"", ""type"": ""punct""}, {""text"": ""笔"", ""type"": ""vocab"", ""py"": ""bǐ"", ""note"": ""ペン""}, {""text"": ""和"", ""type"": ""grammar"", ""py"": ""hé"", ""note"": ""「〜と」を表す接続詞・介詞。""}, {""text"": ""橡皮"", ""type"": ""vocab"", ""py"": ""xiàngpí"", ""note"": ""消しゴム""}, {""text"": ""就够"", ""type"": ""vocab"", ""py"": ""jiùgòu"", ""note"": ""それで十分だ（就＋够）""}, {""text"": ""了"", ""type"": ""grammar"", ""py"": ""le"", ""note"": ""動作の完了や状態の変化を表す助詞（文末や動詞の直後に置く）。""}, {""text"": ""。"", ""type"": ""punct""}]",HSKspeaking_practice
501,50,8,阿凯,好，快上课了，我们回座位吧。,"Hǎo, kuài shàngkè le, wǒmen huí zuòwèi ba.",オーケー、もうすぐ授業だから、席に戻ろう。,"[{""text"": ""好"", ""type"": ""vocab"", ""py"": ""hǎo"", ""note"": ""良い、元気だ""}, {""text"": ""，"", ""type"": ""punct""}, {""text"": ""快"", ""type"": ""vocab"", ""py"": ""kuài"", ""note"": ""速い、はやく""}, {""text"": ""上课"", ""type"": ""vocab"", ""py"": ""shàngkè"", ""note"": ""授業が始まる、授業をする""}, {""text"": ""了"", ""type"": ""grammar"", ""py"": ""le"", ""note"": ""動作の完了や状態の変化を表す助詞（文末や動詞の直後に置く）。""}, {""text"": ""，"", ""type"": ""punct""}, {""text"": ""我们"", ""type"": ""vocab"", ""py"": ""wǒmen"", ""note"": ""私たち""}, {""text"": ""回"", ""type"": ""vocab"", ""py"": ""huí"", ""note"": ""戻る""}, {""text"": ""座位"", ""type"": ""vocab"", ""py"": ""zuòwèi"", ""note"": ""座席""}, {""text"": ""吧"", ""type"": ""grammar"", ""py"": ""ba"", ""note"": ""提案・推量・軽い命令を表す文末助詞（〜しよう、〜でしょう）。""}, {""text"": ""。"", ""type"": ""punct""}]",HSKspeaking_practice
502,51,1,小艺,阿飞，你最喜欢什么科目？,"Āfēi, nǐ zuì xǐhuan shénme kēmù?",阿飞、一番好きな科目は何？,"[{""text"": ""阿飞"", ""type"": ""vocab"", ""py"": ""āfēi"", ""note"": ""（人名）""}, {""text"": ""，"", ""type"": ""punct""}, {""text"": ""你"", ""type"": ""vocab"", ""py"": ""nǐ"", ""note"": ""あなた""}, {""text"": ""最"", ""type"": ""grammar"", ""py"": ""zuì"", ""note"": ""「もっとも」を表す最上級の副詞。""}, {""text"": ""喜欢"", ""type"": ""vocab"", ""py"": ""xǐhuān"", ""note"": ""好きだ、気に入る""}, {""text"": ""什么"", ""type"": ""vocab"", ""py"": ""shénme"", ""note"": ""何""}, {""text"": ""科目"", ""type"": ""vocab"", ""py"": ""kēmù"", ""note"": ""科目""}, {""text"": ""？"", ""type"": ""punct""}]",HSKspeaking_practice
503,51,2,阿飞,我最喜欢体育课，因为我喜欢运动。,"Wǒ zuì xǐhuan tǐyù kè, yīnwèi wǒ xǐhuan yùndòng.",僕は体育が一番好き、運動が好きだから。,"[{""text"": ""我"", ""type"": ""vocab"", ""py"": ""wǒ"", ""note"": ""私""}, {""text"": ""最"", ""type"": ""grammar"", ""py"": ""zuì"", ""note"": ""「もっとも」を表す最上級の副詞。""}, {""text"": ""喜欢"", ""type"": ""vocab"", ""py"": ""xǐhuān"", ""note"": ""好きだ、気に入る""}, {""text"": ""体育课"", ""type"": ""vocab"", ""py"": ""tǐyùkè"", ""note"": ""体育の授業""}, {""text"": ""，"", ""type"": ""punct""}, {""text"": ""因为"", ""type"": ""grammar"", ""py"": ""yīnwèi"", ""note"": ""「なぜなら、〜なので」と原因を表す接続詞。「因为…所以…」の形でよく使う。""}, {""text"": ""我"", ""type"": ""vocab"", ""py"": ""wǒ"", ""note"": ""私""}, {""text"": ""喜欢"", ""type"": ""vocab"", ""py"": ""xǐhuān"", ""note"": ""好きだ、気に入る""}, {""text"": ""运动"", ""type"": ""vocab"", ""py"": ""yùndòng"", ""note"": ""運動、スポーツ""}, {""text"": ""。"", ""type"": ""punct""}]",HSKspeaking_practice
504,51,3,小艺,我不喜欢体育，我喜欢音乐课。,"Wǒ bù xǐhuan tǐyù, wǒ xǐhuan yīnyuè kè.",私は体育は好きじゃない、音楽の授業が好き。,"[{""text"": ""我"", ""type"": ""vocab"", ""py"": ""wǒ"", ""note"": ""私""}, {""text"": ""不"", ""type"": ""grammar"", ""py"": ""bù"", ""note"": ""動詞・形容詞を否定する副詞。""}, {""text"": ""喜欢"", ""type"": ""vocab"", ""py"": ""xǐhuān"", ""note"": ""好きだ、気に入る""}, {""text"": ""体育"", ""type"": ""vocab"", ""py"": ""tǐyù"", ""note"": ""体育""}, {""text"": ""，"", ""type"": ""punct""}, {""text"": ""我"", ""type"": ""vocab"", ""py"": ""wǒ"", ""note"": ""私""}, {""text"": ""喜欢"", ""type"": ""vocab"", ""py"": ""xǐhuān"", ""note"": ""好きだ、気に入る""}, {""text"": ""音乐课"", ""type"": ""vocab"", ""py"": ""yīnyuèkè"", ""note"": ""音楽の授業""}, {""text"": ""。"", ""type"": ""punct""}]",HSKspeaking_practice
505,51,4,阿飞,你会唱歌吗？,Nǐ huì chànggē ma?,歌は歌える？,"[{""text"": ""你"", ""type"": ""vocab"", ""py"": ""nǐ"", ""note"": ""あなた""}, {""text"": ""会"", ""type"": ""grammar"", ""py"": ""huì"", ""note"": ""「〜するだろう」「（習得して）〜できる」という可能性・技能を表す助動詞。""}, {""text"": ""唱歌"", ""type"": ""vocab"", ""py"": ""chànggē"", ""note"": ""歌を歌う""}, {""text"": ""吗"", ""type"": ""grammar"", ""py"": ""ma"", ""note"": ""「はい/いいえ」で答える疑問文を作る文末助詞。""}, {""text"": ""？"", ""type"": ""punct""}]",HSKspeaking_practice
506,51,5,小艺,会一点儿，我也会弹钢琴。,"Huì yìdiǎnr, wǒ yě huì tán gāngqín.",少しはね、ピアノも弾けるよ。,"[{""text"": ""会"", ""type"": ""grammar"", ""py"": ""huì"", ""note"": ""「〜するだろう」「（習得して）〜できる」という可能性・技能を表す助動詞。""}, {""text"": ""一点儿"", ""type"": ""vocab"", ""py"": ""yìdiǎnér"", ""note"": ""少し""}, {""text"": ""，"", ""type"": ""punct""}, {""text"": ""我"", ""type"": ""vocab"", ""py"": ""wǒ"", ""note"": ""私""}, {""text"": ""也"", ""type"": ""grammar"", ""py"": ""yě"", ""note"": ""「〜も」を表す副詞。""}, {""text"": ""会"", ""type"": ""grammar"", ""py"": ""huì"", ""note"": ""「〜するだろう」「（習得して）〜できる」という可能性・技能を表す助動詞。""}, {""text"": ""弹钢琴"", ""type"": ""vocab"", ""py"": ""tángāngqín"", ""note"": ""ピアノを弾く""}, {""text"": ""。"", ""type"": ""punct""}]",HSKspeaking_practice
507,51,6,阿飞,真厉害！那你的数学怎么样？,Zhēn lìhai! Nà nǐ de shùxué zěnmeyàng?,すごい！じゃあ数学はどう？,"[{""text"": ""真"", ""type"": ""vocab"", ""py"": ""zhēn"", ""note"": ""本当に""}, {""text"": ""厉害"", ""type"": ""vocab"", ""py"": ""lìhài"", ""note"": ""すごい""}, {""text"": ""！"", ""type"": ""punct""}, {""text"": ""那"", ""type"": ""vocab"", ""py"": ""nà"", ""note"": ""あれ、それ／それなら""}, {""text"": ""你"", ""type"": ""vocab"", ""py"": ""nǐ"", ""note"": ""あなた""}, {""text"": ""的"", ""type"": ""grammar"", ""py"": ""de"", ""note"": ""名詞を修飾し、所有・限定を表す助詞（〜の）。""}, {""text"": ""数学"", ""type"": ""vocab"", ""py"": ""shùxué"", ""note"": ""数学""}, {""text"": ""怎么样"", ""type"": ""grammar"", ""py"": ""zěnmeyàng"", ""note"": ""「どうですか」と相手の意見や様子を尋ねる表現。""}, {""text"": ""？"", ""type"": ""punct""}]",HSKspeaking_practice
508,51,7,小艺,数学不太好，但是我很努力。,"Shùxué bú tài hǎo, dànshì wǒ hěn nǔlì.",数学はあまり得意じゃないけど、頑張ってるよ。,"[{""text"": ""数学"", ""type"": ""vocab"", ""py"": ""shùxué"", ""note"": ""数学""}, {""text"": ""不太好"", ""type"": ""vocab"", ""py"": ""bùtàihǎo"", ""note"": ""あまり良くない""}, {""text"": ""，"", ""type"": ""punct""}, {""text"": ""但是"", ""type"": ""grammar"", ""py"": ""dànshì"", ""note"": ""「しかし」を表す接続詞。""}, {""text"": ""我"", ""type"": ""vocab"", ""py"": ""wǒ"", ""note"": ""私""}, {""text"": ""很"", ""type"": ""grammar"", ""py"": ""hěn"", ""note"": ""「とても」を表す程度の副詞。形容詞文でよく使われる。""}, {""text"": ""努力"", ""type"": ""vocab"", ""py"": ""nǔlì"", ""note"": ""努力""}, {""text"": ""。"", ""type"": ""punct""}]",HSKspeaking_practice
509,51,8,阿飞,加油！有问题可以问我。,Jiāyóu! Yǒu wèntí kěyǐ wèn wǒ.,頑張って！わからないことがあったら聞いてね。,"[{""text"": ""加油"", ""type"": ""vocab"", ""py"": ""jiāyóu"", ""note"": ""頑張る""}, {""text"": ""！"", ""type"": ""punct""}, {""text"": ""有"", ""type"": ""grammar"", ""py"": ""yǒu"", ""note"": ""「持っている、ある」を表す動詞。否定形は「没有」。""}, {""text"": ""问题"", ""type"": ""vocab"", ""py"": ""wèntí"", ""note"": ""問題""}, {""text"": ""可以"", ""type"": ""grammar"", ""py"": ""kěyǐ"", ""note"": ""「〜してもよい、〜できる」という許可・可能を表す助動詞。""}, {""text"": ""问"", ""type"": ""vocab"", ""py"": ""wèn"", ""note"": ""尋ねる、聞く""}, {""text"": ""我"", ""type"": ""vocab"", ""py"": ""wǒ"", ""note"": ""私""}, {""text"": ""。"", ""type"": ""punct""}]",HSKspeaking_practice
510,51,9,小艺,谢谢你，你真好。,"Xièxie nǐ, nǐ zhēn hǎo.",ありがとう、優しいね。,"[{""text"": ""谢谢"", ""type"": ""vocab"", ""py"": ""xièxiè"", ""note"": ""ありがとう""}, {""text"": ""你"", ""type"": ""vocab"", ""py"": ""nǐ"", ""note"": ""あなた""}, {""text"": ""，"", ""type"": ""punct""}, {""text"": ""你"", ""type"": ""vocab"", ""py"": ""nǐ"", ""note"": ""あなた""}, {""text"": ""真"", ""type"": ""vocab"", ""py"": ""zhēn"", ""note"": ""本当に""}, {""text"": ""好"", ""type"": ""vocab"", ""py"": ""hǎo"", ""note"": ""良い、元気だ""}, {""text"": ""。"", ""type"": ""punct""}]",HSKspeaking_practice
511,52,1,小陈,阿美，你早饭吃了吗？,"Āměi, nǐ zǎofàn chī le ma?",阿美、朝ごはん食べた？,"[{""text"": ""阿美"", ""type"": ""vocab"", ""py"": ""āměi"", ""note"": ""（人名）""}, {""text"": ""，"", ""type"": ""punct""}, {""text"": ""你"", ""type"": ""vocab"", ""py"": ""nǐ"", ""note"": ""あなた""}, {""text"": ""早饭"", ""type"": ""vocab"", ""py"": ""zǎofàn"", ""note"": ""朝ごはん""}, {""text"": ""吃"", ""type"": ""vocab"", ""py"": ""chī"", ""note"": ""食べる""}, {""text"": ""了"", ""type"": ""grammar"", ""py"": ""le"", ""note"": ""動作の完了や状態の変化を表す助詞（文末や動詞の直後に置く）。""}, {""text"": ""吗"", ""type"": ""grammar"", ""py"": ""ma"", ""note"": ""「はい/いいえ」で答える疑問文を作る文末助詞。""}, {""text"": ""？"", ""type"": ""punct""}]",HSKspeaking_practice
512,52,2,阿美,吃了，我吃了面包和牛奶。,"Chī le, wǒ chīle miànbāo hé niúnǎi.",食べたよ、パンと牛乳を食べた。,"[{""text"": ""吃"", ""type"": ""vocab"", ""py"": ""chī"", ""note"": ""食べる""}, {""text"": ""了"", ""type"": ""grammar"", ""py"": ""le"", ""note"": ""動作の完了や状態の変化を表す助詞（文末や動詞の直後に置く）。""}, {""text"": ""，"", ""type"": ""punct""}, {""text"": ""我"", ""type"": ""vocab"", ""py"": ""wǒ"", ""note"": ""私""}, {""text"": ""吃"", ""type"": ""vocab"", ""py"": ""chī"", ""note"": ""食べる""}, {""text"": ""了"", ""type"": ""grammar"", ""py"": ""le"", ""note"": ""動作の完了や状態の変化を表す助詞（文末や動詞の直後に置く）。""}, {""text"": ""面包"", ""type"": ""vocab"", ""py"": ""miànbāo"", ""note"": ""パン""}, {""text"": ""和"", ""type"": ""grammar"", ""py"": ""hé"", ""note"": ""「〜と」を表す接続詞・介詞。""}, {""text"": ""牛奶"", ""type"": ""vocab"", ""py"": ""niúnǎi"", ""note"": ""牛乳""}, {""text"": ""。"", ""type"": ""punct""}]",HSKspeaking_practice
513,52,3,小陈,我今天没吃早饭，起晚了。,"Wǒ jīntiān méi chī zǎofàn, qǐ wǎn le.",僕は今日朝ごはん食べてない、起きるのが遅くなっちゃって。,"[{""text"": ""我"", ""type"": ""vocab"", ""py"": ""wǒ"", ""note"": ""私""}, {""text"": ""今天"", ""type"": ""vocab"", ""py"": ""jīntiān"", ""note"": ""今日""}, {""text"": ""没"", ""type"": ""grammar"", ""py"": ""méi"", ""note"": ""「〜していない、〜がない」を表す否定の副詞（過去・完了・所有の否定）。""}, {""text"": ""吃"", ""type"": ""vocab"", ""py"": ""chī"", ""note"": ""食べる""}, {""text"": ""早饭"", ""type"": ""vocab"", ""py"": ""zǎofàn"", ""note"": ""朝ごはん""}, {""text"": ""，"", ""type"": ""punct""}, {""text"": ""起晚"", ""type"": ""vocab"", ""py"": ""qǐwǎn"", ""note"": ""起きるのが遅くなる（起＋晚）""}, {""text"": ""了"", ""type"": ""grammar"", ""py"": ""le"", ""note"": ""動作の完了や状態の変化を表す助詞（文末や動詞の直後に置く）。""}, {""text"": ""。"", ""type"": ""punct""}]",HSKspeaking_practice
514,52,4,阿美,那你现在饿不饿？,Nà nǐ xiànzài è bu è?,じゃあ今お腹すいてる？,"[{""text"": ""那"", ""type"": ""vocab"", ""py"": ""nà"", ""note"": ""あれ、それ／それなら""}, {""text"": ""你"", ""type"": ""vocab"", ""py"": ""nǐ"", ""note"": ""あなた""}, {""text"": ""现在"", ""type"": ""vocab"", ""py"": ""xiànzài"", ""note"": ""今、現在""}, {""text"": ""饿"", ""type"": ""vocab"", ""py"": ""è"", ""note"": ""お腹がすいている""}, {""text"": ""不"", ""type"": ""grammar"", ""py"": ""bù"", ""note"": ""動詞・形容詞を否定する副詞。""}, {""text"": ""饿"", ""type"": ""vocab"", ""py"": ""è"", ""note"": ""お腹がすいている""}, {""text"": ""？"", ""type"": ""punct""}]",HSKspeaking_practice
515,52,5,小陈,有点儿饿。附近有卖包子的地方吗？,Yǒudiǎnr è. Fùjìn yǒu mài bāozi de dìfang ma?,ちょっと空いてる。近くに肉まん売ってる所ある？,"[{""text"": ""有点儿"", ""type"": ""grammar"", ""py"": ""yǒudiǎnér"", ""note"": ""「少し、ちょっと」を表す副詞。好ましくない状態を表すことが多く、形容詞・動詞の前に置く。""}, {""text"": ""饿"", ""type"": ""vocab"", ""py"": ""è"", ""note"": ""お腹がすいている""}, {""text"": ""。"", ""type"": ""punct""}, {""text"": ""附近"", ""type"": ""vocab"", ""py"": ""fùjìn"", ""note"": ""近く""}, {""text"": ""有"", ""type"": ""grammar"", ""py"": ""yǒu"", ""note"": ""「持っている、ある」を表す動詞。否定形は「没有」。""}, {""text"": ""卖"", ""type"": ""vocab"", ""py"": ""mài"", ""note"": ""売る""}, {""text"": ""包子"", ""type"": ""vocab"", ""py"": ""bāozi"", ""note"": ""肉まん""}, {""text"": ""的"", ""type"": ""grammar"", ""py"": ""de"", ""note"": ""名詞を修飾し、所有・限定を表す助詞（〜の）。""}, {""text"": ""地方"", ""type"": ""vocab"", ""py"": ""dìfāng"", ""note"": ""場所""}, {""text"": ""吗"", ""type"": ""grammar"", ""py"": ""ma"", ""note"": ""「はい/いいえ」で答える疑問文を作る文末助詞。""}, {""text"": ""？"", ""type"": ""punct""}]",HSKspeaking_practice
516,52,6,阿美,有，学校门口就有一家。,"Yǒu, xuéxiào ménkǒu jiù yǒu yì jiā.",あるよ、学校の入口にちょうど一軒あるよ。,"[{""text"": ""有"", ""type"": ""grammar"", ""py"": ""yǒu"", ""note"": ""「持っている、ある」を表す動詞。否定形は「没有」。""}, {""text"": ""，"", ""type"": ""punct""}, {""text"": ""学校"", ""type"": ""vocab"", ""py"": ""xuéxiào"", ""note"": ""学校""}, {""text"": ""门口"", ""type"": ""vocab"", ""py"": ""ménkǒu"", ""note"": ""入り口""}, {""text"": ""就"", ""type"": ""grammar"", ""py"": ""jiù"", ""note"": ""「すぐに、まさに」など、条件の帰結や強調を表す副詞。""}, {""text"": ""有"", ""type"": ""grammar"", ""py"": ""yǒu"", ""note"": ""「持っている、ある」を表す動詞。否定形は「没有」。""}, {""text"": ""一家"", ""type"": ""vocab"", ""py"": ""yījiā"", ""note"": ""1社、一軒""}, {""text"": ""。"", ""type"": ""punct""}]",HSKspeaking_practice
517,52,7,小陈,太好了，我们一起去买吧。,"Tài hǎo le, wǒmen yìqǐ qù mǎi ba.",よかった、一緒に買いに行こう。,"[{""text"": ""太好了"", ""type"": ""vocab"", ""py"": ""tàihǎole"", ""note"": ""よかった！""}, {""text"": ""，"", ""type"": ""punct""}, {""text"": ""我们"", ""type"": ""vocab"", ""py"": ""wǒmen"", ""note"": ""私たち""}, {""text"": ""一起"", ""type"": ""vocab"", ""py"": ""yìqǐ"", ""note"": ""一緒に""}, {""text"": ""去"", ""type"": ""vocab"", ""py"": ""qù"", ""note"": ""行く""}, {""text"": ""买"", ""type"": ""vocab"", ""py"": ""mǎi"", ""note"": ""買う""}, {""text"": ""吧"", ""type"": ""grammar"", ""py"": ""ba"", ""note"": ""提案・推量・軽い命令を表す文末助詞（〜しよう、〜でしょう）。""}, {""text"": ""。"", ""type"": ""punct""}]",HSKspeaking_practice
518,52,8,阿美,好啊，走吧！,"Hǎo a, zǒu ba!",いいよ、行こう！,"[{""text"": ""好"", ""type"": ""vocab"", ""py"": ""hǎo"", ""note"": ""良い、元気だ""}, {""text"": ""啊"", ""type"": ""grammar"", ""py"": ""a"", ""note"": ""感嘆や語気をやわらげる文末助詞。""}, {""text"": ""，"", ""type"": ""punct""}, {""text"": ""走"", ""type"": ""vocab"", ""py"": ""zǒu"", ""note"": ""歩く、行く、離れる""}, {""text"": ""吧"", ""type"": ""grammar"", ""py"": ""ba"", ""note"": ""提案・推量・軽い命令を表す文末助詞（〜しよう、〜でしょう）。""}, {""text"": ""！"", ""type"": ""punct""}]",HSKspeaking_practice
519,53,1,田田,阿丽，周末你打算做什么？,"Ālì, zhōumò nǐ dǎsuan zuò shénme?",阿丽、週末は何をするつもり？,"[{""text"": ""阿丽"", ""type"": ""vocab"", ""py"": ""ālì"", ""note"": ""（人名）""}, {""text"": ""，"", ""type"": ""punct""}, {""text"": ""周末"", ""type"": ""vocab"", ""py"": ""zhōumò"", ""note"": ""週末""}, {""text"": ""你"", ""type"": ""vocab"", ""py"": ""nǐ"", ""note"": ""あなた""}, {""text"": ""打算"", ""type"": ""grammar"", ""py"": ""dǎsuàn"", ""note"": ""「〜するつもりだ」という計画を表す動詞。""}, {""text"": ""做"", ""type"": ""vocab"", ""py"": ""zuò"", ""note"": ""する、作る""}, {""text"": ""什么"", ""type"": ""vocab"", ""py"": ""shénme"", ""note"": ""何""}, {""text"": ""？"", ""type"": ""punct""}]",HSKspeaking_practice
520,53,2,阿丽,我打算去公园骑自行车。,Wǒ dǎsuan qù gōngyuán qí zìxíngchē.,公園に自転車に乗りに行くつもり。,"[{""text"": ""我"", ""type"": ""vocab"", ""py"": ""wǒ"", ""note"": ""私""}, {""text"": ""打算"", ""type"": ""grammar"", ""py"": ""dǎsuàn"", ""note"": ""「〜するつもりだ」という計画を表す動詞。""}, {""text"": ""去"", ""type"": ""vocab"", ""py"": ""qù"", ""note"": ""行く""}, {""text"": ""公园"", ""type"": ""vocab"", ""py"": ""gōngyuán"", ""note"": ""公園""}, {""text"": ""骑"", ""type"": ""vocab"", ""py"": ""qí"", ""note"": ""（自転車などに）乗る""}, {""text"": ""自行车"", ""type"": ""vocab"", ""py"": ""zìxíngchē"", ""note"": ""自転車""}, {""text"": ""。"", ""type"": ""punct""}]",HSKspeaking_practice
521,53,3,田田,听起来不错，我可以一起去吗？,"Tīng qǐlai búcuò, wǒ kěyǐ yìqǐ qù ma?",良さそうだね、一緒に行ってもいい？,"[{""text"": ""听"", ""type"": ""vocab"", ""py"": ""tīng"", ""note"": ""聞く""}, {""text"": ""起来"", ""type"": ""vocab"", ""py"": ""qǐlái"", ""note"": ""〜し始める、起き上がる（方向補語）""}, {""text"": ""不错"", ""type"": ""vocab"", ""py"": ""bùcuò"", ""note"": ""なかなか良い""}, {""text"": ""，"", ""type"": ""punct""}, {""text"": ""我"", ""type"": ""vocab"", ""py"": ""wǒ"", ""note"": ""私""}, {""text"": ""可以"", ""type"": ""grammar"", ""py"": ""kěyǐ"", ""note"": ""「〜してもよい、〜できる」という許可・可能を表す助動詞。""}, {""text"": ""一起"", ""type"": ""vocab"", ""py"": ""yìqǐ"", ""note"": ""一緒に""}, {""text"": ""去"", ""type"": ""vocab"", ""py"": ""qù"", ""note"": ""行く""}, {""text"": ""吗"", ""type"": ""grammar"", ""py"": ""ma"", ""note"": ""「はい/いいえ」で答える疑問文を作る文末助詞。""}, {""text"": ""？"", ""type"": ""punct""}]",HSKspeaking_practice
522,53,4,阿丽,当然可以，几点出发？,"Dāngrán kěyǐ, jǐ diǎn chūfā?",もちろんいいよ、何時に出発する？,"[{""text"": ""当然"", ""type"": ""vocab"", ""py"": ""dāngrán"", ""note"": ""もちろん""}, {""text"": ""可以"", ""type"": ""grammar"", ""py"": ""kěyǐ"", ""note"": ""「〜してもよい、〜できる」という許可・可能を表す助動詞。""}, {""text"": ""，"", ""type"": ""punct""}, {""text"": ""几点"", ""type"": ""vocab"", ""py"": ""jǐdiǎn"", ""note"": ""何時""}, {""text"": ""出发"", ""type"": ""vocab"", ""py"": ""chūfā"", ""note"": ""出発する""}, {""text"": ""？"", ""type"": ""punct""}]",HSKspeaking_practice
523,53,5,田田,早上九点怎么样？,Zǎoshang jiǔ diǎn zěnmeyàng?,朝9時はどう？,"[{""text"": ""早上"", ""type"": ""vocab"", ""py"": ""zǎoshàng"", ""note"": ""朝""}, {""text"": ""九点"", ""type"": ""vocab"", ""py"": ""jiǔdiǎn"", ""note"": ""9時""}, {""text"": ""怎么样"", ""type"": ""grammar"", ""py"": ""zěnmeyàng"", ""note"": ""「どうですか」と相手の意見や様子を尋ねる表現。""}, {""text"": ""？"", ""type"": ""punct""}]",HSKspeaking_practice
524,53,6,阿丽,可以，我们在公园门口见面吧。,"Kěyǐ, wǒmen zài gōngyuán ménkǒu jiànmiàn ba.",いいよ、公園の入口で会おう。,"[{""text"": ""可以"", ""type"": ""grammar"", ""py"": ""kěyǐ"", ""note"": ""「〜してもよい、〜できる」という許可・可能を表す助動詞。""}, {""text"": ""，"", ""type"": ""punct""}, {""text"": ""我们"", ""type"": ""vocab"", ""py"": ""wǒmen"", ""note"": ""私たち""}, {""text"": ""在"", ""type"": ""grammar"", ""py"": ""zài"", ""note"": ""「〜にいる／ある」を表す動詞、または動詞の前について進行「〜している」を表す。""}, {""text"": ""公园"", ""type"": ""vocab"", ""py"": ""gōngyuán"", ""note"": ""公園""}, {""text"": ""门口"", ""type"": ""vocab"", ""py"": ""ménkǒu"", ""note"": ""入り口""}, {""text"": ""见面"", ""type"": ""vocab"", ""py"": ""jiànmiàn"", ""note"": ""会う""}, {""text"": ""吧"", ""type"": ""grammar"", ""py"": ""ba"", ""note"": ""提案・推量・軽い命令を表す文末助詞（〜しよう、〜でしょう）。""}, {""text"": ""。"", ""type"": ""punct""}]",HSKspeaking_practice
525,53,7,田田,好，别忘了带水。,"Hǎo, bié wàng le dài shuǐ.",了解、水を持ってくるの忘れないでね。,"[{""text"": ""好"", ""type"": ""vocab"", ""py"": ""hǎo"", ""note"": ""良い、元気だ""}, {""text"": ""，"", ""type"": ""punct""}, {""text"": ""别忘了"", ""type"": ""vocab"", ""py"": ""biéwàngle"", ""note"": ""忘れないで""}, {""text"": ""带水"", ""type"": ""vocab"", ""py"": ""dàishuǐ"", ""note"": ""水を持っていく（带＋水）""}, {""text"": ""。"", ""type"": ""punct""}]",HSKspeaking_practice
526,53,8,阿丽,好的，周末见！,"Hǎo de, zhōumò jiàn!",わかった、週末にね！,"[{""text"": ""好"", ""type"": ""vocab"", ""py"": ""hǎo"", ""note"": ""良い、元気だ""}, {""text"": ""的"", ""type"": ""grammar"", ""py"": ""de"", ""note"": ""名詞を修飾し、所有・限定を表す助詞（〜の）。""}, {""text"": ""，"", ""type"": ""punct""}, {""text"": ""周末"", ""type"": ""vocab"", ""py"": ""zhōumò"", ""note"": ""週末""}, {""text"": ""见"", ""type"": ""vocab"", ""py"": ""jiàn"", ""note"": ""会う""}, {""text"": ""！"", ""type"": ""punct""}]",HSKspeaking_practice
527,54,1,小雯,大明，今晚一起去唱歌怎么样？,"Dàmíng, jīnwǎn yìqǐ qù chànggē zěnmeyàng?",大明、今晩一緒にカラオケ行かない？,"[{""text"": ""大明"", ""type"": ""vocab"", ""py"": ""dàmíng"", ""note"": ""（人名）""}, {""text"": ""，"", ""type"": ""punct""}, {""text"": ""今晚"", ""type"": ""vocab"", ""py"": ""jīnwǎn"", ""note"": ""今晩""}, {""text"": ""一起"", ""type"": ""vocab"", ""py"": ""yìqǐ"", ""note"": ""一緒に""}, {""text"": ""去"", ""type"": ""vocab"", ""py"": ""qù"", ""note"": ""行く""}, {""text"": ""唱歌"", ""type"": ""vocab"", ""py"": ""chànggē"", ""note"": ""歌を歌う""}, {""text"": ""怎么样"", ""type"": ""grammar"", ""py"": ""zěnmeyàng"", ""note"": ""「どうですか」と相手の意見や様子を尋ねる表現。""}, {""text"": ""？"", ""type"": ""punct""}]",HSKspeaking_practice
528,54,2,大明,好啊，我已经好久没唱歌了。,"Hǎo a, wǒ yǐjīng hǎojiǔ méi chànggē le.",いいね、もうずいぶん歌ってないよ。,"[{""text"": ""好"", ""type"": ""vocab"", ""py"": ""hǎo"", ""note"": ""良い、元気だ""}, {""text"": ""啊"", ""type"": ""grammar"", ""py"": ""a"", ""note"": ""感嘆や語気をやわらげる文末助詞。""}, {""text"": ""，"", ""type"": ""punct""}, {""text"": ""我"", ""type"": ""vocab"", ""py"": ""wǒ"", ""note"": ""私""}, {""text"": ""已经"", ""type"": ""grammar"", ""py"": ""yǐjīng"", ""note"": ""「すでに」を表す副詞。多くの場合、文末の「了」とセットで使う。""}, {""text"": ""好久没"", ""type"": ""vocab"", ""py"": ""hǎojiǔméi"", ""note"": ""長い間〜していない（好久＋没）""}, {""text"": ""唱歌"", ""type"": ""vocab"", ""py"": ""chànggē"", ""note"": ""歌を歌う""}, {""text"": ""了"", ""type"": ""grammar"", ""py"": ""le"", ""note"": ""動作の完了や状態の変化を表す助詞（文末や動詞の直後に置く）。""}, {""text"": ""。"", ""type"": ""punct""}]",HSKspeaking_practice
529,54,3,小雯,那我们叫上小陈和阿美吧。,Nà wǒmen jiào shàng Xiǎochén hé Āměi ba.,じゃあ小陈と阿美も誘おうよ。,"[{""text"": ""那"", ""type"": ""vocab"", ""py"": ""nà"", ""note"": ""あれ、それ／それなら""}, {""text"": ""我们"", ""type"": ""vocab"", ""py"": ""wǒmen"", ""note"": ""私たち""}, {""text"": ""叫"", ""type"": ""grammar"", ""py"": ""jiào"", ""note"": ""「（人に）〜させる」使役、または「〜という名前だ」を表す動詞。""}, {""text"": ""上"", ""type"": ""vocab"", ""py"": ""shàng"", ""note"": ""上、〜において""}, {""text"": ""小陈"", ""type"": ""vocab"", ""py"": ""xiǎochén"", ""note"": ""（人名）""}, {""text"": ""和"", ""type"": ""grammar"", ""py"": ""hé"", ""note"": ""「〜と」を表す接続詞・介詞。""}, {""text"": ""阿美"", ""type"": ""vocab"", ""py"": ""āměi"", ""note"": ""（人名）""}, {""text"": ""吧"", ""type"": ""grammar"", ""py"": ""ba"", ""note"": ""提案・推量・軽い命令を表す文末助詞（〜しよう、〜でしょう）。""}, {""text"": ""。"", ""type"": ""punct""}]",HSKspeaking_practice
530,54,4,大明,好主意，我给他们打电话。,"Hǎo zhǔyi, wǒ gěi tāmen dǎ diànhuà.",いい考えだね、電話するよ。,"[{""text"": ""好"", ""type"": ""vocab"", ""py"": ""hǎo"", ""note"": ""良い、元気だ""}, {""text"": ""主意"", ""type"": ""vocab"", ""py"": ""zhǔyì"", ""note"": ""考え、アイデア""}, {""text"": ""，"", ""type"": ""punct""}, {""text"": ""我"", ""type"": ""vocab"", ""py"": ""wǒ"", ""note"": ""私""}, {""text"": ""给"", ""type"": ""grammar"", ""py"": ""gěi"", ""note"": ""「〜に、〜のために」を表す介詞、または「あげる」という意味の動詞。""}, {""text"": ""他们"", ""type"": ""vocab"", ""py"": ""tāmen"", ""note"": ""彼ら""}, {""text"": ""打电话"", ""type"": ""vocab"", ""py"": ""dǎdiànhuà"", ""note"": ""電話をかける""}, {""text"": ""。"", ""type"": ""punct""}]",HSKspeaking_practice
531,54,5,小雯,我们订几点的房间？,Wǒmen dìng jǐ diǎn de fángjiān?,何時の部屋を予約する？,"[{""text"": ""我们"", ""type"": ""vocab"", ""py"": ""wǒmen"", ""note"": ""私たち""}, {""text"": ""订"", ""type"": ""vocab"", ""py"": ""dìng"", ""note"": ""予約する""}, {""text"": ""几点"", ""type"": ""vocab"", ""py"": ""jǐdiǎn"", ""note"": ""何時""}, {""text"": ""的"", ""type"": ""grammar"", ""py"": ""de"", ""note"": ""名詞を修飾し、所有・限定を表す助詞（〜の）。""}, {""text"": ""房间"", ""type"": ""vocab"", ""py"": ""fángjiān"", ""note"": ""部屋""}, {""text"": ""？"", ""type"": ""punct""}]",HSKspeaking_practice
532,54,6,大明,晚上七点吧，唱三个小时。,"Wǎnshang qī diǎn ba, chàng sān ge xiǎoshí.",夜7時にしよう、3時間歌おう。,"[{""text"": ""晚上"", ""type"": ""vocab"", ""py"": ""wǎnshàng"", ""note"": ""夜""}, {""text"": ""七点"", ""type"": ""vocab"", ""py"": ""qīdiǎn"", ""note"": ""7時""}, {""text"": ""吧"", ""type"": ""grammar"", ""py"": ""ba"", ""note"": ""提案・推量・軽い命令を表す文末助詞（〜しよう、〜でしょう）。""}, {""text"": ""，"", ""type"": ""punct""}, {""text"": ""唱"", ""type"": ""vocab"", ""py"": ""chàng"", ""note"": ""歌う""}, {""text"": ""三个"", ""type"": ""vocab"", ""py"": ""sāngè"", ""note"": ""3つ""}, {""text"": ""小时"", ""type"": ""vocab"", ""py"": ""xiǎoshí"", ""note"": ""〜時間""}, {""text"": ""。"", ""type"": ""punct""}]",HSKspeaking_practice
533,54,7,小雯,好，我们还可以点些零食。,"Hǎo, wǒmen hái kěyǐ diǎn xiē língshí.",うん、おやつも頼めるね。,"[{""text"": ""好"", ""type"": ""vocab"", ""py"": ""hǎo"", ""note"": ""良い、元気だ""}, {""text"": ""，"", ""type"": ""punct""}, {""text"": ""我们"", ""type"": ""vocab"", ""py"": ""wǒmen"", ""note"": ""私たち""}, {""text"": ""还"", ""type"": ""grammar"", ""py"": ""hái"", ""note"": ""「まだ、さらに」を表す副詞。""}, {""text"": ""可以"", ""type"": ""grammar"", ""py"": ""kěyǐ"", ""note"": ""「〜してもよい、〜できる」という許可・可能を表す助動詞。""}, {""text"": ""点些"", ""type"": ""vocab"", ""py"": ""diǎnxiē"", ""note"": ""いくつか注文する（点＋些）""}, {""text"": ""零食"", ""type"": ""vocab"", ""py"": ""língshí"", ""note"": ""おやつ""}, {""text"": ""。"", ""type"": ""punct""}]",HSKspeaking_practice
534,54,8,大明,没问题，到时候见。,"Méi wèntí, dào shíhou jiàn.",問題ないよ、じゃあその時にね。,"[{""text"": ""没"", ""type"": ""grammar"", ""py"": ""méi"", ""note"": ""「〜していない、〜がない」を表す否定の副詞（過去・完了・所有の否定）。""}, {""text"": ""问题"", ""type"": ""vocab"", ""py"": ""wèntí"", ""note"": ""問題""}, {""text"": ""，"", ""type"": ""punct""}, {""text"": ""到时候"", ""type"": ""vocab"", ""py"": ""dàoshíhòu"", ""note"": ""その時になったら""}, {""text"": ""见"", ""type"": ""vocab"", ""py"": ""jiàn"", ""note"": ""会う""}, {""text"": ""。"", ""type"": ""punct""}]",HSKspeaking_practice
535,55,1,小敏,阿强，下周是小雨的生日，你送她什么？,"Āqiáng, xiàzhōu shì Xiǎoyǔ de shēngrì, nǐ sòng tā shénme?",阿强、来週は小雨の誕生日だけど、何をプレゼントする？,"[{""text"": ""阿强"", ""type"": ""vocab"", ""py"": ""āqiáng"", ""note"": ""（人名）""}, {""text"": ""，"", ""type"": ""punct""}, {""text"": ""下周"", ""type"": ""vocab"", ""py"": ""xiàzhōu"", ""note"": ""来週""}, {""text"": ""是"", ""type"": ""grammar"", ""py"": ""shì"", ""note"": ""「〜である」を表すbe動詞。""}, {""text"": ""小雨"", ""type"": ""vocab"", ""py"": ""xiǎoyǔ"", ""note"": ""（人名）""}, {""text"": ""的"", ""type"": ""grammar"", ""py"": ""de"", ""note"": ""名詞を修飾し、所有・限定を表す助詞（〜の）。""}, {""text"": ""生日"", ""type"": ""vocab"", ""py"": ""shēngrì"", ""note"": ""誕生日""}, {""text"": ""，"", ""type"": ""punct""}, {""text"": ""你"", ""type"": ""vocab"", ""py"": ""nǐ"", ""note"": ""あなた""}, {""text"": ""送"", ""type"": ""vocab"", ""py"": ""sòng"", ""note"": ""贈る""}, {""text"": ""她"", ""type"": ""vocab"", ""py"": ""tā"", ""note"": ""彼女""}, {""text"": ""什么"", ""type"": ""vocab"", ""py"": ""shénme"", ""note"": ""何""}, {""text"": ""？"", ""type"": ""punct""}]",HSKspeaking_practice
536,55,2,阿强,我还没想好，你有什么建议吗？,"Wǒ hái méi xiǎnghǎo, nǐ yǒu shénme jiànyì ma?",まだ決めてないんだ、何か提案ある？,"[{""text"": ""我"", ""type"": ""vocab"", ""py"": ""wǒ"", ""note"": ""私""}, {""text"": ""还"", ""type"": ""grammar"", ""py"": ""hái"", ""note"": ""「まだ、さらに」を表す副詞。""}, {""text"": ""没想"", ""type"": ""vocab"", ""py"": ""méixiǎng"", ""note"": ""まだ考えていない""}, {""text"": ""好"", ""type"": ""vocab"", ""py"": ""hǎo"", ""note"": ""良い、元気だ""}, {""text"": ""，"", ""type"": ""punct""}, {""text"": ""你"", ""type"": ""vocab"", ""py"": ""nǐ"", ""note"": ""あなた""}, {""text"": ""有"", ""type"": ""grammar"", ""py"": ""yǒu"", ""note"": ""「持っている、ある」を表す動詞。否定形は「没有」。""}, {""text"": ""什么"", ""type"": ""vocab"", ""py"": ""shénme"", ""note"": ""何""}, {""text"": ""建议"", ""type"": ""vocab"", ""py"": ""jiànyì"", ""note"": ""提案する、提案""}, {""text"": ""吗"", ""type"": ""grammar"", ""py"": ""ma"", ""note"": ""「はい/いいえ」で答える疑問文を作る文末助詞。""}, {""text"": ""？"", ""type"": ""punct""}]",HSKspeaking_practice
537,55,3,小敏,她最近喜欢上了画画，送画笔怎么样？,"Tā zuìjìn xǐhuan shàngle huàhuà, sòng huàbǐ zěnmeyàng?",彼女最近絵を描くのにはまってるから、絵筆を贈るのはどう？,"[{""text"": ""她"", ""type"": ""vocab"", ""py"": ""tā"", ""note"": ""彼女""}, {""text"": ""最近"", ""type"": ""vocab"", ""py"": ""zuìjìn"", ""note"": ""最近""}, {""text"": ""喜欢"", ""type"": ""vocab"", ""py"": ""xǐhuān"", ""note"": ""好きだ、気に入る""}, {""text"": ""上"", ""type"": ""vocab"", ""py"": ""shàng"", ""note"": ""上、〜において""}, {""text"": ""了"", ""type"": ""grammar"", ""py"": ""le"", ""note"": ""動作の完了や状態の変化を表す助詞（文末や動詞の直後に置く）。""}, {""text"": ""画画"", ""type"": ""vocab"", ""py"": ""huàhuà"", ""note"": ""絵を描く""}, {""text"": ""，"", ""type"": ""punct""}, {""text"": ""送"", ""type"": ""vocab"", ""py"": ""sòng"", ""note"": ""贈る""}, {""text"": ""画笔"", ""type"": ""vocab"", ""py"": ""huàbǐ"", ""note"": ""絵筆""}, {""text"": ""怎么样"", ""type"": ""grammar"", ""py"": ""zěnmeyàng"", ""note"": ""「どうですか」と相手の意見や様子を尋ねる表現。""}, {""text"": ""？"", ""type"": ""punct""}]",HSKspeaking_practice
538,55,4,阿强,这个主意不错，去哪儿买呢？,"Zhège zhǔyi búcuò, qù nǎr mǎi ne?",それはいい考えだね、どこで買う？,"[{""text"": ""这个"", ""type"": ""vocab"", ""py"": ""zhège"", ""note"": ""これ""}, {""text"": ""主意"", ""type"": ""vocab"", ""py"": ""zhǔyì"", ""note"": ""考え、アイデア""}, {""text"": ""不错"", ""type"": ""vocab"", ""py"": ""bùcuò"", ""note"": ""なかなか良い""}, {""text"": ""，"", ""type"": ""punct""}, {""text"": ""去"", ""type"": ""vocab"", ""py"": ""qù"", ""note"": ""行く""}, {""text"": ""哪儿"", ""type"": ""vocab"", ""py"": ""nǎér"", ""note"": ""どこ""}, {""text"": ""买"", ""type"": ""vocab"", ""py"": ""mǎi"", ""note"": ""買う""}, {""text"": ""呢"", ""type"": ""grammar"", ""py"": ""ne"", ""note"": ""疑問文を柔らかくしたり「〜は？」と聞き返すときに使う文末助詞。""}, {""text"": ""？"", ""type"": ""punct""}]",HSKspeaking_practice
539,55,5,小敏,商场三楼有一家文具店。,Shāngchǎng sān lóu yǒu yì jiā wénjùdiàn.,デパートの3階に文房具店が一軒あるよ。,"[{""text"": ""商场"", ""type"": ""vocab"", ""py"": ""shāngchǎng"", ""note"": ""デパート、ショッピングモール""}, {""text"": ""三楼"", ""type"": ""vocab"", ""py"": ""sānlóu"", ""note"": ""3階""}, {""text"": ""有"", ""type"": ""grammar"", ""py"": ""yǒu"", ""note"": ""「持っている、ある」を表す動詞。否定形は「没有」。""}, {""text"": ""一家"", ""type"": ""vocab"", ""py"": ""yījiā"", ""note"": ""1社、一軒""}, {""text"": ""文具店"", ""type"": ""vocab"", ""py"": ""wénjùdiàn"", ""note"": ""文房具店""}, {""text"": ""。"", ""type"": ""punct""}]",HSKspeaking_practice
540,55,6,阿强,太好了，我们周末去看看吧。,"Tài hǎo le, wǒmen zhōumò qù kànkan ba.",よかった、週末に見に行こう。,"[{""text"": ""太好了"", ""type"": ""vocab"", ""py"": ""tàihǎole"", ""note"": ""よかった！""}, {""text"": ""，"", ""type"": ""punct""}, {""text"": ""我们"", ""type"": ""vocab"", ""py"": ""wǒmen"", ""note"": ""私たち""}, {""text"": ""周末"", ""type"": ""vocab"", ""py"": ""zhōumò"", ""note"": ""週末""}, {""text"": ""去"", ""type"": ""vocab"", ""py"": ""qù"", ""note"": ""行く""}, {""text"": ""看看"", ""type"": ""vocab"", ""py"": ""kànkàn"", ""note"": ""ちょっと見る""}, {""text"": ""吧"", ""type"": ""grammar"", ""py"": ""ba"", ""note"": ""提案・推量・軽い命令を表す文末助詞（〜しよう、〜でしょう）。""}, {""text"": ""。"", ""type"": ""punct""}]",HSKspeaking_practice
541,55,7,小敏,好，顺便再买张生日卡片。,"Hǎo, shùnbiàn zài mǎi zhāng shēngrì kǎpiàn.",うん、ついでにバースデーカードも買おう。,"[{""text"": ""好"", ""type"": ""vocab"", ""py"": ""hǎo"", ""note"": ""良い、元気だ""}, {""text"": ""，"", ""type"": ""punct""}, {""text"": ""顺便"", ""type"": ""vocab"", ""py"": ""shùnbiàn"", ""note"": ""ついでに""}, {""text"": ""再"", ""type"": ""grammar"", ""py"": ""zài"", ""note"": ""「また、さらに（これから先の繰り返し）」を表す副詞。""}, {""text"": ""买张"", ""type"": ""vocab"", ""py"": ""mǎizhāng"", ""note"": ""1枚買う（买＋张）""}, {""text"": ""生日"", ""type"": ""vocab"", ""py"": ""shēngrì"", ""note"": ""誕生日""}, {""text"": ""卡片"", ""type"": ""vocab"", ""py"": ""kǎpiàn"", ""note"": ""カード""}, {""text"": ""。"", ""type"": ""punct""}]",HSKspeaking_practice
542,55,8,阿强,好主意，她一定会很开心。,"Hǎo zhǔyi, tā yídìng huì hěn kāixīn.",いい考えだね、きっと喜ぶよ。,"[{""text"": ""好"", ""type"": ""vocab"", ""py"": ""hǎo"", ""note"": ""良い、元気だ""}, {""text"": ""主意"", ""type"": ""vocab"", ""py"": ""zhǔyì"", ""note"": ""考え、アイデア""}, {""text"": ""，"", ""type"": ""punct""}, {""text"": ""她"", ""type"": ""vocab"", ""py"": ""tā"", ""note"": ""彼女""}, {""text"": ""一定"", ""type"": ""vocab"", ""py"": ""yídìng"", ""note"": ""必ず、きっと""}, {""text"": ""会"", ""type"": ""grammar"", ""py"": ""huì"", ""note"": ""「〜するだろう」「（習得して）〜できる」という可能性・技能を表す助動詞。""}, {""text"": ""很"", ""type"": ""grammar"", ""py"": ""hěn"", ""note"": ""「とても」を表す程度の副詞。形容詞文でよく使われる。""}, {""text"": ""开心"", ""type"": ""vocab"", ""py"": ""kāixīn"", ""note"": ""嬉しい""}, {""text"": ""。"", ""type"": ""punct""}]",HSKspeaking_practice
543,56,1,小周,你好，我想预订一个房间。,"Nǐ hǎo, wǒ xiǎng yùdìng yí ge fángjiān.",こんにちは、部屋を予約したいのですが。,"[{""text"": ""你好"", ""type"": ""vocab"", ""py"": ""nǐhǎo"", ""note"": ""こんにちは""}, {""text"": ""，"", ""type"": ""punct""}, {""text"": ""我"", ""type"": ""vocab"", ""py"": ""wǒ"", ""note"": ""私""}, {""text"": ""想"", ""type"": ""grammar"", ""py"": ""xiǎng"", ""note"": ""「〜したい」という願望を表す助動詞。""}, {""text"": ""预订"", ""type"": ""vocab"", ""py"": ""yùdìng"", ""note"": ""予約する""}, {""text"": ""一个"", ""type"": ""vocab"", ""py"": ""yígè"", ""note"": ""一つ""}, {""text"": ""房间"", ""type"": ""vocab"", ""py"": ""fángjiān"", ""note"": ""部屋""}, {""text"": ""。"", ""type"": ""punct""}]",HSKspeaking_practice
544,56,2,服务员,好的，请问您要住几天？,"Hǎo de, qǐngwèn nín yào zhù jǐ tiān?",かしこまりました、何泊のご予定ですか？,"[{""text"": ""好"", ""type"": ""vocab"", ""py"": ""hǎo"", ""note"": ""良い、元気だ""}, {""text"": ""的"", ""type"": ""grammar"", ""py"": ""de"", ""note"": ""名詞を修飾し、所有・限定を表す助詞（〜の）。""}, {""text"": ""，"", ""type"": ""punct""}, {""text"": ""请问"", ""type"": ""vocab"", ""py"": ""qǐngwèn"", ""note"": ""お尋ねします""}, {""text"": ""您"", ""type"": ""vocab"", ""py"": ""nín"", ""note"": ""あなた（敬称）""}, {""text"": ""要"", ""type"": ""grammar"", ""py"": ""yào"", ""note"": ""「〜したい、〜するつもりだ」という意志・必要を表す助動詞。""}, {""text"": ""住"", ""type"": ""vocab"", ""py"": ""zhù"", ""note"": ""泊まる、住む""}, {""text"": ""几天"", ""type"": ""vocab"", ""py"": ""jǐtiān"", ""note"": ""何日か""}, {""text"": ""？"", ""type"": ""punct""}]",HSKspeaking_practice
545,56,3,小周,住两天，从这周五到周日。,"Zhù liǎng tiān, cóng zhè zhōu wǔ dào zhōurì.",2泊です、今週の金曜から日曜まで。,"[{""text"": ""住"", ""type"": ""vocab"", ""py"": ""zhù"", ""note"": ""泊まる、住む""}, {""text"": ""两天"", ""type"": ""vocab"", ""py"": ""liǎngtiān"", ""note"": ""2日間""}, {""text"": ""，"", ""type"": ""punct""}, {""text"": ""从"", ""type"": ""grammar"", ""py"": ""cóng"", ""note"": ""「〜から」を表す起点の介詞。""}, {""text"": ""这"", ""type"": ""vocab"", ""py"": ""zhè"", ""note"": ""これ""}, {""text"": ""周五"", ""type"": ""vocab"", ""py"": ""zhōuwǔ"", ""note"": ""金曜日""}, {""text"": ""到"", ""type"": ""grammar"", ""py"": ""dào"", ""note"": ""「〜まで、〜に着く」を表す介詞・動詞。""}, {""text"": ""周日"", ""type"": ""vocab"", ""py"": ""zhōurì"", ""note"": ""日曜日""}, {""text"": ""。"", ""type"": ""punct""}]",HSKspeaking_practice
546,56,4,服务员,您要单人间还是双人间？,Nín yào dānrénjiān háishi shuāngrénjiān?,シングルルームとツインルーム、どちらになさいますか？,"[{""text"": ""您"", ""type"": ""vocab"", ""py"": ""nín"", ""note"": ""あなた（敬称）""}, {""text"": ""要"", ""type"": ""grammar"", ""py"": ""yào"", ""note"": ""「〜したい、〜するつもりだ」という意志・必要を表す助動詞。""}, {""text"": ""单人间"", ""type"": ""vocab"", ""py"": ""dānrénjiān"", ""note"": ""シングルルーム""}, {""text"": ""还是"", ""type"": ""grammar"", ""py"": ""háishì"", ""note"": ""「それとも」（疑問文の選択）、または「やはり」を表す。""}, {""text"": ""双人间"", ""type"": ""vocab"", ""py"": ""shuāngrénjiān"", ""note"": ""ツインルーム""}, {""text"": ""？"", ""type"": ""punct""}]",HSKspeaking_practice
547,56,5,小周,双人间，我和朋友一起住。,"Shuāngrénjiān, wǒ hé péngyou yìqǐ zhù.",ツインルームで、友達と一緒に泊まります。,"[{""text"": ""双人间"", ""type"": ""vocab"", ""py"": ""shuāngrénjiān"", ""note"": ""ツインルーム""}, {""text"": ""，"", ""type"": ""punct""}, {""text"": ""我"", ""type"": ""vocab"", ""py"": ""wǒ"", ""note"": ""私""}, {""text"": ""和"", ""type"": ""grammar"", ""py"": ""hé"", ""note"": ""「〜と」を表す接続詞・介詞。""}, {""text"": ""朋友"", ""type"": ""vocab"", ""py"": ""péngyǒu"", ""note"": ""友達""}, {""text"": ""一起"", ""type"": ""vocab"", ""py"": ""yìqǐ"", ""note"": ""一緒に""}, {""text"": ""住"", ""type"": ""vocab"", ""py"": ""zhù"", ""note"": ""泊まる、住む""}, {""text"": ""。"", ""type"": ""punct""}]",HSKspeaking_practice
548,56,6,服务员,好的，一晚三百五十元，可以吗？,"Hǎo de, yì wǎn sānbǎi wǔshí yuán, kěyǐ ma?",かしこまりました、一泊350元ですが、よろしいですか？,"[{""text"": ""好"", ""type"": ""vocab"", ""py"": ""hǎo"", ""note"": ""良い、元気だ""}, {""text"": ""的"", ""type"": ""grammar"", ""py"": ""de"", ""note"": ""名詞を修飾し、所有・限定を表す助詞（〜の）。""}, {""text"": ""，"", ""type"": ""punct""}, {""text"": ""一"", ""type"": ""vocab"", ""py"": ""yī"", ""note"": ""1""}, {""text"": ""晚"", ""type"": ""vocab"", ""py"": ""wǎn"", ""note"": ""泊、夜""}, {""text"": ""三百五十"", ""type"": ""vocab"", ""py"": ""sānbǎiwǔshí"", ""note"": ""350""}, {""text"": ""元"", ""type"": ""vocab"", ""py"": ""yuán"", ""note"": ""元（通貨単位）""}, {""text"": ""，"", ""type"": ""punct""}, {""text"": ""可以"", ""type"": ""grammar"", ""py"": ""kěyǐ"", ""note"": ""「〜してもよい、〜できる」という許可・可能を表す助動詞。""}, {""text"": ""吗"", ""type"": ""grammar"", ""py"": ""ma"", ""note"": ""「はい/いいえ」で答える疑問文を作る文末助詞。""}, {""text"": ""？"", ""type"": ""punct""}]",HSKspeaking_practice
549,56,7,小周,可以，能刷卡付款吗？,"Kěyǐ, néng shuākǎ fùkuǎn ma?",大丈夫です、カードで支払えますか？,"[{""text"": ""可以"", ""type"": ""grammar"", ""py"": ""kěyǐ"", ""note"": ""「〜してもよい、〜できる」という許可・可能を表す助動詞。""}, {""text"": ""，"", ""type"": ""punct""}, {""text"": ""能"", ""type"": ""grammar"", ""py"": ""néng"", ""note"": ""「〜できる」という可能を表す助動詞。""}, {""text"": ""刷卡"", ""type"": ""vocab"", ""py"": ""shuākǎ"", ""note"": ""カードで支払う""}, {""text"": ""付款"", ""type"": ""vocab"", ""py"": ""fùkuǎn"", ""note"": ""支払う""}, {""text"": ""吗"", ""type"": ""grammar"", ""py"": ""ma"", ""note"": ""「はい/いいえ」で答える疑問文を作る文末助詞。""}, {""text"": ""？"", ""type"": ""punct""}]",HSKspeaking_practice
550,56,8,服务员,可以，请出示您的身份证。,"Kěyǐ, qǐng chūshì nín de shēnfènzhèng.",できます、身分証をご提示ください。,"[{""text"": ""可以"", ""type"": ""grammar"", ""py"": ""kěyǐ"", ""note"": ""「〜してもよい、〜できる」という許可・可能を表す助動詞。""}, {""text"": ""，"", ""type"": ""punct""}, {""text"": ""请"", ""type"": ""vocab"", ""py"": ""qǐng"", ""note"": ""どうぞ〜してください""}, {""text"": ""出示"", ""type"": ""vocab"", ""py"": ""chūshì"", ""note"": ""提示する""}, {""text"": ""您"", ""type"": ""vocab"", ""py"": ""nín"", ""note"": ""あなた（敬称）""}, {""text"": ""的"", ""type"": ""grammar"", ""py"": ""de"", ""note"": ""名詞を修飾し、所有・限定を表す助詞（〜の）。""}, {""text"": ""身份证"", ""type"": ""vocab"", ""py"": ""shēnfènzhèng"", ""note"": ""身分証""}, {""text"": ""。"", ""type"": ""punct""}]",HSKspeaking_practice
551,56,9,小周,给您，谢谢。,"Gěi nín, xièxie.",どうぞ、ありがとうございます。,"[{""text"": ""给"", ""type"": ""grammar"", ""py"": ""gěi"", ""note"": ""「〜に、〜のために」を表す介詞、または「あげる」という意味の動詞。""}, {""text"": ""您"", ""type"": ""vocab"", ""py"": ""nín"", ""note"": ""あなた（敬称）""}, {""text"": ""，"", ""type"": ""punct""}, {""text"": ""谢谢"", ""type"": ""vocab"", ""py"": ""xièxiè"", ""note"": ""ありがとう""}, {""text"": ""。"", ""type"": ""punct""}]",HSKspeaking_practice
552,57,1,阿伟,你好，我要办理登机手续。,"Nǐ hǎo, wǒ yào bànlǐ dēngjī shǒuxù.",こんにちは、搭乗手続きをしたいのですが。,"[{""text"": ""你好"", ""type"": ""vocab"", ""py"": ""nǐhǎo"", ""note"": ""こんにちは""}, {""text"": ""，"", ""type"": ""punct""}, {""text"": ""我要"", ""type"": ""vocab"", ""py"": ""wǒyào"", ""note"": ""私は〜が欲しい""}, {""text"": ""办理"", ""type"": ""vocab"", ""py"": ""bànlǐ"", ""note"": ""手続きする""}, {""text"": ""登机"", ""type"": ""vocab"", ""py"": ""dēngjī"", ""note"": ""搭乗する""}, {""text"": ""手续"", ""type"": ""vocab"", ""py"": ""shǒuxù"", ""note"": ""手続き""}, {""text"": ""。"", ""type"": ""punct""}]",HSKspeaking_practice
553,57,2,工作人员,请出示您的护照和机票。,Qǐng chūshì nín de hùzhào hé jīpiào.,パスポートと航空券をご提示ください。,"[{""text"": ""请"", ""type"": ""vocab"", ""py"": ""qǐng"", ""note"": ""どうぞ〜してください""}, {""text"": ""出示"", ""type"": ""vocab"", ""py"": ""chūshì"", ""note"": ""提示する""}, {""text"": ""您"", ""type"": ""vocab"", ""py"": ""nín"", ""note"": ""あなた（敬称）""}, {""text"": ""的"", ""type"": ""grammar"", ""py"": ""de"", ""note"": ""名詞を修飾し、所有・限定を表す助詞（〜の）。""}, {""text"": ""护照"", ""type"": ""vocab"", ""py"": ""hùzhào"", ""note"": ""パスポート""}, {""text"": ""和"", ""type"": ""grammar"", ""py"": ""hé"", ""note"": ""「〜と」を表す接続詞・介詞。""}, {""text"": ""机票"", ""type"": ""vocab"", ""py"": ""jīpiào"", ""note"": ""航空券""}, {""text"": ""。"", ""type"": ""punct""}]",HSKspeaking_practice
554,57,3,阿伟,给您，我还有一件行李要托运。,"Gěi nín, wǒ hái yǒu yí jiàn xíngli yào tuōyùn.",どうぞ、預ける荷物が一つあります。,"[{""text"": ""给"", ""type"": ""grammar"", ""py"": ""gěi"", ""note"": ""「〜に、〜のために」を表す介詞、または「あげる」という意味の動詞。""}, {""text"": ""您"", ""type"": ""vocab"", ""py"": ""nín"", ""note"": ""あなた（敬称）""}, {""text"": ""，"", ""type"": ""punct""}, {""text"": ""我"", ""type"": ""vocab"", ""py"": ""wǒ"", ""note"": ""私""}, {""text"": ""还有"", ""type"": ""vocab"", ""py"": ""háiyǒu"", ""note"": ""まだ〜がある、それから""}, {""text"": ""一件"", ""type"": ""vocab"", ""py"": ""yījiàn"", ""note"": ""一着（服の量詞）""}, {""text"": ""行李"", ""type"": ""vocab"", ""py"": ""xínglǐ"", ""note"": ""荷物""}, {""text"": ""要"", ""type"": ""grammar"", ""py"": ""yào"", ""note"": ""「〜したい、〜するつもりだ」という意志・必要を表す助動詞。""}, {""text"": ""托运"", ""type"": ""vocab"", ""py"": ""tuōyùn"", ""note"": ""（荷物を）預ける""}, {""text"": ""。"", ""type"": ""punct""}]",HSKspeaking_practice
555,57,4,工作人员,请把行李放在这里。,Qǐng bǎ xíngli fàng zài zhèlǐ.,荷物をここに置いてください。,"[{""text"": ""请"", ""type"": ""vocab"", ""py"": ""qǐng"", ""note"": ""どうぞ〜してください""}, {""text"": ""把"", ""type"": ""grammar"", ""py"": ""bǎ"", ""note"": ""目的語を動詞の前に出し「〜を…する」という処置を表す構文を作る介詞（把構文）。""}, {""text"": ""行李"", ""type"": ""vocab"", ""py"": ""xínglǐ"", ""note"": ""荷物""}, {""text"": ""放在"", ""type"": ""vocab"", ""py"": ""fàngzài"", ""note"": ""〜に置く""}, {""text"": ""这里"", ""type"": ""vocab"", ""py"": ""zhèlǐ"", ""note"": ""ここ""}, {""text"": ""。"", ""type"": ""punct""}]",HSKspeaking_practice
556,57,5,阿伟,好的，我可以选择靠窗的座位吗？,"Hǎo de, wǒ kěyǐ xuǎnzé kào chuāng de zuòwèi ma?",はい、窓側の席を選べますか？,"[{""text"": ""好"", ""type"": ""vocab"", ""py"": ""hǎo"", ""note"": ""良い、元気だ""}, {""text"": ""的"", ""type"": ""grammar"", ""py"": ""de"", ""note"": ""名詞を修飾し、所有・限定を表す助詞（〜の）。""}, {""text"": ""，"", ""type"": ""punct""}, {""text"": ""我"", ""type"": ""vocab"", ""py"": ""wǒ"", ""note"": ""私""}, {""text"": ""可以"", ""type"": ""grammar"", ""py"": ""kěyǐ"", ""note"": ""「〜してもよい、〜できる」という許可・可能を表す助動詞。""}, {""text"": ""选择"", ""type"": ""vocab"", ""py"": ""xuǎnzé"", ""note"": ""選ぶ、選択""}, {""text"": ""靠窗"", ""type"": ""vocab"", ""py"": ""kàochuāng"", ""note"": ""窓側""}, {""text"": ""的"", ""type"": ""grammar"", ""py"": ""de"", ""note"": ""名詞を修飾し、所有・限定を表す助詞（〜の）。""}, {""text"": ""座位"", ""type"": ""vocab"", ""py"": ""zuòwèi"", ""note"": ""座席""}, {""text"": ""吗"", ""type"": ""grammar"", ""py"": ""ma"", ""note"": ""「はい/いいえ」で答える疑問文を作る文末助詞。""}, {""text"": ""？"", ""type"": ""punct""}]",HSKspeaking_practice
557,57,6,工作人员,可以，给您安排了十二排的靠窗座位。,"Kěyǐ, gěi nín ānpáile shí'èr pái de kào chuāng zuòwèi.",はい、12列目の窓側席をご用意しました。,"[{""text"": ""可以"", ""type"": ""grammar"", ""py"": ""kěyǐ"", ""note"": ""「〜してもよい、〜できる」という許可・可能を表す助動詞。""}, {""text"": ""，"", ""type"": ""punct""}, {""text"": ""给"", ""type"": ""grammar"", ""py"": ""gěi"", ""note"": ""「〜に、〜のために」を表す介詞、または「あげる」という意味の動詞。""}, {""text"": ""您"", ""type"": ""vocab"", ""py"": ""nín"", ""note"": ""あなた（敬称）""}, {""text"": ""安排"", ""type"": ""vocab"", ""py"": ""ānpái"", ""note"": ""手配、スケジュール""}, {""text"": ""了"", ""type"": ""grammar"", ""py"": ""le"", ""note"": ""動作の完了や状態の変化を表す助詞（文末や動詞の直後に置く）。""}, {""text"": ""十二"", ""type"": ""vocab"", ""py"": ""shíèr"", ""note"": ""12""}, {""text"": ""排"", ""type"": ""vocab"", ""py"": ""pái"", ""note"": ""列""}, {""text"": ""的"", ""type"": ""grammar"", ""py"": ""de"", ""note"": ""名詞を修飾し、所有・限定を表す助詞（〜の）。""}, {""text"": ""靠窗"", ""type"": ""vocab"", ""py"": ""kàochuāng"", ""note"": ""窓側""}, {""text"": ""座位"", ""type"": ""vocab"", ""py"": ""zuòwèi"", ""note"": ""座席""}, {""text"": ""。"", ""type"": ""punct""}]",HSKspeaking_practice
558,57,7,阿伟,谢谢，登机口是几号？,"Xièxie, dēngjīkǒu shì jǐ hào?",ありがとうございます、搭乗口は何番ですか？,"[{""text"": ""谢谢"", ""type"": ""vocab"", ""py"": ""xièxiè"", ""note"": ""ありがとう""}, {""text"": ""，"", ""type"": ""punct""}, {""text"": ""登机口"", ""type"": ""vocab"", ""py"": ""dēngjīkǒu"", ""note"": ""搭乗口""}, {""text"": ""是"", ""type"": ""grammar"", ""py"": ""shì"", ""note"": ""「〜である」を表すbe動詞。""}, {""text"": ""几号"", ""type"": ""vocab"", ""py"": ""jǐhào"", ""note"": ""何日""}, {""text"": ""？"", ""type"": ""punct""}]",HSKspeaking_practice
559,57,8,工作人员,十号登机口，请提前半小时到。,"Shí hào dēngjīkǒu, qǐng tíqián bàn xiǎoshí dào.",10番搭乗口です、30分前にはお越しください。,"[{""text"": ""十号"", ""type"": ""vocab"", ""py"": ""shíhào"", ""note"": ""10日""}, {""text"": ""登机口"", ""type"": ""vocab"", ""py"": ""dēngjīkǒu"", ""note"": ""搭乗口""}, {""text"": ""，"", ""type"": ""punct""}, {""text"": ""请"", ""type"": ""vocab"", ""py"": ""qǐng"", ""note"": ""どうぞ〜してください""}, {""text"": ""提前"", ""type"": ""vocab"", ""py"": ""tíqián"", ""note"": ""前もって、早めに""}, {""text"": ""半小时"", ""type"": ""vocab"", ""py"": ""bànxiǎoshí"", ""note"": ""30分間""}, {""text"": ""到"", ""type"": ""grammar"", ""py"": ""dào"", ""note"": ""「〜まで、〜に着く」を表す介詞・動詞。""}, {""text"": ""。"", ""type"": ""punct""}]",HSKspeaking_practice
560,57,9,阿伟,好的，谢谢您的帮助。,"Hǎo de, xièxie nín de bāngzhù.",わかりました、助けてくれてありがとうございます。,"[{""text"": ""好"", ""type"": ""vocab"", ""py"": ""hǎo"", ""note"": ""良い、元気だ""}, {""text"": ""的"", ""type"": ""grammar"", ""py"": ""de"", ""note"": ""名詞を修飾し、所有・限定を表す助詞（〜の）。""}, {""text"": ""，"", ""type"": ""punct""}, {""text"": ""谢谢您"", ""type"": ""vocab"", ""py"": ""xièxiènín"", ""note"": ""ありがとうございます""}, {""text"": ""的"", ""type"": ""grammar"", ""py"": ""de"", ""note"": ""名詞を修飾し、所有・限定を表す助詞（〜の）。""}, {""text"": ""帮助"", ""type"": ""vocab"", ""py"": ""bāngzhù"", ""note"": ""助ける、助け""}, {""text"": ""。"", ""type"": ""punct""}]",HSKspeaking_practice
561,58,1,小华,阿宁，我们买去上海的火车票吧。,"Āníng, wǒmen mǎi qù Shànghǎi de huǒchē piào ba.",阿宁、上海行きの電車の切符を買おうよ。,"[{""text"": ""阿宁"", ""type"": ""vocab"", ""py"": ""āníng"", ""note"": ""（人名）""}, {""text"": ""，"", ""type"": ""punct""}, {""text"": ""我们"", ""type"": ""vocab"", ""py"": ""wǒmen"", ""note"": ""私たち""}, {""text"": ""买"", ""type"": ""vocab"", ""py"": ""mǎi"", ""note"": ""買う""}, {""text"": ""去"", ""type"": ""vocab"", ""py"": ""qù"", ""note"": ""行く""}, {""text"": ""上海"", ""type"": ""vocab"", ""py"": ""shànghǎi"", ""note"": ""上海（地名）""}, {""text"": ""的"", ""type"": ""grammar"", ""py"": ""de"", ""note"": ""名詞を修飾し、所有・限定を表す助詞（〜の）。""}, {""text"": ""火车票"", ""type"": ""vocab"", ""py"": ""huǒchēpiào"", ""note"": ""電車の切符""}, {""text"": ""吧"", ""type"": ""grammar"", ""py"": ""ba"", ""note"": ""提案・推量・軽い命令を表す文末助詞（〜しよう、〜でしょう）。""}, {""text"": ""。"", ""type"": ""punct""}]",HSKspeaking_practice
562,58,2,阿宁,好，你想坐几点的车？,"Hǎo, nǐ xiǎng zuò jǐ diǎn de chē?",いいよ、何時の電車に乗りたい？,"[{""text"": ""好"", ""type"": ""vocab"", ""py"": ""hǎo"", ""note"": ""良い、元気だ""}, {""text"": ""，"", ""type"": ""punct""}, {""text"": ""你"", ""type"": ""vocab"", ""py"": ""nǐ"", ""note"": ""あなた""}, {""text"": ""想"", ""type"": ""grammar"", ""py"": ""xiǎng"", ""note"": ""「〜したい」という願望を表す助動詞。""}, {""text"": ""坐"", ""type"": ""vocab"", ""py"": ""zuò"", ""note"": ""乗る、座る""}, {""text"": ""几点"", ""type"": ""vocab"", ""py"": ""jǐdiǎn"", ""note"": ""何時""}, {""text"": ""的"", ""type"": ""grammar"", ""py"": ""de"", ""note"": ""名詞を修飾し、所有・限定を表す助詞（〜の）。""}, {""text"": ""车"", ""type"": ""vocab"", ""py"": ""chē"", ""note"": ""電車、車""}, {""text"": ""？"", ""type"": ""punct""}]",HSKspeaking_practice
563,58,3,小华,上午十点的吧，不用起太早。,"Shàngwǔ shí diǎn de ba, búyòng qǐ tài zǎo.",午前10時のにしよう、早起きしなくていいし。,"[{""text"": ""上午"", ""type"": ""vocab"", ""py"": ""shàngwǔ"", ""note"": ""午前""}, {""text"": ""十点"", ""type"": ""vocab"", ""py"": ""shídiǎn"", ""note"": ""10時""}, {""text"": ""的"", ""type"": ""grammar"", ""py"": ""de"", ""note"": ""名詞を修飾し、所有・限定を表す助詞（〜の）。""}, {""text"": ""吧"", ""type"": ""grammar"", ""py"": ""ba"", ""note"": ""提案・推量・軽い命令を表す文末助詞（〜しよう、〜でしょう）。""}, {""text"": ""，"", ""type"": ""punct""}, {""text"": ""不用"", ""type"": ""vocab"", ""py"": ""bùyòng"", ""note"": ""〜する必要がない""}, {""text"": ""起太早"", ""type"": ""vocab"", ""py"": ""qǐtàizǎo"", ""note"": ""あまりに早く起きる（起＋太＋早）""}, {""text"": ""。"", ""type"": ""punct""}]",HSKspeaking_practice
564,58,4,阿宁,好，那我们买二等座还是一等座？,"Hǎo, nà wǒmen mǎi èrděngzuò háishi yīděngzuò?",いいよ、じゃあ2等席と1等席どっちにする？,"[{""text"": ""好"", ""type"": ""vocab"", ""py"": ""hǎo"", ""note"": ""良い、元気だ""}, {""text"": ""，"", ""type"": ""punct""}, {""text"": ""那"", ""type"": ""vocab"", ""py"": ""nà"", ""note"": ""あれ、それ／それなら""}, {""text"": ""我们"", ""type"": ""vocab"", ""py"": ""wǒmen"", ""note"": ""私たち""}, {""text"": ""买"", ""type"": ""vocab"", ""py"": ""mǎi"", ""note"": ""買う""}, {""text"": ""二等"", ""type"": ""vocab"", ""py"": ""èrděng"", ""note"": ""2等""}, {""text"": ""座"", ""type"": ""vocab"", ""py"": ""zuò"", ""note"": ""席""}, {""text"": ""还是"", ""type"": ""grammar"", ""py"": ""háishì"", ""note"": ""「それとも」（疑問文の選択）、または「やはり」を表す。""}, {""text"": ""一等"", ""type"": ""vocab"", ""py"": ""yīděng"", ""note"": ""1等""}, {""text"": ""座"", ""type"": ""vocab"", ""py"": ""zuò"", ""note"": ""席""}, {""text"": ""？"", ""type"": ""punct""}]",HSKspeaking_practice
565,58,5,小华,二等座就可以了，便宜一些。,"Èrděngzuò jiù kěyǐ le, piányi yìxiē.",2等席で十分だよ、安いし。,"[{""text"": ""二等"", ""type"": ""vocab"", ""py"": ""èrděng"", ""note"": ""2等""}, {""text"": ""座"", ""type"": ""vocab"", ""py"": ""zuò"", ""note"": ""席""}, {""text"": ""就"", ""type"": ""grammar"", ""py"": ""jiù"", ""note"": ""「すぐに、まさに」など、条件の帰結や強調を表す副詞。""}, {""text"": ""可以"", ""type"": ""grammar"", ""py"": ""kěyǐ"", ""note"": ""「〜してもよい、〜できる」という許可・可能を表す助動詞。""}, {""text"": ""了"", ""type"": ""grammar"", ""py"": ""le"", ""note"": ""動作の完了や状態の変化を表す助詞（文末や動詞の直後に置く）。""}, {""text"": ""，"", ""type"": ""punct""}, {""text"": ""便宜"", ""type"": ""vocab"", ""py"": ""piányi"", ""note"": ""安い""}, {""text"": ""一些"", ""type"": ""grammar"", ""py"": ""yīxiē"", ""note"": ""「いくつかの、少しの」を表す数量表現。""}, {""text"": ""。"", ""type"": ""punct""}]",HSKspeaking_practice
566,58,6,阿宁,好的，我在手机上买两张票。,"Hǎo de, wǒ zài shǒujī shang mǎi liǎng zhāng piào.",わかった、スマホで2枚買うね。,"[{""text"": ""好"", ""type"": ""vocab"", ""py"": ""hǎo"", ""note"": ""良い、元気だ""}, {""text"": ""的"", ""type"": ""grammar"", ""py"": ""de"", ""note"": ""名詞を修飾し、所有・限定を表す助詞（〜の）。""}, {""text"": ""，"", ""type"": ""punct""}, {""text"": ""我"", ""type"": ""vocab"", ""py"": ""wǒ"", ""note"": ""私""}, {""text"": ""在"", ""type"": ""grammar"", ""py"": ""zài"", ""note"": ""「〜にいる／ある」を表す動詞、または動詞の前について進行「〜している」を表す。""}, {""text"": ""手机"", ""type"": ""vocab"", ""py"": ""shǒujī"", ""note"": ""携帯電話""}, {""text"": ""上"", ""type"": ""vocab"", ""py"": ""shàng"", ""note"": ""上、〜において""}, {""text"": ""买"", ""type"": ""vocab"", ""py"": ""mǎi"", ""note"": ""買う""}, {""text"": ""两张"", ""type"": ""vocab"", ""py"": ""liǎngzhāng"", ""note"": ""2枚""}, {""text"": ""票"", ""type"": ""vocab"", ""py"": ""piào"", ""note"": ""チケット""}, {""text"": ""。"", ""type"": ""punct""}]",HSKspeaking_practice
567,58,7,小华,记得选靠窗的位置。,Jìde xuǎn kào chuāng de wèizhi.,窓側の席を選ぶの忘れないでね。,"[{""text"": ""记得"", ""type"": ""vocab"", ""py"": ""jìde"", ""note"": ""覚えている""}, {""text"": ""选"", ""type"": ""vocab"", ""py"": ""xuǎn"", ""note"": ""選ぶ""}, {""text"": ""靠窗"", ""type"": ""vocab"", ""py"": ""kàochuāng"", ""note"": ""窓側""}, {""text"": ""的"", ""type"": ""grammar"", ""py"": ""de"", ""note"": ""名詞を修飾し、所有・限定を表す助詞（〜の）。""}, {""text"": ""位置"", ""type"": ""vocab"", ""py"": ""wèizhì"", ""note"": ""位置、席""}, {""text"": ""。"", ""type"": ""punct""}]",HSKspeaking_practice
568,58,8,阿宁,好的，买好了，明天见。,"Hǎo de, mǎihǎo le, míngtiān jiàn.",オーケー、買えたよ、また明日ね。,"[{""text"": ""好"", ""type"": ""vocab"", ""py"": ""hǎo"", ""note"": ""良い、元気だ""}, {""text"": ""的"", ""type"": ""grammar"", ""py"": ""de"", ""note"": ""名詞を修飾し、所有・限定を表す助詞（〜の）。""}, {""text"": ""，"", ""type"": ""punct""}, {""text"": ""买好"", ""type"": ""vocab"", ""py"": ""mǎihǎo"", ""note"": ""買い終わる""}, {""text"": ""了"", ""type"": ""grammar"", ""py"": ""le"", ""note"": ""動作の完了や状態の変化を表す助詞（文末や動詞の直後に置く）。""}, {""text"": ""，"", ""type"": ""punct""}, {""text"": ""明天"", ""type"": ""vocab"", ""py"": ""míngtiān"", ""note"": ""明日""}, {""text"": ""见"", ""type"": ""vocab"", ""py"": ""jiàn"", ""note"": ""会う""}, {""text"": ""。"", ""type"": ""punct""}]",HSKspeaking_practice
569,59,1,小陈,Tom，你的中文说得越来越流利了。,"Tom, nǐ de zhōngwén shuō de yuè lái yuè liúlì le.",Tom、あなたの中国語だんだん流暢になってきたね。,"[{""text"": ""Tom"", ""type"": ""vocab"", ""py"": ""Tom"", ""note"": ""（人名）""}, {""text"": ""，"", ""type"": ""punct""}, {""text"": ""你"", ""type"": ""vocab"", ""py"": ""nǐ"", ""note"": ""あなた""}, {""text"": ""的"", ""type"": ""grammar"", ""py"": ""de"", ""note"": ""名詞を修飾し、所有・限定を表す助詞（〜の）。""}, {""text"": ""中文"", ""type"": ""vocab"", ""py"": ""zhōngwén"", ""note"": ""中国語""}, {""text"": ""说"", ""type"": ""vocab"", ""py"": ""shuō"", ""note"": ""話す、言う""}, {""text"": ""得"", ""type"": ""grammar"", ""py"": ""dé"", ""note"": ""動詞・形容詞の後について程度や結果を表す補語を導く助詞（〜するのが…だ）。文脈により「〜しなければならない(děi)」の助動詞の場合もある。""}, {""text"": ""越来越"", ""type"": ""grammar"", ""py"": ""yuèláiyuè"", ""note"": ""「ますます〜になる」を表す表現。""}, {""text"": ""流利"", ""type"": ""vocab"", ""py"": ""liúlì"", ""note"": ""流暢だ""}, {""text"": ""了"", ""type"": ""grammar"", ""py"": ""le"", ""note"": ""動作の完了や状態の変化を表す助詞（文末や動詞の直後に置く）。""}, {""text"": ""。"", ""type"": ""punct""}]",HSKspeaking_practice
570,59,2,Tom,谢谢，都是因为跟你练习中文。,"Xièxie, dōu shì yīnwèi gēn nǐ liànxí zhōngwén.",ありがとう、あなたと中国語を練習してるおかげだよ。,"[{""text"": ""谢谢"", ""type"": ""vocab"", ""py"": ""xièxiè"", ""note"": ""ありがとう""}, {""text"": ""，"", ""type"": ""punct""}, {""text"": ""都"", ""type"": ""grammar"", ""py"": ""dōu"", ""note"": ""「みな、すべて」を表す副詞。""}, {""text"": ""是因为"", ""type"": ""vocab"", ""py"": ""shìyīnwèi"", ""note"": ""〜だからだ""}, {""text"": ""跟"", ""type"": ""grammar"", ""py"": ""gēn"", ""note"": ""「〜と」を表す介詞。一緒に何かをする相手を示す。""}, {""text"": ""你"", ""type"": ""vocab"", ""py"": ""nǐ"", ""note"": ""あなた""}, {""text"": ""练习"", ""type"": ""vocab"", ""py"": ""liànxí"", ""note"": ""練習する""}, {""text"": ""中文"", ""type"": ""vocab"", ""py"": ""zhōngwén"", ""note"": ""中国語""}, {""text"": ""。"", ""type"": ""punct""}]",HSKspeaking_practice
571,59,3,小陈,那你能不能教我一点儿英语？,Nà nǐ néng bu néng jiāo wǒ yìdiǎnr yīngyǔ?,じゃあ私に少し英語を教えてくれない？,"[{""text"": ""那"", ""type"": ""vocab"", ""py"": ""nà"", ""note"": ""あれ、それ／それなら""}, {""text"": ""你"", ""type"": ""vocab"", ""py"": ""nǐ"", ""note"": ""あなた""}, {""text"": ""能"", ""type"": ""grammar"", ""py"": ""néng"", ""note"": ""「〜できる」という可能を表す助動詞。""}, {""text"": ""不能"", ""type"": ""vocab"", ""py"": ""bùnéng"", ""note"": ""〜できない""}, {""text"": ""教"", ""type"": ""vocab"", ""py"": ""jiào"", ""note"": ""教える""}, {""text"": ""我"", ""type"": ""vocab"", ""py"": ""wǒ"", ""note"": ""私""}, {""text"": ""一点儿"", ""type"": ""vocab"", ""py"": ""yìdiǎnér"", ""note"": ""少し""}, {""text"": ""英语"", ""type"": ""vocab"", ""py"": ""yīngyǔ"", ""note"": ""英語""}, {""text"": ""？"", ""type"": ""punct""}]",HSKspeaking_practice
572,59,4,Tom,当然可以，我们可以一半时间说中文，一半说英语。,"Dāngrán kěyǐ, wǒmen kěyǐ yíbàn shíjiān shuō zhōngwén, yíbàn shuō yīngyǔ.",もちろん、半分は中国語、半分は英語で話そうよ。,"[{""text"": ""当然"", ""type"": ""vocab"", ""py"": ""dāngrán"", ""note"": ""もちろん""}, {""text"": ""可以"", ""type"": ""grammar"", ""py"": ""kěyǐ"", ""note"": ""「〜してもよい、〜できる」という許可・可能を表す助動詞。""}, {""text"": ""，"", ""type"": ""punct""}, {""text"": ""我们"", ""type"": ""vocab"", ""py"": ""wǒmen"", ""note"": ""私たち""}, {""text"": ""可以"", ""type"": ""grammar"", ""py"": ""kěyǐ"", ""note"": ""「〜してもよい、〜できる」という許可・可能を表す助動詞。""}, {""text"": ""一半"", ""type"": ""vocab"", ""py"": ""yíbàn"", ""note"": ""半分""}, {""text"": ""时间"", ""type"": ""vocab"", ""py"": ""shíjiān"", ""note"": ""時間""}, {""text"": ""说"", ""type"": ""vocab"", ""py"": ""shuō"", ""note"": ""話す、言う""}, {""text"": ""中文"", ""type"": ""vocab"", ""py"": ""zhōngwén"", ""note"": ""中国語""}, {""text"": ""，"", ""type"": ""punct""}, {""text"": ""一半"", ""type"": ""vocab"", ""py"": ""yíbàn"", ""note"": ""半分""}, {""text"": ""说"", ""type"": ""vocab"", ""py"": ""shuō"", ""note"": ""話す、言う""}, {""text"": ""英语"", ""type"": ""vocab"", ""py"": ""yīngyǔ"", ""note"": ""英語""}, {""text"": ""。"", ""type"": ""punct""}]",HSKspeaking_practice
573,59,5,小陈,好主意，你觉得中文最难的是什么？,"Hǎo zhǔyi, nǐ juéde zhōngwén zuì nán de shì shénme?",いい考えだね、中国語で一番難しいのは何だと思う？,"[{""text"": ""好"", ""type"": ""vocab"", ""py"": ""hǎo"", ""note"": ""良い、元気だ""}, {""text"": ""主意"", ""type"": ""vocab"", ""py"": ""zhǔyì"", ""note"": ""考え、アイデア""}, {""text"": ""，"", ""type"": ""punct""}, {""text"": ""你"", ""type"": ""vocab"", ""py"": ""nǐ"", ""note"": ""あなた""}, {""text"": ""觉得"", ""type"": ""grammar"", ""py"": ""juéde"", ""note"": ""「〜と思う、感じる」を表す動詞。""}, {""text"": ""中文"", ""type"": ""vocab"", ""py"": ""zhōngwén"", ""note"": ""中国語""}, {""text"": ""最难"", ""type"": ""vocab"", ""py"": ""zuìnán"", ""note"": ""一番難しい""}, {""text"": ""的"", ""type"": ""grammar"", ""py"": ""de"", ""note"": ""名詞を修飾し、所有・限定を表す助詞（〜の）。""}, {""text"": ""是"", ""type"": ""grammar"", ""py"": ""shì"", ""note"": ""「〜である」を表すbe動詞。""}, {""text"": ""什么"", ""type"": ""vocab"", ""py"": ""shénme"", ""note"": ""何""}, {""text"": ""？"", ""type"": ""punct""}]",HSKspeaking_practice
574,59,6,Tom,我觉得声调最难，容易说错。,"Wǒ juéde shēngdiào zuì nán, róngyì shuōcuò.",声調が一番難しいと思う、言い間違えやすい。,"[{""text"": ""我"", ""type"": ""vocab"", ""py"": ""wǒ"", ""note"": ""私""}, {""text"": ""觉得"", ""type"": ""grammar"", ""py"": ""juéde"", ""note"": ""「〜と思う、感じる」を表す動詞。""}, {""text"": ""声调"", ""type"": ""vocab"", ""py"": ""shēngdiào"", ""note"": ""声調""}, {""text"": ""最"", ""type"": ""grammar"", ""py"": ""zuì"", ""note"": ""「もっとも」を表す最上級の副詞。""}, {""text"": ""难"", ""type"": ""vocab"", ""py"": ""nán"", ""note"": ""難しい""}, {""text"": ""，"", ""type"": ""punct""}, {""text"": ""容易"", ""type"": ""vocab"", ""py"": ""róngyì"", ""note"": ""簡単だ、〜しやすい""}, {""text"": ""说错"", ""type"": ""vocab"", ""py"": ""shuōcuò"", ""note"": ""言い間違える""}, {""text"": ""。"", ""type"": ""punct""}]",HSKspeaking_practice
575,59,7,小陈,别担心，多练习就会越来越好。,"Bié dānxīn, duō liànxí jiù huì yuè lái yuè hǎo.",心配しないで、たくさん練習すればどんどん上達するよ。,"[{""text"": ""别"", ""type"": ""grammar"", ""py"": ""bié"", ""note"": ""「〜するな」と禁止を表す副詞。""}, {""text"": ""担心"", ""type"": ""vocab"", ""py"": ""dānxīn"", ""note"": ""心配する""}, {""text"": ""，"", ""type"": ""punct""}, {""text"": ""多"", ""type"": ""vocab"", ""py"": ""duō"", ""note"": ""多い""}, {""text"": ""练习"", ""type"": ""vocab"", ""py"": ""liànxí"", ""note"": ""練習する""}, {""text"": ""就"", ""type"": ""grammar"", ""py"": ""jiù"", ""note"": ""「すぐに、まさに」など、条件の帰結や強調を表す副詞。""}, {""text"": ""会"", ""type"": ""grammar"", ""py"": ""huì"", ""note"": ""「〜するだろう」「（習得して）〜できる」という可能性・技能を表す助動詞。""}, {""text"": ""越来越"", ""type"": ""grammar"", ""py"": ""yuèláiyuè"", ""note"": ""「ますます〜になる」を表す表現。""}, {""text"": ""好"", ""type"": ""vocab"", ""py"": ""hǎo"", ""note"": ""良い、元気だ""}, {""text"": ""。"", ""type"": ""punct""}]",HSKspeaking_practice
576,59,8,Tom,谢谢你的鼓励，我们下周继续吧。,"Xièxie nǐ de gǔlì, wǒmen xiàzhōu jìxù ba.",励ましてくれてありがとう、来週も続けよう。,"[{""text"": ""谢谢"", ""type"": ""vocab"", ""py"": ""xièxiè"", ""note"": ""ありがとう""}, {""text"": ""你"", ""type"": ""vocab"", ""py"": ""nǐ"", ""note"": ""あなた""}, {""text"": ""的"", ""type"": ""grammar"", ""py"": ""de"", ""note"": ""名詞を修飾し、所有・限定を表す助詞（〜の）。""}, {""text"": ""鼓励"", ""type"": ""vocab"", ""py"": ""gǔlì"", ""note"": ""奨励する""}, {""text"": ""，"", ""type"": ""punct""}, {""text"": ""我们"", ""type"": ""vocab"", ""py"": ""wǒmen"", ""note"": ""私たち""}, {""text"": ""下周"", ""type"": ""vocab"", ""py"": ""xiàzhōu"", ""note"": ""来週""}, {""text"": ""继续"", ""type"": ""vocab"", ""py"": ""jìxù"", ""note"": ""続ける""}, {""text"": ""吧"", ""type"": ""grammar"", ""py"": ""ba"", ""note"": ""提案・推量・軽い命令を表す文末助詞（〜しよう、〜でしょう）。""}, {""text"": ""。"", ""type"": ""punct""}]",HSKspeaking_practice
577,59,9,小陈,好，一起加油！,"Hǎo, yìqǐ jiāyóu!",うん、一緒に頑張ろう！,"[{""text"": ""好"", ""type"": ""vocab"", ""py"": ""hǎo"", ""note"": ""良い、元気だ""}, {""text"": ""，"", ""type"": ""punct""}, {""text"": ""一起"", ""type"": ""vocab"", ""py"": ""yìqǐ"", ""note"": ""一緒に""}, {""text"": ""加油"", ""type"": ""vocab"", ""py"": ""jiāyóu"", ""note"": ""頑張る""}, {""text"": ""！"", ""type"": ""punct""}]",HSKspeaking_practice
578,60,1,面试官,请介绍一下你自己吧。,Qǐng jièshào yíxià nǐ zìjǐ ba.,自己紹介をお願いします。,"[{""text"": ""请"", ""type"": ""vocab"", ""py"": ""qǐng"", ""note"": ""どうぞ〜してください""}, {""text"": ""介绍"", ""type"": ""vocab"", ""py"": ""jièshào"", ""note"": ""紹介する""}, {""text"": ""一下"", ""type"": ""grammar"", ""py"": ""yīxià"", ""note"": ""動詞の後について「ちょっと〜する」と動作の軽さ・短さを表す表現。""}, {""text"": ""你"", ""type"": ""vocab"", ""py"": ""nǐ"", ""note"": ""あなた""}, {""text"": ""自己"", ""type"": ""vocab"", ""py"": ""zìjǐ"", ""note"": ""自分自身""}, {""text"": ""吧"", ""type"": ""grammar"", ""py"": ""ba"", ""note"": ""提案・推量・軽い命令を表す文末助詞（〜しよう、〜でしょう）。""}, {""text"": ""。"", ""type"": ""punct""}]",HSKspeaking_practice
579,60,2,小艺,我是大三学生，学的是市场营销专业。,"Wǒ shì dàsān xuésheng, xué de shì shìchǎng yíngxiāo zhuānyè.",私は大学3年生で、マーケティングを専攻しています。,"[{""text"": ""我"", ""type"": ""vocab"", ""py"": ""wǒ"", ""note"": ""私""}, {""text"": ""是"", ""type"": ""grammar"", ""py"": ""shì"", ""note"": ""「〜である」を表すbe動詞。""}, {""text"": ""大三"", ""type"": ""vocab"", ""py"": ""dàsān"", ""note"": ""大学3年生""}, {""text"": ""学生"", ""type"": ""vocab"", ""py"": ""xuéshēng"", ""note"": ""学生""}, {""text"": ""，"", ""type"": ""punct""}, {""text"": ""学"", ""type"": ""vocab"", ""py"": ""xué"", ""note"": ""習う、学ぶ""}, {""text"": ""的"", ""type"": ""grammar"", ""py"": ""de"", ""note"": ""名詞を修飾し、所有・限定を表す助詞（〜の）。""}, {""text"": ""是"", ""type"": ""grammar"", ""py"": ""shì"", ""note"": ""「〜である」を表すbe動詞。""}, {""text"": ""市场营销"", ""type"": ""vocab"", ""py"": ""shìchǎngyíngxiāo"", ""note"": ""マーケティング""}, {""text"": ""专业"", ""type"": ""vocab"", ""py"": ""zhuānyè"", ""note"": ""専攻""}, {""text"": ""。"", ""type"": ""punct""}]",HSKspeaking_practice
580,60,3,面试官,你为什么想来我们公司实习？,Nǐ wèishénme xiǎng lái wǒmen gōngsī shíxí?,なぜ弊社でインターンをしたいと思ったのですか？,"[{""text"": ""你"", ""type"": ""vocab"", ""py"": ""nǐ"", ""note"": ""あなた""}, {""text"": ""为什么"", ""type"": ""grammar"", ""py"": ""wèishénme"", ""note"": ""「なぜ」と理由を尋ねる疑問詞。""}, {""text"": ""想来"", ""type"": ""vocab"", ""py"": ""xiǎnglái"", ""note"": ""来たいと思う（想＋来）""}, {""text"": ""我们"", ""type"": ""vocab"", ""py"": ""wǒmen"", ""note"": ""私たち""}, {""text"": ""公司"", ""type"": ""vocab"", ""py"": ""gōngsī"", ""note"": ""会社""}, {""text"": ""实习"", ""type"": ""vocab"", ""py"": ""shíxí"", ""note"": ""インターンをする、実習""}, {""text"": ""？"", ""type"": ""punct""}]",HSKspeaking_practice
581,60,4,小艺,因为贵公司在行业里很有名，我想学到更多经验。,"Yīnwèi guì gōngsī zài hángyè lǐ hěn yǒumíng, wǒ xiǎng xuédào gèng duō jīngyàn.",御社は業界で有名で、もっと経験を積みたいと思ったからです。,"[{""text"": ""因为"", ""type"": ""grammar"", ""py"": ""yīnwèi"", ""note"": ""「なぜなら、〜なので」と原因を表す接続詞。「因为…所以…」の形でよく使う。""}, {""text"": ""贵"", ""type"": ""vocab"", ""py"": ""guì"", ""note"": ""（値段が）高い""}, {""text"": ""公司"", ""type"": ""vocab"", ""py"": ""gōngsī"", ""note"": ""会社""}, {""text"": ""在"", ""type"": ""grammar"", ""py"": ""zài"", ""note"": ""「〜にいる／ある」を表す動詞、または動詞の前について進行「〜している」を表す。""}, {""text"": ""行业"", ""type"": ""vocab"", ""py"": ""hángyè"", ""note"": ""業界""}, {""text"": ""里"", ""type"": ""vocab"", ""py"": ""lǐ"", ""note"": ""〜の中""}, {""text"": ""很"", ""type"": ""grammar"", ""py"": ""hěn"", ""note"": ""「とても」を表す程度の副詞。形容詞文でよく使われる。""}, {""text"": ""有名"", ""type"": ""vocab"", ""py"": ""yǒumíng"", ""note"": ""有名だ""}, {""text"": ""，"", ""type"": ""punct""}, {""text"": ""我"", ""type"": ""vocab"", ""py"": ""wǒ"", ""note"": ""私""}, {""text"": ""想"", ""type"": ""grammar"", ""py"": ""xiǎng"", ""note"": ""「〜したい」という願望を表す助動詞。""}, {""text"": ""学到"", ""type"": ""vocab"", ""py"": ""xuédào"", ""note"": ""学んで身につける（学＋到）""}, {""text"": ""更"", ""type"": ""grammar"", ""py"": ""gèng"", ""note"": ""「さらに、もっと」を表す程度の副詞（比較を強める）。""}, {""text"": ""多"", ""type"": ""vocab"", ""py"": ""duō"", ""note"": ""多い""}, {""text"": ""经验"", ""type"": ""vocab"", ""py"": ""jīngyàn"", ""note"": ""経験""}, {""text"": ""。"", ""type"": ""punct""}]",HSKspeaking_practice
582,60,5,面试官,你有没有相关的实习经历？,Nǐ yǒu méiyǒu xiāngguān de shíxí jīnglì?,関連するインターン経験はありますか？,"[{""text"": ""你"", ""type"": ""vocab"", ""py"": ""nǐ"", ""note"": ""あなた""}, {""text"": ""有没有"", ""type"": ""vocab"", ""py"": ""yǒuméiyǒu"", ""note"": ""〜がありますか""}, {""text"": ""相关"", ""type"": ""vocab"", ""py"": ""xiāngguān"", ""note"": ""関連する""}, {""text"": ""的"", ""type"": ""grammar"", ""py"": ""de"", ""note"": ""名詞を修飾し、所有・限定を表す助詞（〜の）。""}, {""text"": ""实习"", ""type"": ""vocab"", ""py"": ""shíxí"", ""note"": ""インターンをする、実習""}, {""text"": ""经历"", ""type"": ""vocab"", ""py"": ""jīnglì"", ""note"": ""経歴、経験""}, {""text"": ""？"", ""type"": ""punct""}]",HSKspeaking_practice
583,60,6,小艺,有，去年我在一家广告公司实习过三个月。,"Yǒu, qùnián wǒ zài yì jiā guǎnggào gōngsī shíxíguo sān ge yuè.",はい、去年広告会社で3ヶ月間インターンをしました。,"[{""text"": ""有"", ""type"": ""grammar"", ""py"": ""yǒu"", ""note"": ""「持っている、ある」を表す動詞。否定形は「没有」。""}, {""text"": ""，"", ""type"": ""punct""}, {""text"": ""去年"", ""type"": ""vocab"", ""py"": ""qùnián"", ""note"": ""去年""}, {""text"": ""我"", ""type"": ""vocab"", ""py"": ""wǒ"", ""note"": ""私""}, {""text"": ""在"", ""type"": ""grammar"", ""py"": ""zài"", ""note"": ""「〜にいる／ある」を表す動詞、または動詞の前について進行「〜している」を表す。""}, {""text"": ""一家"", ""type"": ""vocab"", ""py"": ""yījiā"", ""note"": ""1社、一軒""}, {""text"": ""广告公司"", ""type"": ""vocab"", ""py"": ""guǎnggàogōngsī"", ""note"": ""広告会社""}, {""text"": ""实习"", ""type"": ""vocab"", ""py"": ""shíxí"", ""note"": ""インターンをする、実習""}, {""text"": ""过"", ""type"": ""grammar"", ""py"": ""guò"", ""note"": ""動詞の後について「〜したことがある」という経験を表す助詞。""}, {""text"": ""三个"", ""type"": ""vocab"", ""py"": ""sāngè"", ""note"": ""3つ""}, {""text"": ""月"", ""type"": ""vocab"", ""py"": ""yuè"", ""note"": ""月""}, {""text"": ""。"", ""type"": ""punct""}]",HSKspeaking_practice
584,60,7,面试官,很好，你什么时候可以开始上班？,"Hěn hǎo, nǐ shénme shíhou kěyǐ kāishǐ shàngbān?",いいですね、いつから勤務を開始できますか？,"[{""text"": ""很"", ""type"": ""grammar"", ""py"": ""hěn"", ""note"": ""「とても」を表す程度の副詞。形容詞文でよく使われる。""}, {""text"": ""好"", ""type"": ""vocab"", ""py"": ""hǎo"", ""note"": ""良い、元気だ""}, {""text"": ""，"", ""type"": ""punct""}, {""text"": ""你"", ""type"": ""vocab"", ""py"": ""nǐ"", ""note"": ""あなた""}, {""text"": ""什么"", ""type"": ""vocab"", ""py"": ""shénme"", ""note"": ""何""}, {""text"": ""时候"", ""type"": ""vocab"", ""py"": ""shíhòu"", ""note"": ""時、頃""}, {""text"": ""可以"", ""type"": ""grammar"", ""py"": ""kěyǐ"", ""note"": ""「〜してもよい、〜できる」という許可・可能を表す助動詞。""}, {""text"": ""开始"", ""type"": ""vocab"", ""py"": ""kāishǐ"", ""note"": ""始まる、始める""}, {""text"": ""上班"", ""type"": ""vocab"", ""py"": ""shàngbān"", ""note"": ""出勤する""}, {""text"": ""？"", ""type"": ""punct""}]",HSKspeaking_practice
585,60,8,小艺,下周一就可以，我随时都准备好了。,"Xiàzhōu yī jiù kěyǐ, wǒ suíshí dōu zhǔnbèi hǎo le.",来週の月曜日から可能です、いつでも準備はできています。,"[{""text"": ""下周一"", ""type"": ""vocab"", ""py"": ""xiàzhōuyī"", ""note"": ""来週月曜日""}, {""text"": ""就"", ""type"": ""grammar"", ""py"": ""jiù"", ""note"": ""「すぐに、まさに」など、条件の帰結や強調を表す副詞。""}, {""text"": ""可以"", ""type"": ""grammar"", ""py"": ""kěyǐ"", ""note"": ""「〜してもよい、〜できる」という許可・可能を表す助動詞。""}, {""text"": ""，"", ""type"": ""punct""}, {""text"": ""我"", ""type"": ""vocab"", ""py"": ""wǒ"", ""note"": ""私""}, {""text"": ""随时"", ""type"": ""vocab"", ""py"": ""suíshí"", ""note"": ""いつでも""}, {""text"": ""都"", ""type"": ""grammar"", ""py"": ""dōu"", ""note"": ""「みな、すべて」を表す副詞。""}, {""text"": ""准备"", ""type"": ""vocab"", ""py"": ""zhǔnbèi"", ""note"": ""準備する""}, {""text"": ""好"", ""type"": ""vocab"", ""py"": ""hǎo"", ""note"": ""良い、元気だ""}, {""text"": ""了"", ""type"": ""grammar"", ""py"": ""le"", ""note"": ""動作の完了や状態の変化を表す助詞（文末や動詞の直後に置く）。""}, {""text"": ""。"", ""type"": ""punct""}]",HSKspeaking_practice
586,60,9,面试官,好的，我们会尽快通知你结果。,"Hǎo de, wǒmen huì jǐnkuài tōngzhī nǐ jiéguǒ.",わかりました、できるだけ早く結果をご連絡します。,"[{""text"": ""好"", ""type"": ""vocab"", ""py"": ""hǎo"", ""note"": ""良い、元気だ""}, {""text"": ""的"", ""type"": ""grammar"", ""py"": ""de"", ""note"": ""名詞を修飾し、所有・限定を表す助詞（〜の）。""}, {""text"": ""，"", ""type"": ""punct""}, {""text"": ""我们"", ""type"": ""vocab"", ""py"": ""wǒmen"", ""note"": ""私たち""}, {""text"": ""会"", ""type"": ""grammar"", ""py"": ""huì"", ""note"": ""「〜するだろう」「（習得して）〜できる」という可能性・技能を表す助動詞。""}, {""text"": ""尽快"", ""type"": ""vocab"", ""py"": ""jǐnkuài"", ""note"": ""できるだけ早く""}, {""text"": ""通知"", ""type"": ""vocab"", ""py"": ""tōngzhī"", ""note"": ""知らせる、通知する""}, {""text"": ""你"", ""type"": ""vocab"", ""py"": ""nǐ"", ""note"": ""あなた""}, {""text"": ""结果"", ""type"": ""vocab"", ""py"": ""jiéguǒ"", ""note"": ""結果""}, {""text"": ""。"", ""type"": ""punct""}]",HSKspeaking_practice
587,61,1,张部长,今天我们讨论一下新项目的进度。,Jīntiān wǒmen tǎolùn yíxià xīn xiàngmù de jìndù.,今日は新しいプロジェクトの進捗について話し合いましょう。,"[{""text"": ""今天"", ""type"": ""vocab"", ""py"": ""jīntiān"", ""note"": ""今日""}, {""text"": ""我们"", ""type"": ""vocab"", ""py"": ""wǒmen"", ""note"": ""私たち""}, {""text"": ""讨论一下"", ""type"": ""vocab"", ""py"": ""tǎolùnyīxià"", ""note"": ""ちょっと議論する""}, {""text"": ""新"", ""type"": ""vocab"", ""py"": ""xīn"", ""note"": ""新しい""}, {""text"": ""项目"", ""type"": ""vocab"", ""py"": ""xiàngmù"", ""note"": ""プロジェクト""}, {""text"": ""的"", ""type"": ""grammar"", ""py"": ""de"", ""note"": ""名詞を修飾し、所有・限定を表す助詞（〜の）。""}, {""text"": ""进度"", ""type"": ""vocab"", ""py"": ""jìndù"", ""note"": ""進捗""}, {""text"": ""。"", ""type"": ""punct""}]",HSKspeaking_practice
588,61,2,小陈,目前设计部分已经完成了百分之八十。,Mùqián shèjì bùfen yǐjīng wánchéngle bǎifēnzhī bāshí.,現在デザイン部分は80%完成しています。,"[{""text"": ""目前"", ""type"": ""vocab"", ""py"": ""mùqián"", ""note"": ""現在、目下""}, {""text"": ""设计"", ""type"": ""vocab"", ""py"": ""shèjì"", ""note"": ""デザイン、設計""}, {""text"": ""部分"", ""type"": ""vocab"", ""py"": ""bùfèn"", ""note"": ""部分""}, {""text"": ""已经"", ""type"": ""grammar"", ""py"": ""yǐjīng"", ""note"": ""「すでに」を表す副詞。多くの場合、文末の「了」とセットで使う。""}, {""text"": ""完成"", ""type"": ""vocab"", ""py"": ""wánchéng"", ""note"": ""完成する""}, {""text"": ""了"", ""type"": ""grammar"", ""py"": ""le"", ""note"": ""動作の完了や状態の変化を表す助詞（文末や動詞の直後に置く）。""}, {""text"": ""百分之八十"", ""type"": ""vocab"", ""py"": ""bǎifēnzhībāshí"", ""note"": ""80パーセント""}, {""text"": ""。"", ""type"": ""punct""}]",HSKspeaking_practice
589,61,3,阿美,技术部分还需要再调整一些细节。,Jìshù bùfen hái xūyào zài tiáozhěng yìxiē xìjié.,技術部分はまだ細かい部分の調整が必要です。,"[{""text"": ""技术"", ""type"": ""vocab"", ""py"": ""jìshù"", ""note"": ""技術""}, {""text"": ""部分"", ""type"": ""vocab"", ""py"": ""bùfèn"", ""note"": ""部分""}, {""text"": ""还"", ""type"": ""grammar"", ""py"": ""hái"", ""note"": ""「まだ、さらに」を表す副詞。""}, {""text"": ""需要"", ""type"": ""vocab"", ""py"": ""xūyào"", ""note"": ""必要とする""}, {""text"": ""再"", ""type"": ""grammar"", ""py"": ""zài"", ""note"": ""「また、さらに（これから先の繰り返し）」を表す副詞。""}, {""text"": ""调整"", ""type"": ""vocab"", ""py"": ""tiáozhěng"", ""note"": ""調整する""}, {""text"": ""一些"", ""type"": ""grammar"", ""py"": ""yīxiē"", ""note"": ""「いくつかの、少しの」を表す数量表現。""}, {""text"": ""细节"", ""type"": ""vocab"", ""py"": ""xìjié"", ""note"": ""細部""}, {""text"": ""。"", ""type"": ""punct""}]",HSKspeaking_practice
590,61,4,张部长,大概还需要多长时间？,Dàgài hái xūyào duō cháng shíjiān?,だいたいあとどのくらい時間が必要ですか？,"[{""text"": ""大概"", ""type"": ""vocab"", ""py"": ""dàgài"", ""note"": ""だいたい、おそらく""}, {""text"": ""还"", ""type"": ""grammar"", ""py"": ""hái"", ""note"": ""「まだ、さらに」を表す副詞。""}, {""text"": ""需要"", ""type"": ""vocab"", ""py"": ""xūyào"", ""note"": ""必要とする""}, {""text"": ""多长时间"", ""type"": ""vocab"", ""py"": ""duōzhǎngshíjiān"", ""note"": ""どのくらいの時間""}, {""text"": ""？"", ""type"": ""punct""}]",HSKspeaking_practice
591,61,5,阿美,如果顺利的话，一周之内可以完成。,"Rúguǒ shùnlì dehuà, yì zhōu zhī nèi kěyǐ wánchéng.",順調に行けば、1週間以内に完成できます。,"[{""text"": ""如果"", ""type"": ""grammar"", ""py"": ""rúguǒ"", ""note"": ""「もし〜なら」仮定を表す接続詞。「如果…就…」の形でよく使う。""}, {""text"": ""顺利"", ""type"": ""vocab"", ""py"": ""shùnlì"", ""note"": ""順調だ""}, {""text"": ""的话"", ""type"": ""vocab"", ""py"": ""dehuà"", ""note"": ""〜ならば（もし〜の話）""}, {""text"": ""，"", ""type"": ""punct""}, {""text"": ""一周"", ""type"": ""vocab"", ""py"": ""yīzhōu"", ""note"": ""1週間""}, {""text"": ""之内"", ""type"": ""vocab"", ""py"": ""zhīnèi"", ""note"": ""〜以内""}, {""text"": ""可以"", ""type"": ""grammar"", ""py"": ""kěyǐ"", ""note"": ""「〜してもよい、〜できる」という許可・可能を表す助動詞。""}, {""text"": ""完成"", ""type"": ""vocab"", ""py"": ""wánchéng"", ""note"": ""完成する""}, {""text"": ""。"", ""type"": ""punct""}]",HSKspeaking_practice
592,61,6,张部长,好，小陈，你那边有没有困难？,"Hǎo, Xiǎochén, nǐ nàbiān yǒu méiyǒu kùnnan?",わかりました、小陈さん、そちらは何か困難がありますか？,"[{""text"": ""好"", ""type"": ""vocab"", ""py"": ""hǎo"", ""note"": ""良い、元気だ""}, {""text"": ""，"", ""type"": ""punct""}, {""text"": ""小陈"", ""type"": ""vocab"", ""py"": ""xiǎochén"", ""note"": ""（人名）""}, {""text"": ""，"", ""type"": ""punct""}, {""text"": ""你"", ""type"": ""vocab"", ""py"": ""nǐ"", ""note"": ""あなた""}, {""text"": ""那边"", ""type"": ""vocab"", ""py"": ""nàbiān"", ""note"": ""そちら""}, {""text"": ""有没有"", ""type"": ""vocab"", ""py"": ""yǒuméiyǒu"", ""note"": ""〜がありますか""}, {""text"": ""困难"", ""type"": ""vocab"", ""py"": ""kùnnán"", ""note"": ""困難""}, {""text"": ""？"", ""type"": ""punct""}]",HSKspeaking_practice
593,61,7,小陈,暂时没有，不过还需要更多的人手。,"Zànshí méiyǒu, búguò hái xūyào gèng duō de rénshǒu.",今のところないですが、もっと人手が必要です。,"[{""text"": ""暂时"", ""type"": ""vocab"", ""py"": ""zànshí"", ""note"": ""一時的に、今のところ""}, {""text"": ""没有"", ""type"": ""vocab"", ""py"": ""méiyǒu"", ""note"": ""ない""}, {""text"": ""，"", ""type"": ""punct""}, {""text"": ""不过"", ""type"": ""grammar"", ""py"": ""bùguò"", ""note"": ""「ただし、でも」を表す軽い転換の接続詞。""}, {""text"": ""还"", ""type"": ""grammar"", ""py"": ""hái"", ""note"": ""「まだ、さらに」を表す副詞。""}, {""text"": ""需要"", ""type"": ""vocab"", ""py"": ""xūyào"", ""note"": ""必要とする""}, {""text"": ""更"", ""type"": ""grammar"", ""py"": ""gèng"", ""note"": ""「さらに、もっと」を表す程度の副詞（比較を強める）。""}, {""text"": ""多"", ""type"": ""vocab"", ""py"": ""duō"", ""note"": ""多い""}, {""text"": ""的"", ""type"": ""grammar"", ""py"": ""de"", ""note"": ""名詞を修飾し、所有・限定を表す助詞（〜の）。""}, {""text"": ""人手"", ""type"": ""vocab"", ""py"": ""rénshǒu"", ""note"": ""人手""}, {""text"": ""。"", ""type"": ""punct""}]",HSKspeaking_practice
594,61,8,张部长,我会跟人事部门沟通一下。,Wǒ huì gēn rénshì bùmén gōutōng yíxià.,人事部と相談してみます。,"[{""text"": ""我会"", ""type"": ""vocab"", ""py"": ""wǒhuì"", ""note"": ""私は〜します""}, {""text"": ""跟"", ""type"": ""grammar"", ""py"": ""gēn"", ""note"": ""「〜と」を表す介詞。一緒に何かをする相手を示す。""}, {""text"": ""人事部门"", ""type"": ""vocab"", ""py"": ""rénshìbùmén"", ""note"": ""人事部""}, {""text"": ""沟通"", ""type"": ""vocab"", ""py"": ""gōutōng"", ""note"": ""コミュニケーションを取る""}, {""text"": ""一下"", ""type"": ""grammar"", ""py"": ""yīxià"", ""note"": ""動詞の後について「ちょっと〜する」と動作の軽さ・短さを表す表現。""}, {""text"": ""。"", ""type"": ""punct""}]",HSKspeaking_practice
595,61,9,阿美,谢谢部长的支持。,Xièxie bùzhǎng de zhīchí.,部長のサポートに感謝します。,"[{""text"": ""谢谢"", ""type"": ""vocab"", ""py"": ""xièxiè"", ""note"": ""ありがとう""}, {""text"": ""部长"", ""type"": ""vocab"", ""py"": ""bùzhǎng"", ""note"": ""部長""}, {""text"": ""的"", ""type"": ""grammar"", ""py"": ""de"", ""note"": ""名詞を修飾し、所有・限定を表す助詞（〜の）。""}, {""text"": ""支持"", ""type"": ""vocab"", ""py"": ""zhīchí"", ""note"": ""支持する、支える""}, {""text"": ""。"", ""type"": ""punct""}]",HSKspeaking_practice
596,62,1,小雯,阿飞，关于这个方案，我有不同的看法。,"Āfēi, guānyú zhège fāng'àn, wǒ yǒu bùtóng de kànfǎ.",阿飞、この案について、私は違う考えがあるんだ。,"[{""text"": ""阿飞"", ""type"": ""vocab"", ""py"": ""āfēi"", ""note"": ""（人名）""}, {""text"": ""，"", ""type"": ""punct""}, {""text"": ""关于"", ""type"": ""vocab"", ""py"": ""guānyú"", ""note"": ""〜について""}, {""text"": ""这个"", ""type"": ""vocab"", ""py"": ""zhège"", ""note"": ""これ""}, {""text"": ""方案"", ""type"": ""vocab"", ""py"": ""fāngàn"", ""note"": ""案、プラン""}, {""text"": ""，"", ""type"": ""punct""}, {""text"": ""我"", ""type"": ""vocab"", ""py"": ""wǒ"", ""note"": ""私""}, {""text"": ""有"", ""type"": ""grammar"", ""py"": ""yǒu"", ""note"": ""「持っている、ある」を表す動詞。否定形は「没有」。""}, {""text"": ""不同"", ""type"": ""vocab"", ""py"": ""bùtóng"", ""note"": ""異なる""}, {""text"": ""的"", ""type"": ""grammar"", ""py"": ""de"", ""note"": ""名詞を修飾し、所有・限定を表す助詞（〜の）。""}, {""text"": ""看法"", ""type"": ""vocab"", ""py"": ""kànfǎ"", ""note"": ""意見、見方""}, {""text"": ""。"", ""type"": ""punct""}]",HSKspeaking_practice
597,62,2,阿飞,没关系，你说说看，我们可以讨论。,"Méi guānxi, nǐ shuōshuo kàn, wǒmen kěyǐ tǎolùn.",大丈夫、話してみて、一緒に話し合おう。,"[{""text"": ""没关系"", ""type"": ""vocab"", ""py"": ""méiguānxì"", ""note"": ""大丈夫、構いません""}, {""text"": ""，"", ""type"": ""punct""}, {""text"": ""你"", ""type"": ""vocab"", ""py"": ""nǐ"", ""note"": ""あなた""}, {""text"": ""说说看"", ""type"": ""vocab"", ""py"": ""shuōshuōkàn"", ""note"": ""ちょっと話してみて（说说＋看）""}, {""text"": ""，"", ""type"": ""punct""}, {""text"": ""我们"", ""type"": ""vocab"", ""py"": ""wǒmen"", ""note"": ""私たち""}, {""text"": ""可以"", ""type"": ""grammar"", ""py"": ""kěyǐ"", ""note"": ""「〜してもよい、〜できる」という許可・可能を表す助動詞。""}, {""text"": ""讨论"", ""type"": ""vocab"", ""py"": ""tǎolùn"", ""note"": ""討論する""}, {""text"": ""。"", ""type"": ""punct""}]",HSKspeaking_practice
598,62,3,小雯,我觉得这个计划的时间安排太紧张了。,Wǒ juéde zhège jìhuà de shíjiān ānpái tài jǐnzhāng le.,この計画のスケジュールはタイトすぎると思う。,"[{""text"": ""我"", ""type"": ""vocab"", ""py"": ""wǒ"", ""note"": ""私""}, {""text"": ""觉得"", ""type"": ""grammar"", ""py"": ""juéde"", ""note"": ""「〜と思う、感じる」を表す動詞。""}, {""text"": ""这个"", ""type"": ""vocab"", ""py"": ""zhège"", ""note"": ""これ""}, {""text"": ""计划"", ""type"": ""vocab"", ""py"": ""jìhuà"", ""note"": ""計画""}, {""text"": ""的"", ""type"": ""grammar"", ""py"": ""de"", ""note"": ""名詞を修飾し、所有・限定を表す助詞（〜の）。""}, {""text"": ""时间"", ""type"": ""vocab"", ""py"": ""shíjiān"", ""note"": ""時間""}, {""text"": ""安排"", ""type"": ""vocab"", ""py"": ""ānpái"", ""note"": ""手配、スケジュール""}, {""text"": ""太紧张"", ""type"": ""vocab"", ""py"": ""tàijǐnzhāng"", ""note"": ""タイトすぎる（太＋紧张）""}, {""text"": ""了"", ""type"": ""grammar"", ""py"": ""le"", ""note"": ""動作の完了や状態の変化を表す助詞（文末や動詞の直後に置く）。""}, {""text"": ""。"", ""type"": ""punct""}]",HSKspeaking_practice
599,62,4,阿飞,但是如果不快一点，可能赶不上截止日期。,"Dànshì rúguǒ bú kuài yìdiǎn, kěnéng gǎn bu shàng jiézhǐ rìqī.",でももう少し速くしないと、締め切りに間に合わないかもしれない。,"[{""text"": ""但是"", ""type"": ""grammar"", ""py"": ""dànshì"", ""note"": ""「しかし」を表す接続詞。""}, {""text"": ""如果"", ""type"": ""grammar"", ""py"": ""rúguǒ"", ""note"": ""「もし〜なら」仮定を表す接続詞。「如果…就…」の形でよく使う。""}, {""text"": ""不快"", ""type"": ""vocab"", ""py"": ""bùkuài"", ""note"": ""速くない（不＋快）""}, {""text"": ""一点"", ""type"": ""vocab"", ""py"": ""yìdiǎn"", ""note"": ""少し""}, {""text"": ""，"", ""type"": ""punct""}, {""text"": ""可能"", ""type"": ""grammar"", ""py"": ""kěnéng"", ""note"": ""「〜かもしれない、〜の可能性がある」ということを表す副詞（助動詞的に使われる）。""}, {""text"": ""赶不上"", ""type"": ""vocab"", ""py"": ""gǎnbùshàng"", ""note"": ""間に合わない""}, {""text"": ""截止"", ""type"": ""vocab"", ""py"": ""jiézhǐ"", ""note"": ""締め切る""}, {""text"": ""日期"", ""type"": ""vocab"", ""py"": ""rìqī"", ""note"": ""日付""}, {""text"": ""。"", ""type"": ""punct""}]",HSKspeaking_practice
600,62,5,小雯,那我们可不可以先跟客户商量一下延期？,Nà wǒmen kě bu kěyǐ xiān gēn kèhù shāngliang yíxià yánqī?,じゃあ先にお客さんに延期を相談できないかな？,"[{""text"": ""那"", ""type"": ""vocab"", ""py"": ""nà"", ""note"": ""あれ、それ／それなら""}, {""text"": ""我们"", ""type"": ""vocab"", ""py"": ""wǒmen"", ""note"": ""私たち""}, {""text"": ""可不可以"", ""type"": ""vocab"", ""py"": ""kěbùkěyǐ"", ""note"": ""〜してもいいですか""}, {""text"": ""先"", ""type"": ""grammar"", ""py"": ""xiān"", ""note"": ""「まず、先に」を表す副詞。""}, {""text"": ""跟"", ""type"": ""grammar"", ""py"": ""gēn"", ""note"": ""「〜と」を表す介詞。一緒に何かをする相手を示す。""}, {""text"": ""客户"", ""type"": ""vocab"", ""py"": ""kèhù"", ""note"": ""顧客""}, {""text"": ""商量一下"", ""type"": ""vocab"", ""py"": ""shāngliángyīxià"", ""note"": ""ちょっと相談する""}, {""text"": ""延期"", ""type"": ""vocab"", ""py"": ""yánqī"", ""note"": ""延期する""}, {""text"": ""？"", ""type"": ""punct""}]",HSKspeaking_practice
601,62,6,阿飞,这个主意可以试试，我去联系客户。,"Zhège zhǔyi kěyǐ shìshi, wǒ qù liánxì kèhù.",その考えは試してみる価値があるね、お客さんに連絡してみるよ。,"[{""text"": ""这个"", ""type"": ""vocab"", ""py"": ""zhège"", ""note"": ""これ""}, {""text"": ""主意"", ""type"": ""vocab"", ""py"": ""zhǔyì"", ""note"": ""考え、アイデア""}, {""text"": ""可以"", ""type"": ""grammar"", ""py"": ""kěyǐ"", ""note"": ""「〜してもよい、〜できる」という許可・可能を表す助動詞。""}, {""text"": ""试试"", ""type"": ""vocab"", ""py"": ""shìshì"", ""note"": ""試してみる""}, {""text"": ""，"", ""type"": ""punct""}, {""text"": ""我"", ""type"": ""vocab"", ""py"": ""wǒ"", ""note"": ""私""}, {""text"": ""去"", ""type"": ""vocab"", ""py"": ""qù"", ""note"": ""行く""}, {""text"": ""联系"", ""type"": ""vocab"", ""py"": ""liánxì"", ""note"": ""連絡する""}, {""text"": ""客户"", ""type"": ""vocab"", ""py"": ""kèhù"", ""note"": ""顧客""}, {""text"": ""。"", ""type"": ""punct""}]",HSKspeaking_practice
602,62,7,小雯,谢谢你愿意听我的意见。,Xièxie nǐ yuànyì tīng wǒ de yìjiàn.,私の意見を聞いてくれてありがとう。,"[{""text"": ""谢谢"", ""type"": ""vocab"", ""py"": ""xièxiè"", ""note"": ""ありがとう""}, {""text"": ""你"", ""type"": ""vocab"", ""py"": ""nǐ"", ""note"": ""あなた""}, {""text"": ""愿意"", ""type"": ""vocab"", ""py"": ""yuànyì"", ""note"": ""〜したいと思う、望む""}, {""text"": ""听"", ""type"": ""vocab"", ""py"": ""tīng"", ""note"": ""聞く""}, {""text"": ""我"", ""type"": ""vocab"", ""py"": ""wǒ"", ""note"": ""私""}, {""text"": ""的"", ""type"": ""grammar"", ""py"": ""de"", ""note"": ""名詞を修飾し、所有・限定を表す助詞（〜の）。""}, {""text"": ""意见"", ""type"": ""vocab"", ""py"": ""yìjiàn"", ""note"": ""意見""}, {""text"": ""。"", ""type"": ""punct""}]",HSKspeaking_practice
603,62,8,阿飞,我们是一个团队，应该互相理解。,"Wǒmen shì yí ge tuánduì, yīnggāi hùxiāng lǐjiě.",私たちはチームだから、お互い理解し合うべきだよね。,"[{""text"": ""我们"", ""type"": ""vocab"", ""py"": ""wǒmen"", ""note"": ""私たち""}, {""text"": ""是"", ""type"": ""grammar"", ""py"": ""shì"", ""note"": ""「〜である」を表すbe動詞。""}, {""text"": ""一个"", ""type"": ""vocab"", ""py"": ""yígè"", ""note"": ""一つ""}, {""text"": ""团队"", ""type"": ""vocab"", ""py"": ""tuánduì"", ""note"": ""チーム""}, {""text"": ""，"", ""type"": ""punct""}, {""text"": ""应该"", ""type"": ""grammar"", ""py"": ""yīnggāi"", ""note"": ""「〜すべきだ」という当然・義務を表す助動詞。""}, {""text"": ""互相理解"", ""type"": ""vocab"", ""py"": ""hùxiānglǐjiě"", ""note"": ""お互いに理解し合う""}, {""text"": ""。"", ""type"": ""punct""}]",HSKspeaking_practice
604,63,1,张部长,小陈，我看了你这个月的工作报告。,"Xiǎochén, wǒ kànle nǐ zhège yuè de gōngzuò bàogào.",小陈さん、あなたの今月の業務報告を見ました。,"[{""text"": ""小陈"", ""type"": ""vocab"", ""py"": ""xiǎochén"", ""note"": ""（人名）""}, {""text"": ""，"", ""type"": ""punct""}, {""text"": ""我"", ""type"": ""vocab"", ""py"": ""wǒ"", ""note"": ""私""}, {""text"": ""看"", ""type"": ""vocab"", ""py"": ""kàn"", ""note"": ""見る""}, {""text"": ""了"", ""type"": ""grammar"", ""py"": ""le"", ""note"": ""動作の完了や状態の変化を表す助詞（文末や動詞の直後に置く）。""}, {""text"": ""你"", ""type"": ""vocab"", ""py"": ""nǐ"", ""note"": ""あなた""}, {""text"": ""这个"", ""type"": ""vocab"", ""py"": ""zhège"", ""note"": ""これ""}, {""text"": ""月"", ""type"": ""vocab"", ""py"": ""yuè"", ""note"": ""月""}, {""text"": ""的"", ""type"": ""grammar"", ""py"": ""de"", ""note"": ""名詞を修飾し、所有・限定を表す助詞（〜の）。""}, {""text"": ""工作"", ""type"": ""vocab"", ""py"": ""gōngzuò"", ""note"": ""仕事、働く""}, {""text"": ""报告"", ""type"": ""vocab"", ""py"": ""bàogào"", ""note"": ""レポート""}, {""text"": ""。"", ""type"": ""punct""}]",HSKspeaking_practice
605,63,2,小陈,谢谢部长，请问有什么问题吗？,"Xièxie bùzhǎng, qǐngwèn yǒu shénme wèntí ma?",ありがとうございます、何か問題がありましたか？,"[{""text"": ""谢谢"", ""type"": ""vocab"", ""py"": ""xièxiè"", ""note"": ""ありがとう""}, {""text"": ""部长"", ""type"": ""vocab"", ""py"": ""bùzhǎng"", ""note"": ""部長""}, {""text"": ""，"", ""type"": ""punct""}, {""text"": ""请问"", ""type"": ""vocab"", ""py"": ""qǐngwèn"", ""note"": ""お尋ねします""}, {""text"": ""有"", ""type"": ""grammar"", ""py"": ""yǒu"", ""note"": ""「持っている、ある」を表す動詞。否定形は「没有」。""}, {""text"": ""什么"", ""type"": ""vocab"", ""py"": ""shénme"", ""note"": ""何""}, {""text"": ""问题"", ""type"": ""vocab"", ""py"": ""wèntí"", ""note"": ""問題""}, {""text"": ""吗"", ""type"": ""grammar"", ""py"": ""ma"", ""note"": ""「はい/いいえ」で答える疑問文を作る文末助詞。""}, {""text"": ""？"", ""type"": ""punct""}]",HSKspeaking_practice
606,63,3,张部长,整体做得不错，但是数据分析部分可以更详细一些。,"Zhěngtǐ zuò de búcuò, dànshì shùjù fēnxī bùfen kěyǐ gèng xiángxì yìxiē.",全体的にはよくできています、ただデータ分析の部分はもう少し詳しくできますよ。,"[{""text"": ""整体"", ""type"": ""vocab"", ""py"": ""zhěngtǐ"", ""note"": ""全体""}, {""text"": ""做"", ""type"": ""vocab"", ""py"": ""zuò"", ""note"": ""する、作る""}, {""text"": ""得"", ""type"": ""grammar"", ""py"": ""dé"", ""note"": ""動詞・形容詞の後について程度や結果を表す補語を導く助詞（〜するのが…だ）。文脈により「〜しなければならない(děi)」の助動詞の場合もある。""}, {""text"": ""不错"", ""type"": ""vocab"", ""py"": ""bùcuò"", ""note"": ""なかなか良い""}, {""text"": ""，"", ""type"": ""punct""}, {""text"": ""但是"", ""type"": ""grammar"", ""py"": ""dànshì"", ""note"": ""「しかし」を表す接続詞。""}, {""text"": ""数据分析"", ""type"": ""vocab"", ""py"": ""shùjùfēnxī"", ""note"": ""データ分析""}, {""text"": ""部分"", ""type"": ""vocab"", ""py"": ""bùfèn"", ""note"": ""部分""}, {""text"": ""可以"", ""type"": ""grammar"", ""py"": ""kěyǐ"", ""note"": ""「〜してもよい、〜できる」という許可・可能を表す助動詞。""}, {""text"": ""更"", ""type"": ""grammar"", ""py"": ""gèng"", ""note"": ""「さらに、もっと」を表す程度の副詞（比較を強める）。""}, {""text"": ""详细"", ""type"": ""vocab"", ""py"": ""xiángxì"", ""note"": ""詳しい""}, {""text"": ""一些"", ""type"": ""grammar"", ""py"": ""yīxiē"", ""note"": ""「いくつかの、少しの」を表す数量表現。""}, {""text"": ""。"", ""type"": ""punct""}]",HSKspeaking_practice
607,63,4,小陈,好的，我下次会补充更多数据。,"Hǎo de, wǒ xiàcì huì bǔchōng gèng duō shùjù.",はい、次回はもっとデータを補足するようにします。,"[{""text"": ""好"", ""type"": ""vocab"", ""py"": ""hǎo"", ""note"": ""良い、元気だ""}, {""text"": ""的"", ""type"": ""grammar"", ""py"": ""de"", ""note"": ""名詞を修飾し、所有・限定を表す助詞（〜の）。""}, {""text"": ""，"", ""type"": ""punct""}, {""text"": ""我"", ""type"": ""vocab"", ""py"": ""wǒ"", ""note"": ""私""}, {""text"": ""下次"", ""type"": ""vocab"", ""py"": ""xiàcì"", ""note"": ""次回""}, {""text"": ""会"", ""type"": ""grammar"", ""py"": ""huì"", ""note"": ""「〜するだろう」「（習得して）〜できる」という可能性・技能を表す助動詞。""}, {""text"": ""补充"", ""type"": ""vocab"", ""py"": ""bǔchōng"", ""note"": ""補足する""}, {""text"": ""更"", ""type"": ""grammar"", ""py"": ""gèng"", ""note"": ""「さらに、もっと」を表す程度の副詞（比較を強める）。""}, {""text"": ""多"", ""type"": ""vocab"", ""py"": ""duō"", ""note"": ""多い""}, {""text"": ""数据"", ""type"": ""vocab"", ""py"": ""shùjù"", ""note"": ""データ""}, {""text"": ""。"", ""type"": ""punct""}]",HSKspeaking_practice
608,63,5,张部长,而且你可以试着提出一些自己的建议。,Érqiě nǐ kěyǐ shìzhe tíchū yìxiē zìjǐ de jiànyì.,それに自分なりの提案も出してみるといいですよ。,"[{""text"": ""而且"", ""type"": ""grammar"", ""py"": ""érqiě"", ""note"": ""「その上、しかも」を表す接続詞。「不但…而且…」の形でよく使う。""}, {""text"": ""你"", ""type"": ""vocab"", ""py"": ""nǐ"", ""note"": ""あなた""}, {""text"": ""可以"", ""type"": ""grammar"", ""py"": ""kěyǐ"", ""note"": ""「〜してもよい、〜できる」という許可・可能を表す助動詞。""}, {""text"": ""试着"", ""type"": ""vocab"", ""py"": ""shìzhe"", ""note"": ""試しに〜してみる""}, {""text"": ""提出"", ""type"": ""vocab"", ""py"": ""tíchū"", ""note"": ""提出する、提案する""}, {""text"": ""一些"", ""type"": ""grammar"", ""py"": ""yīxiē"", ""note"": ""「いくつかの、少しの」を表す数量表現。""}, {""text"": ""自己"", ""type"": ""vocab"", ""py"": ""zìjǐ"", ""note"": ""自分自身""}, {""text"": ""的"", ""type"": ""grammar"", ""py"": ""de"", ""note"": ""名詞を修飾し、所有・限定を表す助詞（〜の）。""}, {""text"": ""建议"", ""type"": ""vocab"", ""py"": ""jiànyì"", ""note"": ""提案する、提案""}, {""text"": ""。"", ""type"": ""punct""}]",HSKspeaking_practice
609,63,6,小陈,明白了，我会更主动一点。,"Míngbai le, wǒ huì gèng zhǔdòng yìdiǎn.",わかりました、もっと積極的にします。,"[{""text"": ""明白"", ""type"": ""vocab"", ""py"": ""míngbái"", ""note"": ""分かる""}, {""text"": ""了"", ""type"": ""grammar"", ""py"": ""le"", ""note"": ""動作の完了や状態の変化を表す助詞（文末や動詞の直後に置く）。""}, {""text"": ""，"", ""type"": ""punct""}, {""text"": ""我会"", ""type"": ""vocab"", ""py"": ""wǒhuì"", ""note"": ""私は〜します""}, {""text"": ""更"", ""type"": ""grammar"", ""py"": ""gèng"", ""note"": ""「さらに、もっと」を表す程度の副詞（比較を強める）。""}, {""text"": ""主动"", ""type"": ""vocab"", ""py"": ""zhǔdòng"", ""note"": ""積極的な""}, {""text"": ""一点"", ""type"": ""vocab"", ""py"": ""yìdiǎn"", ""note"": ""少し""}, {""text"": ""。"", ""type"": ""punct""}]",HSKspeaking_practice
610,63,7,张部长,总的来说，你进步很快，继续加油。,"Zǒngdeláishuō, nǐ jìnbù hěn kuài, jìxù jiāyóu.",全体的に見て、あなたは成長が早い、引き続き頑張ってください。,"[{""text"": ""总的来说"", ""type"": ""vocab"", ""py"": ""zǒngdeláishuō"", ""note"": ""全体的に言うと""}, {""text"": ""，"", ""type"": ""punct""}, {""text"": ""你"", ""type"": ""vocab"", ""py"": ""nǐ"", ""note"": ""あなた""}, {""text"": ""进步"", ""type"": ""vocab"", ""py"": ""jìnbù"", ""note"": ""進歩する""}, {""text"": ""很快"", ""type"": ""vocab"", ""py"": ""hěnkuài"", ""note"": ""速い""}, {""text"": ""，"", ""type"": ""punct""}, {""text"": ""继续"", ""type"": ""vocab"", ""py"": ""jìxù"", ""note"": ""続ける""}, {""text"": ""加油"", ""type"": ""vocab"", ""py"": ""jiāyóu"", ""note"": ""頑張る""}, {""text"": ""。"", ""type"": ""punct""}]",HSKspeaking_practice
611,63,8,小陈,谢谢部长的鼓励，我会努力的。,"Xièxie bùzhǎng de gǔlì, wǒ huì nǔlì de.",励ましありがとうございます、頑張ります。,"[{""text"": ""谢谢"", ""type"": ""vocab"", ""py"": ""xièxiè"", ""note"": ""ありがとう""}, {""text"": ""部长"", ""type"": ""vocab"", ""py"": ""bùzhǎng"", ""note"": ""部長""}, {""text"": ""的"", ""type"": ""grammar"", ""py"": ""de"", ""note"": ""名詞を修飾し、所有・限定を表す助詞（〜の）。""}, {""text"": ""鼓励"", ""type"": ""vocab"", ""py"": ""gǔlì"", ""note"": ""奨励する""}, {""text"": ""，"", ""type"": ""punct""}, {""text"": ""我会"", ""type"": ""vocab"", ""py"": ""wǒhuì"", ""note"": ""私は〜します""}, {""text"": ""努力"", ""type"": ""vocab"", ""py"": ""nǔlì"", ""note"": ""努力""}, {""text"": ""的"", ""type"": ""grammar"", ""py"": ""de"", ""note"": ""名詞を修飾し、所有・限定を表す助詞（〜の）。""}, {""text"": ""。"", ""type"": ""punct""}]",HSKspeaking_practice
612,64,1,主持人,今天我们讨论城市和农村的发展差距问题。,Jīntiān wǒmen tǎolùn chéngshì hé nóngcūn de fāzhǎn chājù wèntí.,今日は都市と農村の発展格差の問題について話し合います。,"[{""text"": ""今天"", ""type"": ""vocab"", ""py"": ""jīntiān"", ""note"": ""今日""}, {""text"": ""我们"", ""type"": ""vocab"", ""py"": ""wǒmen"", ""note"": ""私たち""}, {""text"": ""讨论"", ""type"": ""vocab"", ""py"": ""tǎolùn"", ""note"": ""討論する""}, {""text"": ""城市"", ""type"": ""vocab"", ""py"": ""chéngshì"", ""note"": ""都市""}, {""text"": ""和"", ""type"": ""grammar"", ""py"": ""hé"", ""note"": ""「〜と」を表す接続詞・介詞。""}, {""text"": ""农村"", ""type"": ""vocab"", ""py"": ""nóngcūn"", ""note"": ""農村""}, {""text"": ""的"", ""type"": ""grammar"", ""py"": ""de"", ""note"": ""名詞を修飾し、所有・限定を表す助詞（〜の）。""}, {""text"": ""发展"", ""type"": ""vocab"", ""py"": ""fāzhǎn"", ""note"": ""発展する""}, {""text"": ""差距"", ""type"": ""vocab"", ""py"": ""chājù"", ""note"": ""格差""}, {""text"": ""问题"", ""type"": ""vocab"", ""py"": ""wèntí"", ""note"": ""問題""}, {""text"": ""。"", ""type"": ""punct""}]",HSKspeaking_practice
613,64,2,王教授,近年来城乡差距虽然有所缩小，但依然存在。,"Jìnnián lái chéngxiāng chājù suīrán yǒu suǒ suōxiǎo, dàn yīrán cúnzài.",近年、都市と農村の格差は多少縮まったものの、依然として存在しています。,"[{""text"": ""近年来"", ""type"": ""vocab"", ""py"": ""jìnniánlái"", ""note"": ""近年""}, {""text"": ""城乡"", ""type"": ""vocab"", ""py"": ""chéngxiāng"", ""note"": ""都市と農村""}, {""text"": ""差距"", ""type"": ""vocab"", ""py"": ""chājù"", ""note"": ""格差""}, {""text"": ""虽然"", ""type"": ""grammar"", ""py"": ""suīrán"", ""note"": ""「〜ではあるが」を表す接続詞。「虽然…但是…」の形で使う。""}, {""text"": ""有所"", ""type"": ""vocab"", ""py"": ""yǒusuǒ"", ""note"": ""いくらか（〜がある）""}, {""text"": ""缩小"", ""type"": ""vocab"", ""py"": ""suōxiǎo"", ""note"": ""縮小する""}, {""text"": ""，"", ""type"": ""punct""}, {""text"": ""但"", ""type"": ""grammar"", ""py"": ""dàn"", ""note"": ""「しかし」を表す接続詞（「但是」のやや書き言葉的な形）。""}, {""text"": ""依然"", ""type"": ""vocab"", ""py"": ""yīrán"", ""note"": ""依然として""}, {""text"": ""存在"", ""type"": ""vocab"", ""py"": ""cúnzài"", ""note"": ""存在する""}, {""text"": ""。"", ""type"": ""punct""}]",HSKspeaking_practice
614,64,3,记者,教授，您认为主要原因是什么？,"Jiàoshòu, nín rènwéi zhǔyào yuányīn shì shénme?",教授、主な原因は何だとお考えですか？,"[{""text"": ""教授"", ""type"": ""vocab"", ""py"": ""jiàoshòu"", ""note"": ""教授""}, {""text"": ""，"", ""type"": ""punct""}, {""text"": ""您"", ""type"": ""vocab"", ""py"": ""nín"", ""note"": ""あなた（敬称）""}, {""text"": ""认为"", ""type"": ""vocab"", ""py"": ""rènwéi"", ""note"": ""〜と考える、思う""}, {""text"": ""主要"", ""type"": ""vocab"", ""py"": ""zhǔyào"", ""note"": ""主に""}, {""text"": ""原因"", ""type"": ""vocab"", ""py"": ""yuányīn"", ""note"": ""原因""}, {""text"": ""是"", ""type"": ""grammar"", ""py"": ""shì"", ""note"": ""「〜である」を表すbe動詞。""}, {""text"": ""什么"", ""type"": ""vocab"", ""py"": ""shénme"", ""note"": ""何""}, {""text"": ""？"", ""type"": ""punct""}]",HSKspeaking_practice
615,64,4,王教授,主要是教育和医疗资源分配不均造成的。,Zhǔyào shì jiàoyù hé yīliáo zīyuán fēnpèi bù jūn zàochéng de.,主に教育と医療資源の分配が不均衡なことによるものです。,"[{""text"": ""主要"", ""type"": ""vocab"", ""py"": ""zhǔyào"", ""note"": ""主に""}, {""text"": ""是"", ""type"": ""grammar"", ""py"": ""shì"", ""note"": ""「〜である」を表すbe動詞。""}, {""text"": ""教育"", ""type"": ""vocab"", ""py"": ""jiàoyù"", ""note"": ""教育""}, {""text"": ""和"", ""type"": ""grammar"", ""py"": ""hé"", ""note"": ""「〜と」を表す接続詞・介詞。""}, {""text"": ""医疗"", ""type"": ""vocab"", ""py"": ""yīliáo"", ""note"": ""医療""}, {""text"": ""资源分配"", ""type"": ""vocab"", ""py"": ""zīyuánfēnpèi"", ""note"": ""資源の分配""}, {""text"": ""不均"", ""type"": ""vocab"", ""py"": ""bùjūn"", ""note"": ""不均衡だ""}, {""text"": ""造成"", ""type"": ""vocab"", ""py"": ""zàochéng"", ""note"": ""引き起こす""}, {""text"": ""的"", ""type"": ""grammar"", ""py"": ""de"", ""note"": ""名詞を修飾し、所有・限定を表す助詞（〜の）。""}, {""text"": ""。"", ""type"": ""punct""}]",HSKspeaking_practice
616,64,5,主持人,那我们应该如何缩小这个差距呢？,Nà wǒmen yīnggāi rúhé suōxiǎo zhège chājù ne?,ではどのようにこの格差を縮めるべきでしょうか？,"[{""text"": ""那"", ""type"": ""vocab"", ""py"": ""nà"", ""note"": ""あれ、それ／それなら""}, {""text"": ""我们"", ""type"": ""vocab"", ""py"": ""wǒmen"", ""note"": ""私たち""}, {""text"": ""应该"", ""type"": ""grammar"", ""py"": ""yīnggāi"", ""note"": ""「〜すべきだ」という当然・義務を表す助動詞。""}, {""text"": ""如何"", ""type"": ""vocab"", ""py"": ""rúhé"", ""note"": ""どのように""}, {""text"": ""缩小"", ""type"": ""vocab"", ""py"": ""suōxiǎo"", ""note"": ""縮小する""}, {""text"": ""这个"", ""type"": ""vocab"", ""py"": ""zhège"", ""note"": ""これ""}, {""text"": ""差距"", ""type"": ""vocab"", ""py"": ""chājù"", ""note"": ""格差""}, {""text"": ""呢"", ""type"": ""grammar"", ""py"": ""ne"", ""note"": ""疑問文を柔らかくしたり「〜は？」と聞き返すときに使う文末助詞。""}, {""text"": ""？"", ""type"": ""punct""}]",HSKspeaking_practice
617,64,6,王教授,除了增加投入以外，还应该鼓励人才回流。,"Chúle zēngjiā tóurù yǐwài, hái yīnggāi gǔlì réncái huíliú.",投資を増やす以外に、人材の還流を奨励すべきです。,"[{""text"": ""除了"", ""type"": ""grammar"", ""py"": ""chúle"", ""note"": ""「〜を除いて、〜のほかに」を表す介詞。「除了…以外…」の形で使う。""}, {""text"": ""增加"", ""type"": ""vocab"", ""py"": ""zēngjiā"", ""note"": ""増やす""}, {""text"": ""投入"", ""type"": ""vocab"", ""py"": ""tóurù"", ""note"": ""投入する""}, {""text"": ""以外"", ""type"": ""grammar"", ""py"": ""yǐwài"", ""note"": ""「〜以外」を表す語。「除了…以外」の形でよく使う。""}, {""text"": ""，"", ""type"": ""punct""}, {""text"": ""还"", ""type"": ""grammar"", ""py"": ""hái"", ""note"": ""「まだ、さらに」を表す副詞。""}, {""text"": ""应该"", ""type"": ""grammar"", ""py"": ""yīnggāi"", ""note"": ""「〜すべきだ」という当然・義務を表す助動詞。""}, {""text"": ""鼓励"", ""type"": ""vocab"", ""py"": ""gǔlì"", ""note"": ""奨励する""}, {""text"": ""人才"", ""type"": ""vocab"", ""py"": ""réncái"", ""note"": ""人材""}, {""text"": ""回流"", ""type"": ""vocab"", ""py"": ""huíliú"", ""note"": ""還流する、戻る""}, {""text"": ""。"", ""type"": ""punct""}]",HSKspeaking_practice
618,64,7,记者,与其单纯给资金，不如帮助农村建立产业。,"Yǔqí dānchún gěi zījīn, bùrú bāngzhù nóngcūn jiànlì chǎnyè.",単純に資金を与えるより、農村での産業育成を助ける方がいいですね。,"[{""text"": ""与其"", ""type"": ""grammar"", ""py"": ""yǔqí"", ""note"": ""「〜するくらいなら」を表す接続詞。「与其…不如…」の形で使う。""}, {""text"": ""单纯"", ""type"": ""vocab"", ""py"": ""dānchún"", ""note"": ""単純に""}, {""text"": ""给"", ""type"": ""grammar"", ""py"": ""gěi"", ""note"": ""「〜に、〜のために」を表す介詞、または「あげる」という意味の動詞。""}, {""text"": ""资金"", ""type"": ""vocab"", ""py"": ""zījīn"", ""note"": ""資金""}, {""text"": ""，"", ""type"": ""punct""}, {""text"": ""不如"", ""type"": ""grammar"", ""py"": ""bùrú"", ""note"": ""「〜する方がよい」を表す語。「与其…不如…」の形で使う。""}, {""text"": ""帮助"", ""type"": ""vocab"", ""py"": ""bāngzhù"", ""note"": ""助ける、助け""}, {""text"": ""农村"", ""type"": ""vocab"", ""py"": ""nóngcūn"", ""note"": ""農村""}, {""text"": ""建立"", ""type"": ""vocab"", ""py"": ""jiànlì"", ""note"": ""構築する、設立する""}, {""text"": ""产业"", ""type"": ""vocab"", ""py"": ""chǎnyè"", ""note"": ""産業""}, {""text"": ""。"", ""type"": ""punct""}]",HSKspeaking_practice
619,64,8,王教授,说得对，只有产业发展了，年轻人才愿意留下来。,"Shuō de duì, zhǐyǒu chǎnyè fāzhǎnle, niánqīngrén cái yuànyì liú xiàlai.",その通りです、産業が発展してこそ、若者は残る気になるのです。,"[{""text"": ""说得对"", ""type"": ""vocab"", ""py"": ""shuōdéduì"", ""note"": ""言う通りだ""}, {""text"": ""，"", ""type"": ""punct""}, {""text"": ""只有"", ""type"": ""grammar"", ""py"": ""zhǐyǒu"", ""note"": ""「〜だけ、〜してはじめて」を表す語。「只有…才…」の形でよく使う。""}, {""text"": ""产业"", ""type"": ""vocab"", ""py"": ""chǎnyè"", ""note"": ""産業""}, {""text"": ""发展"", ""type"": ""vocab"", ""py"": ""fāzhǎn"", ""note"": ""発展する""}, {""text"": ""了"", ""type"": ""grammar"", ""py"": ""le"", ""note"": ""動作の完了や状態の変化を表す助詞（文末や動詞の直後に置く）。""}, {""text"": ""，"", ""type"": ""punct""}, {""text"": ""年轻人"", ""type"": ""vocab"", ""py"": ""niánqīngrén"", ""note"": ""若者""}, {""text"": ""才"", ""type"": ""grammar"", ""py"": ""cái"", ""note"": ""「やっと、〜してはじめて」を表す副詞。""}, {""text"": ""愿意"", ""type"": ""vocab"", ""py"": ""yuànyì"", ""note"": ""〜したいと思う、望む""}, {""text"": ""留下来"", ""type"": ""vocab"", ""py"": ""liúxiàlái"", ""note"": ""残る""}, {""text"": ""。"", ""type"": ""punct""}]",HSKspeaking_practice
620,64,9,主持人,感谢两位的分享，今天就到这里。,"Gǎnxiè liǎng wèi de fēnxiǎng, jīntiān jiù dào zhèlǐ.",お二人のシェアに感謝します、今日はここまでにしましょう。,"[{""text"": ""感谢"", ""type"": ""vocab"", ""py"": ""gǎnxiè"", ""note"": ""感謝する""}, {""text"": ""两位"", ""type"": ""vocab"", ""py"": ""liǎngwèi"", ""note"": ""お二方""}, {""text"": ""的"", ""type"": ""grammar"", ""py"": ""de"", ""note"": ""名詞を修飾し、所有・限定を表す助詞（〜の）。""}, {""text"": ""分享"", ""type"": ""vocab"", ""py"": ""fēnxiǎng"", ""note"": ""シェアする、分かち合う""}, {""text"": ""，"", ""type"": ""punct""}, {""text"": ""今天"", ""type"": ""vocab"", ""py"": ""jīntiān"", ""note"": ""今日""}, {""text"": ""就"", ""type"": ""grammar"", ""py"": ""jiù"", ""note"": ""「すぐに、まさに」など、条件の帰結や強調を表す副詞。""}, {""text"": ""到"", ""type"": ""grammar"", ""py"": ""dào"", ""note"": ""「〜まで、〜に着く」を表す介詞・動詞。""}, {""text"": ""这里"", ""type"": ""vocab"", ""py"": ""zhèlǐ"", ""note"": ""ここ""}, {""text"": ""。"", ""type"": ""punct""}]",HSKspeaking_practice
621,65,1,主持人,今天请两位聊聊创业的风险和魅力。,Jīntiān qǐng liǎng wèi liáoliao chuàngyè de fēngxiǎn hé mèilì.,今日はお二人に起業のリスクと魅力について語っていただきます。,"[{""text"": ""今天"", ""type"": ""vocab"", ""py"": ""jīntiān"", ""note"": ""今日""}, {""text"": ""请"", ""type"": ""vocab"", ""py"": ""qǐng"", ""note"": ""どうぞ〜してください""}, {""text"": ""两位"", ""type"": ""vocab"", ""py"": ""liǎngwèi"", ""note"": ""お二方""}, {""text"": ""聊聊"", ""type"": ""vocab"", ""py"": ""liáoliáo"", ""note"": ""ちょっと話す""}, {""text"": ""创业"", ""type"": ""vocab"", ""py"": ""chuàngyè"", ""note"": ""起業する""}, {""text"": ""的"", ""type"": ""grammar"", ""py"": ""de"", ""note"": ""名詞を修飾し、所有・限定を表す助詞（〜の）。""}, {""text"": ""风险"", ""type"": ""vocab"", ""py"": ""fēngxiǎn"", ""note"": ""リスク""}, {""text"": ""和"", ""type"": ""grammar"", ""py"": ""hé"", ""note"": ""「〜と」を表す接続詞・介詞。""}, {""text"": ""魅力"", ""type"": ""vocab"", ""py"": ""mèilì"", ""note"": ""魅力""}, {""text"": ""。"", ""type"": ""punct""}]",HSKspeaking_practice
622,65,2,小凡,我觉得创业最大的魅力是可以实现自己的想法。,Wǒ juéde chuàngyè zuì dà de mèilì shì kěyǐ shíxiàn zìjǐ de xiǎngfǎ.,起業の一番の魅力は自分のアイデアを実現できることだと思います。,"[{""text"": ""我"", ""type"": ""vocab"", ""py"": ""wǒ"", ""note"": ""私""}, {""text"": ""觉得"", ""type"": ""grammar"", ""py"": ""juéde"", ""note"": ""「〜と思う、感じる」を表す動詞。""}, {""text"": ""创业"", ""type"": ""vocab"", ""py"": ""chuàngyè"", ""note"": ""起業する""}, {""text"": ""最大"", ""type"": ""vocab"", ""py"": ""zuìdà"", ""note"": ""最大の""}, {""text"": ""的"", ""type"": ""grammar"", ""py"": ""de"", ""note"": ""名詞を修飾し、所有・限定を表す助詞（〜の）。""}, {""text"": ""魅力"", ""type"": ""vocab"", ""py"": ""mèilì"", ""note"": ""魅力""}, {""text"": ""是"", ""type"": ""grammar"", ""py"": ""shì"", ""note"": ""「〜である」を表すbe動詞。""}, {""text"": ""可以"", ""type"": ""grammar"", ""py"": ""kěyǐ"", ""note"": ""「〜してもよい、〜できる」という許可・可能を表す助動詞。""}, {""text"": ""实现"", ""type"": ""vocab"", ""py"": ""shíxiàn"", ""note"": ""実現する""}, {""text"": ""自己"", ""type"": ""vocab"", ""py"": ""zìjǐ"", ""note"": ""自分自身""}, {""text"": ""的"", ""type"": ""grammar"", ""py"": ""de"", ""note"": ""名詞を修飾し、所有・限定を表す助詞（〜の）。""}, {""text"": ""想法"", ""type"": ""vocab"", ""py"": ""xiǎngfǎ"", ""note"": ""考え""}, {""text"": ""。"", ""type"": ""punct""}]",HSKspeaking_practice
623,65,3,刘教授,确实如此，不过创业的失败率也非常高。,"Quèshí rúcǐ, búguò chuàngyè de shībàilǜ yě fēicháng gāo.",その通りですが、起業の失敗率も非常に高いです。,"[{""text"": ""确实"", ""type"": ""vocab"", ""py"": ""quèshí"", ""note"": ""確かに""}, {""text"": ""如此"", ""type"": ""vocab"", ""py"": ""rúcǐ"", ""note"": ""このように、そのように""}, {""text"": ""，"", ""type"": ""punct""}, {""text"": ""不过"", ""type"": ""grammar"", ""py"": ""bùguò"", ""note"": ""「ただし、でも」を表す軽い転換の接続詞。""}, {""text"": ""创业"", ""type"": ""vocab"", ""py"": ""chuàngyè"", ""note"": ""起業する""}, {""text"": ""的"", ""type"": ""grammar"", ""py"": ""de"", ""note"": ""名詞を修飾し、所有・限定を表す助詞（〜の）。""}, {""text"": ""失败率"", ""type"": ""vocab"", ""py"": ""shībàilǜ"", ""note"": ""失敗率""}, {""text"": ""也"", ""type"": ""grammar"", ""py"": ""yě"", ""note"": ""「〜も」を表す副詞。""}, {""text"": ""非常"", ""type"": ""vocab"", ""py"": ""fēicháng"", ""note"": ""非常に""}, {""text"": ""高"", ""type"": ""vocab"", ""py"": ""gāo"", ""note"": ""高い""}, {""text"": ""。"", ""type"": ""punct""}]",HSKspeaking_practice
624,65,4,主持人,那创业者应该做好哪些心理准备？,Nà chuàngyèzhě yīnggāi zuòhǎo nǎxiē xīnlǐ zhǔnbèi?,では起業家はどのような心構えをすべきでしょうか？,"[{""text"": ""那"", ""type"": ""vocab"", ""py"": ""nà"", ""note"": ""あれ、それ／それなら""}, {""text"": ""创业者"", ""type"": ""vocab"", ""py"": ""chuàngyèzhě"", ""note"": ""起業家""}, {""text"": ""应该"", ""type"": ""grammar"", ""py"": ""yīnggāi"", ""note"": ""「〜すべきだ」という当然・義務を表す助動詞。""}, {""text"": ""做好"", ""type"": ""vocab"", ""py"": ""zuòhǎo"", ""note"": ""しっかりやる、準備する""}, {""text"": ""哪些"", ""type"": ""vocab"", ""py"": ""nǎxiē"", ""note"": ""どれら""}, {""text"": ""心理准备"", ""type"": ""vocab"", ""py"": ""xīnlǐzhǔnbèi"", ""note"": ""心の準備""}, {""text"": ""？"", ""type"": ""punct""}]",HSKspeaking_practice
625,65,5,刘教授,首先要接受失败，其次要不断学习和调整。,"Shǒuxiān yào jiēshòu shībài, qícì yào búduàn xuéxí hé tiáozhěng.",まず失敗を受け入れること、次に絶えず学び調整することです。,"[{""text"": ""首先"", ""type"": ""vocab"", ""py"": ""shǒuxiān"", ""note"": ""まず、最初に""}, {""text"": ""要"", ""type"": ""grammar"", ""py"": ""yào"", ""note"": ""「〜したい、〜するつもりだ」という意志・必要を表す助動詞。""}, {""text"": ""接受"", ""type"": ""vocab"", ""py"": ""jiēshòu"", ""note"": ""受け入れる""}, {""text"": ""失败"", ""type"": ""vocab"", ""py"": ""shībài"", ""note"": ""失敗""}, {""text"": ""，"", ""type"": ""punct""}, {""text"": ""其次"", ""type"": ""vocab"", ""py"": ""qícì"", ""note"": ""次に""}, {""text"": ""要"", ""type"": ""grammar"", ""py"": ""yào"", ""note"": ""「〜したい、〜するつもりだ」という意志・必要を表す助動詞。""}, {""text"": ""不断"", ""type"": ""vocab"", ""py"": ""bùduàn"", ""note"": ""絶えず""}, {""text"": ""学习"", ""type"": ""vocab"", ""py"": ""xuéxí"", ""note"": ""勉強する""}, {""text"": ""和"", ""type"": ""grammar"", ""py"": ""hé"", ""note"": ""「〜と」を表す接続詞・介詞。""}, {""text"": ""调整"", ""type"": ""vocab"", ""py"": ""tiáozhěng"", ""note"": ""調整する""}, {""text"": ""。"", ""type"": ""punct""}]",HSKspeaking_practice
626,65,6,小凡,我也认为资金管理非常重要，不能盲目扩张。,"Wǒ yě rènwéi zījīn guǎnlǐ fēicháng zhòngyào, bù néng mángmù kuòzhāng.",資金管理も非常に重要で、無闇に拡大してはいけないと思います。,"[{""text"": ""我"", ""type"": ""vocab"", ""py"": ""wǒ"", ""note"": ""私""}, {""text"": ""也"", ""type"": ""grammar"", ""py"": ""yě"", ""note"": ""「〜も」を表す副詞。""}, {""text"": ""认为"", ""type"": ""vocab"", ""py"": ""rènwéi"", ""note"": ""〜と考える、思う""}, {""text"": ""资金"", ""type"": ""vocab"", ""py"": ""zījīn"", ""note"": ""資金""}, {""text"": ""管理"", ""type"": ""vocab"", ""py"": ""guǎnlǐ"", ""note"": ""管理する""}, {""text"": ""非常"", ""type"": ""vocab"", ""py"": ""fēicháng"", ""note"": ""非常に""}, {""text"": ""重要"", ""type"": ""vocab"", ""py"": ""zhòngyào"", ""note"": ""重要だ""}, {""text"": ""，"", ""type"": ""punct""}, {""text"": ""不能"", ""type"": ""vocab"", ""py"": ""bùnéng"", ""note"": ""〜できない""}, {""text"": ""盲目"", ""type"": ""vocab"", ""py"": ""mángmù"", ""note"": ""盲目的に、無闇に""}, {""text"": ""扩张"", ""type"": ""vocab"", ""py"": ""kuòzhāng"", ""note"": ""拡張する""}, {""text"": ""。"", ""type"": ""punct""}]",HSKspeaking_practice
627,65,7,主持人,与其一开始就做大，不如先做好一个产品。,"Yǔqí yì kāishǐ jiù zuò dà, bùrú xiān zuòhǎo yí ge chǎnpǐn.",最初から大きくするより、まず一つの製品をしっかり作る方がいいですね。,"[{""text"": ""与其"", ""type"": ""grammar"", ""py"": ""yǔqí"", ""note"": ""「〜するくらいなら」を表す接続詞。「与其…不如…」の形で使う。""}, {""text"": ""一"", ""type"": ""vocab"", ""py"": ""yī"", ""note"": ""1""}, {""text"": ""开始"", ""type"": ""vocab"", ""py"": ""kāishǐ"", ""note"": ""始まる、始める""}, {""text"": ""就"", ""type"": ""grammar"", ""py"": ""jiù"", ""note"": ""「すぐに、まさに」など、条件の帰結や強調を表す副詞。""}, {""text"": ""做"", ""type"": ""vocab"", ""py"": ""zuò"", ""note"": ""する、作る""}, {""text"": ""大"", ""type"": ""vocab"", ""py"": ""dà"", ""note"": ""大きい""}, {""text"": ""，"", ""type"": ""punct""}, {""text"": ""不如"", ""type"": ""grammar"", ""py"": ""bùrú"", ""note"": ""「〜する方がよい」を表す語。「与其…不如…」の形で使う。""}, {""text"": ""先"", ""type"": ""grammar"", ""py"": ""xiān"", ""note"": ""「まず、先に」を表す副詞。""}, {""text"": ""做好"", ""type"": ""vocab"", ""py"": ""zuòhǎo"", ""note"": ""しっかりやる、準備する""}, {""text"": ""一个"", ""type"": ""vocab"", ""py"": ""yígè"", ""note"": ""一つ""}, {""text"": ""产品"", ""type"": ""vocab"", ""py"": ""chǎnpǐn"", ""note"": ""製品""}, {""text"": ""。"", ""type"": ""punct""}]",HSKspeaking_practice
628,65,8,刘教授,没错，只要产品够好，用户自然会来。,"Méicuò, zhǐyào chǎnpǐn gòu hǎo, yònghù zìrán huì lái.",その通りです、製品さえ十分良ければ、ユーザーは自然と集まってきます。,"[{""text"": ""没错"", ""type"": ""vocab"", ""py"": ""méicuò"", ""note"": ""その通りだ""}, {""text"": ""，"", ""type"": ""punct""}, {""text"": ""只要"", ""type"": ""grammar"", ""py"": ""zhǐyào"", ""note"": ""「〜さえすれば」を表す接続詞。「只要…就…」の形で使う。""}, {""text"": ""产品"", ""type"": ""vocab"", ""py"": ""chǎnpǐn"", ""note"": ""製品""}, {""text"": ""够"", ""type"": ""vocab"", ""py"": ""gòu"", ""note"": ""十分だ、足りる""}, {""text"": ""好"", ""type"": ""vocab"", ""py"": ""hǎo"", ""note"": ""良い、元気だ""}, {""text"": ""，"", ""type"": ""punct""}, {""text"": ""用户"", ""type"": ""vocab"", ""py"": ""yònghù"", ""note"": ""ユーザー""}, {""text"": ""自然"", ""type"": ""vocab"", ""py"": ""zìrán"", ""note"": ""自然に""}, {""text"": ""会"", ""type"": ""grammar"", ""py"": ""huì"", ""note"": ""「〜するだろう」「（習得して）〜できる」という可能性・技能を表す助動詞。""}, {""text"": ""来"", ""type"": ""vocab"", ""py"": ""lái"", ""note"": ""来る""}, {""text"": ""。"", ""type"": ""punct""}]",HSKspeaking_practice
629,65,9,小凡,谢谢两位的建议，我会认真考虑的。,"Xièxie liǎng wèi de jiànyì, wǒ huì rènzhēn kǎolǜ de.",お二人のアドバイスに感謝します、真剣に考えます。,"[{""text"": ""谢谢"", ""type"": ""vocab"", ""py"": ""xièxiè"", ""note"": ""ありがとう""}, {""text"": ""两位"", ""type"": ""vocab"", ""py"": ""liǎngwèi"", ""note"": ""お二方""}, {""text"": ""的"", ""type"": ""grammar"", ""py"": ""de"", ""note"": ""名詞を修飾し、所有・限定を表す助詞（〜の）。""}, {""text"": ""建议"", ""type"": ""vocab"", ""py"": ""jiànyì"", ""note"": ""提案する、提案""}, {""text"": ""，"", ""type"": ""punct""}, {""text"": ""我会"", ""type"": ""vocab"", ""py"": ""wǒhuì"", ""note"": ""私は〜します""}, {""text"": ""认真"", ""type"": ""vocab"", ""py"": ""rènzhēn"", ""note"": ""真面目に""}, {""text"": ""考虑"", ""type"": ""vocab"", ""py"": ""kǎolǜ"", ""note"": ""考える、検討する""}, {""text"": ""的"", ""type"": ""grammar"", ""py"": ""de"", ""note"": ""名詞を修飾し、所有・限定を表す助詞（〜の）。""}, {""text"": ""。"", ""type"": ""punct""}]",HSKspeaking_practice
630,66,1,李女士,张老师，我想开始投资，但不知道从哪里入手。,"Zhāng lǎoshī, wǒ xiǎng kāishǐ tóuzī, dàn bù zhīdào cóng nǎlǐ rùshǒu.",張先生、投資を始めたいのですが、どこから手を付ければいいかわかりません。,"[{""text"": ""张老师"", ""type"": ""vocab"", ""py"": ""zhānglǎoshī"", ""note"": ""（人名）""}, {""text"": ""，"", ""type"": ""punct""}, {""text"": ""我"", ""type"": ""vocab"", ""py"": ""wǒ"", ""note"": ""私""}, {""text"": ""想"", ""type"": ""grammar"", ""py"": ""xiǎng"", ""note"": ""「〜したい」という願望を表す助動詞。""}, {""text"": ""开始"", ""type"": ""vocab"", ""py"": ""kāishǐ"", ""note"": ""始まる、始める""}, {""text"": ""投资"", ""type"": ""vocab"", ""py"": ""tóuzī"", ""note"": ""投資する""}, {""text"": ""，"", ""type"": ""punct""}, {""text"": ""但"", ""type"": ""grammar"", ""py"": ""dàn"", ""note"": ""「しかし」を表す接続詞（「但是」のやや書き言葉的な形）。""}, {""text"": ""不"", ""type"": ""grammar"", ""py"": ""bù"", ""note"": ""動詞・形容詞を否定する副詞。""}, {""text"": ""知道"", ""type"": ""vocab"", ""py"": ""zhīdào"", ""note"": ""知っている、わかる""}, {""text"": ""从"", ""type"": ""grammar"", ""py"": ""cóng"", ""note"": ""「〜から」を表す起点の介詞。""}, {""text"": ""哪里"", ""type"": ""vocab"", ""py"": ""nǎlǐ"", ""note"": ""どこ""}, {""text"": ""入手"", ""type"": ""vocab"", ""py"": ""rùshǒu"", ""note"": ""着手する""}, {""text"": ""。"", ""type"": ""punct""}]",HSKspeaking_practice
631,66,2,张老师,首先要明确自己能承受多大的风险。,Shǒuxiān yào míngquè zìjǐ néng chéngshòu duō dà de fēngxiǎn.,まず自分がどれくらいリスクを負えるか明確にする必要がありますね。,"[{""text"": ""首先"", ""type"": ""vocab"", ""py"": ""shǒuxiān"", ""note"": ""まず、最初に""}, {""text"": ""要"", ""type"": ""grammar"", ""py"": ""yào"", ""note"": ""「〜したい、〜するつもりだ」という意志・必要を表す助動詞。""}, {""text"": ""明确"", ""type"": ""vocab"", ""py"": ""míngquè"", ""note"": ""明確にする""}, {""text"": ""自己"", ""type"": ""vocab"", ""py"": ""zìjǐ"", ""note"": ""自分自身""}, {""text"": ""能"", ""type"": ""grammar"", ""py"": ""néng"", ""note"": ""「〜できる」という可能を表す助動詞。""}, {""text"": ""承受"", ""type"": ""vocab"", ""py"": ""chéngshòu"", ""note"": ""耐える、受け止める""}, {""text"": ""多大"", ""type"": ""vocab"", ""py"": ""duōdà"", ""note"": ""どのくらい大きい""}, {""text"": ""的"", ""type"": ""grammar"", ""py"": ""de"", ""note"": ""名詞を修飾し、所有・限定を表す助詞（〜の）。""}, {""text"": ""风险"", ""type"": ""vocab"", ""py"": ""fēngxiǎn"", ""note"": ""リスク""}, {""text"": ""。"", ""type"": ""punct""}]",HSKspeaking_practice
632,66,3,李女士,我比较保守，不太能接受大的亏损。,"Wǒ bǐjiào bǎoshǒu, bú tài néng jiēshòu dà de kuīsǔn.",私は比較的保守的で、大きな損失はあまり受け入れられません。,"[{""text"": ""我"", ""type"": ""vocab"", ""py"": ""wǒ"", ""note"": ""私""}, {""text"": ""比较"", ""type"": ""grammar"", ""py"": ""bǐjiào"", ""note"": ""「わりと、比較的」を表す程度の副詞。""}, {""text"": ""保守"", ""type"": ""vocab"", ""py"": ""bǎoshǒu"", ""note"": ""保守的""}, {""text"": ""，"", ""type"": ""punct""}, {""text"": ""不太能"", ""type"": ""vocab"", ""py"": ""bùtàinéng"", ""note"": ""あまり〜できない""}, {""text"": ""接受"", ""type"": ""vocab"", ""py"": ""jiēshòu"", ""note"": ""受け入れる""}, {""text"": ""大"", ""type"": ""vocab"", ""py"": ""dà"", ""note"": ""大きい""}, {""text"": ""的"", ""type"": ""grammar"", ""py"": ""de"", ""note"": ""名詞を修飾し、所有・限定を表す助詞（〜の）。""}, {""text"": ""亏损"", ""type"": ""vocab"", ""py"": ""kuīsǔn"", ""note"": ""損失""}, {""text"": ""。"", ""type"": ""punct""}]",HSKspeaking_practice
633,66,4,张老师,那你可以先从基金和债券开始，风险相对较小。,"Nà nǐ kěyǐ xiān cóng jījīn hé zhàiquàn kāishǐ, fēngxiǎn xiāngduì jiào xiǎo.",それならまず投資信託や債券から始めるといいですよ、リスクが比較的小さいので。,"[{""text"": ""那"", ""type"": ""vocab"", ""py"": ""nà"", ""note"": ""あれ、それ／それなら""}, {""text"": ""你"", ""type"": ""vocab"", ""py"": ""nǐ"", ""note"": ""あなた""}, {""text"": ""可以"", ""type"": ""grammar"", ""py"": ""kěyǐ"", ""note"": ""「〜してもよい、〜できる」という許可・可能を表す助動詞。""}, {""text"": ""先"", ""type"": ""grammar"", ""py"": ""xiān"", ""note"": ""「まず、先に」を表す副詞。""}, {""text"": ""从"", ""type"": ""grammar"", ""py"": ""cóng"", ""note"": ""「〜から」を表す起点の介詞。""}, {""text"": ""基金"", ""type"": ""vocab"", ""py"": ""jījīn"", ""note"": ""投資信託、ファンド""}, {""text"": ""和"", ""type"": ""grammar"", ""py"": ""hé"", ""note"": ""「〜と」を表す接続詞・介詞。""}, {""text"": ""债券"", ""type"": ""vocab"", ""py"": ""zhàiquàn"", ""note"": ""債券""}, {""text"": ""开始"", ""type"": ""vocab"", ""py"": ""kāishǐ"", ""note"": ""始まる、始める""}, {""text"": ""，"", ""type"": ""punct""}, {""text"": ""风险"", ""type"": ""vocab"", ""py"": ""fēngxiǎn"", ""note"": ""リスク""}, {""text"": ""相对"", ""type"": ""vocab"", ""py"": ""xiāngduì"", ""note"": ""相対的に""}, {""text"": ""较"", ""type"": ""vocab"", ""py"": ""jiào"", ""note"": ""比較的""}, {""text"": ""小"", ""type"": ""vocab"", ""py"": ""xiǎo"", ""note"": ""小さい""}, {""text"": ""。"", ""type"": ""punct""}]",HSKspeaking_practice
634,66,5,李女士,股票是不是风险太大了？,Gǔpiào shì bu shì fēngxiǎn tài dà le?,株はリスクが大きすぎませんか？,"[{""text"": ""股票"", ""type"": ""vocab"", ""py"": ""gǔpiào"", ""note"": ""株""}, {""text"": ""是不是"", ""type"": ""grammar"", ""py"": ""shìbúshì"", ""note"": ""「〜かどうか、〜ですよね」と確認する疑問表現。""}, {""text"": ""风险"", ""type"": ""vocab"", ""py"": ""fēngxiǎn"", ""note"": ""リスク""}, {""text"": ""太大"", ""type"": ""vocab"", ""py"": ""tàidà"", ""note"": ""大きすぎる""}, {""text"": ""了"", ""type"": ""grammar"", ""py"": ""le"", ""note"": ""動作の完了や状態の変化を表す助詞（文末や動詞の直後に置く）。""}, {""text"": ""？"", ""type"": ""punct""}]",HSKspeaking_practice
635,66,6,张老师,股票风险较高，但长期投资的收益也可能更高。,"Gǔpiào fēngxiǎn jiào gāo, dàn chángqī tóuzī de shōuyì yě kěnéng gèng gāo.",株はリスクは高めですが、長期投資であればリターンも高くなる可能性があります。,"[{""text"": ""股票"", ""type"": ""vocab"", ""py"": ""gǔpiào"", ""note"": ""株""}, {""text"": ""风险"", ""type"": ""vocab"", ""py"": ""fēngxiǎn"", ""note"": ""リスク""}, {""text"": ""较"", ""type"": ""vocab"", ""py"": ""jiào"", ""note"": ""比較的""}, {""text"": ""高"", ""type"": ""vocab"", ""py"": ""gāo"", ""note"": ""高い""}, {""text"": ""，"", ""type"": ""punct""}, {""text"": ""但"", ""type"": ""grammar"", ""py"": ""dàn"", ""note"": ""「しかし」を表す接続詞（「但是」のやや書き言葉的な形）。""}, {""text"": ""长期投资"", ""type"": ""vocab"", ""py"": ""chángqītóuzī"", ""note"": ""長期投資""}, {""text"": ""的"", ""type"": ""grammar"", ""py"": ""de"", ""note"": ""名詞を修飾し、所有・限定を表す助詞（〜の）。""}, {""text"": ""收益"", ""type"": ""vocab"", ""py"": ""shōuyì"", ""note"": ""収益""}, {""text"": ""也"", ""type"": ""grammar"", ""py"": ""yě"", ""note"": ""「〜も」を表す副詞。""}, {""text"": ""可能"", ""type"": ""grammar"", ""py"": ""kěnéng"", ""note"": ""「〜かもしれない、〜の可能性がある」ということを表す副詞（助動詞的に使われる）。""}, {""text"": ""更高"", ""type"": ""vocab"", ""py"": ""gènggāo"", ""note"": ""より高い""}, {""text"": ""。"", ""type"": ""punct""}]",HSKspeaking_practice
636,66,7,李女士,那我应该分配多少比例投资股票？,Nà wǒ yīnggāi fēnpèi duōshao bǐlì tóuzī gǔpiào?,では株にはどのくらいの割合を配分すべきですか？,"[{""text"": ""那"", ""type"": ""vocab"", ""py"": ""nà"", ""note"": ""あれ、それ／それなら""}, {""text"": ""我"", ""type"": ""vocab"", ""py"": ""wǒ"", ""note"": ""私""}, {""text"": ""应该"", ""type"": ""grammar"", ""py"": ""yīnggāi"", ""note"": ""「〜すべきだ」という当然・義務を表す助動詞。""}, {""text"": ""分配"", ""type"": ""vocab"", ""py"": ""fēnpèi"", ""note"": ""分配する""}, {""text"": ""多少"", ""type"": ""grammar"", ""py"": ""duōshǎo"", ""note"": ""10以上の数量を尋ねる疑問詞（いくつ、いくら）。""}, {""text"": ""比例"", ""type"": ""vocab"", ""py"": ""bǐlì"", ""note"": ""割合""}, {""text"": ""投资"", ""type"": ""vocab"", ""py"": ""tóuzī"", ""note"": ""投資する""}, {""text"": ""股票"", ""type"": ""vocab"", ""py"": ""gǔpiào"", ""note"": ""株""}, {""text"": ""？"", ""type"": ""punct""}]",HSKspeaking_practice
637,66,8,张老师,一般建议不超过总资产的三成。,Yìbān jiànyì bù chāoguò zǒng zīchǎn de sānchéng.,一般的には総資産の3割を超えないことをおすすめします。,"[{""text"": ""一般"", ""type"": ""vocab"", ""py"": ""yìbān"", ""note"": ""普段、一般的に""}, {""text"": ""建议"", ""type"": ""vocab"", ""py"": ""jiànyì"", ""note"": ""提案する、提案""}, {""text"": ""不"", ""type"": ""grammar"", ""py"": ""bù"", ""note"": ""動詞・形容詞を否定する副詞。""}, {""text"": ""超过"", ""type"": ""vocab"", ""py"": ""chāoguò"", ""note"": ""超える""}, {""text"": ""总资产"", ""type"": ""vocab"", ""py"": ""zǒngzīchǎn"", ""note"": ""総資産""}, {""text"": ""的"", ""type"": ""grammar"", ""py"": ""de"", ""note"": ""名詞を修飾し、所有・限定を表す助詞（〜の）。""}, {""text"": ""三成"", ""type"": ""vocab"", ""py"": ""sānchéng"", ""note"": ""3割""}, {""text"": ""。"", ""type"": ""punct""}]",HSKspeaking_practice
638,66,9,李女士,明白了，谢谢您的详细讲解。,"Míngbai le, xièxie nín de xiángxì jiǎngjiě.",わかりました、詳しく説明してくださりありがとうございます。,"[{""text"": ""明白"", ""type"": ""vocab"", ""py"": ""míngbái"", ""note"": ""分かる""}, {""text"": ""了"", ""type"": ""grammar"", ""py"": ""le"", ""note"": ""動作の完了や状態の変化を表す助詞（文末や動詞の直後に置く）。""}, {""text"": ""，"", ""type"": ""punct""}, {""text"": ""谢谢您"", ""type"": ""vocab"", ""py"": ""xièxiènín"", ""note"": ""ありがとうございます""}, {""text"": ""的"", ""type"": ""grammar"", ""py"": ""de"", ""note"": ""名詞を修飾し、所有・限定を表す助詞（〜の）。""}, {""text"": ""详细"", ""type"": ""vocab"", ""py"": ""xiángxì"", ""note"": ""詳しい""}, {""text"": ""讲解"", ""type"": ""vocab"", ""py"": ""jiǎngjiě"", ""note"": ""説明する""}, {""text"": ""。"", ""type"": ""punct""}]",HSKspeaking_practice
639,67,1,主持人,今天我们聊聊养老资金的规划问题。,Jīntiān wǒmen liáoliao yǎnglǎo zījīn de guīhuà wèntí.,今日は老後資金の計画について話しましょう。,"[{""text"": ""今天"", ""type"": ""vocab"", ""py"": ""jīntiān"", ""note"": ""今日""}, {""text"": ""我们"", ""type"": ""vocab"", ""py"": ""wǒmen"", ""note"": ""私たち""}, {""text"": ""聊聊"", ""type"": ""vocab"", ""py"": ""liáoliáo"", ""note"": ""ちょっと話す""}, {""text"": ""养老"", ""type"": ""vocab"", ""py"": ""yǎnglǎo"", ""note"": ""老後の生活を養う""}, {""text"": ""资金"", ""type"": ""vocab"", ""py"": ""zījīn"", ""note"": ""資金""}, {""text"": ""的"", ""type"": ""grammar"", ""py"": ""de"", ""note"": ""名詞を修飾し、所有・限定を表す助詞（〜の）。""}, {""text"": ""规划"", ""type"": ""vocab"", ""py"": ""guīhuà"", ""note"": ""計画する""}, {""text"": ""问题"", ""type"": ""vocab"", ""py"": ""wèntí"", ""note"": ""問題""}, {""text"": ""。"", ""type"": ""punct""}]",HSKspeaking_practice
640,67,2,吴博士,越早开始规划养老金，压力就越小。,"Yuè zǎo kāishǐ guīhuà yǎnglǎojīn, yālì jiù yuè xiǎo.",老後資金の計画は早く始めるほど、プレッシャーが少なくなります。,"[{""text"": ""越早"", ""type"": ""vocab"", ""py"": ""yuèzǎo"", ""note"": ""早ければ早いほど（越＋早）""}, {""text"": ""开始"", ""type"": ""vocab"", ""py"": ""kāishǐ"", ""note"": ""始まる、始める""}, {""text"": ""规划"", ""type"": ""vocab"", ""py"": ""guīhuà"", ""note"": ""計画する""}, {""text"": ""养老金"", ""type"": ""vocab"", ""py"": ""yǎnglǎojīn"", ""note"": ""年金""}, {""text"": ""，"", ""type"": ""punct""}, {""text"": ""压力"", ""type"": ""vocab"", ""py"": ""yālì"", ""note"": ""プレッシャー、ストレス""}, {""text"": ""就"", ""type"": ""grammar"", ""py"": ""jiù"", ""note"": ""「すぐに、まさに」など、条件の帰結や強調を表す副詞。""}, {""text"": ""越"", ""type"": ""grammar"", ""py"": ""yuè"", ""note"": ""「〜すればするほど」を表す語。「越…越…」の形で使う。""}, {""text"": ""小"", ""type"": ""vocab"", ""py"": ""xiǎo"", ""note"": ""小さい""}, {""text"": ""。"", ""type"": ""punct""}]",HSKspeaking_practice
641,67,3,小茵,可是现在年轻人收入不高，很难存钱。,"Kěshì xiànzài niánqīngrén shōurù bù gāo, hěn nán cún qián.",でも今の若者は収入が高くなくて、貯金するのが難しいです。,"[{""text"": ""可是"", ""type"": ""grammar"", ""py"": ""kěshì"", ""note"": ""「しかし」を表す口語的な接続詞。""}, {""text"": ""现在"", ""type"": ""vocab"", ""py"": ""xiànzài"", ""note"": ""今、現在""}, {""text"": ""年轻人"", ""type"": ""vocab"", ""py"": ""niánqīngrén"", ""note"": ""若者""}, {""text"": ""收入"", ""type"": ""vocab"", ""py"": ""shōurù"", ""note"": ""収入""}, {""text"": ""不高"", ""type"": ""vocab"", ""py"": ""bùgāo"", ""note"": ""高くない""}, {""text"": ""，"", ""type"": ""punct""}, {""text"": ""很难"", ""type"": ""vocab"", ""py"": ""hěnnán"", ""note"": ""〜するのが難しい""}, {""text"": ""存钱"", ""type"": ""vocab"", ""py"": ""cúnqián"", ""note"": ""貯金する""}, {""text"": ""。"", ""type"": ""punct""}]",HSKspeaking_practice
642,67,4,吴博士,即使金额不大，也应该养成定期储蓄的习惯。,"Jíshǐ jīn'é bú dà, yě yīnggāi yǎngchéng dìngqī chǔxù de xíguàn.",金額が小さくても、定期的に貯蓄する習慣をつけるべきです。,"[{""text"": ""即使"", ""type"": ""vocab"", ""py"": ""jíshǐ"", ""note"": ""たとえ〜でも""}, {""text"": ""金额"", ""type"": ""vocab"", ""py"": ""jīné"", ""note"": ""金額""}, {""text"": ""不大"", ""type"": ""vocab"", ""py"": ""bùdà"", ""note"": ""大きくない""}, {""text"": ""，"", ""type"": ""punct""}, {""text"": ""也"", ""type"": ""grammar"", ""py"": ""yě"", ""note"": ""「〜も」を表す副詞。""}, {""text"": ""应该"", ""type"": ""grammar"", ""py"": ""yīnggāi"", ""note"": ""「〜すべきだ」という当然・義務を表す助動詞。""}, {""text"": ""养成"", ""type"": ""vocab"", ""py"": ""yǎngchéng"", ""note"": ""身につける、養成する""}, {""text"": ""定期"", ""type"": ""vocab"", ""py"": ""dìngqī"", ""note"": ""定期的な""}, {""text"": ""储蓄"", ""type"": ""vocab"", ""py"": ""chǔxù"", ""note"": ""貯蓄""}, {""text"": ""的"", ""type"": ""grammar"", ""py"": ""de"", ""note"": ""名詞を修飾し、所有・限定を表す助詞（〜の）。""}, {""text"": ""习惯"", ""type"": ""vocab"", ""py"": ""xíguàn"", ""note"": ""習慣""}, {""text"": ""。"", ""type"": ""punct""}]",HSKspeaking_practice
643,67,5,主持人,除了储蓄以外，还有其他方法吗？,"Chúle chǔxù yǐwài, hái yǒu qítā fāngfǎ ma?",貯蓄以外に、他の方法はありますか？,"[{""text"": ""除了"", ""type"": ""grammar"", ""py"": ""chúle"", ""note"": ""「〜を除いて、〜のほかに」を表す介詞。「除了…以外…」の形で使う。""}, {""text"": ""储蓄"", ""type"": ""vocab"", ""py"": ""chǔxù"", ""note"": ""貯蓄""}, {""text"": ""以外"", ""type"": ""grammar"", ""py"": ""yǐwài"", ""note"": ""「〜以外」を表す語。「除了…以外」の形でよく使う。""}, {""text"": ""，"", ""type"": ""punct""}, {""text"": ""还有"", ""type"": ""vocab"", ""py"": ""háiyǒu"", ""note"": ""まだ〜がある、それから""}, {""text"": ""其他"", ""type"": ""vocab"", ""py"": ""qítā"", ""note"": ""その他""}, {""text"": ""方法"", ""type"": ""vocab"", ""py"": ""fāngfǎ"", ""note"": ""方法""}, {""text"": ""吗"", ""type"": ""grammar"", ""py"": ""ma"", ""note"": ""「はい/いいえ」で答える疑問文を作る文末助詞。""}, {""text"": ""？"", ""type"": ""punct""}]",HSKspeaking_practice
644,67,6,吴博士,可以考虑购买养老保险或者进行长期投资。,Kěyǐ kǎolǜ gòumǎi yǎnglǎo bǎoxiǎn huòzhě jìnxíng chángqī tóuzī.,老後保険の購入や長期投資を検討するといいでしょう。,"[{""text"": ""可以"", ""type"": ""grammar"", ""py"": ""kěyǐ"", ""note"": ""「〜してもよい、〜できる」という許可・可能を表す助動詞。""}, {""text"": ""考虑"", ""type"": ""vocab"", ""py"": ""kǎolǜ"", ""note"": ""考える、検討する""}, {""text"": ""购买"", ""type"": ""vocab"", ""py"": ""gòumǎi"", ""note"": ""購入する""}, {""text"": ""养老保险"", ""type"": ""vocab"", ""py"": ""yǎnglǎobǎoxiǎn"", ""note"": ""年金保険""}, {""text"": ""或者"", ""type"": ""grammar"", ""py"": ""huòzhě"", ""note"": ""「あるいは、それとも」を表す接続詞（平叙文で使う）。""}, {""text"": ""进行"", ""type"": ""vocab"", ""py"": ""jìnxíng"", ""note"": ""行う""}, {""text"": ""长期投资"", ""type"": ""vocab"", ""py"": ""chángqītóuzī"", ""note"": ""長期投資""}, {""text"": ""。"", ""type"": ""punct""}]",HSKspeaking_practice
645,67,7,小茵,那我们应该把多少收入用来储蓄？,Nà wǒmen yīnggāi bǎ duōshao shōurù yònglái chǔxù?,では収入のどのくらいを貯蓄に回すべきですか？,"[{""text"": ""那"", ""type"": ""vocab"", ""py"": ""nà"", ""note"": ""あれ、それ／それなら""}, {""text"": ""我们"", ""type"": ""vocab"", ""py"": ""wǒmen"", ""note"": ""私たち""}, {""text"": ""应该"", ""type"": ""grammar"", ""py"": ""yīnggāi"", ""note"": ""「〜すべきだ」という当然・義務を表す助動詞。""}, {""text"": ""把"", ""type"": ""grammar"", ""py"": ""bǎ"", ""note"": ""目的語を動詞の前に出し「〜を…する」という処置を表す構文を作る介詞（把構文）。""}, {""text"": ""多少"", ""type"": ""grammar"", ""py"": ""duōshǎo"", ""note"": ""10以上の数量を尋ねる疑問詞（いくつ、いくら）。""}, {""text"": ""收入"", ""type"": ""vocab"", ""py"": ""shōurù"", ""note"": ""収入""}, {""text"": ""用来"", ""type"": ""vocab"", ""py"": ""yònglái"", ""note"": ""〜に使う""}, {""text"": ""储蓄"", ""type"": ""vocab"", ""py"": ""chǔxù"", ""note"": ""貯蓄""}, {""text"": ""？"", ""type"": ""punct""}]",HSKspeaking_practice
646,67,8,吴博士,一般建议至少百分之十五，越多越好。,"Yìbān jiànyì zhìshǎo bǎifēnzhī shíwǔ, yuè duō yuè hǎo.",一般的には少なくとも15%が推奨されます、多いほど良いです。,"[{""text"": ""一般"", ""type"": ""vocab"", ""py"": ""yìbān"", ""note"": ""普段、一般的に""}, {""text"": ""建议"", ""type"": ""vocab"", ""py"": ""jiànyì"", ""note"": ""提案する、提案""}, {""text"": ""至少"", ""type"": ""vocab"", ""py"": ""zhìshǎo"", ""note"": ""少なくとも""}, {""text"": ""百分之十五"", ""type"": ""vocab"", ""py"": ""bǎifēnzhīshíwǔ"", ""note"": ""15パーセント""}, {""text"": ""，"", ""type"": ""punct""}, {""text"": ""越多越好"", ""type"": ""vocab"", ""py"": ""yuèduōyuèhǎo"", ""note"": ""多ければ多いほど良い""}, {""text"": ""。"", ""type"": ""punct""}]",HSKspeaking_practice
647,67,9,主持人,谢谢吴博士的建议，希望大家都能早做准备。,"Xièxie Wú bóshì de jiànyì, xīwàng dàjiā dōu néng zǎo zuò zhǔnbèi.",呉博士のアドバイスに感謝します、皆さんが早めに準備できることを願っています。,"[{""text"": ""谢谢"", ""type"": ""vocab"", ""py"": ""xièxiè"", ""note"": ""ありがとう""}, {""text"": ""吴博士"", ""type"": ""vocab"", ""py"": ""wúbóshì"", ""note"": ""（人名）""}, {""text"": ""的"", ""type"": ""grammar"", ""py"": ""de"", ""note"": ""名詞を修飾し、所有・限定を表す助詞（〜の）。""}, {""text"": ""建议"", ""type"": ""vocab"", ""py"": ""jiànyì"", ""note"": ""提案する、提案""}, {""text"": ""，"", ""type"": ""punct""}, {""text"": ""希望"", ""type"": ""grammar"", ""py"": ""xīwàng"", ""note"": ""「〜を望む」を表す動詞。""}, {""text"": ""大家"", ""type"": ""vocab"", ""py"": ""dàjiā"", ""note"": ""みんな""}, {""text"": ""都"", ""type"": ""grammar"", ""py"": ""dōu"", ""note"": ""「みな、すべて」を表す副詞。""}, {""text"": ""能"", ""type"": ""grammar"", ""py"": ""néng"", ""note"": ""「〜できる」という可能を表す助動詞。""}, {""text"": ""早"", ""type"": ""vocab"", ""py"": ""zǎo"", ""note"": ""早い""}, {""text"": ""做"", ""type"": ""vocab"", ""py"": ""zuò"", ""note"": ""する、作る""}, {""text"": ""准备"", ""type"": ""vocab"", ""py"": ""zhǔnbèi"", ""note"": ""準備する""}, {""text"": ""。"", ""type"": ""punct""}]",HSKspeaking_practice
648,68,1,主持人,今天我们讨论一下现在的医疗制度。,Jīntiān wǒmen tǎolùn yíxià xiànzài de yīliáo zhìdù.,今日は現在の医療制度について話し合います。,"[{""text"": ""今天"", ""type"": ""vocab"", ""py"": ""jīntiān"", ""note"": ""今日""}, {""text"": ""我们"", ""type"": ""vocab"", ""py"": ""wǒmen"", ""note"": ""私たち""}, {""text"": ""讨论一下"", ""type"": ""vocab"", ""py"": ""tǎolùnyīxià"", ""note"": ""ちょっと議論する""}, {""text"": ""现在"", ""type"": ""vocab"", ""py"": ""xiànzài"", ""note"": ""今、現在""}, {""text"": ""的"", ""type"": ""grammar"", ""py"": ""de"", ""note"": ""名詞を修飾し、所有・限定を表す助詞（〜の）。""}, {""text"": ""医疗"", ""type"": ""vocab"", ""py"": ""yīliáo"", ""note"": ""医療""}, {""text"": ""制度"", ""type"": ""vocab"", ""py"": ""zhìdù"", ""note"": ""制度""}, {""text"": ""。"", ""type"": ""punct""}]",HSKspeaking_practice
649,68,2,刘教授,近年来医疗保险的覆盖范围越来越广。,Jìnnián lái yīliáo bǎoxiǎn de fùgài fànwéi yuè lái yuè guǎng.,近年、医療保険のカバー範囲はますます広がっています。,"[{""text"": ""近年来"", ""type"": ""vocab"", ""py"": ""jìnniánlái"", ""note"": ""近年""}, {""text"": ""医疗保险"", ""type"": ""vocab"", ""py"": ""yīliáobǎoxiǎn"", ""note"": ""医療保険""}, {""text"": ""的"", ""type"": ""grammar"", ""py"": ""de"", ""note"": ""名詞を修飾し、所有・限定を表す助詞（〜の）。""}, {""text"": ""覆盖范围"", ""type"": ""vocab"", ""py"": ""fùgàifànwéi"", ""note"": ""カバー範囲""}, {""text"": ""越来越"", ""type"": ""grammar"", ""py"": ""yuèláiyuè"", ""note"": ""「ますます〜になる」を表す表現。""}, {""text"": ""广"", ""type"": ""vocab"", ""py"": ""guǎng"", ""note"": ""広い""}, {""text"": ""。"", ""type"": ""punct""}]",HSKspeaking_practice
650,68,3,张老师,不过大医院看病依然很难，排队时间很长。,"Búguò dà yīyuàn kànbìng yīrán hěn nán, páiduì shíjiān hěn cháng.",でも大病院での受診は依然として難しく、待ち時間が長いです。,"[{""text"": ""不过"", ""type"": ""grammar"", ""py"": ""bùguò"", ""note"": ""「ただし、でも」を表す軽い転換の接続詞。""}, {""text"": ""大"", ""type"": ""vocab"", ""py"": ""dà"", ""note"": ""大きい""}, {""text"": ""医院"", ""type"": ""vocab"", ""py"": ""yīyuàn"", ""note"": ""病院""}, {""text"": ""看病"", ""type"": ""vocab"", ""py"": ""kànbìng"", ""note"": ""診察を受ける""}, {""text"": ""依然"", ""type"": ""vocab"", ""py"": ""yīrán"", ""note"": ""依然として""}, {""text"": ""很难"", ""type"": ""vocab"", ""py"": ""hěnnán"", ""note"": ""〜するのが難しい""}, {""text"": ""，"", ""type"": ""punct""}, {""text"": ""排队"", ""type"": ""vocab"", ""py"": ""páiduì"", ""note"": ""並ぶ、列に並ぶ""}, {""text"": ""时间"", ""type"": ""vocab"", ""py"": ""shíjiān"", ""note"": ""時間""}, {""text"": ""很长"", ""type"": ""vocab"", ""py"": ""hěnzhǎng"", ""note"": ""とても長い""}, {""text"": ""。"", ""type"": ""punct""}]",HSKspeaking_practice
651,68,4,主持人,那应该怎样解决看病难的问题呢？,Nà yīnggāi zěnyàng jiějué kànbìng nán de wèntí ne?,では受診の難しさをどう解決すべきでしょうか？,"[{""text"": ""那"", ""type"": ""vocab"", ""py"": ""nà"", ""note"": ""あれ、それ／それなら""}, {""text"": ""应该"", ""type"": ""grammar"", ""py"": ""yīnggāi"", ""note"": ""「〜すべきだ」という当然・義務を表す助動詞。""}, {""text"": ""怎样"", ""type"": ""vocab"", ""py"": ""zěnyàng"", ""note"": ""どのように""}, {""text"": ""解决"", ""type"": ""vocab"", ""py"": ""jiějué"", ""note"": ""解決する""}, {""text"": ""看病难"", ""type"": ""vocab"", ""py"": ""kànbìngnán"", ""note"": ""受診の難しさ（看病＋难）""}, {""text"": ""的"", ""type"": ""grammar"", ""py"": ""de"", ""note"": ""名詞を修飾し、所有・限定を表す助詞（〜の）。""}, {""text"": ""问题"", ""type"": ""vocab"", ""py"": ""wèntí"", ""note"": ""問題""}, {""text"": ""呢"", ""type"": ""grammar"", ""py"": ""ne"", ""note"": ""疑問文を柔らかくしたり「〜は？」と聞き返すときに使う文末助詞。""}, {""text"": ""？"", ""type"": ""punct""}]",HSKspeaking_practice
652,68,5,刘教授,除了增加医生数量以外，还应该推广社区医院。,"Chúle zēngjiā yīshēng shùliàng yǐwài, hái yīnggāi tuīguǎng shèqū yīyuàn.",医師の数を増やす以外に、地域の医院を普及させるべきです。,"[{""text"": ""除了"", ""type"": ""grammar"", ""py"": ""chúle"", ""note"": ""「〜を除いて、〜のほかに」を表す介詞。「除了…以外…」の形で使う。""}, {""text"": ""增加"", ""type"": ""vocab"", ""py"": ""zēngjiā"", ""note"": ""増やす""}, {""text"": ""医生"", ""type"": ""vocab"", ""py"": ""yīshēng"", ""note"": ""医者""}, {""text"": ""数量"", ""type"": ""vocab"", ""py"": ""shùliàng"", ""note"": ""数量""}, {""text"": ""以外"", ""type"": ""grammar"", ""py"": ""yǐwài"", ""note"": ""「〜以外」を表す語。「除了…以外」の形でよく使う。""}, {""text"": ""，"", ""type"": ""punct""}, {""text"": ""还"", ""type"": ""grammar"", ""py"": ""hái"", ""note"": ""「まだ、さらに」を表す副詞。""}, {""text"": ""应该"", ""type"": ""grammar"", ""py"": ""yīnggāi"", ""note"": ""「〜すべきだ」という当然・義務を表す助動詞。""}, {""text"": ""推广"", ""type"": ""vocab"", ""py"": ""tuīguǎng"", ""note"": ""普及させる""}, {""text"": ""社区"", ""type"": ""vocab"", ""py"": ""shèqū"", ""note"": ""地域、コミュニティ""}, {""text"": ""医院"", ""type"": ""vocab"", ""py"": ""yīyuàn"", ""note"": ""病院""}, {""text"": ""。"", ""type"": ""punct""}]",HSKspeaking_practice
653,68,6,张老师,与其都往大医院跑，不如先去社区医院看看。,"Yǔqí dōu wǎng dà yīyuàn pǎo, bùrú xiān qù shèqū yīyuàn kànkan.",みんなが大病院に殺到するより、まず地域の医院に行ってみる方がいいですね。,"[{""text"": ""与其"", ""type"": ""grammar"", ""py"": ""yǔqí"", ""note"": ""「〜するくらいなら」を表す接続詞。「与其…不如…」の形で使う。""}, {""text"": ""都"", ""type"": ""grammar"", ""py"": ""dōu"", ""note"": ""「みな、すべて」を表す副詞。""}, {""text"": ""往"", ""type"": ""vocab"", ""py"": ""wǎng"", ""note"": ""〜へ向かって""}, {""text"": ""大"", ""type"": ""vocab"", ""py"": ""dà"", ""note"": ""大きい""}, {""text"": ""医院"", ""type"": ""vocab"", ""py"": ""yīyuàn"", ""note"": ""病院""}, {""text"": ""跑"", ""type"": ""vocab"", ""py"": ""pǎo"", ""note"": ""走る、駆けつける""}, {""text"": ""，"", ""type"": ""punct""}, {""text"": ""不如"", ""type"": ""grammar"", ""py"": ""bùrú"", ""note"": ""「〜する方がよい」を表す語。「与其…不如…」の形で使う。""}, {""text"": ""先"", ""type"": ""grammar"", ""py"": ""xiān"", ""note"": ""「まず、先に」を表す副詞。""}, {""text"": ""去"", ""type"": ""vocab"", ""py"": ""qù"", ""note"": ""行く""}, {""text"": ""社区"", ""type"": ""vocab"", ""py"": ""shèqū"", ""note"": ""地域、コミュニティ""}, {""text"": ""医院"", ""type"": ""vocab"", ""py"": ""yīyuàn"", ""note"": ""病院""}, {""text"": ""看看"", ""type"": ""vocab"", ""py"": ""kànkàn"", ""note"": ""ちょっと見る""}, {""text"": ""。"", ""type"": ""punct""}]",HSKspeaking_practice
654,68,7,主持人,远程医疗是不是也能缓解这个问题？,Yuǎnchéng yīliáo shì bu shì yě néng huǎnjiě zhège wèntí?,遠隔医療もこの問題を緩和できるのではないでしょうか？,"[{""text"": ""远程"", ""type"": ""vocab"", ""py"": ""yuǎnchéng"", ""note"": ""リモート、遠隔""}, {""text"": ""医疗"", ""type"": ""vocab"", ""py"": ""yīliáo"", ""note"": ""医療""}, {""text"": ""是不是"", ""type"": ""grammar"", ""py"": ""shìbúshì"", ""note"": ""「〜かどうか、〜ですよね」と確認する疑問表現。""}, {""text"": ""也"", ""type"": ""grammar"", ""py"": ""yě"", ""note"": ""「〜も」を表す副詞。""}, {""text"": ""能"", ""type"": ""grammar"", ""py"": ""néng"", ""note"": ""「〜できる」という可能を表す助動詞。""}, {""text"": ""缓解"", ""type"": ""vocab"", ""py"": ""huǎnjiě"", ""note"": ""緩和する""}, {""text"": ""这个"", ""type"": ""vocab"", ""py"": ""zhège"", ""note"": ""これ""}, {""text"": ""问题"", ""type"": ""vocab"", ""py"": ""wèntí"", ""note"": ""問題""}, {""text"": ""？"", ""type"": ""punct""}]",HSKspeaking_practice
655,68,8,刘教授,没错，只要网络条件好，很多小病都可以在线咨询。,"Méicuò, zhǐyào wǎngluò tiáojiàn hǎo, hěn duō xiǎobìng dōu kěyǐ zàixiàn zīxún.",その通りです、ネット環境さえ良ければ、多くの軽い病気はオンラインで相談できます。,"[{""text"": ""没错"", ""type"": ""vocab"", ""py"": ""méicuò"", ""note"": ""その通りだ""}, {""text"": ""，"", ""type"": ""punct""}, {""text"": ""只要"", ""type"": ""grammar"", ""py"": ""zhǐyào"", ""note"": ""「〜さえすれば」を表す接続詞。「只要…就…」の形で使う。""}, {""text"": ""网络"", ""type"": ""vocab"", ""py"": ""wǎngluò"", ""note"": ""ネットワーク""}, {""text"": ""条件"", ""type"": ""vocab"", ""py"": ""tiáojiàn"", ""note"": ""条件""}, {""text"": ""好"", ""type"": ""vocab"", ""py"": ""hǎo"", ""note"": ""良い、元気だ""}, {""text"": ""，"", ""type"": ""punct""}, {""text"": ""很多"", ""type"": ""vocab"", ""py"": ""hěnduō"", ""note"": ""多くの""}, {""text"": ""小病"", ""type"": ""vocab"", ""py"": ""xiǎobìng"", ""note"": ""軽い病気""}, {""text"": ""都"", ""type"": ""grammar"", ""py"": ""dōu"", ""note"": ""「みな、すべて」を表す副詞。""}, {""text"": ""可以"", ""type"": ""grammar"", ""py"": ""kěyǐ"", ""note"": ""「〜してもよい、〜できる」という許可・可能を表す助動詞。""}, {""text"": ""在线"", ""type"": ""vocab"", ""py"": ""zàixiàn"", ""note"": ""オンラインの""}, {""text"": ""咨询"", ""type"": ""vocab"", ""py"": ""zīxún"", ""note"": ""相談する""}, {""text"": ""。"", ""type"": ""punct""}]",HSKspeaking_practice
656,68,9,张老师,希望未来医疗资源能分配得更加合理。,Xīwàng wèilái yīliáo zīyuán néng fēnpèi de gèngjiā hélǐ.,将来、医療資源がより合理的に分配されることを願います。,"[{""text"": ""希望"", ""type"": ""grammar"", ""py"": ""xīwàng"", ""note"": ""「〜を望む」を表す動詞。""}, {""text"": ""未来"", ""type"": ""vocab"", ""py"": ""wèilái"", ""note"": ""未来""}, {""text"": ""医疗"", ""type"": ""vocab"", ""py"": ""yīliáo"", ""note"": ""医療""}, {""text"": ""资源"", ""type"": ""vocab"", ""py"": ""zīyuán"", ""note"": ""資源""}, {""text"": ""能"", ""type"": ""grammar"", ""py"": ""néng"", ""note"": ""「〜できる」という可能を表す助動詞。""}, {""text"": ""分配"", ""type"": ""vocab"", ""py"": ""fēnpèi"", ""note"": ""分配する""}, {""text"": ""得"", ""type"": ""grammar"", ""py"": ""dé"", ""note"": ""動詞・形容詞の後について程度や結果を表す補語を導く助詞（〜するのが…だ）。文脈により「〜しなければならない(děi)」の助動詞の場合もある。""}, {""text"": ""更加"", ""type"": ""vocab"", ""py"": ""gèngjiā"", ""note"": ""一層""}, {""text"": ""合理"", ""type"": ""vocab"", ""py"": ""hélǐ"", ""note"": ""合理的""}, {""text"": ""。"", ""type"": ""punct""}]",HSKspeaking_practice
