id,hsk_level,hanzi,pinyin,meaning_ja,explanation_ja,grammar_point_id,grammar_label_raw,source_site,source_id
1,1,我叫王芳，是学生。,"Wǒ jiào Wáng Fāng, shì xuéshēng.",私は王芳といいます、学生です。,「叫」は名前を名乗るときに使う動詞です。,1,叫,HSKsentences,1
2,1,我爱爸爸，也爱妈妈。,"Wǒ ài bàba, yě ài māma.",私は父も母も愛しています。,「也」は「〜も」を表す副詞です。,2,是／也／都,HSKsentences,2
3,1,这是我的爱好。,Zhè shì wǒ de àihào.,これが私の趣味です。,「是」はbe動詞にあたる基本の動詞です。,,是／也／都,HSKsentences,3
4,1,我们八点吃饭吧。,Wǒmen bā diǎn chīfàn ba.,私たち8時にご飯を食べましょう。,文末の「吧」は提案・勧誘の語気を表します。,,叫,HSKsentences,4
5,1,爸爸的生日是白天。,Bàba de shēngrì shì báitiān.,父の誕生日は昼間です。,「的」は所有・修飾を表す助詞です。,,曜日・日付,HSKsentences,5
6,1,这是一百块钱。,Zhè shì yìbǎi kuài qián.,これは百元です。,「个」などの量詞と同様、数量を表す基本表現です。,,想／多少／个,HSKsentences,6
7,1,半年后我去北京。,Bàn nián hòu wǒ qù Běijīng.,半年後に北京へ行きます。,「名詞＋后」で「〜後に」を表します。,,曜日・日付,HSKsentences,7
8,1,他们班半天没上课。,Tāmen bān bàntiān méi shàngkè.,彼らのクラスは半日授業がありませんでした。,「半天」は「かなりの時間・半日」という意味です。,,想／多少／个,HSKsentences,8
9,1,请帮我拿一个包子。,Qǐng bāng wǒ ná yí gè bāozi.,包子を一つ取ってください。,「请＋動詞」は丁寧な依頼を表します。,8,和／能／请,HSKsentences,9
10,2,帮忙拿一下杯子。,Bāngmáng ná yíxià bēizi.,ちょっとコップを取るのを手伝って。,「帮忙」は「手伝う」という意味の動詞です。,16,叫,HSKsentences,10
11,1,北京在中国的北边。,Běijīng zài Zhōngguó de běibiān.,北京は中国の北にあります。,「在」は場所を表す動詞です。,,是／也／都,HSKsentences,11
12,1,我想买一本子。,Wǒ xiǎng mǎi yì běnzi.,私はノートを一冊買いたいです。,「想＋動詞」で「〜したい」という願望を表します。,6,想／多少／个,HSKsentences,12
13,2,这个比那个贵。,Zhège bǐ nàge guì.,これはあれより高いです。,「比」を使った比較の基本表現です。,24,是／也／都,HSKsentences,13
14,1,别的人不是病人。,Bié de rén bú shì bìngrén.,他の人は病人ではありません。,「别的」は「他の」という意味の形容詞です。,,想／多少／个,HSKsentences,14
15,1,这个不大，不贵。,"Zhège bú dà, bú guì.",これは大きくなくて、高くもないです。,「不」は動詞・形容詞を否定する副詞です。,,是／也／都,HSKsentences,15
16,1,不对，不客气。,"Bú duì, bú kèqi.",違います、どういたしまして。,「不客气」は感謝への返答フレーズです。,,和／能／请,HSKsentences,16
17,1,不用谢，请喝茶。,"Búyòng xiè, qǐng hē chá.",お礼はいりません、お茶をどうぞ。,「不用」は「〜する必要はない」という意味です。,8,和／能／请,HSKsentences,17
18,2,这个菜比那个差。,Zhège cài bǐ nàge chà.,この料理はあれより劣ります。,「差」は「劣る・悪い」という形容詞です。,24,是／也／都,HSKsentences,18
19,1,她常常唱歌。,Tā chángcháng chànggē.,彼女はよく歌を歌います。,「常常」は「よく・いつも」という頻度の副詞です。,,在／有／呢,HSKsentences,19
20,4,车在车站上。,Chē zài chēzhàn shàng.,車は駅にあります。,「在」は所在を表す動詞です。,45,在／有／呢,HSKsentences,20
21,1,我要一张车票。,Wǒ yào yì zhāng chēpiào.,切符を一枚ください。,「要」は「欲しい・要る」という意味の動詞です。,,想／多少／个,HSKsentences,21
22,1,车上有很多人在吃饭。,Chē shàng yǒu hěn duō rén zài chīfàn.,車内でたくさんの人がご飯を食べています。,「在＋動詞」は動作の進行を表します。,,叫,HSKsentences,22
23,3,他出去了，一会儿出来。,"Tā chūqù le, yíhuìr chūlái.",彼は出かけて、少しして戻ってきます。,「出去」「出来」は方向補語を伴う移動表現です。,30,想／多少／个,HSKsentences,23
24,1,我想穿新衣服。,Wǒ xiǎng chuān xīn yīfu.,新しい服を着たいです。,「穿」は「着る」という動詞です。,,想／多少／个,HSKsentences,24
25,1,床上有一次错。,Chuáng shàng yǒu yí cì cuò.,ベッドの上に一つ間違いがあります。,「次」は回数を数える量詞です。,,曜日・日付,HSKsentences,25
26,2,我从大学来。,Wǒ cóng dàxué lái.,私は大学から来ました。,「从」は起点を表す前置詞です。,22,和／能／请,HSKsentences,26
27,1,大学生打车去打球。,Dàxuéshēng dǎchē qù dǎqiú.,大学生はタクシーに乗ってボールをしに行きます。,「打车」「打球」は「打＋名詞」の動詞句です。,,和／能／请,HSKsentences,27
28,1,到了，打开门吧。,"Dào le, dǎkāi mén ba.",着きました、ドアを開けましょう。,「到」は「到着する」という動詞です。,,想／多少／个,HSKsentences,28
29,1,请打电话给弟弟。,Qǐng dǎ diànhuà gěi dìdi.,弟に電話をかけてください。,「打电话」は「電話をかける」という動詞句です。,8,和／能／请,HSKsentences,29
30,1,地上有一个本子。,Dìshàng yǒu yí gè běnzi.,地面にノートが一冊あります。,「有」は存在を表す動詞です。,,是／也／都,HSKsentences,30
31,1,我在这里等你。,Wǒ zài zhèlǐ děng nǐ.,私はここであなたを待ちます。,「等」は「待つ」という動詞です。,,和／能／请,HSKsentences,31
32,1,这是第一次。,Zhè shì dì yī cì.,これは初めてです。,「第＋数字」で順序を表します。,,是／也／都,HSKsentences,32
33,3,我得到了一个电脑。,Wǒ dédào le yí gè diànnǎo.,私はパソコンを一台手に入れました。,「得到」は「手に入れる」という動詞です。,32,想／多少／个,HSKsentences,33
34,1,电视机和电视都在这儿。,Diànshìjī hé diànshì dōu zài zhèr.,テレビはどちらもここにあります。,「都」は「すべて・両方とも」という副詞です。,,是／也／都,HSKsentences,34
35,1,我们去电影院看电影。,Wǒmen qù diànyǐngyuàn kàn diànyǐng.,私たちは映画館へ映画を見に行きます。,「去＋場所＋動詞」で「〜しに行く」を表します。,5,和／能／请,HSKsentences,35
36,1,这个地点是好地方。,Zhège dìdiǎn shì hǎo dìfang.,この場所はいい所です。,「地点」「地方」はどちらも「場所」を意味する名詞です。,,叫,HSKsentences,36
37,1,请看地图。,Qǐng kàn dìtú.,地図を見てください。,「地图」は「地図」という名詞です。,8,想／多少／个,HSKsentences,37
38,1,他的动作不动。,Tā de dòngzuò bú dòng.,彼の動作は動きません。,「动作」は名詞、「动」は動詞として使われます。,,曜日・日付,HSKsentences,38
39,1,东边和东西都好。,Dōngbiān hé dōngxi dōu hǎo.,東側も物もどちらもいいです。,「东西」は「もの」という意味の名詞です。,,是／也／都,HSKsentences,39
40,1,我喜欢读书。,Wǒ xǐhuan dú shū.,私は読書が好きです。,「读书」は「本を読む・勉強する」という動詞句です。,11,想／多少／个,HSKsentences,40
41,1,对不起，我不对。,"Duìbuqǐ, wǒ bú duì.",すみません、私が間違っています。,「对不起」は謝罪の定型表現です。,,是／也／都,HSKsentences,41
42,1,你要多少？,Nǐ yào duōshao?,あなたはいくつ欲しいですか。,「多少」は数量を尋ねる疑問詞です。,6,想／多少／个,HSKsentences,42
43,1,我饿了，想吃饭。,"Wǒ è le, xiǎng chīfàn.",お腹が空いた、ご飯が食べたいです。,文末の「了」は状態の変化を表します。,6,是／也／都,HSKsentences,43
44,1,儿子在饭店吃饭。,Érzi zài fàndiàn chīfàn.,息子はレストランでご飯を食べています。,「在＋場所」は動作の行われる場所を示します。,,想／多少／个,HSKsentences,44
45,1,放假了，放学早。,"Fàngjià le, fàngxué zǎo.",休みになった、放課後も早い。,「放假」「放学」は学校関連の動詞句です。,,曜日・日付,HSKsentences,45
46,1,房子里有一个房间。,Fángzi lǐ yǒu yí gè fángjiān.,家の中に部屋が一つあります。,「房子」は家、「房间」は部屋を表す名詞です。,,是／也／都,HSKsentences,46
47,1,飞机非常快。,Fēijī fēicháng kuài.,飛行機はとても速いです。,「非常＋形容詞」で強い程度を表します。,,想／多少／个,HSKsentences,47
48,1,我飞去北京，用两分钟。,"Wǒ fēi qù Běijīng, yòng liǎng fēnzhōng.",私は飛んで北京へ行き、2分かかります。,「分钟」は時間の長さを表す量詞です。,,想／多少／个,HSKsentences,48
49,1,外面风很大。,Wàimiàn fēng hěn dà.,外は風がとても強いです。,「风」は「風」という名詞です。,,曜日・日付,HSKsentences,49
50,1,你干什么？衣服很干净。,Nǐ gàn shénme? Yīfu hěn gānjìng.,何をしているの？服がとてもきれいです。,「干什么」は「何をする」という疑問表現です。,,和／能／请,HSKsentences,50
51,1,这栋楼很高。,Zhè dòng lóu hěn gāo.,このビルはとても高いです。,「高」は「高い」という形容詞です。,,是／也／都,HSKsentences,51
52,1,请告诉我，我很高兴。,"Qǐng gàosu wǒ, wǒ hěn gāoxìng.",教えてください、私はとても嬉しいです。,「告诉」は「伝える・教える」という動詞です。,8,和／能／请,HSKsentences,52
53,1,给我一个歌本。,Gěi wǒ yí gè gēběn.,歌の本を一冊ください。,「给」は「与える」という授受動詞です。,,想／多少／个,HSKsentences,53
54,1,哥哥也是工人。,Gēge yě shì gōngrén.,兄も労働者です。,「也」は「〜も」を表す副詞です。,2,是／也／都,HSKsentences,54
55,1,我跟哥哥去工作。,Wǒ gēn gēge qù gōngzuò.,私は兄と一緒に仕事に行きます。,「跟」は「〜と一緒に」を表す前置詞です。,,和／能／请,HSKsentences,55
56,1,请关上门。,Qǐng guānshàng mén.,ドアを閉めてください。,「关上」は「閉める」という結果補語付き動詞です。,8,想／多少／个,HSKsentences,56
57,1,这个国家很贵。,Zhège guójiā hěn guì.,この国は物価が高いです。,「贵」は「高価な」という形容詞です。,,是／也／都,HSKsentences,57
58,3,他从国外过来。,Tā cóng guówài guòlái.,彼は海外から来ました。,「国外」は「海外」を表す名詞です。,30,曜日・日付,HSKsentences,58
59,1,别人不是我孩子。,Biérén bú shì wǒ háizi.,他人は私の子供ではありません。,「别人」は「他人」という意味の代名詞です。,,是／也／都,HSKsentences,59
60,1,我有二个孩子。,Wǒ yǒu èr gè háizi.,私には子供が二人います。,「二」は数詞で、量詞「个」と共に使われます。,,想／多少／个,HSKsentences,60
61,3,他还是学生，还没工作。,"Tā háishi xuésheng, hái méi gōngzuò.",彼はまだ学生で、まだ働いていません。,「还是」は「やはり・依然として」、「还」は「まだ」を表します。,31,是／也／都,HSKsentences,61
62,1,这里还有汉字。,Zhèlǐ hái yǒu hànzì.,ここにまだ漢字があります。,「还有」は「まだ〜がある」という意味です。,,是／也／都,HSKsentences,62
63,1,孩子在学汉语。,Háizi zài xué Hànyǔ.,子供は中国語を勉強しています。,「汉语」は「中国語」を表す名詞です。,,和／能／请,HSKsentences,63
64,1,这是几号？,Zhè shì jǐ hào?,これは何日ですか。,「几号」は日付を尋ねる疑問表現です。,,想／多少／个,HSKsentences,64
65,1,这个电影好看，那个好听。,"Zhège diànyǐng hǎokàn, nàge hǎotīng.",この映画は面白くて、あれは聞き心地がいいです。,「好看」「好听」は「好＋動詞」型の形容詞です。,,想／多少／个,HSKsentences,65
66,1,这里好玩儿，也好吃。,"Zhèlǐ hǎowánr, yě hǎochī.",ここは楽しくて、美味しくもあります。,「好玩儿」「好吃」も同じ「好＋動詞」型の形容詞です。,2,想／多少／个,HSKsentences,66
67,1,后天是后边那天。,Hòutiān shì hòubiān nà tiān.,明後日は後ろのあの日です。,「后天」は「明後日」という時間名詞です。,,曜日・日付,HSKsentences,67
68,1,这朵花不坏。,Zhè duǒ huā bú huài.,この花は悪くないです。,「坏」は「悪い」という形容詞です。,,和／能／请,HSKsentences,68
69,3,他回家，回来吃饭。,"Tā huí jiā, huílái chīfàn.",彼は家に帰って、戻ってきてご飯を食べます。,「回」「回来」は「帰る・戻ってくる」を表す動詞です。,30,叫,HSKsentences,69
70,3,我回去，回答问题。,"Wǒ huíqù, huídá wèntí.",私は帰って、質問に答えます。,「回去」「回答」もそれぞれ動詞です。,30,叫,HSKsentences,70
71,1,回到家，坐火车来。,"Huídào jiā, zuò huǒchē lái.",家に戻り、電車に乗って来ました。,「回到」は「〜に戻る」という結果補語付き動詞です。,,曜日・日付,HSKsentences,71
72,1,我记住了他的名字。,Wǒ jìzhù le tā de míngzi.,私は彼の名前を覚えました。,「记住」は「覚える」という結果補語付き動詞です。,,想／多少／个,HSKsentences,72
73,1,你有几张机票？,Nǐ yǒu jǐ zhāng jīpiào?,航空券は何枚ありますか。,「几」は数を尋ねる疑問詞です。,,想／多少／个,HSKsentences,73
74,1,家里有家人。,Jiālǐ yǒu jiārén.,家に家族がいます。,「家里」は「家の中」という場所名詞です。,,是／也／都,HSKsentences,74
75,1,我们明天见面。,Wǒmen míngtiān jiànmiàn.,私たちは明日会います。,「见面」は「会う」という動詞です。,,和／能／请,HSKsentences,75
76,1,老师教我们汉字。,Lǎoshī jiāo wǒmen hànzì.,先生は私たちに漢字を教えます。,「教」は「教える」という動詞です。,,和／能／请,HSKsentences,76
77,1,教学楼在机场旁边。,Jiàoxuélóu zài jīchǎng pángbiān.,校舎は空港のそばにあります。,「教学楼」は「校舎」という名詞です。,,是／也／都,HSKsentences,77
78,1,早饭有鸡蛋。,Zǎofàn yǒu jīdàn.,朝ごはんに卵があります。,「鸡蛋」は「卵」を表す名詞です。,,想／多少／个,HSKsentences,78
79,1,我还记得姐姐。,Wǒ hái jìde jiějie.,私はまだ姉のことを覚えています。,「记得」は「覚えている」という動詞です。,,想／多少／个,HSKsentences,79
80,1,请介绍一下自己。,Qǐng jièshào yíxià zìjǐ.,自己紹介してください。,「介绍」は「紹介する」という動詞です。,8,和／能／请,HSKsentences,80
81,1,进来，别进去了。,"Jìnlái, bié jìnqù le.",入ってきて、もう入って行かないで。,「进来」「进去」は方向補語をつけた動詞です。,30,曜日・日付,HSKsentences,81
82,1,今年，今天都很忙。,"Jīnnián, jīntiān dōu hěn máng.",今年も今日もとても忙しいです。,「今年」「今天」は時間名詞です。,,曜日・日付,HSKsentences,82
83,4,我就是九岁。,Wǒ jiùshì jiǔ suì.,私はまさに9歳です。,「就」は「まさに・ちょうど」を強調する副詞です。,43,曜日・日付,HSKsentences,83
84,2,我觉得课文很难。,Wǒ juéde kèwén hěn nán.,私は本文が難しいと思います。,「觉得」は「〜と思う」という意見を表す動詞です。,14,想／多少／个,HSKsentences,84
85,1,开车去开会。,Kāichē qù kāihuì.,車を運転して会議に行きます。,「开车」「开会」は「开＋名詞」の動詞句です。,,和／能／请,HSKsentences,85
86,2,别开玩笑了。,Bié kāiwánxiào le.,冗談を言わないでください。,「开玩笑」は「冗談を言う」という動詞句です。,23,是／也／都,HSKsentences,86
87,1,他生病了，去看病。,"Tā shēngbìng le, qù kànbìng.",彼は病気になって、病院に行きます。,「看病」は「診察を受ける」という動詞句です。,,和／能／请,HSKsentences,87
88,2,我看到、看见了老师。,"Wǒ kàndào, kànjiàn le lǎoshī.",私は先生を見かけました。,「看到」「看见」はどちらも「見える・見かける」という結果補語付き動詞です。,22,想／多少／个,HSKsentences,88
89,1,明天考试，先考课本。,"Míngtiān kǎoshì, xiān kǎo kèběn.",明日試験なので、まず教科書を勉強します。,「考试」は「試験」という名詞・動詞です。,,想／多少／个,HSKsentences,89
90,1,我渴了，想喝水。,"Wǒ kě le, xiǎng hē shuǐ.",喉が渇いた、水が飲みたいです。,「渴」は「喉が渇く」という形容詞です。,6,是／也／都,HSKsentences,90
91,1,口渴了，进门口。,"Kǒu kě le, jìn ménkǒu.",喉が渇いた、入り口に入ります。,「口」「门口」はどちらも「口・入り口」に関する名詞です。,,想／多少／个,HSKsentences,91
92,1,老人来到火车站。,Lǎorén láidào huǒchēzhàn.,老人が駅に来ました。,「来到」は「〜に来る」という結果補語付き動詞です。,,是／也／都,HSKsentences,92
93,1,我累了，也冷了。,"Wǒ lèi le, yě lěng le.",疲れたし、寒くもなりました。,「累」「冷」はどちらも形容詞です。,2,是／也／都,HSKsentences,93
94,1,楼上楼下都零度。,Lóushàng lóuxià dōu líng dù.,上階も下階もどちらも0度です。,「零」は数字の「0」を表します。,,是／也／都,HSKsentences,94
95,1,路口有六路车。,Lùkǒu yǒu liù lù chē.,交差点に6番のバスがあります。,「六」は数詞、「路」はバス路線を数える量詞です。,,是／也／都,HSKsentences,95
96,1,路上，马路上有车。,"Lùshàng, mǎlùshàng yǒu chē.",道の上、道路の上に車があります。,「路上」「马路」はどちらも「道」に関する名詞です。,,曜日・日付,HSKsentences,96
97,1,吗？马上就到。,Ma? Mǎshàng jiù dào.,ですか？すぐに着きます。,「吗」は疑問文を作る助詞、「马上」は「すぐに」を表します。,,想／多少／个,HSKsentences,97
98,1,车开得很慢。,Chē kāi de hěn màn.,車の運転がとても遅いです。,「慢」は「遅い」という形容詞です。,,想／多少／个,HSKsentences,98
99,1,一毛钱不多。,Yì máo qián bù duō.,1角のお金は多くありません。,「毛」はお金の単位（角）です。,,是／也／都,HSKsentences,99
100,1,妹妹没有面包。,Mèimei méiyǒu miànbāo.,妹はパンを持っていません。,「没有」は「持っていない・ない」を表します。,,是／也／都,HSKsentences,100
101,1,没什么，没事儿。,"Méi shénme, méi shìr.",何でもない、大丈夫です。,どちらも「大丈夫・問題ない」という定型表現です。,,是／也／都,HSKsentences,101
102,1,没关系，没有问题。,"Méiguānxi, méiyǒu wèntí.",大丈夫です、問題ありません。,「没关系」は「大丈夫」という定型表現です。,,是／也／都,HSKsentences,102
103,1,门票在门口。,Ménpiào zài ménkǒu.,入場券は入り口にあります。,「门票」は「入場券」という名詞です。,,是／也／都,HSKsentences,103
104,1,我想吃面条儿和米饭。,Wǒ xiǎng chī miàntiáor hé mǐfàn.,麺とご飯が食べたいです。,「面条儿」「米饭」はどちらも食べ物の名詞です。,6,想／多少／个,HSKsentences,104
105,1,明年、明天都明白。,"Míngnián, míngtiān dōu míngbai.",来年も明日もどちらもわかります。,「明白」は「わかる」という動詞です。,,曜日・日付,HSKsentences,105
106,1,你的名字是什么？,Nǐ de míngzi shì shénme?,あなたの名前は何ですか。,「名字」は「名前」を表す名詞です。,,叫,HSKsentences,106
107,1,哪个是你的？那边那里。,Nǎge shì nǐ de? Nàbiān nàlǐ.,どれがあなたのですか？あちら、あそこです。,「哪」「那」は疑問・指示を表す代名詞です。,,想／多少／个,HSKsentences,107
108,1,哪里、哪些都可以。,"Nǎlǐ, nǎxiē dōu kěyǐ.",どこも、どれもいいです。,「哪里」「哪些」はどちらも疑問代名詞です。,12,想／多少／个,HSKsentences,108
109,1,那些是奶奶的奶。,Nàxiē shì nǎinai de nǎi.,あれらはおばあちゃんのミルクです。,「那些」は「あれら」という指示代名詞です。,13,想／多少／个,HSKsentences,109
110,1,南边有个男孩儿。,Nánbiān yǒu gè nánháir.,南側に男の子が一人います。,「南边」は「南側」を表す名詞です。,,是／也／都,HSKsentences,110
111,1,这道题很难，男生难做。,"Zhè dào tí hěn nán, nánshēng nán zuò.",この問題は難しく、男子生徒もやりにくいです。,「难」は「難しい」という形容詞です。,,是／也／都,HSKsentences,111
112,1,男朋友是男人。,Nánpéngyou shì nánrén.,彼氏は男性です。,「男朋友」「男人」は男性に関する名詞です。,,想／多少／个,HSKsentences,112
113,1,那儿、哪儿都行。,"Nàr, nǎr dōu xíng.",そこもどこもいいです。,「那儿」「哪儿」はどちらも場所を表す代名詞です。,,想／多少／个,HSKsentences,113
114,1,你呢？你能来吗？,Nǐ ne? Nǐ néng lái ma?,あなたは？来られますか。,「呢」は疑問を軽く強調する語気助詞です。,,在／有／呢,HSKsentences,114
115,1,你们和您都好。,Nǐmen hé nín dōu hǎo.,あなたたちとあなた、どちらもお元気です。,「您」は「你」の丁寧な言い方です。,,是／也／都,HSKsentences,115
116,1,女儿喝牛奶。,Nǚ’ér hē niúnǎi.,娘は牛乳を飲みます。,「牛奶」は「牛乳」という名詞です。,,想／多少／个,HSKsentences,116
117,1,女孩儿是女生，不是女人。,"Nǚháir shì nǚshēng, bú shì nǚrén.",女の子は女子生徒で、大人の女性ではありません。,「女孩儿」「女生」「女人」はいずれも女性を表す名詞です。,,是／也／都,HSKsentences,117
118,1,女朋友在旁边。,Nǚpéngyou zài pángbiān.,彼女はそばにいます。,「旁边」は「そば・隣」という場所名詞です。,,想／多少／个,HSKsentences,118
119,1,朋友喜欢跑步。,Péngyou xǐhuan pǎobù.,友達は走るのが好きです。,「跑」は「走る」という動詞です。,11,是／也／都,HSKsentences,119
120,1,漂亮的票在这儿。,Piàoliang de piào zài zhèr.,きれいなチケットがここにあります。,「漂亮」は「きれいな」という形容詞です。,7,想／多少／个,HSKsentences,120
121,1,我七点起床。,Wǒ qī diǎn qǐchuáng.,私は7時に起きます。,「起床」は「起きる」という動詞です。,,想／多少／个,HSKsentences,121
122,1,汽车在前边。,Qìchē zài qiánbiān.,車は前方にあります。,「前边」は「前方」を表す名詞です。,,是／也／都,HSKsentences,122
123,1,前天我丢了钱包。,Qiántiān wǒ diū le qiánbāo.,一昨日、財布をなくしました。,「前天」は「一昨日」という時間名詞です。,,想／多少／个,HSKsentences,123
124,3,起来吧，前面有车。,"Qǐlái ba, qiánmiàn yǒu chē.",起きて、前方に車がありますよ。,「起来」は「起きる・立ち上がる」という動詞です。,30,想／多少／个,HSKsentences,124
125,1,请进，请问，请坐。,"Qǐng jìn, qǐngwèn, qǐng zuò.",どうぞお入りください、お尋ねします、おかけください。,「请＋動詞」で丁寧な依頼・招待を表します。,8,和／能／请,HSKsentences,125
126,1,我请假，去年也请假。,"Wǒ qǐngjià, qùnián yě qǐngjià.",私は休暇を取ります、去年も休みを取りました。,「请假」は「休暇を取る」という動詞句です。,8,和／能／请,HSKsentences,126
127,1,今天很热，我认识她。,"Jīntiān hěn rè, wǒ rènshi tā.",今日はとても暑いです、私は彼女を知っています。,「认识」は「知り合う・知っている」という動詞です。,,想／多少／个,HSKsentences,127
128,2,认真学习肉的日期。,Rènzhēn xuéxí ròu de rìqī.,真剣に肉の日付を勉強します。,「认真」は「真剣に」という副詞的形容詞です。,16,想／多少／个,HSKsentences,128
129,1,三座山都很高。,Sān zuò shān dōu hěn gāo.,3つの山はどれもとても高いです。,「三」は数詞、「山」は名詞です。,,是／也／都,HSKsentences,129
130,1,上边、上车都可以。,"Shàngbiān, shàngchē dōu kěyǐ.",上のほうも、乗車もどちらもいいです。,「上边」「上车」はどちらも「上」に関する語句です。,12,是／也／都,HSKsentences,130
131,1,商场上次上课去了。,Shāngchǎng shàngcì shàngkè qù le.,ショッピングモールへ前回授業に行きました。,「商场」は「ショッピングモール」という名詞です。,,想／多少／个,HSKsentences,131
132,1,上学、上班都要早起。,"Shàngxué, shàngbān dōu yào zǎoqǐ.",登校も出勤も早起きが必要です。,「上学」「上班」はどちらも「行く」を伴う動詞句です。,,想／多少／个,HSKsentences,132
133,1,里边有商店。,Lǐbiān yǒu shāngdiàn.,中にお店があります。,「里边」は「中」を表す方位名詞です。,,是／也／都,HSKsentences,133
134,1,我上网，上午在家。,"Wǒ shàngwǎng, shàngwǔ zài jiā.",私はネットをして、午前中は家にいます。,「上网」は「ネットをする」という動詞句です。,,想／多少／个,HSKsentences,134
135,1,谁身上没有手机？,Shéi shēnshang méiyǒu shǒujī?,誰の身に携帯電話がないですか。,「谁」は「誰」を尋ねる疑問詞です。,,想／多少／个,HSKsentences,135
136,1,他生气了，身体不好。,"Tā shēngqì le, shēntǐ bù hǎo.",彼は怒って、体調も良くないです。,「生气」は「怒る」という動詞です。,,是／也／都,HSKsentences,136
137,2,十点是不是上课时候？,Shí diǎn shì bu shì shàngkè shíhou?,10時は授業の時間ですか。,「是不是」は確認を求める疑問文の形です。,15,想／多少／个,HSKsentences,137
138,1,时间到了，手机响了。,"Shíjiān dào le, shǒujī xiǎng le.",時間になり、携帯が鳴りました。,「时间」は「時間」という名詞です。,,想／多少／个,HSKsentences,138
139,1,树下有书包和书。,Shù xià yǒu shūbāo hé shū.,木の下にかばんと本があります。,「树」は「木」という名詞です。,,是／也／都,HSKsentences,139
140,1,书店有水果吗？,Shūdiàn yǒu shuǐguǒ ma?,書店に果物はありますか。,「书店」は「書店」という名詞です。,,想／多少／个,HSKsentences,140
141,1,我睡了，快睡觉。,"Wǒ shuì le, kuài shuìjiào.",私は眠り、早く寝ます。,「睡觉」は「眠る」という動詞句です。,,想／多少／个,HSKsentences,141
142,1,她说，说话很快。,"Tā shuō, shuōhuà hěn kuài.",彼女は話す、話すのがとても速いです。,「说」「说话」はどちらも「話す」という動詞です。,,想／多少／个,HSKsentences,142
143,1,四点送她回家。,Sì diǎn sòng tā huí jiā.,4時に彼女を家まで送ります。,「送」は「送る」という動詞です。,,是／也／都,HSKsentences,143
144,1,她们太累了。,Tāmen tài lèi le.,彼女たちはとても疲れています。,「太＋形容詞＋了」で「〜すぎる」を表します。,10,是／也／都,HSKsentences,144
145,1,天气好，听到了鸟叫。,"Tiānqì hǎo, tīngdào le niǎo jiào.",天気が良く、鳥の声が聞こえました。,「听到」は「聞こえる」という結果補語付き動詞です。,,想／多少／个,HSKsentences,145
146,1,我听见了，也听写了。,"Wǒ tīngjiàn le, yě tīngxiě le.",私は聞こえました、書き取りもしました。,「听见」「听写」はどちらも「听」を使う語です。,2,想／多少／个,HSKsentences,146
147,1,同学在图书馆看书。,Tóngxué zài túshūguǎn kàn shū.,クラスメートは図書館で本を読んでいます。,「图书馆」は「図書館」という名詞です。,,是／也／都,HSKsentences,147
148,1,外边有外国人说外语。,Wàibiān yǒu wàiguó rén shuō wàiyǔ.,外に外国人が外国語を話しています。,「外国」「外语」は「外」に関する名詞です。,,是／也／都,HSKsentences,148
149,1,晚上吃晚饭。,Wǎnshang chī wǎnfàn.,夜に夕食を食べます。,「晚上」「晚饭」はどちらも夜に関する名詞です。,,曜日・日付,HSKsentences,149
150,1,我忘了，忘记网友的名字。,"Wǒ wàng le, wàngjì wǎngyǒu de míngzi.",忘れました、ネット友達の名前を忘れました。,「忘」「忘记」はどちらも「忘れる」という動詞です。,,想／多少／个,HSKsentences,150
151,1,网上有五个午饭。,Wǎngshàng yǒu wǔ gè wǔfàn.,ネット上に5つの昼食があります。,「网上」は「ネット上」という名詞です。,,想／多少／个,HSKsentences,151
152,1,洗手，去西边。,"Xǐ shǒu, qù xībiān.",手を洗って、西側へ行きます。,「洗」は「洗う」という動詞です。,,想／多少／个,HSKsentences,152
153,1,下班后，下车下课。,"Xiàbān hòu, xiàchē xiàkè.",退勤後、下車して授業も終わります。,「下班」「下车」「下课」はいずれも「下」を使う動詞句です。,12,曜日・日付,HSKsentences,153
154,1,下边，下次再来。,"Xiàbiān, xiàcì zài lái.",下のほう、次回また来ます。,「下边」「下次」は場所・順序を表す名詞です。,,想／多少／个,HSKsentences,154
155,1,先生现在在下午上课。,Xiānsheng xiànzài zài xiàwǔ shàngkè.,先生は今、午後に授業をしています。,「先生」「现在」はいずれも基本名詞です。,,叫,HSKsentences,155
156,1,小孩儿很小。,Xiǎoháir hěn xiǎo.,子供はとても小さいです。,「小」は「小さい」という形容詞です。,,是／也／都,HSKsentences,156
157,1,小朋友是小学生。,Xiǎopéngyou shì xiǎoxuéshēng.,子供は小学生です。,「小朋友」「小学生」は子供に関する名詞です。,,是／也／都,HSKsentences,157
158,1,小学在小姐家附近。,Xiǎoxué zài xiǎojiě jiā fùjìn.,小学校はお嬢さんの家の近くにあります。,「小学」「小姐」もそれぞれ名詞です。,,是／也／都,HSKsentences,158
159,1,半个小时，下午下雨了。,"Bàn gè xiǎoshí, xiàwǔ xiàyǔ le.",30分後、午後に雨が降りました。,「小时」は「時間」の単位、「下雨」は「雨が降る」です。,,想／多少／个,HSKsentences,159
160,1,请写谢谢两个字。,Qǐng xiě xièxie liǎng gè zì.,「ありがとう」という2文字を書いてください。,「写」は「書く」、「谢谢」は「ありがとう」です。,8,和／能／请,HSKsentences,160
161,1,新年是星期日。,Xīnnián shì xīngqīrì.,新年は日曜日です。,「新年」「星期日」はどちらも時間名詞です。,5,是／也／都,HSKsentences,161
162,1,星期天、星期都休息。,"Xīngqītiān, xīngqī dōu xiūxi.",日曜日も、その週もどちらも休みです。,「星期」は「曜日・週」を表す名詞です。,5,是／也／都,HSKsentences,162
163,1,洗手间在学院旁边。,Xǐshǒujiān zài xuéyuàn pángbiān.,トイレは学院のそばにあります。,「洗手间」は「トイレ」という名詞です。,,想／多少／个,HSKsentences,163
164,1,学校有一页字。,Xuéxiào yǒu yí yè zì.,学校に1ページの字があります。,「页」はページを数える量詞です。,,是／也／都,HSKsentences,164
165,1,爷爷喜欢一半苹果。,Yéye xǐhuan yíbàn píngguǒ.,おじいさんはリンゴの半分が好きです。,「一半」は「半分」という数量表現です。,11,是／也／都,HSKsentences,165
166,4,一块儿去，一下儿就好。,"Yíkuàir qù, yíxiàr jiù hǎo.",一緒に行って、少しでいいです。,「一块儿」は「一緒に」、「一下儿」は「ちょっと」を表します。,70,是／也／都,HSKsentences,166
167,3,一些一边走一边看。,Yìxiē yìbiān zǒu yìbiān kàn.,いくつかは歩きながら見ます。,「一边A一边B」で「Aしながら Bする」を表します。,37,是／也／都,HSKsentences,167
168,1,一点儿一起去医生那儿。,Yìdiǎnr yìqǐ qù yīshēng nàr.,少し一緒にお医者さんのところへ行きます。,「一点儿」は「少し」という数量表現です。,12,想／多少／个,HSKsentences,168
169,1,医院和学校一样大。,Yīyuàn hé xuéxiào yíyàng dà.,病院と学校は同じくらい大きいです。,「一样」は「同じ」という形容詞です。,,是／也／都,HSKsentences,169
170,1,用右手写字。,Yòng yòu shǒu xiě zì.,右手で字を書きます。,「右」は「右」という方位名詞です。,,想／多少／个,HSKsentences,170
171,1,有些人有的没来。,Yǒuxiē rén yǒude méi lái.,何人かは来ませんでした。,「有些」「有的」はどちらも「一部の」という意味です。,,想／多少／个,HSKsentences,171
172,1,有时候用，很有用。,"Yǒu shíhou yòng, hěn yǒuyòng.",時々使う、とても役に立ちます。,「有时候」は「時々」、「有用」は「役に立つ」です。,,想／多少／个,HSKsentences,172
173,1,右边有个有名的人。,Yòubian yǒu gè yǒumíng de rén.,右側に有名な人がいます。,「有名」は「有名な」という形容詞です。,,是／也／都,HSKsentences,173
174,1,下雨了，一元一把。,"Xiàyǔ le, yì yuán yì bǎ.",雨が降りました、1元で1本です。,「雨」は名詞、「元」はお金の単位です。,,是／也／都,HSKsentences,174
175,1,那儿很远，月月都去。,"Nàr hěn yuǎn, yuè yuè dōu qù.",あそこはとても遠く、毎月行きます。,「远」は「遠い」、「月」は「月」を表す名詞です。,,是／也／都,HSKsentences,175
176,1,再见，再来找我。,"Zàijiàn, zài lái zhǎo wǒ.",さようなら、また探しに来てください。,「再见」は別れの挨拶、「再」は「また」を表します。,,叫,HSKsentences,176
177,1,我在家，你在家吗？,"Wǒ zài jiā, nǐ zài jiā ma?",私は家にいます、あなたは家にいますか。,「在家」は「家にいる」という表現です。,7,在／有／呢,HSKsentences,177
178,1,早上找到了。,Zǎoshang zhǎodào le.,朝、見つけました。,「找到」は「見つける」という結果補語付き動詞です。,,曜日・日付,HSKsentences,178
179,1,怎么找也找不着。,Zěnme zhǎo yě zhǎobuzháo.,どうやって探しても見つかりません。,「怎么」は方法を尋ねる疑問詞、「着」は結果補語です。,2,是／也／都,HSKsentences,179
180,1,这边这些是真的。,Zhèbiān zhèxiē shì zhēn de.,こちらのこれらは本物です。,「这边」「这些」はどちらも指示代名詞です。,13,是／也／都,HSKsentences,180
181,4,正在中间，正好。,"Zhèngzài zhōngjiān, zhènghǎo.",ちょうど真ん中で、ちょうどいいです。,「正在」は動作の進行、「中间」は場所を表します。,46,曜日・日付,HSKsentences,181
182,1,我知道这个知识。,Wǒ zhīdào zhège zhīshi.,私はこの知識を知っています。,「知道」は「知っている」という動詞です。,,是／也／都,HSKsentences,182
183,1,这本书很重，很重要。,"Zhè běn shū hěn zhòng, hěn zhòngyào.",この本はとても重く、とても重要です。,「重」「重要」はどちらも形容詞です。,,是／也／都,HSKsentences,183
184,1,中学生学中文，中午上课。,"Zhōngxuéshēng xué Zhōngwén, zhōngwǔ shàngkè.",中学生は中国語を学び、昼に授業があります。,「中学生」「中文」「中午」はいずれも「中」を含む名詞です。,,是／也／都,HSKsentences,184
185,1,住在这儿，准备桌子。,"Zhù zài zhèr, zhǔnbèi zhuōzi.",ここに住んでいて、机を準備します。,「住」は「住む」、「准备」は「準備する」という動詞です。,7,是／也／都,HSKsentences,185
186,2,走路走到最后。,Zǒulù zǒudào zuìhòu.,歩いて最後まで歩きます。,「走路」は「歩く」、「最后」は「最後」です。,14,是／也／都,HSKsentences,186
187,2,最好坐下，坐左边。,"Zuìhǎo zuòxià, zuò zuǒbiān.",座ったほうがいい、左側に座ってください。,「最好」は「〜したほうがいい」を表します。,14,是／也／都,HSKsentences,187
188,1,昨天在左边。,Zuótiān zài zuǒbiān.,昨日は左側にいました。,「昨天」は「昨日」という時間名詞です。,,曜日・日付,HSKsentences,188
189,2,啊，这是爱情，也是爱人。,"À, zhè shì àiqíng, yě shì àirén.",ああ、これは愛であり、恋人でもあります。,「啊」は感嘆を表す語気助詞です。,2,要／觉得／最／几と多,HSKsentences,189
190,2,这里很安静，也很安全。,"Zhèlǐ hěn ānjìng, yě hěn ānquán.",ここはとても静かで、安全でもあります。,「安静」「安全」はどちらも形容詞です。,2,是不是／每／多,HSKsentences,190
191,2,班长的衣服是白色。,Bānzhǎng de yīfu shì báisè.,班長の服は白色です。,「班长」は「班長」という名詞です。,,是不是／每／多,HSKsentences,191
192,2,办公室要办法子。,Bàngōngshì yào bàn fǎzi.,事務室では方法を考える必要があります。,「办」「办法」はどちらも「する・方法」を表します。,,就／对～／還／有点儿,HSKsentences,192
193,2,半夜帮助了老朋友。,Bànyè bāngzhù le lǎo péngyou.,真夜中に旧友を助けました。,「帮助」は「助ける」という動詞です。,17,還（継続）／時間＋就／离,HSKsentences,193
194,2,我吃饱了，报名了考试。,"Wǒ chībǎo le, bàomíng le kǎoshì.",お腹いっぱいになり、試験に申し込みました。,「饱」は「満腹」、「报名」は「申し込む」です。,,要／觉得／最／几と多,HSKsentences,194
195,2,报纸说北方安全。,Bàozhǐ shuō běifāng ānquán.,新聞は北方が安全だと言っています。,「报纸」は「新聞」という名詞です。,,是不是／每／多,HSKsentences,195
196,2,比如说，他背着笔记本。,"Bǐrú shuō, tā bēi zhe bǐjìběn.",例えば、彼はノートパソコンを背負っています。,「比如说」は「例えば」という表現です。,,是不是／每／多,HSKsentences,196
197,2,用笔记一下笔记。,Yòng bǐ jì yíxià bǐjì.,ペンでちょっとメモを取ります。,「一下」は動詞に「ちょっと」を添えます。,16,的（名詞化）／一下／真,HSKsentences,197
198,2,必须在边上等。,Bìxū zài biān shàng děng.,必ず端で待たなければなりません。,「必须」は「必ず〜しなければならない」です。,,就／对～／還／有点儿,HSKsentences,198
199,2,天气变了，变成了雨。,"Tiānqì biàn le, biànchéng le yǔ.",天気が変わって、雨になりました。,「变」「变成」はどちらも「変わる」という動詞です。,,是不是／每／多,HSKsentences,199
200,2,这遍表示不错。,Zhè biàn biǎoshì búcuò.,この一回は悪くないことを表しています。,「遍」は回数の量詞、「表示」は「表す」です。,,是不是／每／多,HSKsentences,200
201,2,这个表不但便宜，还不够准。,"Zhège biǎo búdàn piányi, hái búgòu zhǔn.",この時計は安いだけでなく、精度も足りません。,「不但」は「〜だけでなく」を表します。,,是不是／每／多,HSKsentences,201
202,2,不过，不太不要紧。,"Búguò, bú tài búyàojǐn.",でも、あまり大したことではありません。,「不过」は「しかし」という逆接です。,23,是不是／每／多,HSKsentences,202
203,3,不好意思，不久就回来。,"Bù hǎoyìsi, bùjiǔ jiù huílái.",すみません、まもなく戻ります。,「不好意思」は軽い謝罪の表現です。,30,是不是／每／多,HSKsentences,203
204,2,她不满，也不如以前。,"Tā bùmǎn, yě bùrú yǐqián.",彼女は不満で、以前ほどでもありません。,「不如」は「〜に及ばない」という比較表現です。,2,是不是／每／多,HSKsentences,204
205,2,不少人觉得不同。,Bùshǎo rén juéde bùtóng.,少なくない人が違うと感じています。,「不少」は「少なくない」という数量表現です。,14,是不是／每／多,HSKsentences,205
206,2,这样不行，不一定对。,"Zhèyàng bùxíng, bù yídìng duì.",これではだめで、必ずしも正しいとは限りません。,「不一定」は「必ずしも〜とは限らない」です。,,是不是／每／多,HSKsentences,206
207,2,不一会儿，部分人来了。,"Bùyíhuìr, bùfen rén lái le.",しばらくして、一部の人が来ました。,「部分」は「一部」という名詞です。,,是不是／每／多,HSKsentences,207
208,2,才看菜单，才参观。,"Cái kàn càidān, cái cānguān.",やっとメニューを見て、やっと見学しました。,「才」は「やっと」を表す副詞です。,35,就／对～／還／有点儿,HSKsentences,208
209,2,我参加了，草地很大。,"Wǒ cānjiā le, cǎodì hěn dà.",私は参加しました、芝生はとても広いです。,「参加」は「参加する」という動詞です。,,就／对～／還／有点儿,HSKsentences,209
210,2,这层楼查一下。,Zhè céng lóu chá yíxià.,この階をちょっと調べます。,「层」は階を数える量詞、「查」は「調べる」です。,16,是不是／每／多,HSKsentences,210
211,4,差不多长，常见常用。,"Chàbuduō cháng, chángjiàn chángyòng.",ほぼ同じ長さで、よく見かけよく使われます。,「差不多」は「ほぼ同じ」という表現です。,46,是不是／每／多,HSKsentences,211
212,2,这场超过超市那场。,Zhè chǎng chāoguò chāoshì nà chǎng.,この試合はスーパーのあの試合を上回りました。,「超过」は「超える」という動詞です。,,比較構文(1) 比,HSKsentences,212
213,2,车辆称重了。,Chēliàng chēng zhòng le.,車両は重さを量りました。,「车辆」は「車両」という名詞です。,,是不是／每／多,HSKsentences,213
214,2,她成了成绩最好的人。,Tā chéng le chéngjì zuì hǎo de rén.,彼女は成績が一番いい人になりました。,「成」は「〜になる」という動詞です。,14,是不是／每／多,HSKsentences,214
215,2,重复重新做。,Chóngfù chóngxīn zuò.,繰り返し、改めてやります。,「重复」「重新」はどちらも繰り返しに関する語です。,,是不是／每／多,HSKsentences,215
216,2,出发去出国。,Chūfā qù chūguó.,出発して出国します。,「出发」「出国」はどちらも「出＋動詞」です。,,就／对～／還／有点儿,HSKsentences,216
217,2,从出口出门。,Cóng chūkǒu chūmén.,出口から外に出ます。,「出口」「出门」はどちらも「出」を含む語です。,22,就／对～／還／有点儿,HSKsentences,217
218,2,他出生后出现了。,Tā chūshēng hòu chūxiàn le.,彼は生まれた後、現れました。,「出生」「出现」はどちらも「出」を含む動詞です。,,就／对～／還／有点儿,HSKsentences,218
219,2,出院后坐出租车。,Chūyuàn hòu zuò chūzūchē.,退院後にタクシーに乗ります。,「出院」「出租车」はどちらも「出」を含みます。,,就／对～／還／有点儿,HSKsentences,219
220,2,船在吹风的地方。,Chuán zài chuīfēng de dìfang.,船は風が吹く場所にあります。,「船」「吹」はいずれも基本語彙です。,,是不是／每／多,HSKsentences,220
221,2,春节和春天都好。,Chūnjié hé chūntiān dōu hǎo.,春節も春もどちらもいいです。,「春节」「春天」はどちらも春に関する名詞です。,,是不是／每／多,HSKsentences,221
222,2,这个词，词典有词语。,"Zhège cí, cídiǎn yǒu cíyǔ.",この単語、辞書に語句があります。,「词」「词典」「词语」はいずれも言葉に関する名詞です。,,的（名詞化）／一下／真,HSKsentences,222
223,2,从小答应了打工。,Cóngxiǎo dāying le dǎgōng.,小さい頃からアルバイトを約束しました。,「从小」は「小さい頃から」という表現です。,22,是不是／每／多,HSKsentences,223
224,3,打算打印文件。,Dǎsuàn dǎyìn wénjiàn.,書類を印刷するつもりです。,「打算」は「〜するつもりだ」という動詞です。,29,要／觉得／最／几と多,HSKsentences,224
225,2,大部分人大多数不知道。,Dàbùfen rén dàduōshù bù zhīdào.,大部分の人、大多数が知りません。,「大部分」「大多数」はどちらも数量表現です。,,是不是／每／多,HSKsentences,225
226,2,大海边有大家。,Dàhǎi biān yǒu dàjiā.,大海のそばに皆がいます。,「大海」「大家」はどちらも名詞です。,,是不是／每／多,HSKsentences,226
227,2,大量的大门大声开了。,Dàliàng de dàmén dàshēng kāi le.,大量の門が大きな音で開きました。,「大量」「大门」「大声」はいずれも「大」を含む語です。,,是不是／每／多,HSKsentences,227
228,2,大人的大小很好。,Dàrén de dàxiǎo hěn hǎo.,大人のサイズはちょうどいいです。,「大人」「大小」はどちらも名詞です。,,是不是／每／多,HSKsentences,228
229,2,大衣在大自然里。,Dàyī zài dàzìrán lǐ.,コートは大自然の中にあります。,「大衣」「大自然」はどちらも名詞です。,,是不是／每／多,HSKsentences,229
230,2,带着带来的单位卡。,Dài zhe dàilái de dānwèi kǎ.,持ってきた職場のカードを身につけています。,「带」「带来」「单位」はいずれも基本語彙です。,26,就／对～／還／有点儿,HSKsentences,230
231,2,但是蛋不但但也当时吃了。,Dànshì dàn búdàn dàn yě dāngshí chī le.,しかし卵はそのときすでに食べてしまいました。,「但是」は逆接、「当时」は「その時」を表します。,2,是不是／每／多,HSKsentences,231
232,2,倒了，到处都是。,"Dǎo le, dàochù dōu shì.",倒れて、あちこちに散らばりました。,「倒」「到处」はどちらも基本語です。,,是不是／每／多,HSKsentences,232
233,2,这道道理，道路很清楚。,"Zhè dào dàolǐ, dàolù hěn qīngchu.",この道理、道はとてもはっきりしています。,「道理」「道路」はどちらも「道」を含む名詞です。,,是不是／每／多,HSKsentences,233
234,2,得出的话得说清楚。,Déchū de huà děi shuō qīngchu.,結論を出すなら、はっきり言うべきです。,「得出」「的话」はいずれも表現句です。,42,是不是／每／多,HSKsentences,234
235,2,灯等到等于天亮。,Dēng děngdào děngyú tiānliàng.,灯りは夜明けまで待つのに等しいです。,「等到」「等于」はどちらも「等」を含む語です。,,就／对～／還／有点儿,HSKsentences,235
236,2,地铁站离得不低。,Dìtiězhàn lí de bù dī.,地下鉄駅は近くありません。,「地铁」「低」はいずれも基本語彙です。,,是不是／每／多,HSKsentences,236
237,2,地球点头，掉进店里。,"Dìqiú diǎntóu, diào jìn diàn lǐ.",地球がうなずき、店に落ちました。,「点头」「掉」はどちらも動詞です。,,就／对～／還／有点儿,HSKsentences,237
238,2,东北东方东南冬天冷。,Dōngběi dōngfāng dōngnán dōngtiān lěng.,東北、東方、南東は冬に寒いです。,「东北」「东方」「东南」「冬天」はいずれも方角・季節の名詞です。,,是不是／每／多,HSKsentences,238
239,2,我懂，也懂得动物动物园。,"Wǒ dǒng, yě dǒngde dòngwù dòngwùyuán.",私はわかります、動物や動物園のこともわかります。,「懂」「懂得」はどちらも「わかる」という動詞です。,2,就／对～／還／有点儿,HSKsentences,239
240,2,读音的度，短信短。,"Dúyīn de dù, duǎnxìn duǎn.",発音の度合い、ショートメッセージは短いです。,「读音」「度」「短信」「短」はいずれも基本語彙です。,,是不是／每／多,HSKsentences,240
241,2,这段队，队长对了。,"Zhè duàn duì, duìzhǎng duì le.",この区間のチーム、隊長は正しかったです。,「段」「队」「队长」「对」はいずれも名詞・形容詞です。,,是不是／每／多,HSKsentences,241
242,2,对话对面多久了？,Duìhuà duìmiàn duōjiǔ le?,向かい合っての対話はどれくらいになりましたか。,「对话」「对面」「多久」はいずれも基本語彙です。,,就／对～／還／有点儿,HSKsentences,242
243,2,多么多数多云的天气。,Duōme duōshù duōyún de tiānqì.,なんと曇りがちな天気でしょう。,「多么」は感嘆を表す副詞です。,,就／对～／還／有点儿,HSKsentences,243
244,2,而且发发现了。,Érqiě fā fāxiàn le.,その上、発見しました。,「而且」は「その上」という接続詞です。,,是不是／每／多,HSKsentences,244
245,2,饭馆方便，也有方便面。,"Fànguǎn fāngbiàn, yě yǒu fāngbiànmiàn.",食堂は便利で、インスタントラーメンもあります。,「饭馆」「方便」「方便面」はいずれも基本語彙です。,2,是不是／每／多,HSKsentences,245
246,2,这个方法，方面方向都对。,"Zhège fāngfǎ, fāngmiàn fāngxiàng dōu duì.",この方法は、方面も方向もどちらも正しいです。,「方法」「方面」「方向」はいずれも名詞です。,,就／对～／還／有点儿,HSKsentences,246
247,2,放下东西，放心了。,"Fàngxià dōngxi, fàngxīn le.",物を置いて、安心しました。,「放下」「放心」はどちらも動詞句です。,,就／对～／還／有点儿,HSKsentences,247
248,2,这分分开了，分数分钟一份。,"Zhè fēn fēnkāi le, fēnshù fēnzhōng yí fèn.",この分は分けられ、点数も分も一部です。,「分」「分开」「分数」「分钟」「份」はいずれも基本語彙です。,,是不是／每／多,HSKsentences,248
249,2,一封信要服务复习。,Yì fēng xìn yào fúwù fùxí.,一通の手紙にはサービスと復習が必要です。,「封」は手紙の量詞、「服务」「复习」は動詞です。,,就／对～／還／有点儿,HSKsentences,249
250,2,该改改变了。,Gāi gǎi gǎibiàn le.,変えるべきときが来ました。,「该」「改」「改变」はいずれも変化に関する語です。,,就／对～／還／有点儿,HSKsentences,250
251,2,干杯，感到很感动。,"Gānbēi, gǎndào hěn gǎndòng.",乾杯、とても感動しました。,「干杯」「感到」「感动」はいずれも動詞です。,,就／对～／還／有点儿,HSKsentences,251
252,2,感觉感谢干活儿。,Gǎnjué gǎnxiè gànhuór.,感謝の気持ちで働きます。,「感觉」「感谢」「干活儿」はいずれも動詞です。,,就／对～／還／有点儿,HSKsentences,252
253,3,刚刚刚才高级高中来了。,Gānggāng gāngcái gāojí gāozhōng lái le.,たった今、上級の高校生が来ました。,「刚刚」「刚才」「高级」「高中」はいずれも基本語彙です。,32,就／对～／還／有点儿,HSKsentences,253
254,2,个子更高了。,Gèzi gèng gāo le.,身長がさらに高くなりました。,「个子」は「身長」、「更」は「さらに」です。,,要／觉得／最／几と多,HSKsentences,254
255,2,公共汽车、公交车公斤都不同。,"Gōnggòngqìchē, gōngjiāochē gōngjīn dōu bùtóng.",バスも、公交車もキログラムも違います。,「公共汽车」「公交车」「公斤」はいずれも名詞です。,,就／对～／還／有点儿,HSKsentences,255
256,2,公里公路公平。,Gōnglǐ gōnglù gōngpíng.,キロメートルの道路は公平です。,「公里」「公路」「公平」はいずれも基本語彙です。,,就／对～／還／有点儿,HSKsentences,256
257,2,公司公园有狗。,Gōngsī gōngyuán yǒu gǒu.,会社の公園に犬がいます。,「公司」「公园」「狗」はいずれも名詞です。,,就／对～／還／有点儿,HSKsentences,257
258,2,够了，故事故意讲。,"Gòu le, gùshi gùyì jiǎng.",十分です、物語をわざと話します。,「够」「故事」「故意」はいずれも基本語彙です。,,就／对～／還／有点儿,HSKsentences,258
259,2,顾客关机了，关心。,"Gùkè guānjī le, guānxīn.",顧客は電源を切って、気にかけます。,「顾客」「关机」「关心」はいずれも語彙です。,,就／对～／還／有点儿,HSKsentences,259
260,4,观点在广场广告上。,Guāndiǎn zài guǎngchǎng guǎnggào shàng.,見解は広場の広告にあります。,「观点」「广场」「广告」はいずれも名詞です。,45,就／对～／還／有点儿,HSKsentences,260
261,2,国际过来过年了。,Guójì guòlái guònián le.,国際的にやって来て、年を越しました。,「国际」「过来」「过年」はいずれも語彙です。,30,要／觉得／最／几と多,HSKsentences,261
262,3,过去过了海边的海。,Guòqù guò le hǎibiān de hǎi.,過去に海辺の海を通り過ぎました。,「过去」「过」「海边」「海」はいずれも語彙です。,30,要／觉得／最／几と多,HSKsentences,262
263,2,喊了一声，好处好多。,"Hǎn le yìshēng, hǎochu hǎoduō.",一声叫んだ、利点がたくさんあります。,「喊」「好处」「好多」はいずれも語彙です。,,是不是／每／多,HSKsentences,263
264,2,好久没见好人做好事。,Hǎojiǔ méi jiàn hǎorén zuò hǎoshì.,久しぶりです、良い人が良いことをします。,「好久」「好人」「好事」はいずれも語彙です。,22,是不是／每／多,HSKsentences,264
265,2,好像合适的河。,Hǎoxiàng héshì de hé.,ふさわしい川のようです。,「好像」「合适」「河」はいずれも語彙です。,,是不是／每／多,HSKsentences,265
266,2,黑板是黑色，不是黑。,"Hēibǎn shì hēisè, bú shì hēi.",黒板は黒色で、黒ではありません。,「黑板」「黑色」「黑」はいずれも語彙です。,,是不是／每／多,HSKsentences,266
267,1,红色的花是红的。,Hóngsè de huā shì hóng de.,赤色の花は赤いです。,「红色」「红」はいずれも色を表す語です。,13,是不是／每／多,HSKsentences,267
268,2,后来忽然去了湖边。,Hòulái hūrán qù le húbiān.,その後突然、湖のほとりに行きました。,「后来」「忽然」「湖」はいずれも語彙です。,,就／对～／還／有点儿,HSKsentences,268
269,2,护照和花园的画。,Hùzhào hé huāyuán de huà.,パスポートと庭園の絵。,「护照」「花园」「画」はいずれも名詞です。,,就／对～／還／有点儿,HSKsentences,269
270,2,画家画儿坏处坏人。,Huàjiā huàr huàichù huàirén.,画家の絵には欠点があり、悪人もいます。,「画家」「画儿」「坏处」「坏人」はいずれも語彙です。,,就／对～／還／有点儿,HSKsentences,270
271,2,欢迎换黄色的黄衣服。,Huānyíng huàn huángsè de huáng yīfu.,黄色い服に換えるのを歓迎します。,「欢迎」「换」「黄色」「黄」はいずれも語彙です。,,就／对～／還／有点儿,HSKsentences,271
272,3,回国的会活动或或者。,Huíguó de huì huódòng huò huòzhě.,帰国する会は活動か、あるいは何かです。,「回国」「会」「活动」「或」「或者」はいずれも語彙です。,31,是不是／每／多,HSKsentences,272
273,2,他的理想是成为医生。,Tā de lǐxiǎng shì chéngwéi yīshēng,彼の夢は医者になることです。,「是」で「～は～だ」という判断文を作る。,,要／觉得／最／几と多,HSKsentences,273
274,2,他的水平大大提高了。,Tā de shuǐpíng dàdà tígāo le,彼のレベルは大きく向上しました。,「了」は変化・完了を表す語気助詞。,,是不是／每／多,HSKsentences,274
275,2,机会来了，要努力。,"Jīhuì lái le, yào nǔlì",チャンスが来た、頑張らなくては。,「要」は「～しなければならない」という義務を表す。,,的（名詞化）／一下／真,HSKsentences,275
276,2,妈妈买了一只鸡。,Māma mǎi le yì zhī jī,お母さんは鶏を一羽買いました。,「只」は動物を数える量詞。,,给／帮／～的时候／已经,HSKsentences,276
277,2,别急，慢慢来。,"Bié jí, mànman lái",焦らないで、ゆっくりやろう。,「别」は「～しないで」という禁止を表す。,23,就／对～／还／有点儿,HSKsentences,277
278,2,我们要实现这个计划。,Wǒmen yào shíxiàn zhège jìhuà,私たちはこの計画を実現しなければなりません。,「要」は意志・必要を表す助動詞。,,怎么と为什么／什么意思／因为～所以～,HSKsentences,278
279,2,他在使用计算机。,Tā zài shǐyòng jìsuànjī,彼はコンピュータを使っています。,「在」＋動詞で進行中の動作を表す。,,还（継続）／時間＋就／离,HSKsentences,279
280,1,加油，你可以的！,"Jiāyóu, nǐ kěyǐ de！",頑張れ、君ならできる！,「可以」は可能・許可を表す。,12,……好吗／再／让请叫（使役）,HSKsentences,280
281,2,家长很关心家庭。,Jiāzhǎng hěn guānxīn jiātíng,保護者は家庭をとても気にかけています。,「关心」は「気にかける」という動詞。,,動詞の重ね型／結果補語 懂好完见错／从～,HSKsentences,281
282,2,放假了，假期很长。,"Fàngjià le, jiàqī hěn cháng",休みになった、休暇は長い。,「了」は状態の変化を表す。,,需要／不要不用别,HSKsentences,282
283,2,老师检查了作业。,Lǎoshī jiǎnchá le zuòyè,先生は宿題を検査しました。,動詞＋「了」で完了を表す。,,比較構文(1) 比,HSKsentences,283
284,2,我见过他，也见到了她。,"Wǒ jiànguò tā, yě jiàndào le tā",私は彼に会ったことがあり、彼女にも会いました。,「过」は経験を表す助詞。,2,可能／得（様態補語）／比較構文(2),HSKsentences,284
285,2,身体健康最重要。,Shēntǐ jiànkāng zuì zhòngyào,体の健康が一番大切です。,「最」は「一番」という最上級を表す副詞。,14,～着／不是～吗／往,HSKsentences,285
286,2,他在台上讲话。,Tā zài tái shàng jiǎnghuà,彼は壇上でスピーチをしています。,「在」は場所を示す前置詞。,,～过／虽然～但是～,HSKsentences,286
287,3,把这个交给他。,Bǎ zhège jiāo gěi tā,これを彼に渡してください。,「把」構文で目的語を動詞の前に出す。,36,要～了／都～了,HSKsentences,287
288,1,我喜欢交朋友。,Wǒ xǐhuan jiāo péngyou,私は友達を作るのが好きです。,「交朋友」で「友達になる」という意味。,11,要／觉得／最／几と多,HSKsentences,288
289,2,这里交通很方便。,Zhèlǐ jiāotōng hěn fāngbiàn,ここは交通がとても便利です。,形容詞述語文の基本形。,,是不是／每／多,HSKsentences,289
290,2,从这个角度看，桌子的角很尖。,"Cóng zhège jiǎodù kàn, zhuōzi de jiǎo hěn jiān",この角度から見ると、机の角はとがっています。,「从～看」で「～から見ると」を表す。,22,的（名詞化）／一下／真,HSKsentences,290
291,2,妈妈包饺子。,Māma bāo jiǎozi,お母さんは餃子を作ります。,「包」は「（餃子を）包んで作る」という動詞。,,给／帮／～的时候／已经,HSKsentences,291
292,2,他的脚很疼。,Tā de jiǎo hěn téng,彼の足はとても痛いです。,形容詞述語文で身体の状態を表す。,,就／对～／还／有点儿,HSKsentences,292
293,2,它的名称叫作电脑。,Tā de míngchēng jiàozuò diànnǎo,それの名称はコンピュータと呼ばれます。,「叫作」は「～と呼ばれる」という表現。,,怎么と为什么／什么意思／因为～所以～,HSKsentences,293
294,2,教师在教室里教学，重视教育。,"Jiàoshī zài jiàoshì lǐ jiàoxué, zhòngshì jiàoyù",教師は教室で授業をし、教育を重視しています。,「在～里」で場所を表す。,,还（継続）／時間＋就／离,HSKsentences,294
295,2,我接到了电话，接受了邀请。,"Wǒ jiēdào le diànhuà, jiēshòu le yāoqǐng",私は電話を受け取り、招待を受け入れました。,動詞＋結果補語「到」で動作の実現を表す。,,……好吗／再／让请叫（使役）,HSKsentences,295
296,3,接下来，请接着说。,"Jiēxiàlái, qǐng jiēzhe shuō",次に、続けて話してください。,「请」は丁寧な依頼を表す。,30,動詞の重ね型／結果補語 懂好完见错／从～,HSKsentences,296
297,2,他去车站接朋友。,Tā qù chēzhàn jiē péngyou,彼は駅へ友達を迎えに行きます。,「接」は「迎える」という動詞。,,需要／不要不用别,HSKsentences,297
298,2,街上人很多。,Jiē shàng rén hěn duō,通りには人がたくさんいます。,方位詞「上」で場所を示す。,,比較構文(1) 比,HSKsentences,298
299,1,这个节目是关于节日的。,Zhège jiémù shì guānyú jiérì de,この番組は祝日についてのものです。,「关于」は「～について」を表す。,13,可能／得（様態補語）／比較構文(2),HSKsentences,299
300,3,考试结果出来了。,Kǎoshì jiéguǒ chūlái le,試験の結果が出ました。,「出来」は「出てくる」という結果補語。,30,～着／不是～吗／往,HSKsentences,300
301,2,我想借一本书。,Wǒ xiǎng jiè yì běn shū,私は本を一冊借りたいです。,「想」は「～したい」という願望を表す。,,～过／虽然～但是～,HSKsentences,301
302,2,今后他要进入大学。,Jīnhòu tā yào jìnrù dàxué,今後彼は大学に入ります。,「要」は今後の予定を表す。,,要～了／都～了,HSKsentences,302
303,2,近处，会议正在进行。,"Jìn chù, huìyì zhèngzài jìnxíng",近くで、会議が進行中です。,「正在」は動作の進行を表す。,71,要／觉得／最／几と多,HSKsentences,303
304,2,经理经常经过这里。,Jīnglǐ jīngcháng jīngguò zhèlǐ,マネージャーはよくここを通り過ぎます。,「经常」は頻度を表す副詞。,,是不是／每／多,HSKsentences,304
305,2,他在酒店喝酒。,Tā zài jiǔdiàn hē jiǔ,彼はホテルでお酒を飲んでいます。,「在」＋場所＋動詞の語順。,,的（名詞化）／一下／真,HSKsentences,305
306,2,他就要走了，我也快要走了。,"Tā jiùyào zǒu le, wǒ yě kuàiyào zǒu le",彼はもうすぐ出発します、私ももうすぐ出発します。,「就要～了」「快要～了」は近い未来を表す。,28,给／帮／～的时候／已经,HSKsentences,306
307,2,同学们举手，学校举行运动会。,"Tóngxuémen jǔshǒu, xuéxiào jǔxíng yùndònghuì",生徒たちは手を挙げ、学校は運動会を開催します。,「举行」は「（イベントを）開催する」という動詞。,,就／对～／还／有点儿,HSKsentences,307
308,2,这个句子很长。,Zhège jùzi hěn cháng,この文はとても長いです。,形容詞述語文の基本形。,,怎么と为什么／什么意思／因为～所以～,HSKsentences,308
309,2,手机要开机了。,Shǒujī yào kāijī le,携帯電話の電源を入れます。,「要～了」は近い未来を表す。,28,还（継続）／時間＋就／离,HSKsentences,309
310,2,开学那天，大家都很开心。,"Kāixué nà tiān, dàjiā dōu hěn kāixīn",新学期の日、みんなとても嬉しかったです。,「都」は「みんな」という総括を表す副詞。,,……好吗／再／让请叫（使役）,HSKsentences,310
311,2,你的看法很对。,Nǐ de kànfǎ hěn duì,あなたの見解は正しいです。,形容詞述語文の基本形。,,動詞の重ね型／結果補語 懂好完见错／从～,HSKsentences,311
312,2,考生们在认真复习。,Kǎoshēngmen zài rènzhēn fùxí,受験生たちは真剣に復習しています。,「在」＋動詞で進行中の動作を表す。,16,需要／不要不用别,HSKsentences,312
313,2,他靠着墙站着。,Tā kàozhe qiáng zhànzhe,彼は壁に寄りかかって立っています。,「～着」は動作の持続状態を表す。,26,比較構文(1) 比,HSKsentences,313
314,2,科学很有意思。,Kēxué hěn yǒu yìsi,科学はとても面白いです。,「有意思」は「面白い」という表現。,,可能／得（様態補語）／比較構文(2),HSKsentences,314
315,2,这只猫很可爱。,Zhè zhī māo hěn kě’ài,この猫はとてもかわいいです。,「只」は動物を数える量詞。,,～着／不是～吗／往,HSKsentences,315
316,2,明天可能下雨。,Míngtiān kěnéng xiàyǔ,明日は雨が降るかもしれません。,「可能」は推量を表す副詞。,,～过／虽然～但是～,HSKsentences,316
317,2,那部电影很可怕。,Nà bù diànyǐng hěn kěpà,あの映画はとても怖いです。,「部」は映画を数える量詞。,,要～了／都～了,HSKsentences,317
318,1,我想去，可是没时间。,"Wǒ xiǎng qù, kěshì méi shíjiān",行きたいけれど、時間がありません。,「可是」は「しかし」という逆接を表す。,6,要／觉得／最／几と多,HSKsentences,318
319,3,你可以进来。,Nǐ kěyǐ jìnlái,あなたは入ってきていいですよ。,「可以」は許可を表す。,30,是不是／每／多,HSKsentences,319
320,2,这块肉三百克，等了一刻钟。,"Zhè kuài ròu sānbǎi kè, děng le yí kè zhōng",この肉は300グラムで、15分待ちました。,「刻」は15分を表す量詞。,,的（名詞化）／一下／真,HSKsentences,320
321,2,客人来了。,Kèrén lái le,お客さんが来ました。,「了」は新しい状況の発生を表す。,,给／帮／～的时候／已经,HSKsentences,321
322,2,课堂上很安静。,Kètáng shàng hěn ānjìng,教室はとても静かです。,方位詞「上」で場所を表す。,,就／对～／还／有点儿,HSKsentences,322
323,2,这里空气很好。,Zhèlǐ kōngqì hěn hǎo,ここは空気がとてもいいです。,形容詞述語文の基本形。,,怎么と为什么／什么意思／因为～所以～,HSKsentences,323
324,2,小孩哭了。,Xiǎohái kū le,子供が泣きました。,「了」は動作の発生・完了を表す。,,还（継続）／時間＋就／离,HSKsentences,324
325,2,我们吃快餐吧。,Wǒmen chī kuàicān ba,私たちファストフードを食べましょう。,「吧」は提案の語気助詞。,,……好吗／再／让请叫（使役）,HSKsentences,325
326,2,快点儿，要迟到了！,"Kuài diǎnr, yào chídào le！",早く、遅刻しちゃう！,「要～了」は差し迫った未来を表す。,28,動詞の重ね型／結果補語 懂好完见错／从～,HSKsentences,326
327,2,祝你生日快乐。,Zhù nǐ shēngrì kuàilè,誕生日おめでとう。,「祝」は「祈る、願う」という動詞。,,需要／不要不用别,HSKsentences,327
328,2,用筷子吃饭。,Yòng kuàizi chīfàn,箸でご飯を食べます。,「用」は「～を使って」という手段を表す。,,比較構文(1) 比,HSKsentences,328
329,2,他拉着我的手。,Tā lāzhe wǒ de shǒu,彼は私の手を引いています。,「～着」は動作の持続を表す。,,可能／得（様態補語）／比較構文(2),HSKsentences,329
330,2,他来自北京。,Tā láizì Běijīng,彼は北京出身です。,「来自」は「～から来る、出身」を表す。,,～着／不是～吗／往,HSKsentences,330
331,2,他穿蓝色衣服打篮球。,Tā chuān lánsè yīfu dǎ lánqiú,彼は青い服を着てバスケをします。,「打」はスポーツをする動詞。,,～过／虽然～但是～,HSKsentences,331
332,2,老年人老是忘事。,Lǎonián rén lǎoshì wàng shì,お年寄りはいつも物忘れをします。,「老是」は「いつも」という頻度副詞。,,要～了／都～了,HSKsentences,332
333,2,他离开了家。,Tā líkāi le jiā,彼は家を離れました。,動詞＋「了」で完了を表す。,,要／觉得／最／几と多,HSKsentences,333
334,2,这是给你的礼物。,Zhè shì gěi nǐ de lǐwù,これはあなたへの贈り物です。,「给」は「～に」という対象を表す前置詞。,,是不是／每／多,HSKsentences,334
335,2,东西在里头。,Dōngxi zài lǐtou,物は中にあります。,「里头」は「中」という方位詞。,,的（名詞化）／一下／真,HSKsentences,335
336,2,例如这个例子。,Lìrú zhège lìzi,例えばこの例のように。,「例如」は「例えば」という表現。,,给／帮／～的时候／已经,HSKsentences,336
337,2,她的脸红了。,Tā de liǎn hóng le,彼女の顔が赤くなりました。,「了」は状態変化を表す。,,就／对～／还／有点儿,HSKsentences,337
338,2,他每天练习写字。,Tā měitiān liànxí xiě zì,彼は毎日字を書く練習をします。,「每天」は「毎日」という頻度を表す。,15,怎么と为什么／什么意思／因为～所以～,HSKsentences,338
339,2,今天很凉快，风很凉。,"Jīntiān hěn liángkuai, fēng hěn liáng",今日はとても涼しく、風も涼しいです。,形容詞述語文の基本形。,,还（継続）／時間＋就／离,HSKsentences,339
340,2,我有两本书。,Wǒ yǒu liǎng běn shū,私は本を二冊持っています。,数詞「两」は量詞の前で使う。,,……好吗／再／让请叫（使役）,HSKsentences,340
341,2,今天零下五度。,Jīntiān língxià wǔ dù,今日は零下5度です。,「零下」は「氷点下」を表す。,,動詞の重ね型／結果補語 懂好完见错／从～,HSKsentences,341
342,2,留学生留下了东西。,Liúxuéshēng liúxià le dōngxi,留学生は物を残しました。,「留下」は「残す」という結果補語構文。,,需要／不要不用别,HSKsentences,342
343,2,他说汉语很流利，这首歌很流行。,"Tā shuō Hànyǔ hěn liúlì, zhè shǒu gē hěn liúxíng",彼は中国語がとても流暢です、この歌はとても流行っています。,「得」を使わず形容詞を直接述語にできる。,,比較構文(1) 比,HSKsentences,343
344,2,路边有花。,Lùbiān yǒu huā,道端に花があります。,「有」構文で存在を表す。,,可能／得（様態補語）／比較構文(2),HSKsentences,344
345,1,旅客们喜欢旅行和旅游。,Lǚkèmen xǐhuan lǚxíng hé lǚyóu,旅行者たちは旅行や観光が好きです。,「和」は「～と」という並列を表す。,11,～着／不是～吗／往,HSKsentences,345
346,1,树叶是绿色的。,Shùyè shì lǜsè de,木の葉は緑色です。,「是～的」で性質・特徴を説明する。,13,～过／虽然～但是～,HSKsentences,346
347,2,他在卖水果。,Tā zài mài shuǐguǒ,彼は果物を売っています。,「在」＋動詞で進行を表す。,,要～了／都～了,HSKsentences,347
348,2,老师对我很满意。,Lǎoshī duì wǒ hěn mǎnyì,先生は私にとても満足しています。,「对～」は動作・感情の対象を表す。,,要／觉得／最／几と多,HSKsentences,348
349,2,这条鱼一米长。,Zhè tiáo yú yì mǐ cháng,この魚は一メートルの長さです。,量詞「条」は細長い物を数える。,,是不是／每／多,HSKsentences,349
350,2,他站在我面前。,Tā zhàn zài wǒ miànqián,彼は私の前に立っています。,「在」は場所を表す前置詞。,,的（名詞化）／一下／真,HSKsentences,350
351,2,名单上有你的名字。,Míngdān shàng yǒu nǐ de míngzi,名簿にあなたの名前があります。,方位詞「上」で場所を表す。,,给／帮／～的时候／已经,HSKsentences,351
352,2,她是有名的明星。,Tā shì yǒumíng de míngxīng,彼女は有名なスターです。,「的」は名詞を修飾する構造助詞。,,就／对～／还／有点儿,HSKsentences,352
353,2,你的目的是什么？,Nǐ de mùdì shì shénme？,あなたの目的は何ですか。,「是」構文の疑問文。,,怎么と为什么／什么意思／因为～所以～,HSKsentences,353
354,2,他拿出钱包，拿到了钱。,"Tā náchū qiánbāo, nádào le qián",彼は財布を取り出し、お金を手に入れました。,結果補語「出」「到」で動作の結果を表す。,,还（継続）／時間＋就／离,HSKsentences,354
355,2,那会儿他就那么想，也那样做了。,"Nà huìr tā jiù nàme xiǎng, yě nàyàng zuò le",あの時彼はそう思い、そのようにしました。,「就」は「すぐに、まさに」を表す副詞。,2,……好吗／再／让请叫（使役）,HSKsentences,355
356,2,那时候我还小。,Nà shíhou wǒ hái xiǎo,あの頃私はまだ小さかったです。,「还」は「まだ」という継続を表す。,,動詞の重ね型／結果補語 懂好完见错／从～,HSKsentences,356
357,2,他是南方人。,Tā shì nánfāng rén,彼は南方の人です。,「是」構文の基本形。,,需要／不要不用别,HSKsentences,357
358,2,这道难题让他很难过。,Zhè dào nántí ràng tā hěn nánguò,この難問は彼を悲しくさせました。,「让」は使役を表す動詞。,27,比較構文(1) 比,HSKsentences,358
359,2,这首歌很难听，那件衣服很难看，他觉得很难受。,"Zhè shǒu gē hěn nántīng, nà jiàn yīfu hěn nánkàn, tā juéde hěn nánshòu",この歌は耳障りで、あの服は見苦しく、彼はとても辛く感じています。,「觉得」は「感じる、思う」という動詞。,14,可能／得（様態補語）／比較構文(2),HSKsentences,359
360,2,他能够做到这件事。,Tā nénggòu zuòdào zhè jiàn shì,彼はこのことをやり遂げることができます。,「能够」は可能を表す助動詞。,,～着／不是～吗／往,HSKsentences,360
361,2,他上三年级。,Tā shàng sān niánjí,彼は三年生です。,「上」は「（学年に）進む」という動詞。,,～过／虽然～但是～,HSKsentences,361
362,2,她很年轻。,Tā hěn niánqīng,彼女はとても若いです。,形容詞述語文の基本形。,,要～了／都～了,HSKsentences,362
363,2,树上有一只鸟。,Shù shàng yǒu yì zhī niǎo,木の上に鳥が一羽います。,「有」構文で存在を表す。,,要／觉得／最／几と多,HSKsentences,363
364,2,别弄坏了。,Bié nòng huài le,壊さないでください。,「弄」＋結果補語「坏」で「壊す」を表す。,23,是不是／每／多,HSKsentences,364
365,2,周末我们去爬山。,Zhōumò wǒmen qù páshān,週末私たちは山登りに行きます。,「去」＋動詞で「～しに行く」を表す。,,的（名詞化）／一下／真,HSKsentences,365
366,2,我有点儿怕黑。,Wǒ yǒudiǎnr pà hēi,私は少し暗いのが怖いです。,「有点儿」は「少し」というマイナス評価を表す。,18,给／帮／～的时候／已经,HSKsentences,366
367,1,他喜欢打排球，买票要排队。,"Tā xǐhuan dǎ páiqiú, mǎi piào yào páiduì",彼はバレーボールが好きで、切符を買うには並ぶ必要があります。,「要」は必要性を表す助動詞。,11,就／对～／还／有点儿,HSKsentences,367
368,2,我在路上碰见了他，差点儿碰到车。,"Wǒ zài lùshang pèngjiàn le tā, chàdiǎnr pèngdào chē",私は道で彼にばったり会い、危うく車にぶつかりそうになりました。,「差点儿」は「もう少しで～するところだった」を表す。,,怎么と为什么／什么意思／因为～所以～,HSKsentences,368
369,2,吃一片药。,Chī yí piàn yào,薬を一錠飲みます。,「片」は薄く平たい物を数える量詞。,,还（継続）／時間＋就／离,HSKsentences,369
370,2,这件衣服很漂亮。,Zhè jiàn yīfu hěn piàoliang,この服はとてもきれいです。,形容詞述語文の基本形。,,……好吗／再／让请叫（使役）,HSKsentences,370
371,2,平常大家都很平等，祝你一路平安！,"Píngcháng dàjiā dōu hěn píngděng, zhù nǐ yílù píng’ān！",普段みんな平等です、道中お気をつけて！,「一路平安」は旅立ちの挨拶表現。,,動詞の重ね型／結果補語 懂好完见错／从～,HSKsentences,371
372,2,平时他很忙。,Píngshí tā hěn máng,普段彼はとても忙しいです。,形容詞述語文の基本形。,,需要／不要不用别,HSKsentences,372
373,2,这个瓶子很大。,Zhège píngzi hěn dà,この瓶はとても大きいです。,形容詞述語文の基本形。,,比較構文(1) 比,HSKsentences,373
374,2,他的普通话说得很好。,Tā de pǔtōnghuà shuō de hěn hǎo,彼の共通語はとても上手です。,「得」は様態補語を導く助詞。,25,可能／得（様態補語）／比較構文(2),HSKsentences,374
375,2,其中有其他人。,Qízhōng yǒu qítā rén,その中に他の人がいます。,「有」構文で存在を表す。,,～着／不是～吗／往,HSKsentences,375
376,1,他喜欢骑车。,Tā xǐhuan qí chē,彼は自転車に乗るのが好きです。,「骑」は「（またがって）乗る」という動詞。,11,～过／虽然～但是～,HSKsentences,376
377,2,飞机就要起飞了。,Fēijī jiùyào qǐfēi le,飛行機はもうすぐ離陸します。,「就要～了」は近い未来を表す。,28,要～了／都～了,HSKsentences,377
378,2,今天气温很低。,Jīntiān qìwēn hěn dī,今日は気温が低いです。,形容詞述語文の基本形。,,要／觉得／最／几と多,HSKsentences,378
379,2,这箱苹果一千克。,Zhè xiāng píngguǒ yì qiān kè,この箱のリンゴは1キログラムです。,量詞「箱」は箱入りの物を数える。,,是不是／每／多,HSKsentences,379
380,2,前年我去了北京。,Qiánnián wǒ qù le Běijīng,一昨年私は北京に行きました。,「前年」は「一昨年」を表す時間詞。,,的（名詞化）／一下／真,HSKsentences,380
381,2,青少年也是青年。,Qīngshàonián yě shì qīngnián,青少年も青年です。,「也」は「～も」という並列を表す。,2,给／帮／～的时候／已经,HSKsentences,381
382,2,这个包很轻。,Zhège bāo hěn qīng,このかばんはとても軽いです。,形容詞述語文の基本形。,,就／对～／还／有点儿,HSKsentences,382
383,2,今天是晴天。,Jīntiān shì qíngtiān,今日は晴天です。,「是」構文の基本形。,,怎么と为什么／什么意思／因为～所以～,HSKsentences,383
384,2,他请客，我请求他帮忙。,"Tā qǐngkè, wǒ qǐngqiú tā bāngmáng",彼がおごってくれ、私は彼に手伝いを頼みました。,「请求」は「依頼する」という動詞。,17,还（継続）／時間＋就／离,HSKsentences,384
385,2,秋天的树叶很美。,Qiūtiān de shùyè hěn měi,秋の木の葉はとても美しいです。,「的」は名詞を修飾する構造助詞。,,……好吗／再／让请叫（使役）,HSKsentences,385
386,2,他求我帮忙。,Tā qiú wǒ bāngmáng,彼は私に手伝いを求めました。,「求」は「頼む、求める」という動詞。,17,動詞の重ね型／結果補語 懂好完见错／从～,HSKsentences,386
387,2,球队在球场上，穿着球鞋。,"Qiúduì zài qiúchǎng shàng, chuānzhe qiúxié",チームは球場にいて、スニーカーを履いています。,「～着」は動作・状態の持続を表す。,26,需要／不要不用别,HSKsentences,387
388,3,他去银行取钱，取得了成功。,"Tā qù yínháng qǔ qián, qǔdé le chénggōng",彼は銀行にお金を下ろしに行き、成功を収めました。,「取得」は「獲得する」という動詞。,32,比較構文(1) 比,HSKsentences,388
389,2,全家人全部都来了。,Quánjiā rén quánbù dōu lái le,家族全員みんな来ました。,「都」は総括を表す副詞。,28,可能／得（様態補語）／比較構文(2),HSKsentences,389
390,2,全国全体人民都支持。,Quánguó quántǐ rénmín dōu zhīchí,全国の全国民が支持しています。,「都」は総括を表す副詞。,,～着／不是～吗／往,HSKsentences,390
391,2,他全身都湿了，因为全年都在运动。,"Tā quánshēn dōu shī le, yīnwèi quánnián dōu zài yùndòng",彼は全身濡れました、一年中運動しているからです。,「因为」は理由を表す接続詞。,28,～过／虽然～但是～,HSKsentences,391
392,2,先吃饭，然后睡觉。,"Xiān chīfàn, ránhòu shuìjiào",まずご飯を食べて、それから寝ます。,「先～然后～」で動作の順序を表す。,,要～了／都～了,HSKsentences,392
393,2,妈妈让我早点回家。,Māma ràng wǒ zǎodiǎn huíjiā,お母さんは私に早く帰るように言いました。,「让」は使役を表す動詞。,,要／觉得／最／几と多,HSKsentences,393
394,2,服务员很热情。,Fúwùyuán hěn rèqíng,店員はとても親切です。,形容詞述語文の基本形。,,是不是／每／多,HSKsentences,394
395,2,这个城市人口很多，人数不少。,"Zhège chéngshì rénkǒu hěn duō, rénshù bù shǎo",この都市は人口が多く、人数も少なくないです。,「不少」は「少なくない」という数量表現。,,的（名詞化）／一下／真,HSKsentences,395
396,1,人们都喜欢这里。,Rénmen dōu xǐhuan zhèlǐ,人々はみんなここが好きです。,「都」は総括を表す副詞。,11,给／帮／～的时候／已经,HSKsentences,396
397,4,我认为这样对。,Wǒ rènwéi zhèyàng duì,私はこれが正しいと考えます。,「认为」は「～と考える」という動詞。,57,就／对～／还／有点儿,HSKsentences,397
398,2,他早上看日报，晚上看晚报。,"Tā zǎoshang kàn rìbào, wǎnshang kàn wǎnbào",彼は朝日刊を、夜に夕刊を読みます。,時間詞は文頭または動詞の前に置く。,,怎么と为什么／什么意思／因为～所以～,HSKsentences,398
399,1,这些日子很忙。,Zhèxiē rìzi hěn máng,この頃はとても忙しいです。,「这些」は「これらの」という指示詞。,13,还（継続）／時間＋就／离,HSKsentences,399
400,2,如果下雨，就不去了。,"Rúguǒ xiàyǔ, jiù bú qù le",もし雨が降ったら、行きません。,「如果～就～」は仮定を表す構文。,30,……好吗／再／让请叫（使役）,HSKsentences,400
401,2,从入口走进去。,Cóng rùkǒu zǒu jìnqù,入口から入っていきます。,「从」は起点を表す前置詞。,22,動詞の重ね型／結果補語 懂好完见错／从～,HSKsentences,401
402,2,商人们在商量生意。,Shāngrénmen zài shāngliang shēngyi,商人たちは商売について相談しています。,「在」＋動詞で進行を表す。,,需要／不要不用别,HSKsentences,402
403,2,上周他来了，下周我要走。,"Shàng zhōu tā lái le, xià zhōu wǒ yào zǒu",先週彼は来て、来週私は出発します。,「要」は近い未来の予定を表す。,,比較構文(1) 比,HSKsentences,403
404,1,少数少年喜欢这个。,Shǎoshù shàonián xǐhuan zhège,少数の少年がこれを好みます。,「少数」は「少数の」という数量表現。,11,可能／得（様態補語）／比較構文(2),HSKsentences,404
405,2,朋友在我身边。,Péngyou zài wǒ shēnbiān,友達は私のそばにいます。,方位詞「身边」で位置を表す。,,～着／不是～吗／往,HSKsentences,405
406,2,你想要什么样的？,Nǐ xiǎng yào shénmeyàng de？,あなたはどのようなものが欲しいですか。,「什么样」は「どのような」という疑問表現。,,～过／虽然～但是～,HSKsentences,406
407,2,这课有很多生词。,Zhè kè yǒu hěn duō shēngcí,この課には新出単語がたくさんあります。,「有」構文で存在を表す。,,要～了／都～了,HSKsentences,407
408,2,他的生活很简单。,Tā de shēnghuó hěn jiǎndān,彼の生活はとてもシンプルです。,形容詞述語文の基本形。,,要／觉得／最／几と多,HSKsentences,408
409,2,她的声音很好听。,Tā de shēngyīn hěn hǎotīng,彼女の声はとてもきれいです。,「好听」は「（音が）美しい」という形容詞。,,是不是／每／多,HSKsentences,409
410,2,他来自四川省。,Tā láizì Sìchuān shěng,彼は四川省出身です。,「来自」は「～から来る」を表す。,,的（名詞化）／一下／真,HSKsentences,410
411,2,他十分高兴。,Tā shífēn gāoxìng,彼はとても嬉しいです。,「十分」は「とても」という程度副詞。,,给／帮／～的时候／已经,HSKsentences,411
412,2,他实际上在实习，实在很累。,"Tā shíjì shang zài shíxí, shízài hěn lèi",彼は実際には実習中で、本当に疲れています。,「实际上」は「実際には」という表現。,,就／对～／还／有点儿,HSKsentences,412
413,2,这种食物很好吃。,Zhè zhǒng shíwù hěn hǎochī,この食べ物はとても美味しいです。,量詞「种」は種類を数える。,,怎么と为什么／什么意思／因为～所以～,HSKsentences,413
414,2,他是这个城市的市长。,Tā shì zhège chéngshì de shìzhǎng,彼はこの都市の市長です。,「是」構文の基本形。,,还（継続）／時間＋就／离,HSKsentences,414
415,2,这件事情很重要。,Zhè jiàn shìqing hěn zhòngyào,このことはとても重要です。,形容詞述語文の基本形。,,……好吗／再／让请叫（使役）,HSKsentences,415
416,2,他收到了礼物，工资收入很高。,"Tā shōudào le lǐwù, gōngzī shōurù hěn gāo",彼はプレゼントを受け取り、給料収入がとても高いです。,結果補語「到」で動作の実現を表す。,,動詞の重ね型／結果補語 懂好完见错／从～,HSKsentences,416
417,2,这块手表很贵。,Zhè kuài shǒubiǎo hěn guì,この腕時計はとても高いです。,量詞「块」は塊状の物を数える。,,需要／不要不用别,HSKsentences,417
418,2,他受到了表扬。,Tā shòudào le biǎoyáng,彼は褒められました。,「受到」は「受ける」という受動的な動詞。,,比較構文(1) 比,HSKsentences,418
419,2,今天不舒服。,Jīntiān bù shūfu,今日は具合が悪いです。,形容詞述語文の否定形。,,可能／得（様態補語）／比較構文(2),HSKsentences,419
420,2,苹果熟了。,Píngguǒ shú le,リンゴが熟しました。,「了」は状態変化を表す。,,～着／不是～吗／往,HSKsentences,420
421,2,这个数字很大。,Zhège shùzì hěn dà,この数字はとても大きいです。,形容詞述語文の基本形。,,～过／虽然～但是～,HSKsentences,421
422,2,祝你一路顺风，一切顺利！,"Zhù nǐ yílù shùnfēng, yíqiè shùnlì！",道中ご無事に、すべて順調でありますように！,「一切」は「すべて」という総括表現。,,要～了／都～了,HSKsentences,422
423,1,请说明原因。,Qǐng shuōmíng yuányīn,理由を説明してください。,「请」は丁寧な依頼を表す。,8,要／觉得／最／几と多,HSKsentences,423
424,2,出租车司机开车很快。,Chūzūchē sījī kāichē hěn kuài,タクシーの運転手は運転がとても速いです。,「得」を使わず様態を副詞的に表す例。,,是不是／每／多,HSKsentences,424
425,3,他把礼物送给我，快递送到了家。,"Tā bǎ lǐwù sònggěi wǒ, kuàidì sòngdào le jiā",彼はプレゼントを私に贈り、宅配便が家に届きました。,「把」構文と結果補語「到」の併用。,36,的（名詞化）／一下／真,HSKsentences,425
426,2,虽然很累，但是很开心。,"Suīrán hěn lèi, dànshì hěn kāixīn",疲れているけれど、とても楽しいです。,「虽然～但是～」は逆接構文。,27,给／帮／～的时候／已经,HSKsentences,426
427,1,你随便坐，随时都可以来。,"Nǐ suíbiàn zuò, suíshí dōu kěyǐ lái",自由に座ってください、いつでも来ていいですよ。,「随便」「随时」はどちらも自由さを表す副詞。,12,就／对～／还／有点儿,HSKsentences,427
428,2,因为下雨，所以没去。,"Yīnwèi xiàyǔ, suǒyǐ méi qù",雨が降ったので、行きませんでした。,「因为～所以～」は因果関係を表す構文。,19,怎么と为什么／什么意思／因为～所以～,HSKsentences,428
429,2,所有人都同意。,Suǒyǒu rén dōu tóngyì,すべての人が同意しました。,「所有」は「すべての」という限定詞。,,还（継続）／時間＋就／离,HSKsentences,429
430,1,猫和狗都很可爱，它们喜欢玩。,"Māo hé gǒu dōu hěn kě’ài, tāmen xǐhuan wán",猫も犬もかわいい、それらは遊ぶのが好きです。,「它们」は動物・物を指す複数代名詞。,11,……好吗／再／让请叫（使役）,HSKsentences,430
431,2,这是我太太。,Zhè shì wǒ tàitai,これは私の妻です。,「是」構文の基本形。,,動詞の重ね型／結果補語 懂好完见错／从～,HSKsentences,431
432,1,太阳出来了。,Tàiyáng chūlái le,太陽が出てきました。,結果補語「出来」で出現を表す。,10,需要／不要不用别,HSKsentences,432
433,2,他的态度很好。,Tā de tàidu hěn hǎo,彼の態度はとてもいいです。,形容詞述語文の基本形。,,比較構文(1) 比,HSKsentences,433
434,2,我们在讨论问题。,Wǒmen zài tǎolùn wèntí,私たちは問題について議論しています。,「在」＋動詞で進行を表す。,,可能／得（様態補語）／比較構文(2),HSKsentences,434
435,2,买一套衣服。,Mǎi yí tào yīfu,服を一そろい買います。,量詞「套」はセットを数える。,,～着／不是～吗／往,HSKsentences,435
436,2,这个特点很特别。,Zhège tèdiǎn hěn tèbié,この特徴はとても特別です。,形容詞述語文の基本形。,,～过／虽然～但是～,HSKsentences,436
437,2,老师提出问题，学生提到这道题。,"Lǎoshī tíchū wèntí, xuésheng tídào zhè dào tí",先生が問題を出し、学生はこの問題に言及します。,結果補語「出」「到」の用法。,,要～了／都～了,HSKsentences,437
438,2,体育课在体育馆，比赛在体育场。,"Tǐyù kè zài tǐyùguǎn, bǐsài zài tǐyùchǎng",体育の授業は体育館で、試合はスタジアムで行われます。,「在」は場所を表す前置詞。,,要／觉得／最／几と多,HSKsentences,438
439,2,天上有很多星星。,Tiānshàng yǒu hěn duō xīngxing,空にはたくさんの星があります。,「有」構文で存在を表す。,,是不是／每／多,HSKsentences,439
440,2,这个条件不错。,Zhège tiáojiàn búcuò,この条件は悪くありません。,「不错」は「悪くない、良い」という評価。,,的（名詞化）／一下／真,HSKsentences,440
441,2,听说他在认真听讲。,Tīngshuō tā zài rènzhēn tīngjiǎng,聞いたところ、彼は真剣に講義を聞いているそうです。,「听说」は伝聞を表す表現。,16,给／帮／～的时候／已经,HSKsentences,441
442,2,车停在停车场。,Chē tíng zài tíngchēchǎng,車は駐車場に停まっています。,「停」＋「在」で動作の結果の所在を表す。,,就／对～／还／有点儿,HSKsentences,442
443,2,这个挺好的。,Zhège tǐng hǎo de,これは結構いいです。,「挺～的」は「なかなか～だ」という口語表現。,,怎么と为什么／什么意思／因为～所以～,HSKsentences,443
444,2,他通过考试，收到了通知。,"Tā tōngguò kǎoshì, shōudào le tōngzhī",彼は試験に通り、通知を受け取りました。,「通过」は「（試験などに）通る」という動詞。,,还（継続）／時間＋就／离,HSKsentences,444
445,4,同事们同时到了，想法同样。,"Tóngshìmen tóngshí dào le, xiǎngfǎ tóngyàng",同僚たちは同時に到着し、考えも同じでした。,「同时」は「同時に」という時間副詞。,61,……好吗／再／让请叫（使役）,HSKsentences,445
446,2,她的头发很长。,Tā de tóufa hěn cháng,彼女の髪はとても長いです。,形容詞述語文の基本形。,,動詞の重ね型／結果補語 懂好完见错／从～,HSKsentences,446
447,2,这张图片很美。,Zhè zhāng túpiàn hěn měi,この写真はとても美しいです。,量詞「张」は平面状の物を数える。,,需要／不要不用别,HSKsentences,447
448,3,请推门进来。,Qǐng tuī mén jìnlái,ドアを押して入ってきてください。,「请」は丁寧な依頼を表す。,30,比較構文(1) 比,HSKsentences,448
449,2,他的腿受伤了。,Tā de tuǐ shòushāng le,彼の足はけがをしました。,「了」は状態変化を表す。,,可能／得（様態補語）／比較構文(2),HSKsentences,449
450,2,他从外地来，点了外卖。,"Tā cóng wàidì lái, diǎn le wàimài",彼は地方から来て、テイクアウトを注文しました。,「从」は起点を表す前置詞。,22,～着／不是～吗／往,HSKsentences,450
451,2,他完全完成了，作业写完了。,"Tā wánquán wánchéng le, zuòyè xiěwán le",彼は完全に完成させ、宿題を書き終えました。,結果補語「完」で動作の完了を表す。,22,～过／虽然～但是～,HSKsentences,451
452,2,晚会后吃晚餐，然后说晚安。,"Wǎnhuì hòu chī wǎncān, ránhòu shuō wǎn’ān",パーティーの後に夕食を食べ、それからおやすみを言います。,「后」は「～の後」という時間関係を表す。,,要～了／都～了,HSKsentences,452
453,2,洗碗很累。,Xǐ wǎn hěn lèi,お茶碗を洗うのは疲れます。,動詞句が主語になる文。,,要／觉得／最／几と多,HSKsentences,453
454,2,这个东西一万元。,Zhège dōngxi yí wàn yuán,この物は一万元です。,数詞「万」は大きな数を表す。,,是不是／每／多,HSKsentences,454
455,2,他上网查网站，也打网球。,"Tā shàngwǎng chá wǎngzhàn, yě dǎ wǎngqiú",彼はネットでウェブサイトを調べ、テニスもします。,「也」は「～も」という並列を表す。,2,的（名詞化）／一下／真,HSKsentences,455
456,2,一直往前走。,Yìzhí wǎng qián zǒu,ずっとまっすぐ前に進みます。,「往」は方向を表す前置詞。,26,给／帮／～的时候／已经,HSKsentences,456
457,2,你为什么这么做？这是为了他。,Nǐ wèishénme zhème zuò？Zhè shì wèile tā,なぜこうするのですか。これは彼のためです。,「为什么」は理由を尋ねる疑問詞。,19,就／对～／还／有点儿,HSKsentences,457
458,2,这道菜味道很好。,Zhè dào cài wèidào hěn hǎo,この料理は味がとてもいいです。,量詞「道」は料理を数える。,,怎么と为什么／什么意思／因为～所以～,HSKsentences,458
459,1,喂，你在哪儿？,"Wèi, nǐ zài nǎr？",もしもし、あなたはどこにいますか。,「喂」は電話で使う呼びかけの感嘆詞。,11,还（継続）／時間＋就／离,HSKsentences,459
460,2,今天温度很高。,Jīntiān wēndù hěn gāo,今日は温度がとても高いです。,形容詞述語文の基本形。,,……好吗／再／让请叫（使役）,HSKsentences,460
461,2,我闻到了香味。,Wǒ wéndào le xiāngwèi,私はいい匂いを嗅ぎました。,結果補語「到」で知覚の実現を表す。,,動詞の重ね型／結果補語 懂好完见错／从～,HSKsentences,461
462,2,他向路人问路。,Tā xiàng lùrén wènlù,彼は通行人に道を尋ねます。,「向」は動作の対象を表す前置詞。,,需要／不要不用别,HSKsentences,462
463,2,吃完午餐，我要午睡。,"Chīwán wǔcān, wǒ yào wǔshuì",昼食を食べ終えたら、昼寝をします。,「要」は意図を表す助動詞。,,比較構文(1) 比,HSKsentences,463
464,1,西方人喜欢吃西餐。,Xīfāng rén xǐhuan chī xīcān,西洋人は西洋料理を食べるのが好きです。,「喜欢」＋動詞で好みを表す。,11,可能／得（様態補語）／比較構文(2),HSKsentences,464
465,2,从西北到西南都很远。,Cóng xīběi dào xīnán dōu hěn yuǎn,北西から南西までとても遠いです。,「从～到～」で範囲を表す。,22,～着／不是～吗／往,HSKsentences,465
466,2,他现在看西医。,Tā xiànzài kàn xīyī,彼は今西洋医学の医者に診てもらっています。,「看」は「診察を受ける」という動詞。,,～过／虽然～但是～,HSKsentences,466
467,2,早睡是好习惯。,Zǎo shuì shì hǎo xíguàn,早寝はいい習慣です。,動詞句が主語になる文。,,要～了／都～了,HSKsentences,467
468,2,先用洗衣机洗衣服，再洗澡。,"Xiān yòng xǐyījī xǐ yīfu, zài xǐzǎo",まず洗濯機で服を洗って、それからお風呂に入ります。,「先～再～」で動作の順序を表す。,,要／觉得／最／几と多,HSKsentences,468
469,2,冬天下雪了。,Dōngtiān xiàxuě le,冬に雪が降りました。,「了」は事態の発生を表す。,,是不是／每／多,HSKsentences,469
470,2,夏天很热。,Xiàtiān hěn rè,夏はとても暑いです。,形容詞述語文の基本形。,,的（名詞化）／一下／真,HSKsentences,470
471,2,两个答案相同。,Liǎng ge dá’àn xiāngtóng,二つの答えは同じです。,「相同」は「同じである」という形容詞。,,给／帮／～的时候／已经,HSKsentences,471
472,2,我相信你。,Wǒ xiāngxìn nǐ,私はあなたを信じます。,「相信」は「信じる」という動詞。,,就／对～／还／有点儿,HSKsentences,472
473,2,电话响了。,Diànhuà xiǎng le,電話が鳴りました。,「了」は事態の発生を表す。,,怎么と为什么／什么意思／因为～所以～,HSKsentences,473
474,2,我突然想到，也想起了他。,"Wǒ tūrán xiǎngdào, yě xiǎngqǐ le tā",私は突然思いついて、彼のことも思い出しました。,結果補語「到」「起」で想起を表す。,2,还（継続）／時間＋就／离,HSKsentences,474
475,2,他带了相机。,Tā dài le xiàngjī,彼はカメラを持ってきました。,動詞＋「了」で完了を表す。,,……好吗／再／让请叫（使役）,HSKsentences,475
476,1,小时候他喜欢看小说。,Xiǎo shíhou tā xǐhuan kàn xiǎoshuō,子供の頃、彼は小説を読むのが好きでした。,「小时候」は「子供の頃」という時間詞。,11,動詞の重ね型／結果補語 懂好完见错／从～,HSKsentences,476
477,2,小组要小声讨论，还要小心。,"Xiǎozǔ yào xiǎoshēng tǎolùn, hái yào xiǎoxīn",グループは小声で議論し、注意もしなければなりません。,「还要」は「さらに～しなければならない」を表す。,,需要／不要不用别,HSKsentences,477
478,2,校长走在校园里。,Xiàozhǎng zǒu zài xiàoyuán lǐ,校長はキャンパスを歩いています。,「在～里」で場所を表す。,,比較構文(1) 比,HSKsentences,478
479,2,他讲了一个笑话。,Tā jiǎng le yí ge xiàohua,彼は冗談を一つ話しました。,「讲」は「話す」という動詞。,,可能／得（様態補語）／比較構文(2),HSKsentences,479
480,2,这双鞋很漂亮。,Zhè shuāng xié hěn piàoliang,この靴はとてもきれいです。,量詞「双」はペアの物を数える。,,～着／不是～吗／往,HSKsentences,480
481,2,他心里很高兴。,Tā xīnlǐ hěn gāoxìng,彼は心の中でとても嬉しいです。,「心里」は「心の中」という名詞。,,～过／虽然～但是～,HSKsentences,481
482,2,今天心情不好，心中很难过。,"Jīntiān xīnqíng bù hǎo, xīnzhōng hěn nánguò",今日は気分が悪く、心の中でとても悲しいです。,形容詞述語文の否定形。,27,要～了／都～了,HSKsentences,482
483,2,我每天看新闻。,Wǒ měitiān kàn xīnwén,私は毎日ニュースを見ます。,「每天」は「毎日」という頻度を表す。,15,要／觉得／最／几と多,HSKsentences,483
484,3,手机没有信号，收不到信息。,"Shǒujī méiyǒu xìnhào, shōu bú dào xìnxī",携帯に信号がなく、情報を受け取れません。,可能補語「収不到」で不可能を表す。,32,是不是／每／多,HSKsentences,484
485,2,他很有信心，用信用卡付钱。,"Tā hěn yǒu xìnxīn, yòng xìnyòngkǎ fù qián",彼はとても自信があり、クレジットカードで支払います。,「用」は「～を使って」という手段を表す。,,的（名詞化）／一下／真,HSKsentences,485
486,4,行人的行为，就是行动。,"Xíngrén de xíngwéi, jiùshì xíngdòng",通行人の行為が、すなわち行動です。,「就是」は「すなわち～だ」という説明を表す。,43,给／帮／～的时候／已经,HSKsentences,486
487,1,请问您姓什么？姓名是？,Qǐngwèn nín xìng shénme？Xìngmíng shì？,お名前は何とおっしゃいますか。氏名は？,「请问」は丁寧に尋ねる表現。,8,就／对～／还／有点儿,HSKsentences,487
488,2,他在休假。,Tā zài xiūjià,彼は休暇中です。,「在」＋動詞で進行中の状態を表す。,,怎么と为什么／什么意思／因为～所以～,HSKsentences,488
489,2,这里有许多花。,Zhèlǐ yǒu xǔduō huā,ここにはたくさんの花があります。,「许多」は「たくさんの」という数量詞。,,还（継続）／時間＋就／离,HSKsentences,489
490,2,你选哪个？,Nǐ xuǎn nǎge？,あなたはどれを選びますか。,「哪个」は「どれ」という疑問詞。,,……好吗／再／让请叫（使役）,HSKsentences,490
491,2,这个学期很忙。,Zhège xuéqī hěn máng,この学期はとても忙しいです。,形容詞述語文の基本形。,,動詞の重ね型／結果補語 懂好完见错／从～,HSKsentences,491
492,2,这是什么颜色？,Zhè shì shénme yánsè？,これは何色ですか。,「是」構文の疑問文。,,需要／不要不用别,HSKsentences,492
493,2,她的眼睛很大。,Tā de yǎnjing hěn dà,彼女の目はとても大きいです。,形容詞述語文の基本形。,,比較構文(1) 比,HSKsentences,493
494,2,他家养了一只狗。,Tā jiā yǎng le yì zhī gǒu,彼の家は犬を一匹飼っています。,「养」は「（動物を）飼う」という動詞。,,可能／得（様態補語）／比較構文(2),HSKsentences,494
495,2,他的样子很奇怪。,Tā de yàngzi hěn qíguài,彼の様子はとても変です。,形容詞述語文の基本形。,,～着／不是～吗／往,HSKsentences,495
496,2,老师的要求很高。,Lǎoshī de yāoqiú hěn gāo,先生の要求はとても高いです。,形容詞述語文の基本形。,,～过／虽然～但是～,HSKsentences,496
497,1,他去药店买药片和药水。,Tā qù yàodiàn mǎi yàopiàn hé yàoshuǐ,彼は薬局へ錠剤と目薬を買いに行きます。,「和」は「～と」という並列を表す。,5,要～了／都～了,HSKsentences,497
498,2,他也许会来。,Tā yěxǔ huì lái,彼はもしかしたら来るかもしれません。,「也许」は推量を表す副詞。,2,要／觉得／最／几と多,HSKsentences,498
499,2,夜里很安静。,Yèlǐ hěn ānjìng,夜中はとても静かです。,形容詞述語文の基本形。,,是不是／每／多,HSKsentences,499
500,2,一部分人同意了。,Yíbùfèn rén tóngyì le,一部の人が同意しました。,「一部分」は「一部」という数量表現。,,的（名詞化）／一下／真,HSKsentences,500
501,1,一共多少钱？,Yígòng duōshao qián？,全部でいくらですか。,「一共」は「合計で」という副詞。,6,给／帮／～的时候／已经,HSKsentences,501
502,2,他已经走了。,Tā yǐjīng zǒu le,彼はもう行ってしまいました。,「已经～了」は完了・既然を表す。,17,就／对～／还／有点儿,HSKsentences,502
503,2,以后我们再见。,Yǐhòu wǒmen zàijiàn,今後また会いましょう。,「以后」は「今後」という時間詞。,,怎么と为什么／什么意思／因为～所以～,HSKsentences,503
504,4,这个数字在十以上。,Zhège shùzì zài shí yǐshàng,この数字は10以上です。,「以上」は「～以上」という範囲を表す。,45,还（継続）／時間＋就／离,HSKsentences,504
505,2,除了他以外，都到了。,"Chúle tā yǐwài, dōu dào le",彼以外、みんな到着しました。,「除了～以外」は「～を除いて」を表す。,28,……好吗／再／让请叫（使役）,HSKsentences,505
506,4,我以为他不来了。,Wǒ yǐwéi tā bù lái le,私は彼が来ないと思っていました。,「以为」は「（誤って）～と思う」という動詞。,57,動詞の重ね型／結果補語 懂好完见错／从～,HSKsentences,506
507,2,价格在百元以下。,Jiàgé zài bǎi yuán yǐxià,価格は百元以下です。,「以下」は「～以下」という範囲を表す。,,需要／不要不用别,HSKsentences,507
508,1,请坐这把椅子。,Qǐng zuò zhè bǎ yǐzi,この椅子に座ってください。,量詞「把」は椅子などを数える。,8,比較構文(1) 比,HSKsentences,508
509,2,他一般七点起床。,Tā yìbān qī diǎn qǐchuáng,彼は普段7時に起きます。,「一般」は「普段、通常」という副詞。,,可能／得（様態補語）／比較構文(2),HSKsentences,509
510,2,我懂一点点。,Wǒ dǒng yìdiǎndiǎn,私は少しだけ分かります。,「一点点」は「ほんの少し」という数量詞。,,～着／不是～吗／往,HSKsentences,510
511,2,这是他的一生。,Zhè shì tā de yìshēng,これは彼の一生です。,「是」構文の基本形。,,～过／虽然～但是～,HSKsentences,511
512,2,他一直在等。,Tā yìzhí zài děng,彼はずっと待っています。,「一直」は「ずっと」という継続を表す副詞。,,要～了／都～了,HSKsentences,512
513,2,这个国家有十亿人。,Zhège guójiā yǒu shí yì rén,この国には10億人います。,「亿」は「億」という大きな数の単位。,,要／觉得／最／几と多,HSKsentences,513
514,2,你有什么意见？,Nǐ yǒu shénme yìjiàn？,あなたは何か意見がありますか。,「有」構文の疑問文。,,是不是／每／多,HSKsentences,514
515,2,今天是阴天。,Jīntiān shì yīntiān,今日は曇りです。,「是」構文の基本形。,,的（名詞化）／一下／真,HSKsentences,515
516,2,这个字有几个音节？,Zhège zì yǒu jǐ ge yīnjié？,この字はいくつの音節がありますか。,「几个」は数を尋ねる疑問表現。,,给／帮／～的时候／已经,HSKsentences,516
517,1,他喜欢音乐，晚上有音乐会。,"Tā xǐhuan yīnyuè, wǎnshang yǒu yīnyuèhuì",彼は音楽が好きで、夜にコンサートがあります。,「有」構文で存在を表す。,11,就／对～／还／有点儿,HSKsentences,517
518,2,他的银行卡丢了。,Tā de yínhángkǎ diū le,彼の銀行カードをなくしました。,「了」は事態の発生を表す。,,怎么と为什么／什么意思／因为～所以～,HSKsentences,518
519,4,你应该早点睡。,Nǐ yīnggāi zǎodiǎn shuì,あなたは早く寝るべきです。,「应该」は「～すべきだ」という義務を表す。,42,还（継続）／時間＋就／离,HSKsentences,519
520,2,他英文和英语说得都很好。,Tā Yīngwén hé Yīngyǔ shuō de dōu hěn hǎo,彼は英文も英語も話すのがとても上手です。,「得」は様態補語を導く助詞。,25,……好吗／再／让请叫（使役）,HSKsentences,520
521,2,这部影片影响很大。,Zhè bù yǐngpiàn yǐngxiǎng hěn dà,この映画は影響がとても大きいです。,量詞「部」は映画を数える。,,動詞の重ね型／結果補語 懂好完见错／从～,HSKsentences,521
522,2,我永远记得你。,Wǒ yǒngyuǎn jìde nǐ,私は永遠にあなたを覚えています。,「永远」は「永遠に」という副詞。,,需要／不要不用别,HSKsentences,522
523,2,菜里有很多油。,Cài lǐ yǒu hěn duō yóu,料理にはたくさんの油が入っています。,「有」構文で存在を表す。,,比較構文(1) 比,HSKsentences,523
524,2,这里游客很多。,Zhèlǐ yóukè hěn duō,ここは観光客がとても多いです。,形容詞述語文の基本形。,,可能／得（様態補語）／比較構文(2),HSKsentences,524
525,2,他对人很友好。,Tā duì rén hěn yǒuhǎo,彼は人にとても友好的です。,「对～」は対象を表す前置詞。,,～着／不是～吗／往,HSKsentences,525
526,2,你有空儿吗？,Nǐ yǒukòngr ma？,あなたは暇な時間がありますか。,「吗」は疑問を表す語気助詞。,,～过／虽然～但是～,HSKsentences,526
527,2,门外有人。,Mén wài yǒu rén,ドアの外に誰かいます。,「有」構文で存在を表す。,,要～了／都～了,HSKsentences,527
528,2,他又来了。,Tā yòu lái le,彼はまた来ました。,「又」は動作の繰り返しを表す副詞。,,要／觉得／最／几と多,HSKsentences,528
529,2,汉语是一种语言。,Hànyǔ shì yì zhǒng yǔyán,中国語は一つの言語です。,量詞「种」は種類を数える。,,是不是／每／多,HSKsentences,529
530,2,原来是这样啊。,Yuánlái shì zhèyàng a,なるほど、そうだったのですね。,「原来」は「なんと、実は」という副詞。,,的（名詞化）／一下／真,HSKsentences,530
531,2,院长家有个大院子。,Yuànzhǎng jiā yǒu ge dà yuànzi,院長の家には大きな庭があります。,「有」構文で存在を表す。,,给／帮／～的时候／已经,HSKsentences,531
532,2,我愿意帮助你。,Wǒ yuànyì bāngzhù nǐ,私は喜んであなたを助けます。,「愿意」は「～することを望む」という助動詞。,17,就／对～／还／有点儿,HSKsentences,532
533,3,这个月份，月亮越来越亮。,"Zhège yuèfèn, yuèliang yuè lái yuè liàng",この月は、月がますます明るくなります。,「越来越」は「ますます」という程度の変化を表す。,31,怎么と为什么／什么意思／因为～所以～,HSKsentences,533
534,3,咱们一起去吧。,Zánmen yìqǐ qù ba,私たち一緒に行きましょう。,「咱们」は聞き手を含む「私たち」。,30,还（継続）／時間＋就／离,HSKsentences,534
535,2,这件衣服很脏。,Zhè jiàn yīfu hěn zāng,この服はとても汚いです。,形容詞述語文の基本形。,,……好吗／再／让请叫（使役）,HSKsentences,535
536,2,早晨我吃早餐，早就吃完了。,"Zǎochén wǒ chī zǎocān, zǎojiù chīwán le",朝、私は朝食を食べ、とっくに食べ終わりました。,「早就」は「とっくに」という時間副詞。,30,動詞の重ね型／結果補語 懂好完见错／从～,HSKsentences,536
537,2,这可怎么办？你觉得怎么样？不管怎样都要试。,Zhè kě zěnme bàn？Nǐ juéde zěnmeyàng？Bùguǎn zěnyàng dōu yào shì,これはどうしよう。あなたはどう思いますか。どうであれ試さなければなりません。,「不管～都～」は「～に関わらず」を表す。,14,需要／不要不用别,HSKsentences,537
538,2,他占了一个座位。,Tā zhàn le yí ge zuòwèi,彼は席を一つ占めました。,「占」は「占める」という動詞。,,比較構文(1) 比,HSKsentences,538
539,2,他站住不动。,Tā zhànzhù bú dòng,彼は立ち止まって動きません。,結果補語「住」で動作の固定を表す。,,可能／得（様態補語）／比較構文(2),HSKsentences,539
540,2,孩子长大了。,Háizi zhǎngdà le,子供は大きくなりました。,結果補語「大」で成長を表す。,,～着／不是～吗／往,HSKsentences,540
541,2,他找出了答案。,Tā zhǎochū le dá’àn,彼は答えを見つけ出しました。,結果補語「出」で発見を表す。,,～过／虽然～但是～,HSKsentences,541
542,2,他照顾孩子，还给孩子照相，照片很好看。,"Tā zhàogù háizi, hái gěi háizi zhàoxiàng, zhàopiàn hěn hǎokàn",彼は子供の世話をし、子供の写真も撮り、写真はとても綺麗です。,「给」は動作の受け手を導く前置詞。,,要～了／都～了,HSKsentences,542
543,2,这么多人啊！,Zhème duō rén a！,こんなに多くの人がいるとは！,「这么」は程度を強調する指示副詞。,,要／觉得／最／几と多,HSKsentences,543
544,2,这时候他来了。,Zhè shíhou tā lái le,この時彼が来ました。,「这时候」は「この時」という時間詞。,,是不是／每／多,HSKsentences,544
545,2,这才是真正的朋友。,Zhè cái shì zhēnzhèng de péngyou,これこそ本当の友達です。,「才」は「こそ、やっと」という強調を表す。,16,的（名詞化）／一下／真,HSKsentences,545
546,4,他的回答正确，正好也正常，正是我想要的。,"Tā de huídá zhèngquè, zhènghǎo yě zhèngcháng, zhèngshì wǒ xiǎng yào de",彼の答えは正しく、ちょうど正常でもあり、まさに私が求めていたものです。,「正是」は「まさに～だ」という強調表現。,46,给／帮／～的时候／已经,HSKsentences,546
547,2,你直接说吧。,Nǐ zhíjiē shuō ba,あなたは直接言ってください。,「吧」は提案・依頼の語気助詞。,,就／对～／还／有点儿,HSKsentences,547
548,2,只要你要，我只能给你这一个。,"Zhǐyào nǐ yào, wǒ zhǐnéng gěi nǐ zhè yí ge",あなたが欲しいなら、私はこの一つしかあげられません。,「只要～」は「～さえすれば」という条件を表す。,,怎么と为什么／什么意思／因为～所以～,HSKsentences,548
549,1,他喜欢吃中餐。,Tā xǐhuan chī zhōngcān,彼は中華料理を食べるのが好きです。,「喜欢」＋動詞で好みを表す。,11,还（継続）／時間＋就／离,HSKsentences,549
550,2,这是中级水平。,Zhè shì zhōngjí shuǐpíng,これは中級レベルです。,「是」構文の基本形。,,……好吗／再／让请叫（使役）,HSKsentences,550
551,2,中年人和中小学生都来了。,Zhōngnián rén hé zhōngxiǎoxué shēng dōu lái le,中年の人と小中学生がみんな来ました。,「都」は総括を表す副詞。,28,動詞の重ね型／結果補語 懂好完见错／从～,HSKsentences,551
552,2,市中心有一家中医诊所。,Shì zhōngxīn yǒu yì jiā zhōngyī zhěnsuǒ,市の中心に中医学の診療所が一軒あります。,量詞「家」は店舗を数える。,,需要／不要不用别,HSKsentences,552
553,2,这是学习的重点。,Zhè shì xuéxí de zhòngdiǎn,これは学習の重点です。,「是」構文の基本形。,,比較構文(1) 比,HSKsentences,553
554,2,这周周末是结婚十周年。,Zhè zhōu zhōumò shì jiéhūn shí zhōunián,今週末は結婚十周年です。,「是」構文の基本形。,,可能／得（様態補語）／比較構文(2),HSKsentences,554
555,2,主人说这是主要原因。,Zhǔrén shuō zhè shì zhǔyào yuányīn,主人はこれが主な原因だと言いました。,「说」＋文で発言内容を表す。,,～着／不是～吗／往,HSKsentences,555
556,2,他因为生病住院，也在找住房。,"Tā yīnwèi shēngbìng zhùyuàn, yě zài zhǎo zhùfáng",彼は病気で入院していて、住宅も探しています。,「因为」は理由を表す接続詞。,2,～过／虽然～但是～,HSKsentences,556
557,2,箱子里装了书。,Xiāngzi lǐ zhuāng le shū,箱の中に本が入れられています。,「里」は「中」という方位詞。,,要～了／都～了,HSKsentences,557
558,2,这个答案很准确。,Zhège dá’àn hěn zhǔnquè,この答えはとても正確です。,形容詞述語文の基本形。,,要／觉得／最／几と多,HSKsentences,558
559,2,他自己骑自行车，很自由。,"Tā zìjǐ qí zìxíngchē, hěn zìyóu",彼は自分で自転車に乗り、とても自由です。,「自己」は「自分で」という再帰代名詞。,,是不是／每／多,HSKsentences,559
560,2,查字典吧。,Chá zìdiǎn ba,辞書を調べましょう。,「吧」は提案の語気助詞。,,的（名詞化）／一下／真,HSKsentences,560
561,2,他走过教室，走进办公室，然后走开了。,"Tā zǒuguò jiàoshì, zǒujìn bàngōngshì, ránhòu zǒukāi le",彼は教室を通り過ぎ、事務室に入り、それから立ち去りました。,結果補語「过」「进」「开」で移動の結果を表す。,,给／帮／～的时候／已经,HSKsentences,561
562,2,小组组长，组成了一个组。,"Xiǎozǔ zǔzhǎng, zǔchéng le yí ge zǔ",グループのグループ長が、一つのグループを構成しました。,「组成」は「構成する」という動詞。,,就／对～／还／有点儿,HSKsentences,562
563,2,他张开了嘴。,Tā zhāngkāi le zuǐ,彼は口を開けました。,結果補語「开」で開く動作を表す。,,怎么と为什么／什么意思／因为～所以～,HSKsentences,563
564,2,最近很忙。,Zuìjìn hěn máng,最近とても忙しいです。,形容詞述語文の基本形。,14,还（継続）／時間＋就／离,HSKsentences,564
565,2,这位作家写的作文很有作用。,Zhè wèi zuòjiā xiě de zuòwén hěn yǒu zuòyòng,この作家が書いた作文はとても役に立ちます。,「的」は動詞句を名詞化する構造助詞。,,……好吗／再／让请叫（使役）,HSKsentences,565
566,2,妈妈的做法，就是每天做饭。,"Māma de zuòfǎ, jiùshì měitiān zuòfàn",お母さんのやり方は、毎日料理を作ることです。,「就是」は「すなわち～だ」という説明を表す。,15,動詞の重ね型／結果補語 懂好完见错／从～,HSKsentences,566
567,2,这篇文章很短。,Zhè piān wénzhāng hěn duǎn,この文章は短いです。,量詞「篇」は文章を数える。,,是不是／每／多,HSKsentences,567
568,2,他讲的笑话儿很有意思。,Tā jiǎng de xiàohuàr hěn yǒu yìsi,彼が話した冗談はとても面白いです。,「笑话儿」は口語で「儿化」した語形。,,就／对～／还／有点儿,HSKsentences,568
569,3,她安排了献爱心的活动。,tā ānpái le xiàn àixīn de huódòng,彼女は愛心（慈善）活動を手配した。,「一点都」で全否定、「打算」で予定を表す表現。,,一点都～／打算～,HSKsentences,569
570,4,请按照说明安装，然后按一下开关。,"qǐng ànzhào shuōmíng ānzhuāng, ránhòu àn yíxià kāiguān",説明通りに設置してから、スイッチを一回押してください。,方向補語「来/去」や動作の連続を表す「就」の用法。,51,補語 来去／就（連続動作）,HSKsentences,570
571,3,他很有把握，一定能把这件事做好。,"tā hěn yǒu bǎwò, yídìng néng bǎ zhè jiàn shì zuò hǎo",彼はとても自信があり、必ずこの事をうまくできる。,選択の「还是/或者」や「又~又~」「越来越~」の表現。,36,还是と或者／又～又～／越来越～,HSKsentences,571
572,3,白菜的颜色很白。,báicài de yánsè hěn bái,白菜の色はとても白い。,可能補語「~得~」や「刚才/刚刚」で直前の動作を表す。,,可能補語 得／刚才／刚刚,HSKsentences,572
573,3,他上个月搬家，换了一个班级。,"tā shàng ge yuè bānjiā, huànle yí ge bānjí",彼は先月引っ越して、クラスを変えた。,時間の長さを表す表現や「疑問詞+就+疑問詞」の用法。,,継続時間の表現／疑問詞+就+疑問詞,HSKsentences,573
574,3,他一个人把黑板搬走了。,tā yí ge rén bǎ hēibǎn bān zǒu le,彼は一人で黒板を運んで行った。,「越A越B」やA跟B一样で比較・程度を表す。,36,越A越B／A跟B一样,HSKsentences,574
575,1,在这里可以办理银行手续。,zài zhèlǐ kěyǐ bànlǐ yínháng shǒuxù,ここで銀行の手続きができる。,「A比B多一些」の比較表現や「才/就」のニュアンスの違い。,12,比較 A比B多一些／才と就,HSKsentences,575
576,3,黑板上写着字，用的是这块板。,"hēibǎn shàng xiězhe zì, yòng de shì zhè kuài bǎn",黒板に字が書いてある、使われているのはこの板だ。,「把」を使って目的語をどう処理するかを述べる構文。,,把構文,HSKsentences,576
577,3,保安负责保护大楼的安全。,bǎo'ān fùzé bǎohù dàlóu de ānquán,警備員はビルの安全を保護する責任がある。,同時進行の「一边~一边~」や「除了~以外~」の表現。,,一边～一边～／除了～以外～,HSKsentences,577
578,3,我们要保持环境整洁。,wǒmen yào bǎochí huánjìng zhěngjié,私たちは環境を清潔に保つべきだ。,仮定の「如果~的话」や原因・程度を表す「得」の用法。,,如果～的话／原因の得,HSKsentences,578
579,1,他保证会保存好这些资料。,tā bǎozhèng huì bǎocún hǎo zhèxiē zīliào,彼はこれらの資料をきちんと保存すると約束した。,条件を表す「只要~就~」「只有~才~」の構文。,13,只要～就～／只有～才～,HSKsentences,579
580,3,他决定保留这份保险。,tā juédìng bǎoliú zhè fèn bǎoxiǎn,彼はこの保険を保留することにした。,「被/叫/给/让」を使った受身表現。,,受身形 被叫给让,HSKsentences,580
581,3,新学生今天去学校报到。,xīn xuéshēng jīntiān qù xuéxiào bàodào,新入生は今日学校に登録に行く。,「一点都」で全否定、「打算」で予定を表す表現。,,一点都～／打算～,HSKsentences,581
582,3,记者报道了这条新闻。,jìzhě bàodào le zhè tiáo xīnwén,記者はこのニュースを報道した。,方向補語「来/去」や動作の連続を表す「就」の用法。,,補語 来去／就（連続動作）,HSKsentences,582
583,3,他写了一份报告。,tā xiěle yí fèn bàogào,彼は一つの報告書を書いた。,選択の「还是/或者」や「又~又~」「越来越~」の表現。,,还是と或者／又～又～／越来越～,HSKsentences,583
584,3,他报了一个学习班。,tā bào le yí ge xuéxíbān,彼は学習クラスに申し込んだ。,可能補語「~得~」や「刚才/刚刚」で直前の動作を表す。,,可能補語 得／刚才／刚刚,HSKsentences,584
585,3,他的背很疼，背后还背着包。,"tā de bèi hěn téng, bèihòu hái bēizhe bāo",彼の背中はとても痛く、背後にかばんを背負っている。,時間の長さを表す表現や「疑問詞+就+疑問詞」の用法。,,継続時間の表現／疑問詞+就+疑問詞,HSKsentences,585
586,2,他往北部走去。,tā wǎng běibù zǒu qù,彼は北部へ歩いて行った。,「越A越B」やA跟B一样で比較・程度を表す。,26,越A越B／A跟B一样,HSKsentences,586
587,3,晚上要盖被子睡觉。,wǎnshàng yào gài bèizi shuìjiào,夜は布団をかけて寝る。,「A比B多一些」の比較表現や「才/就」のニュアンスの違い。,40,比較 A比B多一些／才と就,HSKsentences,587
588,3,他被老师批评了。,tā bèi lǎoshī pīpíng le,彼は先生に叱られた。,「把」を使って目的語をどう処理するかを述べる構文。,40,把構文,HSKsentences,588
589,3,他本来就很有本领和本事。,tā běnlái jiù hěn yǒu běnlǐng hé běnshi,彼はもともととても腕前と手腕がある。,同時進行の「一边~一边~」や「除了~以外~」の表現。,,一边～一边～／除了～以外～,HSKsentences,589
590,3,这场比赛，胜利的比例比较高。,"zhè chǎng bǐsài, shènglì de bǐlì bǐjiào gāo",この試合は勝つ比率が比較的高い。,仮定の「如果~的话」や原因・程度を表す「得」の用法。,24,如果～的话／原因の得,HSKsentences,590
591,1,这是必然的结果，也是必要的。,"zhè shì bìrán de jiéguǒ, yě shì bìyào de",これは必然の結果であり、必要でもある。,条件を表す「只要~就~」「只有~才~」の構文。,13,只要～就～／只有～才～,HSKsentences,591
592,4,情况发生了变化，好事变为了坏事。,"qíngkuàng fāshēngle biànhuà, hǎoshì biànwéi le huàishì",状況に変化が起き、良いことが悪いことに変わった。,「被/叫/给/让」を使った受身表現。,68,受身形 被叫给让,HSKsentences,592
593,3,这篇文章的标题不符合标准。,zhè piān wénzhāng de biāotí bù fúhé biāozhǔn,この文章のタイトルは基準に合わない。,「一点都」で全否定、「打算」で予定を表す表現。,,一点都～／打算～,HSKsentences,593
594,3,他用表格表达了自己的想法。,tā yòng biǎogé biǎodá le zìjǐ de xiǎngfǎ,彼は表を使って自分の考えを表現した。,方向補語「来/去」や動作の連続を表す「就」の用法。,,補語 来去／就（連続動作）,HSKsentences,594
595,3,这只是表面现象，不能表明什么。,"zhè zhǐshì biǎomiàn xiànxiàng, bùnéng biǎomíng shénme",これは表面的な現象に過ぎず、何も示せない。,選択の「还是/或者」や「又~又~」「越来越~」の表現。,,还是と或者／又～又～／越来越～,HSKsentences,595
596,3,他的表演表现得很精彩。,tā de biǎoyǎn biǎoxiàn de hěn jīngcǎi,彼の演技はとても素晴らしかった。,可能補語「~得~」や「刚才/刚刚」で直前の動作を表す。,,可能補語 得／刚才／刚刚,HSKsentences,596
597,4,这个方法简单并且有效。,zhège fāngfǎ jiǎndān bìngqiě yǒuxiào,この方法は簡単でかつ有効だ。,時間の長さを表す表現や「疑問詞+就+疑問詞」の用法。,61,継続時間の表現／疑問詞+就+疑問詞,HSKsentences,597
598,4,他并不知道这件事。,tā bìng bù zhīdào zhè jiàn shì,彼はこのことを全く知らなかった。,「越A越B」やA跟B一样で比較・程度を表す。,53,越A越B／A跟B一样,HSKsentences,598
599,1,这个节目播出后，电视台反复播放。,"zhège jiémù bōchū hòu, diànshìtái fǎnfù bōfàng",この番組が放送された後、テレビ局は繰り返し再生した。,「A比B多一些」の比較表現や「才/就」のニュアンスの違い。,12,比較 A比B多一些／才と就,HSKsentences,599
600,3,不论发生什么，你都不必担心，我们会不断努力。,"búlùn fāshēng shénme, nǐ dōu búbì dānxīn, wǒmen huì búduàn nǔlì",何が起きても、心配する必要はなく、私たちは絶えず努力する。,「把」を使って目的語をどう処理するかを述べる構文。,,把構文,HSKsentences,600
601,3,他补充说明，还补了一句话。,"tā bǔchōng shuōmíng, hái bǔ le yí jù huà",彼は補足説明をし、さらに一言付け加えた。,同時進行の「一边~一边~」や「除了~以外~」の表現。,,一边～一边～／除了～以外～,HSKsentences,601
602,3,他心里不安，不得不重新考虑。,"tā xīnlǐ bù'ān, bùdébù chóngxīn kǎolǜ",彼は心が不安で、考え直さざるを得なかった。,仮定の「如果~的话」や原因・程度を表す「得」の用法。,,如果～的话／原因の得,HSKsentences,602
603,3,这不光是钱的问题，他不仅聪明，还很努力。,"zhè bùguāng shì qián de wèntí, tā bùjǐn cōngming, hái hěn nǔlì",これはお金だけの問題ではなく、彼は賢いだけでなく、努力家でもある。,条件を表す「只要~就~」「只有~才~」の構文。,,只要～就～／只有～才～,HSKsentences,603
604,3,这块布是用来做窗帘的一部分。,zhè kuài bù shì yònglái zuò chuānglián de yíbùfen,この布はカーテンの一部を作るのに使われる。,「被/叫/给/让」を使った受身表現。,,受身形 被叫给让,HSKsentences,604
605,3,部长走了几步，去了另一个部门。,"bùzhǎng zǒule jǐ bù, qùle lìng yí ge bùmén",部長は数歩歩いて、別の部門へ行った。,「一点都」で全否定、「打算」で予定を表す表現。,,一点都～／打算～,HSKsentences,605
606,3,只有采取行动，才能采用新方法。,"zhǐyǒu cǎiqǔ xíngdòng, cáinéng cǎiyòng xīn fāngfǎ",行動を取ってこそ、初めて新しい方法を採用できる。,方向補語「来/去」や動作の連続を表す「就」の用法。,39,補語 来去／就（連続動作）,HSKsentences,606
607,1,这张彩色照片是他曾经拍的。,zhè zhāng cǎisè zhàopiàn shì tā céngjīng pāi de,このカラー写真は彼がかつて撮ったものだ。,選択の「还是/或者」や「又~又~」「越来越~」の表現。,13,还是と或者／又～又～／越来越～,HSKsentences,607
608,3,长城的历史产生了很大的影响。,Chángchéng de lìshǐ chǎnshēngle hěn dà de yǐngxiǎng,万里の長城の歴史は大きな影響を生んだ。,可能補語「~得~」や「刚才/刚刚」で直前の動作を表す。,,可能補語 得／刚才／刚刚,HSKsentences,608
609,3,长期合作能发现彼此的长处。,chángqī hézuò néng fāxiàn bǐcǐ de chángchù,長期の協力は互いの長所を発見できる。,時間の長さを表す表現や「疑問詞+就+疑問詞」の用法。,,継続時間の表現／疑問詞+就+疑問詞,HSKsentences,609
610,3,工厂不是谈这个的场合，也不是合适的场所。,"gōngchǎng bú shì tán zhège de chǎnghé, yě bú shì héshì de chǎngsuǒ",工場はこれを話す場面ではなく、ふさわしい場所でもない。,「越A越B」やA跟B一样で比較・程度を表す。,2,越A越B／A跟B一样,HSKsentences,610
611,3,这是一家超级市场，朝东开门。,"zhè shì yì jiā chāojí shìchǎng, cháo dōng kāimén",これはスーパーマーケットで、東向きに入口がある。,「A比B多一些」の比較表現や「才/就」のニュアンスの違い。,,比較 A比B多一些／才と就,HSKsentences,611
612,3,他们又吵又吵架，声音越来越大。,"tāmen yòu chǎo yòu chǎojià, shēngyīn yuèláiyuè dà",彼らは騒がしくけんかをし、声がどんどん大きくなった。,「把」を使って目的語をどう処理するかを述べる構文。,,把構文,HSKsentences,612
613,2,他穿着一件白衬衫，衬衣很干净。,"tā chuānzhe yí jiàn bái chènshān, chènyī hěn gānjìng",彼は白いシャツを着ていて、シャツはとても清潔だ。,同時進行の「一边~一边~」や「除了~以外~」の表現。,26,一边～一边～／除了～以外～,HSKsentences,613
614,3,这次实验被称为一次成功，取得了很大成果。,"zhè cì shíyàn bèi chēngwéi yí cì chénggōng, qǔdéle hěn dà chéngguǒ",この実験は成功と呼ばれ、大きな成果を得た。,仮定の「如果~的话」や原因・程度を表す「得」の用法。,40,如果～的话／原因の得,HSKsentences,614
615,3,公司成立后取得了不少成就，也变得更成熟。,"gōngsī chénglì hòu qǔdéle bùshǎo chéngjiù, yě biànde gèng chéngshú",会社は設立後多くの実績を上げ、より成熟した。,条件を表す「只要~就~」「只有~才~」の構文。,32,只要～就～／只有～才～,HSKsentences,615
616,2,每个成员都在不断成长。,měi ge chéngyuán dōu zài búduàn chéngzhǎng,メンバー全員が絶えず成長している。,「被/叫/给/让」を使った受身表現。,15,受身形 被叫给让,HSKsentences,616
617,3,这座城市在某种程度上像一座古城。,zhè zuò chéngshì zài mǒu zhǒng chéngdù shàng xiàng yí zuò gǔchéng,この都市はある程度古い都のようだ。,「一点都」で全否定、「打算」で予定を表す表現。,,一点都～／打算～,HSKsentences,617
618,3,比赛持续了很久，全场充满了热情。,"bǐsài chíxùle hěn jiǔ, quánchǎng chōngmǎnle rèqíng",試合は長く続き、会場全体が熱気に満ちていた。,方向補語「来/去」や動作の連続を表す「就」の用法。,,補語 来去／就（連続動作）,HSKsentences,618
619,3,这本书很重。,zhè běn shū hěn zhòng,この本はとても重い。,選択の「还是/或者」や「又~又~」「越来越~」の表現。,,还是と或者／又～又～／越来越～,HSKsentences,619
620,3,他初来这里时很紧张。,tā chū lái zhèlǐ shí hěn jǐnzhāng,彼が初めてここに来た時はとても緊張していた。,可能補語「~得~」や「刚才/刚刚」で直前の動作を表す。,,可能補語 得／刚才／刚刚,HSKsentences,620
621,3,他刚上初中，学的都是初步和初级的内容。,"tā gāng shàng chūzhōng, xué de dōu shì chūbù hé chūjí de nèiróng",彼はちょうど中学に上がったばかりで、学ぶのは初歩的で初級の内容だ。,時間の長さを表す表現や「疑問詞+就+疑問詞」の用法。,,継続時間の表現／疑問詞+就+疑問詞,HSKsentences,621
622,1,除了处理这些文件，他还要开会。,"chúle chǔlǐ zhèxiē wénjiàn, tā hái yào kāihuì",これらの書類を処理する以外に、彼は会議にも出なければならない。,「越A越B」やA跟B一样で比較・程度を表す。,13,越A越B／A跟B一样,HSKsentences,622
623,3,远处传来消息，古老的传说正在传播。,"yuǎnchù chuánlái xiāoxi, gǔlǎo de chuánshuō zhèngzài chuánbō",遠くから知らせが伝わってきて、古い伝説が広まっている。,「A比B多一些」の比較表現や「才/就」のニュアンスの違い。,71,比較 A比B多一些／才と就,HSKsentences,623
624,3,这个故事一直传到现在。,zhège gùshi yìzhí chuán dào xiànzài,この話はずっと今まで伝わっている。,「把」を使って目的語をどう処理するかを述べる構文。,,把構文,HSKsentences,624
625,3,他靠创新和创业创造了新的创作。,tā kào chuàngxīn hé chuàngyè chuàngzàole xīn de chuàngzuò,彼は革新と起業によって新しい創作を生み出した。,同時進行の「一边~一边~」や「除了~以外~」の表現。,,一边～一边～／除了～以外～,HSKsentences,625
626,4,他从前从事教育工作，从来没有后悔过。,"tā cóngqián cóngshì jiàoyù gōngzuò, cónglái méiyǒu hòuhuǐguo",彼は以前教育の仕事に従事しており、これまで後悔したことがない。,仮定の「如果~的话」や原因・程度を表す「得」の用法。,41,如果～的话／原因の得,HSKsentences,626
627,3,这个问题确实存在。,zhège wèntí quèshí cúnzài,この問題は確かに存在する。,条件を表す「只要~就~」「只有~才~」の構文。,,只要～就～／只有～才～,HSKsentences,627
628,3,村里的老人把粮食存了起来。,cūnlǐ de lǎorén bǎ liángshi cún le qǐlái,村のお年寄りは食糧を蓄えた。,「被/叫/给/让」を使った受身表現。,36,受身形 被叫给让,HSKsentences,628
629,3,他达到了目标，改正了错误。,"tā dádàole mùbiāo, gǎizhèngle cuòwù",彼は目標を達成し、間違いを正した。,「一点都」で全否定、「打算」で予定を表す表現。,,一点都～／打算～,HSKsentences,629
630,3,他打破了纪录，大家都来打听消息。,"tā dǎpòle jìlù, dàjiā dōu lái dǎtīng xiāoxi",彼は記録を破り、みんなが知らせを聞きに来た。,方向補語「来/去」や動作の連続を表す「就」の用法。,,補語 来去／就（連続動作）,HSKsentences,630
631,3,大使馆大概十点开门，他大约十点到。,"dàshǐguǎn dàgài shí diǎn kāimén, tā dàyuē shí diǎn dào",大使館はだいたい10時に開く、彼はおよそ10時に着く。,選択の「还是/或者」や「又~又~」「越来越~」の表現。,,还是と或者／又～又～／越来越～,HSKsentences,631
632,3,这位大夫代表代表团发言。,zhè wèi dàifu dàibiǎo dàibiǎotuán fāyán,この医師は代表団を代表して発言した。,可能補語「~得~」や「刚才/刚刚」で直前の動作を表す。,,可能補語 得／刚才／刚刚,HSKsentences,632
633,3,这是上一代人的记忆。,zhè shì shàng yí dài rén de jìyì,これは前の世代の人々の記憶だ。,時間の長さを表す表現や「疑問詞+就+疑問詞」の用法。,,継続時間の表現／疑問詞+就+疑問詞,HSKsentences,633
634,3,老师带领大家学习，带动了大家的积极性。,"lǎoshī dàilǐng dàjiā xuéxí, dàidòngle dàjiā de jījíxìng",先生はみんなを導いて学ばせ、みんなの積極性を引き出した。,「越A越B」やA跟B一样で比較・程度を表す。,,越A越B／A跟B一样,HSKsentences,634
635,3,这是这本书的第一单元。,zhè shì zhè běn shū de dì yī dānyuán,これはこの本の第一課だ。,「A比B多一些」の比較表現や「才/就」のニュアンスの違い。,,比較 A比B多一些／才と就,HSKsentences,635
636,3,当初我们没想到会来这里。,dāngchū wǒmen méi xiǎngdào huì lái zhèlǐ,当初、私たちはここに来るとは思わなかった。,「把」を使って目的語をどう処理するかを述べる構文。,,把構文,HSKsentences,636
637,3,当地人当然了解当地文化。,dāngdì rén dāngrán liǎojiě dāngdì wénhuà,地元の人は当然地元の文化を理解している。,同時進行の「一边~一边~」や「除了~以外~」の表現。,,一边～一边～／除了～以外～,HSKsentences,637
638,1,这些人当中，有一个是我朋友。,"zhèxiē rén dāngzhōng, yǒu yí ge shì wǒ péngyou",これらの人の中に、一人は私の友達だ。,仮定の「如果~的话」や原因・程度を表す「得」の用法。,13,如果～的话／原因の得,HSKsentences,638
639,4,导演到底到达了没有？,dǎoyǎn dàodǐ dàodá le méiyǒu,監督は結局到着したのか？,条件を表す「只要~就~」「只有~才~」の構文。,67,只要～就～／只有～才～,HSKsentences,639
640,3,厨房里有一把刀。,chúfáng lǐ yǒu yì bǎ dāo,台所に包丁が一本ある。,「被/叫/给/让」を使った受身表現。,,受身形 被叫给让,HSKsentences,640
641,3,大家都在等待球队得分。,dàjiā dōu zài děngdài qiúduì défēn,みんなチームの得点を待っている。,「一点都」で全否定、「打算」で予定を表す表現。,,一点都～／打算～,HSKsentences,641
642,3,桌子底下有一张地区地图。,zhuōzi dǐxia yǒu yì zhāng dìqū dìtú,机の下に地域の地図が一枚ある。,方向補語「来/去」や動作の連続を表す「就」の用法。,,補語 来去／就（連続動作）,HSKsentences,642
643,1,这部电视剧是电视台拍的。,zhè bù diànshìjù shì diànshìtái pāi de,このテレビドラマはテレビ局が撮ったものだ。,選択の「还是/或者」や「又~又~」「越来越~」の表現。,13,还是と或者／又～又～／越来越～,HSKsentences,643
644,1,他喜欢听电台节目。,tā xǐhuan tīng diàntái jiémù,彼はラジオ局の番組を聞くのが好きだ。,可能補語「~得~」や「刚才/刚刚」で直前の動作を表す。,11,可能補語 得／刚才／刚刚,HSKsentences,644
645,3,请把文件发到我的电子邮件。,qǐng bǎ wénjiàn fā dào wǒ de diànzǐyóujiàn,ファイルを私のメールに送ってください。,時間の長さを表す表現や「疑問詞+就+疑問詞」の用法。,36,継続時間の表現／疑問詞+就+疑問詞,HSKsentences,645
646,3,他被调到了新部门。,tā bèi diào dào le xīn bùmén,彼は新しい部門に異動させられた。,「越A越B」やA跟B一样で比較・程度を表す。,40,越A越B／A跟B一样,HSKsentences,646
647,3,公司做了市场调查。,gōngsī zuòle shìchǎng diàochá,会社は市場調査を行った。,「A比B多一些」の比較表現や「才/就」のニュアンスの違い。,,比較 A比B多一些／才と就,HSKsentences,647
648,1,这个话题是关于现代化和话剧的。,zhège huàtí shì guānyú xiàndàihuà hé huàjù de,この話題は近代化と演劇についてだ。,「把」を使って目的語をどう処理するかを述べる構文。,13,把構文,HSKsentences,648
649,3,大家欢乐地参加了环保活动。,dàjiā huānlè de cānjiāle huánbǎo huódòng,みんなは楽しく環境保護活動に参加した。,同時進行の「一边~一边~」や「除了~以外~」の表現。,,一边～一边～／除了～以外～,HSKsentences,649
650,3,保护环境是重要的一环。,bǎohù huánjìng shì zhòngyào de yì huán,環境を守ることは重要な一環だ。,仮定の「如果~的话」や原因・程度を表す「得」の用法。,,如果～的话／原因の得,HSKsentences,650
651,3,会议上，新会员做了自我介绍。,"huìyì shàng, xīn huìyuán zuòle zìwǒ jièshào",会議で、新会員が自己紹介をした。,条件を表す「只要~就~」「只有~才~」の構文。,,只要～就～／只有～才～,HSKsentences,651
652,3,他一直活到九十岁。,tā yìzhí huó dào jiǔshí suì,彼はずっと90歳まで生きた。,「被/叫/给/让」を使った受身表現。,,受身形 被叫给让,HSKsentences,652
653,3,厨房里有火。,chúfáng lǐ yǒu huǒ,台所に火がある。,「一点都」で全否定、「打算」で予定を表す表現。,,一点都～／打算～,HSKsentences,653
654,3,这台机器坏了。,zhè tái jīqì huài le,この機械は壊れた。,方向補語「来/去」や動作の連続を表す「就」の用法。,,補語 来去／就（連続動作）,HSKsentences,654
655,3,他基本上很积极，打好了基础。,"tā jīběnshàng hěn jījí, dǎhǎole jīchǔ",彼は基本的にとても積極的で、基礎を固めた。,選択の「还是/或者」や「又~又~」「越来越~」の表現。,,还是と或者／又～又～／越来越～,HSKsentences,655
656,1,这个消息太及时了，集体反应好极了。,"zhège xiāoxi tài jíshí le, jítǐ fǎnyìng hǎo jíle",この知らせはとてもタイムリーで、集団の反応が最高だった。,可能補語「~得~」や「刚才/刚刚」で直前の動作を表す。,10,可能補語 得／刚才／刚刚,HSKsentences,656
657,1,请集中精力计算这道题。,qǐng jízhōng jīnglì jìsuàn zhè dào tí,集中してこの問題を計算してください。,時間の長さを表す表現や「疑問詞+就+疑問詞」の用法。,8,継続時間の表現／疑問詞+就+疑問詞,HSKsentences,657
658,3,记者记录了这项新纪录，作为纪念。,"jìzhě jìlùle zhè xiàng xīn jìlù, zuòwéi jìniàn",記者はこの新記録を記録し、記念とした。,「越A越B」やA跟B一样で比較・程度を表す。,,越A越B／A跟B一样,HSKsentences,658
659,3,这项技术会继续发展。,zhè xiàng jìshù huì jìxù fāzhǎn,この技術は発展し続けるだろう。,「A比B多一些」の比較表現や「才/就」のニュアンスの違い。,,比較 A比B多一些／才と就,HSKsentences,659
660,3,工厂加快了加工速度，也加强了管理。,"gōngchǎng jiākuàile jiāgōng sùdù, yě jiāqiángle guǎnlǐ",工場は加工速度を速め、管理も強化した。,「把」を使って目的語をどう処理するかを述べる構文。,2,把構文,HSKsentences,660
661,3,他把家乡的家具寄给了家属。,tā bǎ jiāxiāng de jiājù jì gěi le jiāshǔ,彼は故郷の家具を家族に送った。,同時進行の「一边~一边~」や「除了~以外~」の表現。,36,一边～一边～／除了～以外～,HSKsentences,661
662,3,这件东西的价格和价钱都不便宜，但很有价值。,"zhè jiàn dōngxi de jiàgé hé jiàqián dōu bù piányi, dàn hěn yǒu jiàzhí",この物の値段はどちらも安くないが、とても価値がある。,仮定の「如果~的话」や原因・程度を表す「得」の用法。,,如果～的话／原因の得,HSKsentences,662
663,3,她坚持坚强，坚决把书架搬走。,"tā jiānchí jiānqiáng, jiānjué bǎ shūjià bān zǒu",彼女は強く堅持し、断固として本棚を運んで行った。,条件を表す「只要~就~」「只有~才~」の構文。,36,只要～就～／只有～才～,HSKsentences,663
664,1,这道题简直太简单了。,zhè dào tí jiǎnzhí tài jiǎndān le,この問題は本当に簡単すぎる。,「被/叫/给/让」を使った受身表現。,10,受身形 被叫给让,HSKsentences,664
665,4,他建议建立一个新公司，建设并建成了它。,"tā jiànyì jiànlì yí ge xīn gōngsī, jiànshè bìng jiànchéngle tā",彼は新しい会社を設立することを提案し、建設して完成させた。,「一点都」で全否定、「打算」で予定を表す表現。,53,一点都～／打算～,HSKsentences,665
666,3,将来，人口将近会增长一倍。,"jiānglái, rénkǒu jiāngjìn huì zēngzhǎng yí bèi",将来、人口はもうすぐ倍増するだろう。,方向補語「来/去」や動作の連続を表す「就」の用法。,,補語 来去／就（連続動作）,HSKsentences,666
667,3,去银行交费很方便。,qù yínháng jiāofèi hěn fāngbiàn,銀行に行って支払うのはとても便利だ。,選択の「还是/或者」や「又~又~」「越来越~」の表現。,,还是と或者／又～又～／越来越～,HSKsentences,667
668,3,交警在路口指挥交通。,jiāojǐng zài lùkǒu zhǐhuī jiāotōng,交通警察は交差点で交通整理をしている。,可能補語「~得~」や「刚才/刚刚」で直前の動作を表す。,,可能補語 得／刚才／刚刚,HSKsentences,668
669,2,他们经常交流，交往了很久。,"tāmen jīngcháng jiāoliú, jiāowǎngle hěn jiǔ",彼らはよく交流し、長く付き合っている。,時間の長さを表す表現や「疑問詞+就+疑問詞」の用法。,26,継続時間の表現／疑問詞+就+疑問詞,HSKsentences,669
670,3,这笔交易很成功。,zhè bǐ jiāoyì hěn chénggōng,この取引はとても成功した。,「越A越B」やA跟B一样で比較・程度を表す。,,越A越B／A跟B一样,HSKsentences,670
671,3,教练比较严格，教材也叫他好好学。,"jiàoliàn bǐjiào yángé, jiàocái yě jiào tā hǎohǎo xué",コーチは比較的厳しく、教材も彼にしっかり学ぶよう求めている。,「A比B多一些」の比較表現や「才/就」のニュアンスの違い。,24,比較 A比B多一些／才と就,HSKsentences,671
672,3,接待员的身体很结实，接近下班时间了。,"jiēdàiyuán de shēntǐ hěn jiēshi, jiējìn xiàbān shíjiān le",受付係の体はとても丈夫で、退勤時間が近づいた。,「把」を使って目的語をどう処理するかを述べる構文。,,把構文,HSKsentences,672
673,3,他们结婚后很节约，把生活结合得很好。,"tāmen jiéhūn hòu hěn jiéyuē, bǎ shēnghuó jiéhé de hěn hǎo",彼らは結婚後とても節約し、生活をうまく結びつけた。,同時進行の「一边~一边~」や「除了~以外~」の表現。,36,一边～一边～／除了～以外～,HSKsentences,673
674,3,问题结束前，他先解开了误会，解决了矛盾。,"wèntí jiéshù qián, tā xiān jiěkāile wùhuì, jiějuéle máodùn",問題が終わる前に、彼はまず誤解を解き、矛盾を解決した。,仮定の「如果~的话」や原因・程度を表す「得」の用法。,,如果～的话／原因の得,HSKsentences,674
675,3,他拿到了金牌。,tā nádàole jīnpái,彼は金メダルを取った。,条件を表す「只要~就~」「只有~才~」の構文。,,只要～就～／只有～才～,HSKsentences,675
676,2,这仅仅是开始，尽量不要放弃。,"zhè jǐnjǐn shì kāishǐ, jǐnliàng búyào fàngqì",これはほんの始まりに過ぎず、できるだけ諦めないように。,「被/叫/给/让」を使った受身表現。,23,受身形 被叫给让,HSKsentences,676
677,3,情况很紧急，大家都很紧张，抓得很紧。,"qíngkuàng hěn jǐnjí, dàjiā dōu hěn jǐnzhāng, zhuā de hěn jǐn",状況はとても緊急で、みんなとても緊張しており、しっかり掴んでいる。,「一点都」で全否定、「打算」で予定を表す表現。,,一点都～／打算～,HSKsentences,677
678,3,他的进步很大，事情也进一步有了进展。,"tā de jìnbù hěn dà, shìqíng yě jìnyíbù yǒule jìnzhǎn",彼の進歩はとても大きく、物事もさらに進展した。,方向補語「来/去」や動作の連続を表す「就」の用法。,2,補語 来去／就（連続動作）,HSKsentences,678
679,3,近期他在学京剧。,jìnqī tā zài xué jīngjù,最近、彼は京劇を習っている。,選択の「还是/或者」や「又~又~」「越来越~」の表現。,,还是と或者／又～又～／越来越～,HSKsentences,679
680,3,他有丰富的经济经营经验，经历了很多事。,"tā yǒu fēngfù de jīngjì jīngyíng jīngyàn, jīnglìle hěn duō shì",彼は豊富な経済経営の経験があり、多くのことを経験した。,可能補語「~得~」や「刚才/刚刚」で直前の動作を表す。,,可能補語 得／刚才／刚刚,HSKsentences,680
681,3,表演很精彩，大家精神振奋，欣赏着美丽的景色。,"biǎoyǎn hěn jīngcǎi, dàjiā jīngshén zhènfèn, xīnshǎngzhe měilì de jǐngsè",公演はとても素晴らしく、みんな元気いっぱいで、美しい景色を楽しんでいる。,時間の長さを表す表現や「疑問詞+就+疑問詞」の用法。,,継続時間の表現／疑問詞+就+疑問詞,HSKsentences,681
682,3,警察让大家安静，等了很久。,"jǐngchá ràng dàjiā ānjìng, děngle hěn jiǔ",警察はみんなを静かにさせ、長く待った。,「越A越B」やA跟B一样で比較・程度を表す。,,越A越B／A跟B一样,HSKsentences,682
683,4,旧房子着火了，消防员救了大家，这就是英雄。,"jiù fángzi zháohuǒ le, xiāofángyuán jiùle dàjiā, zhè jiùshì yīngxióng",古い家が火事になり、消防士がみんなを救った、これこそ英雄だ。,「A比B多一些」の比較表現や「才/就」のニュアンスの違い。,43,比較 A比B多一些／才と就,HSKsentences,683
684,3,学校举办了就业讲座。,xuéxiào jǔbànle jiùyè jiǎngzuò,学校は就職の講座を開催した。,「把」を使って目的語をどう処理するかを述べる構文。,,把構文,HSKsentences,684
685,3,这个计划具有具体的目标。,zhège jìhuà jùyǒu jùtǐ de mùbiāo,この計画は具体的な目標を持っている。,同時進行の「一边~一边~」や「除了~以外~」の表現。,,一边～一边～／除了～以外～,HSKsentences,685
686,3,据说这个剧场很有名。,jùshuō zhège jùchǎng hěn yǒumíng,聞くところによるとこの劇場はとても有名だそうだ。,仮定の「如果~的话」や原因・程度を表す「得」の用法。,,如果～的话／原因の得,HSKsentences,686
687,3,他决定参加决赛，下定了决心。,"tā juédìng cānjiā juésài, xiàdìngle juéxīn",彼は決勝に参加することを決め、決意を固めた。,条件を表す「只要~就~」「只有~才~」の構文。,,只要～就～／只有～才～,HSKsentences,687
688,3,这杯咖啡绝对好喝。,zhè bēi kāfēi juéduì hǎohē,このコーヒーは絶対に美味しい。,「被/叫/给/让」を使った受身表現。,,受身形 被叫给让,HSKsentences,688
689,3,公司正在开发新产品。,gōngsī zhèngzài kāifā xīn chǎnpǐn,会社は新製品を開発している最中だ。,「一点都」で全否定、「打算」で予定を表す表現。,71,一点都～／打算～,HSKsentences,689
690,2,商店已经开业了，大门开放着。,"shāngdiàn yǐjīng kāiyè le, dàmén kāifàngzhe",店はもう開業しており、門は開いている。,方向補語「来/去」や動作の連続を表す「就」の用法。,17,補語 来去／就（連続動作）,HSKsentences,690
691,1,活动开始后，工作全面开展。,"huódòng kāishǐ hòu, gōngzuò quánmiàn kāizhǎn",活動が始まった後、仕事は全面的に展開された。,選択の「还是/或者」や「又~又~」「越来越~」の表現。,12,还是と或者／又～又～／越来越～,HSKsentences,691
692,3,他看起来很累，看上去没睡好。,"tā kànqǐlái hěn lèi, kànshàngqù méi shuìhǎo",彼は疲れているように見え、よく眠れなかったようだ。,可能補語「~得~」や「刚才/刚刚」で直前の動作を表す。,30,可能補語 得／刚才／刚刚,HSKsentences,692
693,3,这是对科技的一次考验。,zhè shì duì kējì de yí cì kǎoyàn,これは科学技術に対する一つの試練だ。,時間の長さを表す表現や「疑問詞+就+疑問詞」の用法。,,継続時間の表現／疑問詞+就+疑問詞,HSKsentences,693
694,3,这个消息来源很可靠，他还买了一瓶可乐。,"zhège xiāoxi láiyuán hěn kěkào, tā hái mǎile yì píng kělè",この情報源はとても信頼できる。彼はさらにコーラを一本買った。,「越A越B」やA跟B一样で比較・程度を表す。,,越A越B／A跟B一样,HSKsentences,694
695,3,他客观地分析问题，努力克服困难。,"tā kèguān de fēnxī wèntí, nǔlì kèfú kùnnán",彼は客観的に問題を分析し、困難を克服しようと努力した。,「A比B多一些」の比較表現や「才/就」のニュアンスの違い。,,比較 A比B多一些／才と就,HSKsentences,695
696,3,教室里的空调坏了，课程只能在空教室继续。,"jiàoshì lǐ de kōngtiáo huài le, kèchéng zhǐnéng zài kōng jiàoshì jìxù",教室のエアコンが壊れて、授業は空いた教室で続けるしかなかった。,「把」を使って目的語をどう処理するかを述べる構文。,,把構文,HSKsentences,696
697,4,他恐怕没有空儿来。,tā kǒngpà méiyǒu kòngr lái,彼は恐らく来る時間がないだろう。,同時進行の「一边~一边~」や「除了~以外~」の表現。,66,一边～一边～／除了～以外～,HSKsentences,697
698,3,他快速换了一条裤子。,tā kuàisù huànle yì tiáo kùzi,彼は素早くズボンを履き替えた。,仮定の「如果~的话」や原因・程度を表す「得」の用法。,,如果～的话／原因の得,HSKsentences,698
699,3,遇到困难时，人容易感到困。,"yù dào kùnnán shí, rén róngyì gǎndào kùn",困難に出会うと、人は疲れを感じやすい。,条件を表す「只要~就~」「只有~才~」の構文。,,只要～就～／只有～才～,HSKsentences,699
700,3,浪费粮食对老百姓不好。,làngfèi liángshi duì lǎobǎixìng bù hǎo,食糧を無駄にするのは庶民にとって良くない。,「被/叫/给/让」を使った受身表現。,,受身形 被叫给让,HSKsentences,700
701,3,老板是一位老太太，她丈夫是老头儿。,"lǎobǎn shì yí wèi lǎotàitai, tā zhàngfu shì lǎotóur",店主はおばあさんで、彼女の夫はおじいさんだ。,「一点都」で全否定、「打算」で予定を表す表現。,,一点都～／打算～,HSKsentences,701
702,3,他很乐观，总是很快乐。,"tā hěn lèguān, zǒngshì hěn kuàilè",彼はとても楽観的で、いつも楽しい。,方向補語「来/去」や動作の連続を表す「就」の用法。,,補語 来去／就（連続動作）,HSKsentences,702
703,3,这类问题和那个类似。,zhè lèi wèntí hé nàge lèisì,この種の問題はそれと類似している。,選択の「还是/或者」や「又~又~」「越来越~」の表現。,,还是と或者／又～又～／越来越～,HSKsentences,703
704,1,他们离婚后，各自住在房子里面。,"tāmen líhūn hòu, gèzì zhùzài fángzi lǐmiàn",彼らは離婚した後、それぞれ家の中に住んでいる。,可能補語「~得~」や「刚才/刚刚」で直前の動作を表す。,12,可能補語 得／刚才／刚刚,HSKsentences,704
705,3,他理解这个理论，但不理解朋友去理发的理由。,"tā lǐjiě zhège lǐlùn, dàn bù lǐjiě péngyou qù lǐfà de lǐyóu",彼はこの理論を理解しているが、友達が散髪に行く理由は理解できない。,時間の長さを表す表現や「疑問詞+就+疑問詞」の用法。,,継続時間の表現／疑問詞+就+疑問詞,HSKsentences,705
706,4,团结就是力量，他立刻利用了这股力。,"tuánjié jiùshì lìliàng, tā lìkè lìyòngle zhè gǔ lì",団結は力だ、彼はすぐにこの力を利用した。,「越A越B」やA跟B一样で比較・程度を表す。,43,越A越B／A跟B一样,HSKsentences,706
707,3,他连忙看了连续剧，连续看了好几集。,"tā liánmáng kànle liánxùjù, liánxù kànle hǎojǐ jí",彼は急いで連続ドラマを見て、続けて何話も見た。,「A比B多一些」の比較表現や「才/就」のニュアンスの違い。,,比較 A比B多一些／才と就,HSKsentences,707
708,3,各国联合起来，通过联合国保持联系。,"gèguó liánhé qǐlái, tōngguò liánhéguó bǎochí liánxì",各国は連合し、国連を通じて連絡を保っている。,「把」を使って目的語をどう処理するかを述べる構文。,30,把構文,HSKsentences,708
709,3,他喝了一杯凉水。,tā hēle yì bēi liángshuǐ,彼は冷たい水を一杯飲んだ。,同時進行の「一边~一边~」や「除了~以外~」の表現。,,一边～一边～／除了～以外～,HSKsentences,709
710,3,领导带领大家一直领先。,lǐngdǎo dàilǐng dàjiā yìzhí lǐngxiān,指導者はみんなを率いてずっとリードしている。,仮定の「如果~的话」や原因・程度を表す「得」の用法。,,如果～的话／原因の得,HSKsentences,710
711,4,另外，另一方面他也很努力。,"lìngwài, lìng yì fāng miàn tā yě hěn nǔlì",その上、もう一方では彼もとても努力している。,条件を表す「只要~就~」「只有~才~」の構文。,50,只要～就～／只有～才～,HSKsentences,711
712,1,他去国外留学，学习舞龙。,"tā qù guówài liúxué, xuéxí wǔlóng",彼は海外留学に行き、龍舞を学んでいる。,「被/叫/给/让」を使った受身表現。,5,受身形 被叫给让,HSKsentences,712
713,3,他把这段话录音录了下来。,tā bǎ zhè duàn huà lùyīn lùle xiàlái,彼はこの話を録音した。,「一点都」で全否定、「打算」で予定を表す表現。,36,一点都～／打算～,HSKsentences,713
714,2,旅行社帮我们安排了路线和旅馆。,lǚxíngshè bāng wǒmen ānpáile lùxiàn hé lǚguǎn,旅行会社は私たちにルートと旅館を手配してくれた。,方向補語「来/去」や動作の連続を表す「就」の用法。,17,補語 来去／就（連続動作）,HSKsentences,714
715,3,他心里很乱，喝了一杯绿茶。,"tā xīnlǐ hěn luàn, hēle yì bēi lǜchá",彼は心が乱れていて、緑茶を一杯飲んだ。,選択の「还是/或者」や「又~又~」「越来越~」の表現。,,还是と或者／又～又～／越来越～,HSKsentences,715
716,3,落后就会带来麻烦。,luòhòu jiù huì dàilái máfan,遅れると面倒を引き起こす。,可能補語「~得~」や「刚才/刚刚」で直前の動作を表す。,,可能補語 得／刚才／刚刚,HSKsentences,716
717,3,骑马让他感到满足。,qí mǎ ràng tā gǎndào mǎnzú,馬に乗ることは彼に満足感を与える。,時間の長さを表す表現や「疑問詞+就+疑問詞」の用法。,,継続時間の表現／疑問詞+就+疑問詞,HSKsentences,717
718,3,他慢慢改掉了这个毛病。,tā mànmàn gǎidiàole zhège máobìng,彼はゆっくりとこの欠点を直した。,「越A越B」やA跟B一样で比較・程度を表す。,,越A越B／A跟B一样,HSKsentences,718
719,3,在媒体面前解释没用。,zài méitǐ miànqián jiěshì méiyòng,メディアの前で説明しても無駄だ。,「A比B多一些」の比較表現や「才/就」のニュアンスの違い。,,比較 A比B多一些／才と就,HSKsentences,719
720,3,这里的风景很美丽。,zhèlǐ de fēngjǐng hěn měilì,ここの景色はとても美しい。,「把」を使って目的語をどう処理するかを述べる構文。,,把構文,HSKsentences,720
721,2,每天都是美好的一天。,měitiān dōu shì měihǎo de yìtiān,毎日が美しい一日だ。,同時進行の「一边~一边~」や「除了~以外~」の表現。,15,一边～一边～／除了～以外～,HSKsentences,721
722,1,他喜欢美食和美术。,tā xǐhuan měishí hé měishù,彼はグルメと美術が好きだ。,仮定の「如果~的话」や原因・程度を表す「得」の用法。,11,如果～的话／原因の得,HSKsentences,722
723,3,这个包花了两百美元。,zhège bāo huāle liǎngbǎi měiyuán,このかばんは200ドルかかった。,条件を表す「只要~就~」「只有~才~」の構文。,,只要～就～／只有～才～,HSKsentences,723
724,1,他是个足球迷，喜欢吃米饭。,"tā shì ge zúqiúmí, xǐhuan chī mǐfàn",彼はサッカーファンで、ご飯を食べるのが好きだ。,「被/叫/给/让」を使った受身表現。,11,受身形 被叫给让,HSKsentences,724
725,3,面对这么大面积的土地，他很兴奋。,"miànduì zhème dà miànjī de tǔdì, tā hěn xīngfèn",こんなに広い面積の土地に直面して、彼はとても興奮した。,「一点都」で全否定、「打算」で予定を表す表現。,,一点都～／打算～,HSKsentences,725
726,3,这是民间流传的民族故事。,zhè shì mínjiān liúchuán de mínzú gùshi,これは民間に伝わる民族の物語だ。,方向補語「来/去」や動作の連続を表す「就」の用法。,,補語 来去／就（連続動作）,HSKsentences,726
727,3,他明确表示，进步很明显。,"tā míngquè biǎoshì, jìnbù hěn míngxiǎn",彼ははっきりと表明し、進歩は明らかだ。,選択の「还是/或者」や「又~又~」「越来越~」の表現。,,还是と或者／又～又～／越来越～,HSKsentences,727
728,3,某个人的命运常常难以预测。,mǒu ge rén de mìngyùn chángcháng nányǐ yùcè,ある人の運命はしばしば予測しがたい。,可能補語「~得~」や「刚才/刚刚」で直前の動作を表す。,,可能補語 得／刚才／刚刚,HSKsentences,728
729,3,母亲用木头做家具，目前的目标是完成它。,"mǔqīn yòng mùtou zuò jiājù, mùqián de mùbiāo shì wánchéng tā",母は木材で家具を作っており、現在の目標はそれを完成させることだ。,時間の長さを表す表現や「疑問詞+就+疑問詞」の用法。,,継続時間の表現／疑問詞+就+疑問詞,HSKsentences,729
730,3,南部有个男子在卖奶茶。,nánbù yǒu ge nánzǐ zài mài nǎichá,南部である男性がミルクティーを売っている。,「越A越B」やA跟B一样で比較・程度を表す。,,越A越B／A跟B一样,HSKsentences,730
731,4,难道这道题的难度不大吗？,nándào zhè dào tí de nándù bú dà ma,まさかこの問題の難易度は高くないのか？,「A比B多一些」の比較表現や「才/就」のニュアンスの違い。,59,比較 A比B多一些／才と就,HSKsentences,731
732,3,这本书内容丰富，也写出了他的内心。,"zhè běn shū nèiróng fēngfù, yě xiěchūle tā de nèixīn",この本は内容が豊富で、彼の内心も書き出している。,「把」を使って目的語をどう処理するかを述べる構文。,2,把構文,HSKsentences,732
733,1,他的能力这么强，能不能成功呢？,"tā de nénglì zhème qiáng, néng bù néng chénggōng ne",彼の能力はこんなに強いのに、成功できるだろうか？,同時進行の「一边~一边~」や「除了~以外~」の表現。,8,一边～一边～／除了～以外～,HSKsentences,733
734,3,年初到年底，他年纪虽大，仍在这个年代努力工作。,"niánchū dào niándǐ, tā niánjì suī dà, réng zài zhège niándài nǔlì gōngzuò",年初から年末まで、彼は年は取っているが、この時代でも努力して働いている。,仮定の「如果~的话」や原因・程度を表す「得」の用法。,,如果～的话／原因の得,HSKsentences,734
735,3,他念了一篇关于牛的故事。,tā niànle yì piān guānyú niú de gùshi,彼は牛についての物語を読んだ。,条件を表す「只要~就~」「只有~才~」の構文。,,只要～就～／只有～才～,HSKsentences,735
736,2,农村的农民从事农业生产。,nóngcūn de nóngmín cóngshì nóngyè shēngchǎn,農村の農民は農業生産に従事している。,「被/叫/给/让」を使った受身表現。,22,受身形 被叫给让,HSKsentences,736
737,2,这位女子觉得今天很暖和。,zhè wèi nǚzǐ juéde jīntiān hěn nuǎnhuo,この女性は今日はとても暖かいと感じている。,「一点都」で全否定、「打算」で予定を表す表現。,14,一点都～／打算～,HSKsentences,737
738,3,他不怕困难，拍了照，排名第一。,"tā bú pà kùnnán, pāile zhào, páimíng dì yī",彼は困難を恐れず、写真を撮り、ランキング一位になった。,方向補語「来/去」や動作の連続を表す「就」の用法。,,補語 来去／就（連続動作）,HSKsentences,738
739,3,这个牌子的产品被派上了用场。,zhège páizi de chǎnpǐn bèi pàishàngle yòngchǎng,このブランドの製品は役に立った。,選択の「还是/或者」や「又~又~」「越来越~」の表現。,40,还是と或者／又～又～／越来越～,HSKsentences,739
740,2,很难判断他是不是胖了。,hěn nán pànduàn tā shìbushì pàng le,彼が太ったかどうか判断するのは難しい。,可能補語「~得~」や「刚才/刚刚」で直前の動作を表す。,15,可能補語 得／刚才／刚刚,HSKsentences,740
741,2,他每天跑步，和教练配合得很好。,"tā měitiān pǎobù, hé jiàoliàn pèihé de hěn hǎo",彼は毎日ランニングをし、コーチとよく協力している。,時間の長さを表す表現や「疑問詞+就+疑問詞」の用法。,15,継続時間の表現／疑問詞+就+疑問詞,HSKsentences,741
742,3,他被批评后，申请没有被批准。,"tā bèi pīpíng hòu, shēnqǐng méiyǒu bèi pīzhǔn",彼は批判された後、申請は承認されなかった。,「越A越B」やA跟B一样で比較・程度を表す。,40,越A越B／A跟B一样,HSKsentences,742
743,3,他提着皮包，喝了一杯啤酒。,"tā tízhe píbāo, hēle yì bēi píjiǔ",彼は皮のバッグを持って、ビールを一杯飲んだ。,「A比B多一些」の比較表現や「才/就」のニュアンスの違い。,,比較 A比B多一些／才と就,HSKsentences,743
744,3,大家对这个票价的评价不高。,dàjiā duì zhège piàojià de píngjià bù gāo,みんなのこの運賃に対する評価は高くない。,「把」を使って目的語をどう処理するかを述べる構文。,,把構文,HSKsentences,744
745,3,这个苹果破了，好像被破坏过。,"zhège píngguǒ pòle, hǎoxiàng bèi pòhuàiguo",このリンゴは壊れていて、まるで破壊されたようだ。,同時進行の「一边~一边~」や「除了~以外~」の表現。,40,一边～一边～／除了～以外～,HSKsentences,745
746,2,手机已经普遍普及了。,shǒujī yǐjīng pǔbiàn pǔjí le,携帯電話はすでに普遍的に普及した。,仮定の「如果~的话」や原因・程度を表す「得」の用法。,17,如果～的话／原因の得,HSKsentences,746
747,2,大家都到齐了，活动如期举行。,"dàjiā dōu dàoqí le, huódòng rúqī jǔxíng",みんな揃った、活動は予定通り行われる。,条件を表す「只要~就~」「只有~才~」の構文。,28,只要～就～／只有～才～,HSKsentences,747
748,4,其实这不难，其次要多练习。,"qíshí zhè bù nán, qícì yào duō liànxí",実はこれは難しくない、次に多く練習すべきだ。,「被/叫/给/让」を使った受身表現。,54,受身形 被叫给让,HSKsentences,748
749,3,这里的气候很奇怪。,zhèlǐ de qìhòu hěn qíguài,ここの気候はとても奇妙だ。,「一点都」で全否定、「打算」で予定を表す表現。,,一点都～／打算～,HSKsentences,749
750,3,千万要记得，会议前后都要准备。,"qiānwàn yào jìde, huìyì qiánhòu dōu yào zhǔnbèi",くれぐれも覚えておいて、会議の前後どちらも準備が必要だ。,方向補語「来/去」や動作の連続を表す「就」の用法。,,補語 来去／就（連続動作）,HSKsentences,750
751,2,队伍继续前进，前往前面的目的地。,"duìwu jìxù qiánjìn, qiánwǎng qiánmiàn de mùdìdì",隊列は前進を続け、前方の目的地へ向かった。,選択の「还是/或者」や「又~又~」「越来越~」の表現。,26,还是と或者／又～又～／越来越～,HSKsentences,751
752,3,老师强调国家要强大，态度很强烈很强。,"lǎoshī qiángdiào guójiā yào qiángdà, tàidù hěn qiángliè hěn qiáng",先生は国が強大であるべきだと強調し、態度はとても強烈だった。,可能補語「~得~」や「刚才/刚刚」で直前の動作を表す。,,可能補語 得／刚才／刚刚,HSKsentences,752
753,3,这座桥的设计很巧。,zhè zuò qiáo de shèjì hěn qiǎo,この橋の設計はとても巧みだ。,時間の長さを表す表現や「疑問詞+就+疑問詞」の用法。,,継続時間の表現／疑問詞+就+疑問詞,HSKsentences,753
754,3,他亲自照顾亲人，态度很亲切。,"tā qīnzì zhàogù qīnrén, tàidù hěn qīnqiè",彼は自ら親族の世話をし、態度はとても親しみやすい。,「越A越B」やA跟B一样で比較・程度を表す。,,越A越B／A跟B一样,HSKsentences,754
755,3,他的情感和情况都很复杂。,tā de qínggǎn hé qíngkuàng dōu hěn fùzá,彼の感情と状況はどちらも複雑だ。,「A比B多一些」の比較表現や「才/就」のニュアンスの違い。,,比較 A比B多一些／才と就,HSKsentences,755
756,1,他向老师请教后，一起庆祝成功。,"tā xiàng lǎoshī qǐngjiào hòu, yìqǐ qìngzhù chénggōng",彼は先生に教えを請うた後、一緒に成功を祝った。,「把」を使って目的語をどう処理するかを述べる構文。,8,把構文,HSKsentences,756
757,3,这个区的球迷和那个区有区别。,zhège qū de qiúmí hé nàge qū yǒu qūbié,この地区のファンとあの地区とでは違いがある。,同時進行の「一边~一边~」や「除了~以外~」の表現。,,一边～一边～／除了～以外～,HSKsentences,757
758,3,他去世后，活动被取消了。,"tā qùshì hòu, huódòng bèi qǔxiāo le",彼が亡くなった後、活動は取り消された。,仮定の「如果~的话」や原因・程度を表す「得」の用法。,40,如果～的话／原因の得,HSKsentences,758
759,3,全场观众来自全球，反应全面很热烈。,"quánchǎng guānzhòng láizì quánqiú, fǎnyìng quánmiàn hěn rèliè",会場全体の観客は世界中から来ており、反応は全面的にとても熱烈だった。,条件を表す「只要~就~」「只有~才~」の構文。,,只要～就～／只有～才～,HSKsentences,759
760,3,他缺少经验，这是一个缺点，缺了信心。,"tā quēshǎo jīngyàn, zhè shì yí ge quēdiǎn, quēle xìnxīn",彼は経験が足りず、これは一つの欠点で、自信が欠けている。,「被/叫/给/让」を使った受身表現。,,受身形 被叫给让,HSKsentences,760
761,3,他确实确定要确保安全。,tā quèshí quèdìng yào quèbǎo ānquán,彼は確かに安全を確保することを決めた。,「一点都」で全否定、「打算」で予定を表す表現。,,一点都～／打算～,HSKsentences,761
762,2,一群女孩都穿着裙子。,yì qún nǚhái dōu chuānzhe qúnzi,一群の女の子たちがみなスカートを着ている。,方向補語「来/去」や動作の連続を表す「就」の用法。,26,補語 来去／就（連続動作）,HSKsentences,762
763,3,大家热爱运动，反应很热烈。,"dàjiā rè'ài yùndòng, fǎnyìng hěn rèliè",みんなスポーツを愛しており、反応はとても熱烈だ。,選択の「还是/或者」や「又~又~」「越来越~」の表現。,,还是と或者／又～又～／越来越～,HSKsentences,763
764,2,人类需要人才，人工智能服务人民。,"rénlèi xūyào réncái, réngōng zhìnéng fúwù rénmín",人類は人材を必要とし、人工知能は人民に奉仕する。,可能補語「~得~」や「刚才/刚刚」で直前の動作を表す。,23,可能補語 得／刚才／刚刚,HSKsentences,764
765,3,工作人员在人群中数着人民币，这是他人生的经历。,"gōngzuò rényuán zài rénqún zhōng shǔzhe rénmínbì, zhè shì tā rénshēng de jīnglì",スタッフは人混みの中で人民元を数えている、これは彼の人生の経験だ。,時間の長さを表す表現や「疑問詞+就+疑問詞」の用法。,,継続時間の表現／疑問詞+就+疑問詞,HSKsentences,765
766,3,他认出了老朋友，也认得他，大家都认可这份友情。,"tā rènchūle lǎo péngyou, yě rènde tā, dàjiā dōu rènkě zhè fèn yǒuqíng",彼は昔の友達を見分け、彼のことも知っていて、みんなこの友情を認めている。,「越A越B」やA跟B一样で比較・程度を表す。,2,越A越B／A跟B一样,HSKsentences,766
767,1,任何人都可以担任这个任务。,rènhé rén dōu kěyǐ dānrèn zhège rènwu,誰でもこの任務を担当できる。,「A比B多一些」の比較表現や「才/就」のニュアンスの違い。,12,比較 A比B多一些／才と就,HSKsentences,767
768,4,这项任务仍然是他的日常工作。,zhè xiàng rènwu réngrán shì tā de rìcháng gōngzuò,この任務は依然として彼の日常の仕事だ。,「把」を使って目的語をどう処理するかを述べる構文。,69,把構文,HSKsentences,768
769,4,如何轻松地散步并不容易。,rúhé qīngsōng de sànbù bìng bù róngyì,どのように気軽に散歩するかは簡単ではない。,同時進行の「一边~一边~」や「除了~以外~」の表現。,53,一边～一边～／除了～以外～,HSKsentences,769
770,3,他坐在沙发上，脚被沙子弄伤了，很伤心。,"tā zuò zài shāfā shàng, jiǎo bèi shāzi nòngshāng le, hěn shāngxīn",彼はソファに座っている、砂で足を傷つけられて、とても悲しい。,仮定の「如果~的话」や原因・程度を表す「得」の用法。,40,如果～的话／原因の得,HSKsentences,770
771,3,这些商品上面写着商业信息，他把价格标了上来。,"zhèxiē shāngpǐn shàngmiàn xiězhe shāngyè xìnxī, tā bǎ jiàgé biāole shànglái",これらの商品の上には商業情報が書かれており、彼は価格を書き入れた。,条件を表す「只要~就~」「只有~才~」の構文。,36,只要～就～／只有～才～,HSKsentences,771
772,3,他穿上上衣，往上升的电梯走上去。,"tā chuānshàng shàngyī, wǎng shàngshēng de diàntī zǒu shàngqù",彼は上着を着て、上昇するエレベーターの方へ歩いて上がって行った。,「被/叫/给/让」を使った受身表現。,30,受身形 被叫给让,HSKsentences,772
773,1,公司设立后，设计并购买了新设备。,"gōngsī shèlì hòu, shèjì bìng gòumǎile xīn shèbèi",会社は設立後、新しい設備を設計して購入した。,「一点都」で全否定、「打算」で予定を表す表現。,12,一点都～／打算～,HSKsentences,773
774,4,在社会上，身份证很重要。,"zài shèhuì shàng, shēnfènzhèng hěn zhòngyào",社会において、身分証はとても重要だ。,方向補語「来/去」や動作の連続を表す「就」の用法。,45,補語 来去／就（連続動作）,HSKsentences,774
775,3,这次讨论很深入，给他留下了深刻的印象。,"zhè cì tǎolùn hěn shēnrù, gěi tā liúxiàle shēnkè de yìnxiàng",今回の議論はとても深く、彼に深い印象を残した。,選択の「还是/或者」や「又~又~」「越来越~」の表現。,,还是と或者／又～又～／越来越～,HSKsentences,775
776,3,工厂的生产线升级了。,gōngchǎng de shēngchǎnxiàn shēngjí le,工場の生産ラインはグレードアップした。,可能補語「~得~」や「刚才/刚刚」で直前の動作を表す。,,可能補語 得／刚才／刚刚,HSKsentences,776
777,3,在困难中生存不容易，这是生的机会。,"zài kùnnán zhōng shēngcún bù róngyì, zhè shì shēng de jīhuì",困難の中で生存するのは容易ではない、これは生きるチャンスだ。,時間の長さを表す表現や「疑問詞+就+疑問詞」の用法。,,継続時間の表現／疑問詞+就+疑問詞,HSKsentences,777
778,3,他讲得很生动。,tā jiǎng de hěn shēngdòng,彼の話し方はとても生き生きしている。,「越A越B」やA跟B一样で比較・程度を表す。,,越A越B／A跟B一样,HSKsentences,778
779,3,生命很宝贵。,shēngmìng hěn bǎoguì,命はとても貴重だ。,「A比B多一些」の比較表現や「才/就」のニュアンスの違い。,,比較 A比B多一些／才と就,HSKsentences,779
780,2,他做生意做得不错。,tā zuò shēngyi zuò de búcuò,彼は商売をなかなかうまくやっている。,「把」を使って目的語をどう処理するかを述べる構文。,25,把構文,HSKsentences,780
781,3,植物在阳光下生长。,zhíwù zài yángguāng xià shēngzhǎng,植物は日光の下で成長する。,同時進行の「一边~一边~」や「除了~以外~」の表現。,,一边～一边～／除了～以外～,HSKsentences,781
782,3,公司发表声明，庆祝这次胜利，我们胜了。,"gōngsī fābiǎo shēngmíng, qìngzhù zhè cì shènglì, wǒmen shèng le",会社は声明を発表し、今回の勝利を祝った、私たちは勝った。,仮定の「如果~的话」や原因・程度を表す「得」の用法。,,如果～的话／原因の得,HSKsentences,782
783,4,他因为一块石头而失去了平衡。,tā yīnwèi yí kuài shítou ér shīqùle pínghéng,彼は石につまずいてバランスを失った。,条件を表す「只要~就~」「只有~才~」の構文。,49,只要～就～／只有～才～,HSKsentences,783
784,3,这个国家出产石油。,zhège guójiā chūchǎn shíyóu,この国は石油を産出する。,「被/叫/给/让」を使った受身表現。,,受身形 被叫给让,HSKsentences,784
785,2,在这个时代，每一个时刻，时间都很宝贵。,"zài zhège shídài, měi yí ge shíkè, shíjiān dōu hěn bǎoguì",この時代では、どの瞬間も時間はとても貴重だ。,「一点都」で全否定、「打算」で予定を表す表現。,15,一点都～／打算～,HSKsentences,785
786,3,他在实验室做实验。,tā zài shíyànshì zuò shíyàn,彼は実験室で実験をしている。,方向補語「来/去」や動作の連続を表す「就」の用法。,,補語 来去／就（連続動作）,HSKsentences,786
787,3,实际上，这个团队很有实力。,"shíjìshàng, zhège tuánduì hěn yǒu shílì",実際、このチームはとても実力がある。,選択の「还是/或者」や「又~又~」「越来越~」の表現。,,还是と或者／又～又～／越来越～,HSKsentences,787
788,2,新政策已经开始实行。,xīn zhèngcè yǐjīng kāishǐ shíxíng,新しい政策はすでに実施され始めた。,可能補語「~得~」や「刚才/刚刚」で直前の動作を表す。,17,可能補語 得／刚才／刚刚,HSKsentences,788
789,1,这些食品使他始终感到满意。,zhèxiē shípǐn shǐ tā shǐzhōng gǎndào mǎnyì,これらの食品は彼をずっと満足させた。,時間の長さを表す表現や「疑問詞+就+疑問詞」の用法。,13,継続時間の表現／疑問詞+就+疑問詞,HSKsentences,789
790,2,这个世纪最大的世界杯在世界各地都很受关注。,zhège shìjì zuìdà de shìjièbēi zài shìjiè gèdì dōu hěn shòu guānzhù,この世紀最大のワールドカップは世界中で注目されている。,「越A越B」やA跟B一样で比較・程度を表す。,14,越A越B／A跟B一样,HSKsentences,790
791,3,市场上发生了一起事故事件。,shìchǎng shàng fāshēngle yì qǐ shìgù shìjiàn,市場で一つの事故事件が発生した。,「A比B多一些」の比較表現や「才/就」のニュアンスの違い。,,比較 A比B多一些／才と就,HSKsentences,791
792,4,事实上，这就是事实，他的事业很成功。,"shìjìshàng, zhè jiùshì shìshí, tā de shìyè hěn chénggōng",実際、これが事実であり、彼の事業はとても成功している。,「把」を使って目的語をどう処理するかを述べる構文。,43,把構文,HSKsentences,792
793,3,这次试题是一次新的试验。,zhè cì shìtí shì yí cì xīn de shìyàn,今回の試験問題は一つの新しい試みだ。,同時進行の「一边~一边~」や「除了~以外~」の表現。,,一边～一边～／除了～以外～,HSKsentences,793
794,4,这个方法适合大家，也适用并适应新环境。,"zhège fāngfǎ shìhé dàjiā, yě shìyòng bìng shìyìng xīn huánjìng",この方法はみんなに適しており、新しい環境にも適用・適応する。,仮定の「如果~的话」や原因・程度を表す「得」の用法。,53,如果～的话／原因の得,HSKsentences,794
795,2,在办公室里，他用收音机收听广播，收看电视不用收费。,"zài bàngōngshì lǐ, tā yòng shōuyīnjī shōutīng guǎngbō, shōukàn diànshì bú yòng shōufèi",オフィスで、彼はラジオでラジオ放送を聴き、テレビを見るのは無料だ。,条件を表す「只要~就~」「只有~才~」の構文。,23,只要～就～／只有～才～,HSKsentences,795
796,3,他用手指办理了手续。,tā yòng shǒuzhǐ bànlǐle shǒuxù,彼は指で手続きをした。,「被/叫/给/让」を使った受身表現。,,受身形 被叫给让,HSKsentences,796
797,4,首先我们要去首都。,shǒuxiān wǒmen yào qù shǒudū,まず私たちは首都へ行かなければならない。,「一点都」で全否定、「打算」で予定を表す表現。,54,一点都～／打算～,HSKsentences,797
798,3,他把书架搬倒，手受伤了。,"tā bǎ shūjià bāndǎo, shǒu shòushāng le",彼は本棚を運んで倒し、手を怪我した。,方向補語「来/去」や動作の連続を表す「就」の用法。,,補語 来去／就（連続動作）,HSKsentences,798
799,1,他向一位熟人请教如何输入密码。,tā xiàng yí wèi shúrén qǐngjiào rúhé shūrù mìmǎ,彼は知人にパスワードの入力方法を教わった。,選択の「还是/或者」や「又~又~」「越来越~」の表現。,8,还是と或者／又～又～／越来越～,HSKsentences,799
800,3,这束花属于她。,zhè shù huā shǔyú tā,この花束は彼女のものだ。,可能補語「~得~」や「刚才/刚刚」で直前の動作を表す。,,可能補語 得／刚才／刚刚,HSKsentences,800
801,3,双方讨论了产品的数量，各买了一双鞋。,"shuāngfāng tǎolùnle chǎnpǐn de shùliàng, gè mǎile yì shuāng xié",双方は製品の数量について話し合い、それぞれ靴を一足買った。,時間の長さを表す表現や「疑問詞+就+疑問詞」の用法。,,継続時間の表現／疑問詞+就+疑問詞,HSKsentences,801
802,1,他的思想很先进，开车速度太快了。,"tā de sīxiǎng hěn xiānjìn, kāichē sùdù tài kuài le",彼の思想はとても先進的で、車の速度が速すぎる。,「越A越B」やA跟B一样で比較・程度を表す。,10,越A越B／A跟B一样,HSKsentences,802
803,3,他差点儿累死了。,tā chàdiǎnr lèi sǐ le,彼はもう少しで疲れ死ぬところだった。,「A比B多一些」の比較表現や「才/就」のニュアンスの違い。,,比較 A比B多一些／才と就,HSKsentences,803
804,3,研究所所长站在讲台上发言。,yánjiūsuǒ suǒzhǎng zhàn zài jiǎngtái shàng fāyán,研究所の所長は演台の上に立って発言した。,「把」を使って目的語をどう処理するかを述べる構文。,,把構文,HSKsentences,804
805,3,他们进行了一次谈判，谈了很久，这次谈话很重要。,"tāmen jìnxíngle yí cì tánpàn, tánle hěn jiǔ, zhè cì tánhuà hěn zhòngyào",彼らは一度交渉を行い、長く話し合った、この会話はとても重要だ。,同時進行の「一边~一边~」や「除了~以外~」の表現。,,一边～一边～／除了～以外～,HSKsentences,805
806,3,这碗汤里放了糖。,zhè wǎn tāng lǐ fàngle táng,このスープには砂糖が入っている。,仮定の「如果~的话」や原因・程度を表す「得」の用法。,,如果～的话／原因の得,HSKsentences,806
807,3,这道菜很有特色，他提前提问了做法。,"zhè dào cài hěn yǒu tèsè, tā tíqián tíwènle zuòfǎ",この料理はとても特色があり、彼は前もって作り方を質問した。,条件を表す「只要~就~」「只有~才~」の構文。,,只要～就～／只有～才～,HSKsentences,807
808,3,这道题目让他体会到了体验的乐趣，体现了努力。,"zhè dào tímù ràng tā tǐhuìdàole tǐyàn de lèqù, tǐxiànle nǔlì",この問題は彼に体験の楽しさを実感させ、努力を体現した。,「被/叫/给/让」を使った受身表現。,,受身形 被叫给让,HSKsentences,808
809,3,天空很蓝，糖果很甜。,"tiānkōng hěn lán, tángguǒ hěn tián",空はとても青く、飴はとても甘い。,「一点都」で全否定、「打算」で予定を表す表現。,,一点都～／打算～,HSKsentences,809
810,3,他调整了动作，练习跳高、跳远和跳舞。,"tā tiáozhěngle dòngzuò, liànxí tiàogāo, tiàoyuǎn hé tiàowǔ",彼は動作を調整し、走り高跳び、走り幅跳び、ダンスを練習した。,方向補語「来/去」や動作の連続を表す「就」の用法。,,補語 来去／就（連続動作）,HSKsentences,810
811,1,这条铁路是用铁做的。,zhè tiáo tiělù shì yòng tiě zuò de,この鉄道は鉄で作られている。,選択の「还是/或者」や「又~又~」「越来越~」の表現。,13,还是と或者／又～又～／越来越～,HSKsentences,811
812,3,听众们在练习听力。,tīngzhòngmen zài liànxí tīnglì,聴衆たちはリスニングを練習している。,可能補語「~得~」や「刚才/刚刚」で直前の動作を表す。,,可能補語 得／刚才／刚刚,HSKsentences,812
813,1,通常情况下，通信不会停止。,"tōngcháng qíngkuàng xià, tōngxìn bú huì tíngzhǐ",通常の場合、通信は止まらない。,時間の長さを表す表現や「疑問詞+就+疑問詞」の用法。,4,継続時間の表現／疑問詞+就+疑問詞,HSKsentences,813
814,3,他同意了，虽然心里很痛苦，头也很痛。,"tā tóngyì le, suīrán xīnlǐ hěn tòngkǔ, tóu yě hěn tòng",彼は同意したが、心はとても苦しく、頭も痛い。,「越A越B」やA跟B一样で比較・程度を表す。,2,越A越B／A跟B一样,HSKsentences,814
815,3,他头脑很聪明。,tā tóunǎo hěn cōngming,彼は頭脳がとても賢い。,「A比B多一些」の比較表現や「才/就」のニュアンスの違い。,,比較 A比B多一些／才と就,HSKsentences,815
816,3,他突然表现得很突出。,tā tūrán biǎoxiàn de hěn tūchū,彼は突然目立った活躍をした。,「把」を使って目的語をどう処理するかを述べる構文。,,把構文,HSKsentences,816
817,3,这幅图画在土地上画着地图。,zhè fú túhuà zài tǔdì shàng huàzhe dìtú,この絵は土地の上に地図を描いている。,同時進行の「一边~一边~」や「除了~以外~」の表現。,,一边～一边～／除了～以外～,HSKsentences,817
818,3,这个团体很团结。,zhège tuántǐ hěn tuánjié,この団体はとても団結している。,仮定の「如果~的话」や原因・程度を表す「得」の用法。,,如果～的话／原因の得,HSKsentences,818
819,4,他推开门，推动并推进了这项计划的推广。,"tā tuīkāi mén, tuīdòng bìng tuījìnle zhè xiàng jìhuà de tuīguǎng",彼はドアを押し開け、この計画の普及を推進した。,条件を表す「只要~就~」「只有~才~」の構文。,53,只要～就～／只有～才～,HSKsentences,819
820,2,他退休后，退出了公司，往后退了一步。,"tā tuìxiū hòu, tuìchūle gōngsī, wǎnghòu tuìle yí bù",彼は退職した後、会社を退き、一歩後ろに下がった。,「被/叫/给/让」を使った受身表現。,26,受身形 被叫给让,HSKsentences,820
821,3,外面有位外交官在讲外文。,wàimiàn yǒu wèi wàijiāoguān zài jiǎng wàiwén,外に外交官が外国語を話している。,「一点都」で全否定、「打算」で予定を表す表現。,,一点都～／打算～,HSKsentences,821
822,3,这个计划很完美，制度也很完善很完整。,"zhège jìhuà hěn wánměi, zhìdù yě hěn wánshàn hěn wánzhěng",この計画はとても完璧で、制度も完備しており完全だ。,方向補語「来/去」や動作の連続を表す「就」の用法。,2,補語 来去／就（連続動作）,HSKsentences,822
823,4,小孩往往喜欢玩具。,xiǎohái wǎngwǎng xǐhuan wánjù,子供はしばしばおもちゃが好きだ。,選択の「还是/或者」や「又~又~」「越来越~」の表現。,58,还是と或者／又～又～／越来越～,HSKsentences,823
824,3,这个行为很危险，会带来危害。,"zhège xíngwéi hěn wēixiǎn, huì dàilái wēihài",この行為はとても危険で、害をもたらす。,可能補語「~得~」や「刚才/刚刚」で直前の動作を表す。,,可能補語 得／刚才／刚刚,HSKsentences,824
825,4,为了保护地球，大家围在一起讨论这个伟大的计划。,"wèile bǎohù dìqiú, dàjiā wéi zài yìqǐ tǎolùn zhège wěidà de jìhuà",地球を守るために、みんな一緒に集まってこの偉大な計画を話し合った。,時間の長さを表す表現や「疑問詞+就+疑問詞」の用法。,68,継続時間の表現／疑問詞+就+疑問詞,HSKsentences,825
826,3,卫生间要保持卫生。,wèishēngjiān yào bǎochí wèishēng,トイレは衛生を保つべきだ。,「越A越B」やA跟B一样で比較・程度を表す。,,越A越B／A跟B一样,HSKsentences,826
827,3,这里的文化让人感到温暖。,zhèlǐ de wénhuà ràng rén gǎndào wēnnuǎn,ここの文化は人に温かさを感じさせる。,「A比B多一些」の比較表現や「才/就」のニュアンスの違い。,,比較 A比B多一些／才と就,HSKsentences,827
828,3,这份文件是一篇讲文明与文学的文章，用文字记录着。,"zhè fèn wénjiàn shì yì piān jiǎng wénmíng yǔ wénxué de wénzhāng, yòng wénzì jìlùzhe",この文書は文明と文学について語る文章で、文字で記録されている。,「把」を使って目的語をどう処理するかを述べる構文。,,把構文,HSKsentences,828
829,3,他们在屋子里握手道别。,tāmen zài wūzi lǐ wòshǒu dàobié,彼らは部屋の中で握手して別れを告げた。,同時進行の「一边~一边~」や「除了~以外~」の表現。,,一边～一边～／除了～以外～,HSKsentences,829
830,3,他在舞台上表演武术，没有用武器。,"tā zài wǔtái shàng biǎoyǎn wǔshù, méiyǒu yòng wǔqì",彼は舞台の上で武術を演じ、武器は使わなかった。,仮定の「如果~的话」や原因・程度を表す「得」の用法。,,如果～的话／原因の得,HSKsentences,830
831,1,他希望去西部的大学系里学习。,tā xīwàng qù xībù de dàxué xì lǐ xuéxí,彼は西部の大学の学部で学びたいと希望している。,条件を表す「只要~就~」「只有~才~」の構文。,5,只要～就～／只有～才～,HSKsentences,831
832,3,他从楼上下来，坐在下面，决定继续做下去。,"tā cóng lóushàng xiàlái, zuò zài xiàmiàn, juédìng jìxù zuò xiàqù",彼は階上から降りてきて、下に座り、続けてやっていくことに決めた。,「被/叫/给/让」を使った受身表現。,30,受身形 被叫给让,HSKsentences,832
833,3,这项先进技术显示出显然的效果，公司显得很自信。,"zhè xiàng xiānjìn jìshù xiǎnshì chū xiǎnrán de xiàoguǒ, gōngsī xiǎnde hěn zìxìn",この先進技術は明らかな効果を示し、会社は自信に満ちて見える。,「一点都」で全否定、「打算」で予定を表す表現。,,一点都～／打算～,HSKsentences,833
834,4,这是一个现代社会的现象，现场很多人用现金，现实并不容易。,"zhè shì yí ge xiàndài shèhuì de xiànxiàng, xiànchǎng hěn duō rén yòng xiànjīn, xiànshí bìng bù róngyì",これは現代社会の現象で、現場では多くの人が現金を使うが、現実は容易ではない。,方向補語「来/去」や動作の連続を表す「就」の用法。,53,補語 来去／就（連続動作）,HSKsentences,834
835,3,和以前相比，这条线路变了。,"hé yǐqián xiāngbǐ, zhè tiáo xiànlù biàn le",以前と比べて、このラインは変わった。,選択の「还是/或者」や「又~又~」「越来越~」の表現。,,还是と或者／又～又～／越来越～,HSKsentences,835
836,3,这两个相关的问题相当相似，相互影响。,"zhè liǎng ge xiāngguān de wèntí xiāngdāng xiāngsì, xiānghù yǐngxiǎng",この二つの関連する問題はかなり似ていて、相互に影響している。,可能補語「~得~」や「刚才/刚刚」で直前の動作を表す。,,可能補語 得／刚才／刚刚,HSKsentences,836
837,3,这个香蕉很香。,zhège xiāngjiāo hěn xiāng,このバナナはとても香ばしい。,時間の長さを表す表現や「疑問詞+就+疑問詞」の用法。,,継続時間の表現／疑問詞+就+疑問詞,HSKsentences,837
838,3,这个消息一传出，消费的热情就消失了。,"zhège xiāoxi yì chuánchū, xiāofèi de rèqíng jiù xiāoshī le",この知らせが伝わると、消費の熱意は消えてしまった。,「越A越B」やA跟B一样で比較・程度を表す。,30,越A越B／A跟B一样,HSKsentences,838
839,3,写作练习的效果很好。,xiězuò liànxí de xiàoguǒ hěn hǎo,文章作成練習の効果はとても良い。,「A比B多一些」の比較表現や「才/就」のニュアンスの違い。,,比較 A比B多一些／才と就,HSKsentences,839
840,3,他的心很痛，流了血。,"tā de xīn hěn tòng, liúle xiě",彼の心はとても痛く、血が流れた。,「把」を使って目的語をどう処理するかを述べる構文。,,把構文,HSKsentences,840
841,3,他把信放进信封，表示对朋友的信任。,"tā bǎ xìn fàngjìn xìnfēng, biǎoshì duì péngyou de xìnrèn",彼は手紙を封筒に入れ、友達への信頼を示した。,同時進行の「一边~一边~」や「除了~以外~」の表現。,,一边～一边～／除了～以外～,HSKsentences,841
842,3,他的行李形成了一个特殊的形状，展现了他的形象。,"tā de xíngli xíngchéngle yí ge tèshū de xíngzhuàng, zhǎnxiànle tā de xíngxiàng",彼の荷物は特殊な形を成しており、彼のイメージを示している。,仮定の「如果~的话」や原因・程度を表す「得」の用法。,,如果～的话／原因の得,HSKsentences,842
843,2,他觉得自己很幸运，也很幸福。,"tā juéde zìjǐ hěn xìngyùn, yě hěn xìngfú",彼は自分がとても幸運で、幸せだとも感じている。,条件を表す「只要~就~」「只有~才~」の構文。,14,只要～就～／只有～才～,HSKsentences,843
844,4,不管性别，每个人的性格都不同。,"bùguǎn xìngbié, měi ge rén de xìnggé dōu bùtóng",性別に関係なく、誰の性格も違う。,「被/叫/给/让」を使った受身表現。,48,受身形 被叫给让,HSKsentences,844
845,4,根据需求，他需要修改并修理这个方案。,"gēnjù xūqiú, tā xūyào xiūgǎi bìng xiūlǐ zhège fāng'àn",ニーズに基づき、彼はこの案を修正し修理する必要がある。,「一点都」で全否定、「打算」で予定を表す表現。,51,一点都～／打算～,HSKsentences,845
846,3,教练宣布了选手训练的消息，也宣传了减免学费的政策。,"jiàoliàn xuānbùle xuǎnshǒu xùnliàn de xiāoxi, yě xuānchuánle jiǎnmiǎn xuéfèi de zhèngcè",コーチは選手のトレーニングの知らせを発表し、学費免除の政策も宣伝した。,方向補語「来/去」や動作の連続を表す「就」の用法。,2,補語 来去／就（連続動作）,HSKsentences,846
847,1,工作压力太大了，他压根儿不想抽烟。,"gōngzuò yālì tài dà le, tā yāgēnr bù xiǎng chōuyān",仕事のプレッシャーが大きすぎて、彼は全く煙草を吸いたくない。,選択の「还是/或者」や「又~又~」「越来越~」の表現。,10,还是と或者／又～又～／越来越～,HSKsentences,847
848,3,眼前这位演员正在演唱，这是他的演唱会。,"yǎnqián zhè wèi yǎnyuán zhèngzài yǎnchàng, zhè shì tā de yǎnchànghuì",目の前のこの俳優は今歌を歌っており、これは彼のコンサートだ。,可能補語「~得~」や「刚才/刚刚」で直前の動作を表す。,71,可能補語 得／刚才／刚刚,HSKsentences,848
849,3,这位演员的演出很精彩。,zhè wèi yǎnyuán de yǎnchū hěn jīngcǎi,この俳優の公演はとても素晴らしい。,時間の長さを表す表現や「疑問詞+就+疑問詞」の用法。,,継続時間の表現／疑問詞+就+疑問詞,HSKsentences,849
850,3,阳光下，一群羊在吃草。,"yángguāng xià, yì qún yáng zài chī cǎo",日差しの下、一群れの羊が草を食べている。,「越A越B」やA跟B一样で比較・程度を表す。,,越A越B／A跟B一样,HSKsentences,850
851,4,要是没有衣架，衣服就没地方挂。,"yàoshi méiyǒu yījià, yīfu jiù méi dìfang guà",もしハンガーがなければ、服をかける場所がない。,「A比B多一些」の比較表現や「才/就」のニュアンスの違い。,56,比較 A比B多一些／才と就,HSKsentences,851
852,3,一切都已经过去了，自从那以来他变了很多。,"yíqiè dōu yǐjīng guòqù le, zìcóng nà yǐlái tā biànle hěn duō",すべてはもう過ぎ去った、それ以来彼は大きく変わった。,「把」を使って目的語をどう処理するかを述べる構文。,30,把構文,HSKsentences,852
853,1,一方面他喜欢艺术，意外地也很擅长。,"yì fāngmiàn tā xǐhuan yìshù, yìwài de yě hěn shàncháng",一方で彼は芸術が好きで、意外なことに得意でもある。,同時進行の「一边~一边~」や「除了~以外~」の表現。,11,一边～一边～／除了～以外～,HSKsentences,853
854,4,这件事很有意义，因此他坚持做。,"zhè jiàn shì hěn yǒu yìyì, yīncǐ tā jiānchí zuò",このことはとても意義があり、そのため彼は続けてやっている。,仮定の「如果~的话」や原因・程度を表す「得」の用法。,59,如果～的话／原因の得,HSKsentences,854
855,3,他获得了银牌，给大家留下了很好的印象。,"tā huòdéle yínpái, gěi dàjiā liúxiàle hěn hǎo de yìnxiàng",彼は銀メダルを獲得し、みんなに良い印象を残した。,条件を表す「只要~就~」「只有~才~」の構文。,32,只要～就～／只有～才～,HSKsentences,855
856,3,我们应当去机场迎接客人。,wǒmen yīngdāng qù jīchǎng yíngjiē kèrén,私たちは空港へお客様を迎えに行くべきだ。,「被/叫/给/让」を使った受身表現。,,受身形 被叫给让,HSKsentences,856
857,3,多吃有营养的东西才能赢得比赛。,duō chī yǒu yíngyǎng de dōngxi cáinéng yíngdé bǐsài,栄養のあるものをたくさん食べてこそ試合に勝てる。,「一点都」で全否定、「打算」で予定を表す表現。,35,一点都～／打算～,HSKsentences,857
858,3,这项技术被广泛应用在影视行业。,zhè xiàng jìshù bèi guǎngfàn yìngyòng zài yǐngshì hángyè,この技術は映像業界に広く応用されている。,方向補語「来/去」や動作の連続を表す「就」の用法。,40,補語 来去／就（連続動作）,HSKsentences,858
859,3,他的优点是很有优势的沟通能力。,tā de yōudiǎn shì hěn yǒu yōushì de gōutōng nénglì,彼の長所はとても強みのあるコミュニケーション能力だ。,選択の「还是/或者」や「又~又~」「越来越~」の表現。,,还是と或者／又～又～／越来越～,HSKsentences,859
860,4,由于下雨，比赛由他来决定是否继续。,"yóuyú xiàyǔ, bǐsài yóu tā lái juédìng shìfǒu jìxù",雨のため、試合を続けるかどうかは彼が決めることになった。,可能補語「~得~」や「刚才/刚刚」で直前の動作を表す。,59,可能補語 得／刚才／刚刚,HSKsentences,860
861,3,他把邮票贴好，把邮件放进邮箱。,"tā bǎ yóupiào tiēhǎo, bǎ yóujiàn fàngjìn yóuxiāng",彼は切手を貼り、郵便物を郵便受けに入れた。,時間の長さを表す表現や「疑問詞+就+疑問詞」の用法。,36,継続時間の表現／疑問詞+就+疑問詞,HSKsentences,861
862,3,他一边游泳一边玩游戏，在水里游得很快。,"tā yìbiān yóuyǒng yìbiān wán yóuxì, zài shuǐ lǐ yóu de hěn kuài",彼は泳ぎながらゲームをし、水の中でとても速く泳いだ。,「越A越B」やA跟B一样で比較・程度を表す。,37,越A越B／A跟B一样,HSKsentences,862
863,4,这个方法有的是好处，既有利又有效。,"zhège fāngfǎ yǒudeshì hǎochù, jì yǒulì yòu yǒuxiào",この方法には利点がたくさんあり、有利でもあり有効でもある。,「A比B多一些」の比較表現や「才/就」のニュアンスの違い。,58,比較 A比B多一些／才と就,HSKsentences,863
864,3,天气预报说要预防感冒，他预计提前预习。,"tiānqì yùbào shuō yào yùfáng gǎnmào, tā yùjì tíqián yùxí",天気予報は風邪を予防すべきだと言い、彼は前もって予習する予定だ。,「把」を使って目的語をどう処理するかを述べる構文。,,把構文,HSKsentences,864
865,3,公司员工都希望实现自己的愿望。,gōngsī yuángōng dōu xīwàng shíxiàn zìjǐ de yuànwàng,会社の従業員はみな自分の願いを実現したいと思っている。,同時進行の「一边~一边~」や「除了~以外~」の表現。,,一边～一边～／除了～以外～,HSKsentences,865
866,3,乐队约好一起坐运输车出发。,yuèduì yuēhǎo yìqǐ zuò yùnshūchē chūfā,バンドは一緒に輸送車に乗って出発することを約束した。,仮定の「如果~的话」や原因・程度を表す「得」の用法。,,如果～的话／原因の得,HSKsentences,866
867,3,这本杂志早已卖完了。,zhè běn zázhì zǎoyǐ màiwán le,この雑誌はとっくに売り切れた。,条件を表す「只要~就~」「只有~才~」の構文。,,只要～就～／只有～才～,HSKsentences,867
868,4,他造成了这个问题，应该负责任。,"tā zàochéngle zhège wèntí, yīnggāi fù zérèn",彼はこの問題を引き起こしたので、責任を負うべきだ。,「被/叫/给/让」を使った受身表現。,42,受身形 被叫给让,HSKsentences,868
869,3,人口增长带来了收入的增加。,rénkǒu zēngzhǎng dàiláile shōurù de zēngjiā,人口の増加は収入の増加をもたらした。,「一点都」で全否定、「打算」で予定を表す表現。,,一点都～／打算～,HSKsentences,869
870,3,他展开了一张照片。,tā zhǎnkāile yì zhāng zhàopiàn,彼は一枚の写真を広げた。,方向補語「来/去」や動作の連続を表す「就」の用法。,,補語 来去／就（連続動作）,HSKsentences,870
871,2,记者报道的是真实的事，大家为此争论。,"jìzhě bàodào de shì zhēnshí de shì, dàjiā wèicǐ zhēnglùn",記者が報道するのは真実のことで、みんなそのために議論している。,選択の「还是/或者」や「又~又~」「越来越~」の表現。,16,还是と或者／又～又～／越来越～,HSKsentences,871
872,3,他争取了整个团队的支持。,tā zhēngqǔle zhěnggè tuánduì de zhīchí,彼はチーム全体の支持を勝ち取った。,可能補語「~得~」や「刚才/刚刚」で直前の動作を表す。,,可能補語 得／刚才／刚刚,HSKsentences,872
873,3,他把房间整理得很整齐，整体看起来很好。,"tā bǎ fángjiān zhěnglǐ de hěn zhěngqí, zhěngtǐ kànqǐlái hěn hǎo",彼は部屋をきちんと整理し、全体的に見て良い感じだ。,時間の長さを表す表現や「疑問詞+就+疑問詞」の用法。,30,継続時間の表現／疑問詞+就+疑問詞,HSKsentences,873
874,3,他整天工作，整整忙了一天。,"tā zhěngtiān gōngzuò, zhěngzhěng mángle yì tiān",彼は一日中働き、まる一日忙しかった。,「越A越B」やA跟B一样で比較・程度を表す。,33,越A越B／A跟B一样,HSKsentences,874
875,3,他正式拿到了证件。,tā zhèngshì nádàole zhèngjiàn,彼は正式に証明書を手に入れた。,「A比B多一些」の比較表現や「才/就」のニュアンスの違い。,,比較 A比B多一些／才と就,HSKsentences,875
876,2,警察需要证件和证据。,jǐngchá xūyào zhèngjiàn hé zhèngjù,警察は証明書と証拠が必要だ。,「把」を使って目的語をどう処理するかを述べる構文。,23,把構文,HSKsentences,876
877,3,他用行动证明了自己，大家都支持他支付这笔钱。,"tā yòng xíngdòng zhèngmíngle zìjǐ, dàjiā dōu zhīchí tā zhīfù zhè bǐ qián",彼は行動で自分を証明し、みんな彼がこのお金を支払うことを支持した。,同時進行の「一边~一边~」や「除了~以外~」の表現。,,一边～一边～／除了～以外～,HSKsentences,877
878,3,他直到直播结束，只坐直了身子。,"tā zhídào zhíbō jiéshù, zhǐ zuòzhí le shēnzi",彼はライブ配信が終わるまで、ただまっすぐ座っていた。,仮定の「如果~的话」や原因・程度を表す「得」の用法。,,如果～的话／原因の得,HSKsentences,878
879,2,这份职业很有价值，职工都觉得值得。,"zhè fèn zhíyè hěn yǒu jiàzhí, zhígōng dōu juéde zhíde",この職業はとても価値があり、職員はみな価値があると感じている。,条件を表す「只要~就~」「只有~才~」の構文。,14,只要～就～／只有～才～,HSKsentences,879
880,3,只有努力，只是不够，他只好继续。,"zhǐyǒu nǔlì, zhǐshì búgòu, tā zhǐhǎo jìxù",努力するしかなく、それだけでは足りず、彼は続けるしかなかった。,「被/叫/给/让」を使った受身表現。,,受身形 被叫给让,HSKsentences,880
881,3,老师指出问题，给了他指导。,"lǎoshī zhǐchū wèntí, gěile tā zhǐdǎo",先生は問題を指摘し、彼に指導を与えた。,「一点都」で全否定、「打算」で予定を表す表現。,,一点都～／打算～,HSKsentences,881
882,3,至今为止，他至少来了三次。,"zhìjīn wéizhǐ, tā zhìshǎo láile sān cì",今まで、彼は少なくとも3回来た。,方向補語「来/去」や動作の連続を表す「就」の用法。,,補語 来去／就（連続動作）,HSKsentences,882
883,3,他自愿当志愿者，这是他的志愿。,"tā zìyuàn dāng zhìyuànzhě, zhè shì tā de zhìyuàn",彼は自ら志願してボランティアになった、これが彼の志願だ。,選択の「还是/或者」や「又~又~」「越来越~」の表現。,,还是と或者／又～又～／越来越～,HSKsentences,883
884,3,公司制定了新制度，用来制造和制作产品。,"gōngsī zhìdìngle xīn zhìdù, yònglái zhìzào hé zhìzuò chǎnpǐn",会社は新しい制度を制定し、製品を製造・制作するために使う。,可能補語「~得~」や「刚才/刚刚」で直前の動作を表す。,,可能補語 得／刚才／刚刚,HSKsentences,884
885,3,中部地区是中华民族的重要发源地。,zhōngbù dìqū shì zhōnghuá mínzú de zhòngyào fāyuándì,中部地域は中華民族の重要な発祥地だ。,時間の長さを表す表現や「疑問詞+就+疑問詞」の用法。,,継続時間の表現／疑問詞+就+疑問詞,HSKsentences,885
886,3,钟响了，他终于到了。,"zhōng xiǎng le, tā zhōngyú dào le",鐘が鳴り、彼はついに到着した。,「越A越B」やA跟B一样で比較・程度を表す。,,越A越B／A跟B一样,HSKsentences,886
887,3,农民种下了种子。,nóngmín zhòngxiàle zhǒngzi,農民は種をまいた。,「A比B多一些」の比較表現や「才/就」のニュアンスの違い。,,比較 A比B多一些／才と就,HSKsentences,887
888,3,这是一个重大的决定，周围的人都很关心。,"zhè shì yí ge zhòngdà de juédìng, zhōuwéi de rén dōu hěn guānxīn",これは重大な決定であり、周囲の人はみな関心を持っている。,「把」を使って目的語をどう処理するかを述べる構文。,,把構文,HSKsentences,888
889,3,主任主持会议，主动介绍了这只猪的项目。,"zhǔrèn zhǔchí huìyì, zhǔdòng jièshàole zhè zhī zhū de xiàngmù",主任は会議を主催し、自主的にこの豚のプロジェクトを紹介した。,同時進行の「一边~一边~」や「除了~以外~」の表現。,,一边～一边～／除了～以外～,HSKsentences,889
890,3,他的主意和主张都很有道理。,tā de zhǔyi hé zhǔzhāng dōu hěn yǒu dàolǐ,彼の考えと主張はどちらも筋が通っている。,仮定の「如果~的话」や原因・程度を表す「得」の用法。,,如果～的话／原因の得,HSKsentences,890
891,1,请注意安全，祝你顺利。,"qǐng zhùyì ānquán, zhù nǐ shùnlì",安全に注意してください、順調であることを祈ります。,条件を表す「只要~就~」「只有~才~」の構文。,8,只要～就～／只有～才～,HSKsentences,891
892,3,他抓住了机会，紧紧抓着不放。,"tā zhuāzhùle jīhuì, jǐnjǐn zhuāzhe bú fàng",彼はチャンスをつかみ、しっかり握って離さなかった。,「被/叫/给/让」を使った受身表現。,,受身形 被叫给让,HSKsentences,892
893,3,这位专家专门研究这个专题，他的专业很强。,"zhè wèi zhuānjiā zhuānmén yánjiū zhège zhuāntí, tā de zhuānyè hěn qiáng",この専門家は専らこのテーマを研究しており、彼の専門性はとても高い。,「一点都」で全否定、「打算」で予定を表す表現。,,一点都～／打算～,HSKsentences,893
894,2,他的想法转变了，一下子转了个方向。,"tā de xiǎngfǎ zhuǎnbiàn le, yíxiàzi zhuǎnle ge fāngxiàng",彼の考えは変わり、一気に方向転換した。,方向補語「来/去」や動作の連続を表す「就」の用法。,16,補語 来去／就（連続動作）,HSKsentences,894
895,3,他的身体状况和精神状态都不错。,tā de shēntǐ zhuàngkuàng hé jīngshén zhuàngtài dōu búcuò,彼の体の状況と精神状態はどちらも良い。,選択の「还是/或者」や「又~又~」「越来越~」の表現。,,还是と或者／又～又～／越来越～,HSKsentences,895
896,3,他准时出发，去追那辆车。,"tā zhǔnshí chūfā, qù zhuī nà liàng chē",彼は時間通りに出発し、その車を追いかけた。,可能補語「~得~」や「刚才/刚刚」で直前の動作を表す。,,可能補語 得／刚才／刚刚,HSKsentences,896
897,3,这个项目有资格获得资金支持。,zhège xiàngmù yǒu zīgé huòdé zījīn zhīchí,このプロジェクトは資金支援を受ける資格がある。,時間の長さを表す表現や「疑問詞+就+疑問詞」の用法。,,継続時間の表現／疑問詞+就+疑問詞,HSKsentences,897
898,2,自从有了子女，他的生活变了。,"zìcóng yǒule zǐnǚ, tā de shēnghuó biàn le",子供ができてから、彼の生活は変わった。,「越A越B」やA跟B一样で比較・程度を表す。,22,越A越B／A跟B一样,HSKsentences,898
899,3,他自觉地自动完成了自身的任务，这是很自然、很自主的事。,"tā zìjué de zìdòng wánchéngle zìshēn de rènwu, zhè shì hěn zìrán hěn zìzhǔ de shì",彼は自覚的に自動的に自分自身の任務を完成させた、これはとても自然で自主的なことだ。,「A比B多一些」の比較表現や「才/就」のニュアンスの違い。,,比較 A比B多一些／才と就,HSKsentences,899
900,3,他总是做总结，总的来说很不错。,"tā zǒngshì zuò zǒngjié, zǒng de láishuō hěn búcuò",彼はいつもまとめをする、総じてなかなか良い。,「把」を使って目的語をどう処理するかを述べる構文。,,把構文,HSKsentences,900
901,3,他有足够的时间练习足球。,tā yǒu zúgòu de shíjiān liànxí zúqiú,彼はサッカーを練習する十分な時間がある。,同時進行の「一边~一边~」や「除了~以外~」の表現。,,一边～一边～／除了～以外～,HSKsentences,901
902,3,这个组合大约左右各占一半。,zhège zǔhé dàyuē zuǒyòu gè zhàn yíbàn,この組み合わせはだいたい左右それぞれ半分を占める。,仮定の「如果~的话」や原因・程度を表す「得」の用法。,,如果～的话／原因の得,HSKsentences,902
903,3,作者的作品很受欢迎，他常被邀请去做客。,"zuòzhě de zuòpǐn hěn shòu huānyíng, tā cháng bèi yāoqǐng qù zuòkè",作者の作品はとても人気があり、彼はよくゲスト出演に招かれる。,条件を表す「只要~就~」「只有~才~」の構文。,40,只要～就～／只有～才～,HSKsentences,903
904,3,他定期订阅这本杂志。,tā dìngqī dìngyuè zhè běn zázhì,彼は定期的にこの雑誌を予約購読している。,「被/叫/给/让」を使った受身表現。,,受身形 被叫给让,HSKsentences,904
905,3,东部地区发展的动力来自这个动人的故事。,dōngbù dìqū fāzhǎn de dònglì láizì zhège dòngrén de gùshi,東部地域発展の原動力はこの感動的な物語から来ている。,「一点都」で全否定、「打算」で予定を表す表現。,,一点都～／打算～,HSKsentences,905
906,3,读者们指出，这份短期计划有一些短处。,"dúzhěmen zhǐchū, zhè fèn duǎnqī jìhuà yǒu yìxiē duǎnchù",読者たちは、この短期計画にはいくつかの短所があると指摘した。,方向補語「来/去」や動作の連続を表す「就」の用法。,,補語 来去／就（連続動作）,HSKsentences,906
907,3,他穿了一条短裤。,tā chuānle yì tiáo duǎnkù,彼は半ズボンを履いた。,選択の「还是/或者」や「又~又~」「越来越~」の表現。,,还是と或者／又～又～／越来越～,HSKsentences,907
908,2,队员们认真对待对方和对手。,duìyuánmen rènzhēn duìdài duìfāng hé duìshǒu,チームメンバーたちは相手とライバルを真剣に扱った。,可能補語「~得~」や「刚才/刚刚」で直前の動作を表す。,16,可能補語 得／刚才／刚刚,HSKsentences,908
909,3,他把她当作结婚对象。,tā bǎ tā dàngzuò jiéhūn duìxiàng,彼は彼女を結婚相手とみなしている。,時間の長さを表す表現や「疑問詞+就+疑問詞」の用法。,,継続時間の表現／疑問詞+就+疑問詞,HSKsentences,909
910,3,他顿时发出了一声惊呼。,tā dùnshí fāchūle yì shēng jīnghū,彼は突然驚きの声を発した。,「越A越B」やA跟B一样で比較・程度を表す。,,越A越B／A跟B一样,HSKsentences,910
911,3,这个国家很发达，发明了新的发动方式。,"zhège guójiā hěn fādá, fāmíngle xīn de fādòng fāngshì",この国はとても発達しており、新しい発動方式を発明した。,「A比B多一些」の比較表現や「才/就」のニュアンスの違い。,,比較 A比B多一些／才と就,HSKsentences,911
912,1,他发送了邮件表示反对，反正结果不会变。,"tā fāsòngle yóujiàn biǎoshì fǎnduì, fǎnzhèng jiéguǒ bú huì biàn",彼はメールを送って反対を表明した、とにかく結果は変わらない。,「把」を使って目的語をどう処理するかを述べる構文。,4,把構文,HSKsentences,912
913,1,在这个范围内，用这种方式可以防止危险。,"zài zhège fànwéi nèi, yòng zhè zhǒng fāngshì kěyǐ fángzhǐ wēixiǎn",この範囲内では、この方式を使えば危険を防ぐことができる。,同時進行の「一边~一边~」や「除了~以外~」の表現。,12,一边～一边～／除了～以外～,HSKsentences,913
914,2,房东说房屋的房租每月都要交。,fángdōng shuō fángwū de fángzū měi yuè dōu yào jiāo,大家は家屋の家賃を毎月払わなければならないと言った。,仮定の「如果~的话」や原因・程度を表す「得」の用法。,15,如果～的话／原因の得,HSKsentences,914
915,3,他访问后，把资料放到了桌子上。,"tā fǎngwèn hòu, bǎ zīliào fàngdào le zhuōzi shàng",彼は訪問した後、資料を机の上に置いた。,条件を表す「只要~就~」「只有~才~」の構文。,36,只要～就～／只有～才～,HSKsentences,915
916,3,这次飞行的费用不便宜。,zhè cì fēixíng de fèiyòng bù piányi,今回の飛行の費用は安くない。,「被/叫/给/让」を使った受身表現。,,受身形 被叫给让,HSKsentences,916
917,3,老师把学生分别分配到不同的分组。,lǎoshī bǎ xuéshēng fēnbié fēnpèile dào bùtóng de fēnzǔ,先生は学生をそれぞれ違うグループに分配した。,「一点都」で全否定、「打算」で予定を表す表現。,36,一点都～／打算～,HSKsentences,917
918,3,这项投资有风险，他否认了这一点，完全否定。,"zhè xiàng tóuzī yǒu fēngxiǎn, tā fǒurènle zhè yì diǎn, wánquán fǒudìng",この投資にはリスクがある、彼はこれを否認し、完全に否定した。,方向補語「来/去」や動作の連続を表す「就」の用法。,,補語 来去／就（連続動作）,HSKsentences,918
919,1,父母和父亲都喜欢这套服装。,fùmǔ hé fùqīn dōu xǐhuan zhè tào fúzhuāng,両親と父はみなこの服装が好きだ。,選択の「还是/或者」や「又~又~」「越来越~」の表現。,11,还是と或者／又～又～／越来越～,HSKsentences,919
920,3,他去复印店复印文件。,tā qù fùyìndiàn fùyìn wénjiàn,彼はコピー屋へ行って書類をコピーした。,可能補語「~得~」や「刚才/刚刚」で直前の動作を表す。,,可能補語 得／刚才／刚刚,HSKsentences,920
921,3,他改进了这个概念，改造了整个系统。,"tā gǎijìnle zhège gàiniàn, gǎizàole zhěnggè xìtǒng",彼はこの概念を改善し、システム全体を改造した。,時間の長さを表す表現や「疑問詞+就+疑問詞」の用法。,,継続時間の表現／疑問詞+就+疑問詞,HSKsentences,921
922,3,他赶紧赶快跑去，终于赶到了车站。,"tā gǎnjǐn gǎnkuài pǎo qù, zhōngyú gǎndàole chēzhàn",彼は急いで走って行き、ついに駅に間に合った。,「越A越B」やA跟B一样で比較・程度を表す。,,越A越B／A跟B一样,HSKsentences,922
923,4,他不敢说出自己的感情和感受。,tā bù gǎn shuōchū zìjǐ de gǎnqíng hé gǎnshòu,彼は自分の感情と気持ちを言い出す勇気がない。,「A比B多一些」の比較表現や「才/就」のニュアンスの違い。,66,比較 A比B多一些／才と就,HSKsentences,923
924,3,你干吗开车走高速公路？,nǐ gànmá kāichē zǒu gāosùgōnglù,あなたはなぜ高速道路を運転して行くの？,「把」を使って目的語をどう処理するかを述べる構文。,,把構文,HSKsentences,924
925,2,歌手告别舞台时，歌迷听着他的歌声哭了。,"gēshǒu gàobié wǔtái shí, gēmí tīngzhe tā de gēshēng kū le",歌手が舞台に別れを告げる時、ファンは彼の歌声を聞いて泣いた。,同時進行の「一边~一边~」や「除了~以外~」の表現。,26,一边～一边～／除了～以外～,HSKsentences,925
926,2,各位好，每个人都有各种各样的个性。,"gèwèi hǎo, měi ge rén dōu yǒu gè zhǒng gè yàng de gèxìng",皆さん、こんにちは。誰にでも様々な個性があります。,仮定の「如果~的话」や原因・程度を表す「得」の用法。,15,如果～的话／原因の得,HSKsentences,926
927,3,他根本不知道，情况变得更加复杂。,"tā gēnběn bù zhīdào, qíngkuàng biànde gèngjiā fùzá",彼は根本的に知らず、状況はさらに複雑になった。,条件を表す「只要~就~」「只有~才~」の構文。,,只要～就～／只有～才～,HSKsentences,927
928,2,这位工程师花了不少工夫使用工具，从事工业工作，工资不低。,"zhè wèi gōngchéngshī huāle bùshǎo gōngfu shǐyòng gōngjù, cóngshì gōngyè gōngzuò, gōngzī bù dī",このエンジニアは道具を使うのに多くの手間をかけ、工業の仕事に従事し、給料は低くない。,「被/叫/给/让」を使った受身表現。,22,受身形 被叫给让,HSKsentences,928
929,3,政府公开公布了这项政策，公务员和公民都在公共场所讨论。,"zhèngfǔ gōngkāi gōngbùle zhè xiàng zhèngcè, gōngwùyuán hé gōngmín dōu zài gōnggòng chǎngsuǒ tǎolùn",政府はこの政策を公開・公表し、公務員と市民は皆公共の場所で議論している。,「一点都」で全否定、「打算」で予定を表す表現。,,一点都～／打算～,HSKsentences,929
930,2,他做完功课后练功夫，手机的功能很多。,"tā zuòwán gōngkè hòu liàn gōngfu, shǒujī de gōngnéng hěn duō",彼は宿題を終えた後カンフーを練習した、携帯電話の機能はとても多い。,方向補語「来/去」や動作の連続を表す「就」の用法。,22,補語 来去／就（連続動作）,HSKsentences,930
931,3,大家共同努力，共有了这个成果。,"dàjiā gòngtóng nǔlì, gòngyǒule zhège chéngguǒ",みんなで共に努力し、この成果を共有した。,選択の「还是/或者」や「又~又~」「越来越~」の表現。,,还是と或者／又～又～／越来越～,HSKsentences,931
932,3,这位姑娘讲述了古代的故乡故事。,zhè wèi gūniang jiǎngshùle gǔdài de gùxiāng gùshi,この娘は古代の故郷の物語を語った。,可能補語「~得~」や「刚才/刚刚」で直前の動作を表す。,,可能補語 得／刚才／刚刚,HSKsentences,932
933,3,他仔细观察，改变了观看这件事的观念，两人关系变好了。,"tā zǐxì guānchá, gǎibiànle guānkàn zhè jiàn shì de guānniàn, liǎng rén guānxì biànhǎole",彼は注意深く観察し、この事を見る観念を変え、二人の関係は良くなった。,時間の長さを表す表現や「疑問詞+就+疑問詞」の用法。,,継続時間の表現／疑問詞+就+疑問詞,HSKsentences,933
934,3,未来充满光明，广大群众都很期待。,"wèilái chōngmǎn guāngmíng, guǎngdà qúnzhòng dōu hěn qīdài",未来は光明に満ちており、広い範囲の大衆がみな期待している。,「越A越B」やA跟B一样で比較・程度を表す。,,越A越B／A跟B一样,HSKsentences,934
935,3,公司的规定符合行业规范。,gōngsī de guīdìng fúhé hángyè guīfàn,会社の規定は業界の規範に合っている。,「A比B多一些」の比較表現や「才/就」のニュアンスの違い。,,比較 A比B多一些／才と就,HSKsentences,935
936,3,国庆节，国内到处都很热闹。,"guóqìngjié, guónèi dàochù dōu hěn rènao",国慶節、国内はどこもとても賑やかだ。,「把」を使って目的語をどう処理するかを述べる構文。,,把構文,HSKsentences,936
937,4,他果然喜欢喝果汁。,tā guǒrán xǐhuan hē guǒzhī,彼はやはりジュースを飲むのが好きだ。,同時進行の「一边~一边~」や「除了~以外~」の表現。,55,一边～一边～／除了～以外～,HSKsentences,937
938,3,学习是一个漫长的过程。,xuéxí shì yí ge màncháng de guòchéng,学習は長いプロセスだ。,仮定の「如果~的话」や原因・程度を表す「得」の用法。,,如果～的话／原因の得,HSKsentences,938
939,3,他哈哈大笑，顺利通过了海关。,"tā hāhā dàxiào, shùnlì tōngguòle hǎiguān",彼はハハと大笑いし、無事に税関を通過した。,条件を表す「只要~就~」「只有~才~」の構文。,,只要～就～／只有～才～,HSKsentences,939
940,4,小孩既害怕又好奇。,xiǎohái jì hàipà yòu hàoqí,子供は怖がりながらも好奇心を持っている。,「被/叫/给/让」を使った受身表現。,58,受身形 被叫给让,HSKsentences,940
941,4,这个方法既合法又合理，也合格了。,"zhège fāngfǎ jì héfǎ yòu hélǐ, yě hégéle",この方法は合法かつ合理的で、合格もした。,「一点都」で全否定、「打算」で予定を表す表現。,58,一点都～／打算～,HSKsentences,941
942,3,他们喝着红茶和红酒，聊着和平的话题。,"tāmen hēzhe hóngchá hé hóngjiǔ, liáozhe hépíng de huàtí",彼らは紅茶とワインを飲みながら、平和についての話題を話している。,方向補語「来/去」や動作の連続を表す「就」の用法。,,補語 来去／就（連続動作）,HSKsentences,942
943,3,不注意会有严重的后果。,bú zhùyì huì yǒu yánzhòng de hòuguǒ,注意しないと深刻な結果を招く。,選択の「还是/或者」や「又~又~」「越来越~」の表現。,,还是と或者／又～又～／越来越～,HSKsentences,943
944,3,他站在后面，后年他就要毕业了。,"tā zhàn zài hòumiàn, hòunián tā jiù yào bìyè le",彼は後ろに立っている、再来年彼は卒業することになる。,可能補語「~得~」や「刚才/刚刚」で直前の動作を表す。,30,可能補語 得／刚才／刚刚,HSKsentences,944
945,3,互联网让大家互相联系更方便。,hùliánwǎng ràng dàjiā hùxiāng liánxì gèng fāngbiàn,インターネットはみんなの相互の連絡をより便利にした。,時間の長さを表す表現や「疑問詞+就+疑問詞」の用法。,,継続時間の表現／疑問詞+就+疑問詞,HSKsentences,945
946,1,这些华人喜欢周末去划船。,zhèxiē huárén xǐhuan zhōumò qù huáchuán,これらの華人は週末にボートを漕ぎに行くのが好きだ。,「越A越B」やA跟B一样で比較・程度を表す。,11,越A越B／A跟B一样,HSKsentences,946
947,3,他开心得…极了。,tā kāixīn de... jíle,彼はとても嬉しかった。,「A比B多一些」の比較表現や「才/就」のニュアンスの違い。,,比較 A比B多一些／才と就,HSKsentences,947
948,1,他随时可以用这种形式解决问题。,tā suíshí kěyǐ yòng zhè zhǒng xíngshì jiějué wèntí,彼はいつでもこの形式で問題を解決できる。,「把」を使って目的語をどう処理するかを述べる構文。,12,把構文,HSKsentences,948
949,4,啊，原来是你！,"Ā, yuánlái shì nǐ!",ああ、君だったのか！,「啊」は「ああ」という意味です。,,不仅～也～／从来,HSKsentences,949
950,4,他们之间有美好的爱情。,Tāmen zhījiān yǒu měihǎo de àiqíng,彼らの愛は美しかった。,「爱情」は「愛」という意味です。,,应该／得(děi),HSKsentences,950
951,4,她是一个充满爱心的老师,Tā shì yí gè chōngmǎn àixīn de lǎoshī,彼女は愛情にあふれた先生です。,「爱心」は「心」という意味です。,,就是,HSKsentences,951
952,2,坐飞机前需要安检。,Zuò fēijī qián xūyào ānjiǎn,飛行機に搭乗する前に、保安検査を受ける必要があります。,「安检」は「セキュリティチェック」という意味です。,23,只是～而已／即使～也,HSKsentences,952
953,4,老师安排了明天的活动。,Lǎoshī ānpái le míngtiān de huódòng.,先生は明日の活動を計画しました,「安排」は「手配」という意味です。,,在～上,HSKsentences,953
954,1,请按这个按钮。,Qǐng àn zhège ànniǔ.,このボタンを押してください。,「按」は「押す、クリック」という意味です。,8,正好／差不多,HSKsentences,954
955,4,我们要按时完成作业。,Wǒmen yào ànshí wánchéng zuòyè,私たちは宿題を期限内に終わらせる必要があります。,「按时」は「時間通りに」という意味です。,,～不了／无法,HSKsentences,955
956,4,请按照要求写报告。,Qǐng ànzhào yāoqiú xiě bàogào,要件に従って報告書を作成してください。,「按照」は「～に従って、～に基づいて」という意味です。,51,尽管／不管,HSKsentences,956
957,1,中国人过年喜欢喝白酒。,Zhōngguó rén guònián xǐhuan hē báijiǔ,中国人は旧正月に白酒（中国の酒の一種）を飲むのが好きだ。,「白酒」は「酒類」という意味です。,11,却／而,HSKsentences,957
958,4,他在办公室办公。,Tā zài bàngōngshì bàngōng.,彼はオフィスで仕事をしている。,「办公」は「事務作業」という意味です。,,另外,HSKsentences,958
959,4,我想办理一张银行卡。,Wǒ xiǎng bànlǐ yì zhāng yínháng kǎ.,銀行口座を開設したいです。,「办理」は「処理」という意味です。,,根据／按照,HSKsentences,959
960,4,他办事很认真。,Tā bànshì hěn rènzhēn.,彼は仕事に対して非常に真剣だ,「办事」は「業務事項」という意味です。,,连～也都／甚至,HSKsentences,960
961,2,你做得真棒！,Nǐ zuò de zhēn bàng!,素晴らしい仕事ぶりでした！,「棒」は「素晴らしい」という意味です。,25,并／估计,HSKsentences,961
962,4,我们要保护环境。,Wǒmen yào bǎohù huánjìng.,私たちは環境を保護する必要がある,「保护」は「保護」という意味です。,,首先～其次／再说,HSKsentences,962
963,1,我保证不会迟到。,Wǒ bǎozhèng bú huì chídào,遅刻は絶対にしません。,「保证」は「確保する」という意味です。,4,竟然／果然,HSKsentences,963
964,4,妈妈抱着孩子走了。,Māma bào zhe háizi zǒu le.,母親は子供を抱きかかえて立ち去った。,「抱」は「保留」という意味です。,,要是／值得,HSKsentences,964
965,3,他打算报考北京大学。,Tā dǎsuàn bàokǎo Běijīng Dàxué.,彼は北京大学への出願を予定している,「报考」は「申し込む」という意味です。,29,以为／认为,HSKsentences,965
966,4,我已经报名了汉语比赛。,Wǒ yǐjīng bàomíng le Hànyǔ bǐsài,私はすでに中国語コンテストに登録しました,「报名」は「登録する」という意味です。,24,既～又也还／可不是／往往,HSKsentences,966
967,4,非常抱歉，让你久等了。,"Fēicháng bàoqiàn, ràng nǐ jiǔ děng le.",お待たせして大変申し訳ありませんでした。,「抱歉」は「申し訳ありません（ごめんなさいのフォーマル系）」という意味です。,,由于／因此／难道,HSKsentences,967
968,4,他背着一个大书包。,Tā bēi zhe yí gè dà shūbāo.,彼は大きなリュックサックを背負っていた。,「背」は「背」という意味です。,,否则／无论,HSKsentences,968
969,4,她买了一个新背包。,Tā mǎi le yí gè xīn bēibāo,彼女は新しいリュックサックを買った,「背包」は「バックパック」という意味です。,,同时／并且,HSKsentences,969
970,4,哈尔滨在中国北部。,Hā'ěrbīn zài Zhōngguó běibù.,ハルビンは中国北部に位置しています。,「北部」は「北部」という意味です。,,然而／再～也～,HSKsentences,970
971,4,今年的销售量是去年的两倍。,Jīnnián de xiāoshòuliàng shì qùnián de liǎng bèi,今年の売上は昨年の2倍です。,「倍」は「倍」という意味です。,,以,HSKsentences,971
972,4,他正在读本科。,Tā zhèngzài dú běnkē,彼は現在大学生です。,「本科」は「学部」という意味です。,71,由／既然,HSKsentences,972
973,1,我本来想去，可是太忙了。,"Wǒ běnlái xiǎng qù, kěshì tài máng le.",行きたかったのですが、忙しすぎて行けません。,「本来」は「本来」という意味です。,10,于是／可,HSKsentences,973
974,2,这道题我不笨，只是没学过。,"Zhè dào tí wǒ bú bèn, zhǐshì méi xué guò",この問題について無知なわけではなく、ただ習っていないだけです。,「笨」は「無知、愚かな」という意味です。,27,恐怕／敢,HSKsentences,974
975,4,他的鼻子很高。,Tā de bízi hěn gāo,彼の鼻はとても高いです。,「鼻子」は「鼻」という意味です。,,到底／叫做,HSKsentences,975
976,4,汉语考试分为笔试和口试。,Hànyǔ kǎoshì fēn wéi bǐshì hé kǒushì.,中国語の試験は筆記試験と口頭試験で構成されています。,「笔试」は「筆記試験」という意味です。,,为了／在于,HSKsentences,976
977,4,她明年六月毕业。,Tā míngnián liùyuè bìyè,彼女は来年6月に卒業します。,「毕业」は「卒業」という意味です。,,仍然／究竟,HSKsentences,977
978,4,今年有很多毕业生找工作。,Jīnnián yǒu hěn duō bìyèshēng zhǎo gōngzuò.,今年は多くの卒業生が就職活動をしています。,「毕业生」は「卒業生」という意味です。,,V着V着／一～就～,HSKsentences,978
979,4,这种设计便于携带。,Zhè zhǒng shèjì biànyú xiédài.,このデザインは持ち運びやすいです。,「便于」は「便利」という意味です。,,不仅～也～／从来,HSKsentences,979
980,4,他的发音很标准。,Tā de fāyīn hěn biāozhǔn.,彼の発音はとても標準的です。,「标准」は「基準」という意味です。,,应该／得(děi),HSKsentences,980
981,4,我的手表停了。,Wǒ de shǒubiǎo tíng le.,私の時計が止まりました。,「表」は「表」という意味です。,,就是,HSKsentences,981
982,1,请填写这张表格。,Qǐng tiánxiě zhè zhāng biǎogé.,この用紙にご記入ください。,「表格」は「表」という意味です。,8,只是～而已／即使～也,HSKsentences,982
983,4,他表示同意我的看法。,Tā biǎoshì tóngyì wǒ de kànfǎ.,彼は私の意見に賛成しました。,「表示」は「表す」という意味です。,,在～上,HSKsentences,983
984,4,他今天表现得很好。,Tā jīntiān biǎoxiàn de hěn hǎo,彼は今日とても行儀が良かったです。,「表现」は「表現」という意味です。,,正好／差不多,HSKsentences,984
985,4,老师表扬了他。,Lǎoshī biǎoyáng le tā.,先生は彼を褒めました。,「表扬」は「称賛」という意味です。,,～不了／无法,HSKsentences,985
986,4,这种饼干很好吃。,Zhè zhǒng bǐnggān hěn hǎochī.,このクッキーは美味しいです。,「饼干」は「ビスケット」という意味です。,,尽管／不管,HSKsentences,986
987,4,他并没有生气。,Tā bìng méiyǒu shēngqì.,彼は怒っていませんでした。,「并」は「そして」という意味です。,53,却／而,HSKsentences,987
988,4,她聪明并且努力。,Tā cōngming bìngqiě nǔlì.,彼女は賢くて勤勉です。,「并且」は「さらに」という意味です。,61,另外,HSKsentences,988
989,1,请播放下一首歌。,Qǐng bōfàng xià yì shǒu gē.,次の曲を再生してください。,「播放」は「再生」という意味です。,8,根据／按照,HSKsentences,989
990,4,他是一位经济学博士。,Tā shì yí wèi jīngjìxué bóshì,彼は経済学の博士号を持っています。,「博士」は「博士」という意味です。,,连～也都／甚至,HSKsentences,990
991,4,你不必担心这件事。,Nǐ búbì dānxīn zhè jiàn shì.,この件については心配する必要はありません。,「不必」は「必要ない」という意味です。,,并／估计,HSKsentences,991
992,4,给您带来不便，很抱歉。,"Gěi nín dàilái búbiàn, hěn bàoqiàn.",ご迷惑をおかけして申し訳ございません。,「不便」は「ご迷惑をおかけします」という意味です。,,首先～其次／再说,HSKsentences,992
993,4,科技在不断发展。,Kējì zài búduàn fāzhǎn,技術は絶えず進化しています。,「不断」は「絶えず」という意味です。,,竟然／果然,HSKsentences,993
994,4,时间不够用了。,Shíjiān búgòu yòng le,時間が迫っています。,「不够」は「足りない」という意味です。,,要是／值得,HSKsentences,994
995,4,天气有点冷，不过还能接受。,"Tiānqì yǒudiǎn lěng, búguò hái néng jiēshòu.",少し寒いですが、耐えられる程度です。,「不过」は「しかし」という意味です。,,以为／认为,HSKsentences,995
996,2,不论遇到什么困难，都不要放弃。,"Búlùn yùdào shénme kùnnan, dōu búyào fàngqì",どんな困難に直面しても、諦めないでください。,「不论」は「いずれにせよ」という意味です。,23,既～又也还／可不是／往往,HSKsentences,996
997,1,请往前走几步。,Qǐng wǎng qián zǒu jǐ bù,数歩前に進んでください。,「步」は「ステップ、歩幅の歩、一歩」という意味です。,8,由于／因此／难道,HSKsentences,997
998,4,这部电影很有意思。,Zhè bù diànyǐng hěn yǒu yìsi,この映画はとても面白い,「部」は「部」という意味です。,,否则／无论,HSKsentences,998
999,4,下雨了，我不得不打车。,"Xià yǔ le, wǒ bùdébù dǎchē.",雨が降っているので、タクシーに乗らなければなりません。,「不得不」は「せざるを得ない」という意味です。,,同时／并且,HSKsentences,999
1000,4,这只是问题的一部分。,Zhè zhǐ shì wèntí de yí bùfen,問題はそれだけではありません。,「部分」は「一部」という意味です。,,然而／再～也～,HSKsentences,1000
1001,4,不管多忙，他都坚持锻炼。,"Bùguǎn duō máng, tā dōu jiānchí duànliàn.",彼はどんなに忙しくても、運動することを欠かしません。,「不管」は「かかわらず」という意味です。,48,以,HSKsentences,1001
1002,4,不光是我，大家都这样想。,"Bùguāng shì wǒ, dàjiā dōu zhèyàng xiǎng",私だけではなく、みんなそう思っています。,「不光」は「ただ」という意味です。,,由／既然,HSKsentences,1002
1003,4,他不仅会说中文，还会说日语。,"Tā bùjǐn huì shuō Zhōngwén, hái huì shuō Rìyǔ",彼は中国語だけでなく、日本語も話せます。,「不仅」は「だけでなく」という意味です。,,于是／可,HSKsentences,1003
1004,4,顾客对服务很不满。,Gùkè duì fúwù hěn bùmǎn,お客様はサービスに大変不満です。,「不满」は「不満」という意味です。,,恐怕／敢,HSKsentences,1004
1005,4,他在市场部门工作。,Tā zài shìchǎng bùmén gōngzuò.,彼はマーケティング部に勤務しています。,「部门」は「部署」という意味です。,,到底／叫做,HSKsentences,1005
1006,4,坐公交不如坐地铁快。,Zuò gōngjiāo bùrú zuò dìtiě kuài.,地下鉄の方がバスより速いです。,「不如」は「～より」という意味です。,,为了／在于,HSKsentences,1006
1007,1,请把桌子擦干净。,Qǐng bǎ zhuōzi cā gānjìng,テーブルをきれいに拭いてください。,「擦」は「拭く」という意味です。,8,仍然／究竟,HSKsentences,1007
1008,4,你猜我今天遇到谁了？,Nǐ cāi wǒ jīntiān yùdào shéi le？,今日、誰に会ったと思いますか？,「猜」は「推測」という意味です。,,V着V着／一～就～,HSKsentences,1008
1009,1,请准备好申请材料。,Qǐng zhǔnbèi hǎo shēnqǐng cáiliào,応募書類をご準備ください。,「材料」は「材料」という意味です。,8,不仅～也～／从来,HSKsentences,1009
1010,4,我们参观了故宫博物院。,Wǒmen cānguān le Gùgōng Bówùyuàn.,故宮博物院を訪れました。,「参观」は「見学」という意味です。,,应该／得(děi),HSKsentences,1010
1011,4,共有二十支队伍参赛。,Gòng yǒu èrshí zhī duìwu cānsài.,20チームが参加しています。,「参赛」は「参加」という意味です。,,就是,HSKsentences,1011
1012,4,学校旁边新开了一家餐厅。,Xuéxiào pángbiān xīn kāi le yì jiā cāntīng,学校の隣に新しいレストランがオープンしました。,「餐厅」は「レストラン」という意味です。,,只是～而已／即使～也,HSKsentences,1012
1013,4,同学们在操场上跑。,Tóngxuémen zài cāochǎng shàng pǎobù.,生徒たちが校庭で走り回っています。,「操场」は「運動場」という意味です。,,在～上,HSKsentences,1013
1014,1,请问厕所在哪儿？,Qǐngwèn cèsuǒ zài nǎr?,すみません、トイレはどこですか？,「厕所」は「トイレ」という意味です。,8,正好／差不多,HSKsentences,1014
1015,4,他正在查看邮件。,Tā zhèngzài chákàn yóujiàn,彼はメールをチェックしています。,「查看」は「確認」という意味です。,71,～不了／无法,HSKsentences,1015
1016,4,这是上好的龙井茶叶。,Zhè shì shànghǎo de Lóngjǐng cháyè.,これは最高級の龍井茶です。,「茶叶」は「茶葉」という意味です。,,尽管／不管,HSKsentences,1016
1017,1,你可以在网上查找资料。,Nǐ kěyǐ zài wǎng shàng cházhǎo zīliào.,インターネットで情報を調べることができます。,「查找」は「検索」という意味です。,12,却／而,HSKsentences,1017
1018,4,我差点儿迟到了。,Wǒ chàdiǎnr chídào le.,危うく見逃すところでした。,「差点儿」は「ほぼ」という意味です。,,另外,HSKsentences,1018
1019,4,这件事产生了很大的影响。,Zhè jiàn shì chǎnshēng le hěn dà de yǐngxiǎng.,この出来事は大きな影響を与えました。,「产生」は「製造済み」という意味です。,,根据／按照,HSKsentences,1019
1020,4,他在一家汽车厂工作。,Tā zài yì jiā qìchē chǎng gōngzuò.,彼は自動車工場で働いています。,「厂」は「工場」という意味です。,,连～也都／甚至,HSKsentences,1020
1021,4,昨天下了一场大雨。,Zuótiān xià le yì chǎng dà yǔ,昨日は大雨でした。,「场」は「場」という意味です。,,并／估计,HSKsentences,1021
1022,4,参加人数超过了一百人。,Cānjiā rénshù chāoguò le yì bǎi rén,100人以上が参加しました。,「超过」は「超過」という意味です。,,首先～其次／再说,HSKsentences,1022
1023,1,在学校附近要降低车速。,Zài xuéxiào fùjìn yào jiàngdī chēsù,学校の近くはゆっくり運転してください。,「车速」は「車速、車の速度」という意味です。,7,竟然／果然,HSKsentences,1023
1024,4,这里很难找到车位。,Zhèlǐ hěn nán zhǎodào chēwèi.,ここは駐車スペースを見つけるのが難しいです。,「车位」は「駐車スペース」という意味です。,,要是／值得,HSKsentences,1024
1025,4,这座城有悠久的历史。,Zhè zuò chéng yǒu yōujiǔ de lìshǐ.,この街には長い歴史があります。,「城」は「城壁（城壁）、都市・町」という意味です。,,以为／认为,HSKsentences,1025
1026,2,他每天乘地铁上班。,Tā měitiān chéng dìtiě shàngbān,彼は毎日地下鉄で通勤しています。,「乘」は「乗る」という意味です。,15,既～又也还／可不是／往往,HSKsentences,1026
1027,4,他成功通过了面试。,Tā chénggōng tōngguò le miànshì.,彼は面接に合格しました。,「成功」は「成功」という意味です。,,由于／因此／难道,HSKsentences,1027
1028,4,乘客们正在排队上车。,Chéngkèmen zhèngzài páiduì shàng chē.,乗客が電車に乗るために列を作っています。,「乘客」は「乗客」という意味です。,71,否则／无论,HSKsentences,1028
1029,4,做人要诚实。,Zuòrén yào chéngshí,正直に言ってください。,「诚实」は「誠実」という意味です。,,同时／并且,HSKsentences,1029
1030,4,她成为了一名医生。,Tā chéngwéi le yì míng yīshēng.,彼女は医者になりました。,「成为」は「～になる」という意味です。,68,然而／再～也～,HSKsentences,1030
1031,1,请乘坐电梯到三楼。,Qǐng chéngzuò diàntī dào sān lóu.,エレベーターで3階までお越しください。,「乘坐」は「乗る」という意味です。,8,以,HSKsentences,1031
1032,4,听到这个消息，大家都很吃惊。,"Tīngdào zhège xiāoxi, dàjiā dōu hěn chījīng.",皆、その知らせを聞いて驚きました。,「吃惊」は「驚く」という意味です。,,由／既然,HSKsentences,1032
1033,4,对不起，我来迟了。,"Duìbuqǐ, wǒ lái chí le.",遅れてすみません。,「迟」は「遅れる」という意味です。,,于是／可,HSKsentences,1033
1034,4,我们重新开始吧。,Wǒmen chóngxīn kāishǐ ba.,やり直しましょう。,「重」は「重い」という意味です。,,恐怕／敢,HSKsentences,1034
1035,1,系统出错了，请重新输入。,"Xìtǒng chūcuò le, qǐng chóngxīn shūrù.",システムにエラーが発生しました。もう一度入力してください。,「重新」は「改めて」という意味です。,8,到底／叫做,HSKsentences,1035
1036,4,他下周要去上海出差。,Tā xià zhōu yào qù Shànghǎi chūchāi.,彼は来週、出張で上海に行きます。,「出差」は「出張」という意味です。,,为了／在于,HSKsentences,1036
1037,4,地铁的出口在那边。,Dìtiě de chūkǒu zài nàbiān,地下鉄の出口はあちらです。,「出口」は「出口」という意味です。,,仍然／究竟,HSKsentences,1037
1038,4,天空中出现了彩虹。,Tiānkōng zhōng chūxiàn le cǎihóng.,空に虹が現れました。,「出现」は「現れる」という意味です。,,V着V着／一～就～,HSKsentences,1038
1039,4,雨天出行要注意安全。,Yǔtiān chūxíng yào zhùyì ānquán,雨の中を移動する際はご注意ください。,「出行」は「外出」という意味です。,,不仅～也～／从来,HSKsentences,1039
1040,4,这间房子要出租。,Zhè jiān fángzi yào chūzū.,この家は賃貸です。,「出租」は「タクシー」という意味です。,,应该／得(děi),HSKsentences,1040
1041,4,妈妈在厨房做饭。,Māma zài chúfáng zuòfàn.,お母さんが台所で料理をしています。,「厨房」は「キッチン」という意味です。,,就是,HSKsentences,1041
1042,4,这家饭店的厨师手艺很好。,Zhè jiā fàndiàn de chúshī shǒuyì hěn hǎo.,このレストランのシェフはとても腕が良いです。,「厨师」は「シェフ」という意味です。,,只是～而已／即使～也,HSKsentences,1042
1043,1,请打开窗，让空气流通。,"Qǐng dǎkāi chuāng, ràng kōngqì liútōng",窓を開けて空気を入れ替えてください。,「窗」は「窓」という意味です。,8,在～上,HSKsentences,1043
1044,4,窗户上有很多雨水。,Chuānghu shàng yǒu hěn duō yǔshuǐ,窓に雨水がたくさんついています。,「窗户」は「窓　※口語だとこちらを使う」という意味です。,,正好／差不多,HSKsentences,1044
1045,4,外面的风吹得很大。,Wàimiàn de fēng chuī de hěn dà,外は風がとても強く吹いています。,「吹」は「吹く」という意味です。,,～不了／无法,HSKsentences,1045
1046,1,请用这个词语造一个句子。,Qǐng yòng zhège cíyǔ zào yí gè jùzi,この単語を使って文を作ってください。,「词语」は「単語」という意味です。,8,尽管／不管,HSKsentences,1046
1047,4,此事非常重要。,Cǐ shì fēicháng zhòngyào.,この件は非常に重要です。,「此」は「この」という意味です。,,却／而,HSKsentences,1047
1048,4,此次活动共有五百人参加。,Cǐ cì huódòng gòng yǒu wǔbǎi rén cānjiā,500人がこのイベントに参加しました。,「此次」は「今回」という意味です。,,另外,HSKsentences,1048
1049,2,此外，还有一个问题需要讨论。,"Cǐwài, hái yǒu yí gè wèntí xūyào tǎolùn.",さらに、話し合うべき別の問題があります。,「此外」は「さらに」という意味です。,23,根据／按照,HSKsentences,1049
1050,1,从此以后，他再也没有迟到。,"Cóngcǐ yǐhòu, tā zài yě méiyǒu chídào",それ以来、彼は二度と遅刻しませんでした。,「从此」は「これより」という意味です。,12,连～也都／甚至,HSKsentences,1050
1051,4,他从来不说谎。,Tā cónglái bù shuōhuǎng.,彼は決して嘘をつきませんでした。,「从来」は「これまで」という意味です。,41,并／估计,HSKsentences,1051
1052,1,我们可以从中学到很多。,Wǒmen kěyǐ cóngzhōng xuédào hěn duō.,私たちはこのことから多くのことを学ぶことができます。,「从中」は「そこから」という意味です。,12,首先～其次／再说,HSKsentences,1052
1053,1,这根绳子太粗了。,Zhè gēn shéngzi tài cū le,このロープは太すぎます。,「粗」は「粗い」という意味です。,10,竟然／果然,HSKsentences,1053
1054,2,考试时不要太粗心。,Kǎoshì shí búyào tài cūxīn.,試験中はあまり油断しないでください。,「粗心」は「不注意」という意味です。,23,要是／值得,HSKsentences,1054
1055,4,他的老家在一个小村里。,Tā de lǎojiā zài yí gè xiǎo cūn lǐ.,彼の故郷は小さな村にあります。,「村」は「村」という意味です。,,以为／认为,HSKsentences,1055
1056,3,你可以把行李存在这里。,Nǐ kěyǐ bǎ xíngli cún zài zhèlǐ.,ここに荷物を預けることができます。,「存」は「保存」という意味です。,36,既～又也还／可不是／往往,HSKsentences,1056
1057,2,别错过这次好机会。,Bié cuòguò zhè cì hǎo jīhuì.,この絶好の機会をお見逃しなく。,「错过」は「見逃す」という意味です。,23,由于／因此／难道,HSKsentences,1057
1058,2,每个人都会犯错误。,Měi gè rén dōu huì fàn cuòwù.,誰でも間違いは犯します。,「错误」は「間違い」という意味です。,15,否则／无论,HSKsentences,1058
1059,4,妈妈答应带我去动物园。,Māma dāying dài wǒ qù dòngwùyuán.,母は私を動物園に連れて行ってくれると約束しました。,「答应」は「承諾」という意味です。,,同时／并且,HSKsentences,1059
1060,3,他很快就答出了这道题。,Tā hěn kuài jiù dá chū le zhè dào tí,彼は質問に素早く答えました。,「答」は「答」という意味です。,30,然而／再～也～,HSKsentences,1060
1061,4,这道题的答案是什么？,Zhè dào tí de dá'àn shì shénme?,この質問の答えは何ですか？,「答案」は「答え」という意味です。,,以,HSKsentences,1061
1062,4,他的成绩达到了录取标准。,Tā de chéngjì dádào le lùqǔ biāozhǔn.,彼の成績は入学要件を満たしていました。,「达到」は「到達する」という意味です。,,由／既然,HSKsentences,1062
1063,4,见面时要打招呼。,Jiànmiàn shí yào dǎ zhāohu,会ったら挨拶しましょう。,「打招呼」は「挨拶する」という意味です。,,于是／可,HSKsentences,1063
1064,4,我们的球队打败了对手。,Wǒmen de qiúduì dǎbài le duìshǒu,私たちのチームは対戦相手に勝ちました。,「打败」は「打ち負かす =勝つ」という意味です。,,恐怕／敢,HSKsentences,1064
1065,1,很多大学生利用暑假打工。,Hěn duō dàxuéshēng lìyòng shǔjià dǎgōng.,多くの大学生は夏休み中にアルバイトをします。,「打工」は「アルバイトをする」という意味です。,3,到底／叫做,HSKsentences,1065
1066,2,不好意思，打扰一下。,"Bù hǎo yìsi, dǎrǎo yíxià.",すみません、お願いできますか？,「打扰」は「お邪魔します」という意味です。,16,为了／在于,HSKsentences,1066
1067,1,请帮我打印这份文件。,Qǐng bāng wǒ dǎyìn zhè fèn wénjiàn.,この書類を印刷してください。,「打印」は「印刷する」という意味です。,8,仍然／究竟,HSKsentences,1067
1068,4,打印机没有纸了。,Dǎyìnjī méiyǒu zhǐ le.,プリンターの用紙が切れています。,「打印机」は「プリンター」という意味です。,,V着V着／一～就～,HSKsentences,1068
1069,4,这件衣服打八折。,Zhè jiàn yīfu dǎ bā zhé.,このシャツは20%オフです。,「打折」は「割引」という意味です。,,不仅～也～／从来,HSKsentences,1069
1070,4,小孩子都怕打针。,Xiǎo háizi dōu pà dǎzhēn,子供たちは注射を怖がります。,「打针」は「注射をする」という意味です。,,应该／得(děi),HSKsentences,1070
1071,4,我们坐大巴去机场。,Wǒmen zuò dàbā qù jīchǎng,私たちはバスで空港へ行きました。,「大巴」は「大型バス」という意味です。,,就是,HSKsentences,1071
1072,4,这种方法大大提高了效率。,Zhè zhǒng fāngfǎ dàdà tígāo le xiàolǜ.,この方法は効率を大幅に向上させました。,「大大」は「とても」という意味です。,,只是～而已／即使～也,HSKsentences,1072
1073,2,大夫说我需要多休息。,Dàifu shuō wǒ xūyào duō xiūxi,医者はもっと休むようにと言いました。,「大夫」は「医師」という意味です。,23,在～上,HSKsentences,1073
1074,4,网上有大量的学习资源。,Wǎng shàng yǒu dàliàng de xuéxí zīyuán,オンラインにはたくさんの学習リソースがあります。,「大量」は「大量」という意味です。,,正好／差不多,HSKsentences,1074
1075,4,他参加了全国歌唱大赛。,Tā cānjiā le quánguó gēchàng dàsài,彼は全国歌唱コンクールに参加しました。,「大赛」は「大会」という意味です。,,～不了／无法,HSKsentences,1075
1076,1,请在大厅等候。,Qǐng zài dàtīng děnghòu,ロビーでお待ちください。,「大厅」は「ロビー」という意味です。,8,尽管／不管,HSKsentences,1076
1077,2,从这里到学校大约十分钟。,Cóng zhèlǐ dào xuéxiào dàyuē shí fēnzhōng,ここから学校までは徒歩約10分です。,「大约」は「およそ」という意味です。,22,却／而,HSKsentences,1077
1078,4,大自然的风景非常美丽。,Dàzìrán de fēngjǐng fēicháng měilì.,自然の景色はとても美しいです。,「大自然」は「大自然」という意味です。,,另外,HSKsentences,1078
1079,1,他在家里待了一整天。,Tā zài jiā lǐ dāi le yì zhěng tiān,彼は一日中家にいました。,「待」は「待つ」という意味です。,7,根据／按照,HSKsentences,1079
1080,1,今天太冷了，记得戴帽子。,"Jīntiān tài lěng le, jìde dài màozi.",今日はとても寒いので、帽子をかぶるのを忘れないでください。,「戴」は「着ける」という意味です。,10,连～也都／甚至,HSKsentences,1080
1081,1,请把东西放进袋子里。,Qǐng bǎ dōngxi fàng jìn dàizi lǐ.,荷物をバッグに入れてください。,「袋子」は「袋」という意味です。,8,并／估计,HSKsentences,1081
1082,4,他换了一个新单位。,Tā huàn le yí gè xīn dānwèi,彼は転職しました。,「单位」は「単位」という意味です。,,首先～其次／再说,HSKsentences,1082
1083,4,她当了三年老师。,Tā dāng le sān nián lǎoshī,彼女は3年間教師をしていました。,「当」は「その時」という意味です。,,竟然／果然,HSKsentences,1083
1084,3,当时我还是个学生。,Dāngshí wǒ háishi gè xuéshēng.,私は当時学生でした。,「当时」は「当時」という意味です。,31,要是／值得,HSKsentences,1084
1085,4,这把刀很锋利。,Zhè bǎ dāo hěn fēnglì.,このナイフはとてもよく切れます。,「刀」は「ナイフ」という意味です。,,以为／认为,HSKsentences,1085
1086,4,导游带我们参观了长城。,Dǎoyóu dài wǒmen cānguān le Chángchéng.,ツアーガイドが私たちを万里の長城に連れて行ってくれました。,「导游」は「ガイド」という意味です。,,既～又也还／可不是／往往,HSKsentences,1086
1087,3,他把杯子里的水倒掉了。,Tā bǎ bēizi lǐ de shuǐ dào diào le.,彼はカップに水を注ぎました。,「倒」は「倒れる、こぼす、注ぎだされる」という意味です。,36,由于／因此／难道,HSKsentences,1087
1088,4,这道菜味道很好。,Zhè dào cài wèidao hěn hǎo.,この料理はとても美味しいです。,「道」は「料理を一品一品数える際の量詞」という意味です。,,否则／无论,HSKsentences,1088
1089,4,你到底想说什么？,Nǐ dàodǐ xiǎng shuō shénme?,一体何を言いたいのですか？,「到底」は「結局」という意味です。,67,同时／并且,HSKsentences,1089
1090,4,春天的到来让人高兴。,Chūntiān de dàolái ràng rén gāoxìng,春の訪れは喜ばしい。,「到来」は「到来」という意味です。,,然而／再～也～,HSKsentences,1090
1091,4,前面的道路很宽。,Qiánmiàn de dàolù hěn kuān,前途は広い。,「道路」は「道」という意味です。,,以,HSKsentences,1091
1092,4,你应该向他道歉。,Nǐ yīnggāi xiàng tā dàoqiàn,彼に謝るべきだ。,「道歉」は「謝罪、謝る」という意味です。,42,由／既然,HSKsentences,1092
1093,4,考了第一名，他非常得意。,"Kǎo le dì yī míng, tā fēicháng déyì.",彼は1位になったことをとても誇りに思っている。,「得意」は「得意、誇りに思う」という意味です。,,于是／可,HSKsentences,1093
1094,4,旅客们正在登机。,Lǚkèmen zhèngzài dēngjī,乗客が飛行機に搭乗している。,「登机」は「搭乗」という意味です。,71,恐怕／敢,HSKsentences,1094
1095,1,请买些水果等食品。,Qǐng mǎi xiē shuǐguǒ děng shípǐn.,果物やその他の食べ物を買ってください。,「等」は「など」という意味です。,8,到底／叫做,HSKsentences,1095
1096,4,等到他来了我们再走。,Děngdào tā lái le wǒmen zài zǒu,彼が到着するまで出発を待ちましょう。,「等到」は「待つ」という意味です。,,为了／在于,HSKsentences,1096
1097,4,今天的气温很低。,Jīntiān de qìwēn hěn di,今日は気温がとても低い。,「低」は「低い」という意味です。,,仍然／究竟,HSKsentences,1097
1098,4,这家店经常低价促销。,Zhè jiā diàn jīngcháng dījià cùxiāo,この店はよく値下げセールをしている。,「低价」は「安価」という意味です。,,V着V着／一～就～,HSKsentences,1098
1099,4,冬天低温天气要注意保暖。,Dōngtiān dīwēn tiānqì yào zhùyì bǎonuǎn,寒い冬は暖かくして過ごしてください。,「低温」は「低温」という意味です。,,不仅～也～／从来,HSKsentences,1099
1100,4,实际花费低于预算。,Shíjì huāfèi dīyú yùsuàn,実際の費用は予算より安かった。,「低于」は「～より低い、～以下」という意味です。,,应该／得(děi),HSKsentences,1100
1101,4,湖底有很多石头。,Hú dǐ yǒu hěn duō shítou,湖底にはたくさんの石がある。,「底」は「底」という意味です。,,就是,HSKsentences,1101
1102,4,桌子底下有一只猫。,Zhuōzi dǐxia yǒu yì zhī māo.,テーブルの下に猫がいる。,「底下」は「下」という意味です。,,只是～而已／即使～也,HSKsentences,1102
1103,4,我们要爱护地球。,Wǒmen yào àihù dìqiú.,私たちは地球を守らなければならない。,「地球」は「地球」という意味です。,,在～上,HSKsentences,1103
1104,1,请告诉我你的收货地址。,Qǐng gàosu wǒ nǐ de shōuhuò dìzhǐ,配達先住所を教えてください。,「地址」は「住所」という意味です。,8,正好／差不多,HSKsentences,1104
1105,4,老师正在点名。,Lǎoshī zhèngzài diǎnmíng.,先生が出席を取っている。,「点名」は「点呼」という意味です。,71,～不了／无法,HSKsentences,1105
1106,4,他微笑着点了点头。,Tā wēixiào zhe diǎn le diǎn tóu.,彼は微笑んでうなずいた。,「点头」は「うなずく」という意味です。,,尽管／不管,HSKsentences,1106
1107,4,他骑电动车上班。,Tā qí diàndòngchē shàngbān.,彼は電動スクーターで通勤している。,「电动车」は「電動自転車」という意味です。,,却／而,HSKsentences,1107
1108,4,这部电视剧很受欢迎。,Zhè bù diànshìjù hěn shòu huānyíng.,そのテレビドラマはとても人気がある。,「电视剧」は「テレビドラマ」という意味です。,,另外,HSKsentences,1108
1109,4,他的钱包掉在地上了。,Tā de qiánbāo diào zài dì shàng le.,彼の財布が地面に落ちた。,「掉」は「落ちる」という意味です。,,根据／按照,HSKsentences,1109
1110,4,警察正在调查这件事。,Jǐngchá zhèngzài diàochá zhè jiàn shì.,警察が捜査している。,「调查」は「調査」という意味です。,71,连～也都／甚至,HSKsentences,1110
1111,4,他在网上订了一张机票。,Tā zài wǎng shàng dìng le yì zhāng jīpiào.,彼はオンラインで航空券を予約した。,「订」は「予約」という意味です。,,并／估计,HSKsentences,1111
1112,4,会议时间定在周五。,Huìyì shíjiān dìng zài zhōuwǔ.,会議は金曜日に予定されている。,「定」は「決定」という意味です。,,首先～其次／再说,HSKsentences,1112
1113,4,上海在中国的东部。,Shànghǎi zài Zhōngguó de dōngbù,上海は中国東部にある。,「东部」は「東部」という意味です。,,竟然／果然,HSKsentences,1113
1114,4,我坐动车去南京。,Wǒ zuò dòngchē qù Nánjīng,私は高速鉄道で南京に行った。,「动车」は「高速鉄道」という意味です。,,要是／值得,HSKsentences,1114
1115,4,太极拳的动作很优美。,Tàijíquán de dòngzuò hěn yōuměi,太極拳の動きは優雅だ。,「动作」は「動作」という意味です。,,以为／认为,HSKsentences,1115
1116,4,这本书深受读者喜爱。,Zhè běn shū shēnshòu dúzhě xǐ'ài.,この本は読者にとても人気がある。,「读者」は「読者」という意味です。,,既～又也还／可不是／往往,HSKsentences,1116
1117,4,北京早上经常堵车。,Běijīng zǎoshang jīngcháng dǔchē.,北京は朝によく渋滞する。,「堵车」は「渋滞」という意味です。,,由于／因此／难道,HSKsentences,1117
1118,3,我们打算去海边度假。,Wǒmen dǎsuàn qù hǎibiān dùjià,私たちはビーチへ休暇に行く予定だ。,「度假」は「休暇」という意味です。,29,否则／无论,HSKsentences,1118
1119,4,我肚子饿了。,Wǒ dùzi è le,お腹が空いた。,「肚子」は「お腹」という意味です。,,同时／并且,HSKsentences,1119
1120,4,他给我发了一条短信。,Tā gěi wǒ fā le yì tiáo duǎnxìn,彼からテキストメッセージが届いた。,「短信」は「ショートメッセージ」という意味です。,,然而／再～也～,HSKsentences,1120
1121,4,门口排了一条长队。,Ménkǒu pái le yì tiáo cháng duì.,入り口に長い行列ができている。,「队」は「チーム」という意味です。,,以,HSKsentences,1121
1122,4,对方同意了我们的方案。,Duìfāng tóngyì le wǒmen de fāng'àn,相手は私たちの計画に同意した。,「对方」は「相手」という意味です。,,由／既然,HSKsentences,1122
1123,4,学校就在银行对面。,Xuéxiào jiù zài yínháng duìmiàn,学校は銀行の真向かいにある。,「对面」は「向かい側」という意味です。,,于是／可,HSKsentences,1123
1124,4,对于这个问题，大家看法不同。,"Duìyú zhège wèntí, dàjiā kànfǎ bùtóng.",この件については意見が分かれた。,「对于」は「～について」という意味です。,,恐怕／敢,HSKsentences,1124
1125,2,每个队员都很努力。,Měi gè duìyuán dōu hěn nǔlì.,チームメンバー全員が一生懸命働いた。,「队员」は「チームメイト」という意味です。,15,到底／叫做,HSKsentences,1125
1126,3,他被选为队长。,Tā bèi xuǎn wéi duìzhǎng.,彼はキャプテンに選ばれた。,「队长」は「キャプテン」という意味です。,40,为了／在于,HSKsentences,1126
1127,4,我们一天吃三顿饭。,Wǒmen yì tiān chī sān dùn fàn.,私たちは1日3食食べる。,「顿」は「一瞬」という意味です。,,仍然／究竟,HSKsentences,1127
1128,4,这里的风景多么漂亮啊！,Zhèlǐ de fēngjǐng duōme piàoliang a!,ここの景色は本当に美しい！,「多么」は「なんと」という意味です。,,V着V着／一～就～,HSKsentences,1128
1129,4,多数同学赞成这个计划。,Duōshù tóngxué zànchéng zhège jìhuà.,ほとんどの学生がこの計画に賛成した。,「多数」は「多くの」という意味です。,,不仅～也～／从来,HSKsentences,1129
1130,4,中国的饮食文化非常多样。,Zhōngguó de yǐnshí wénhuà fēicháng duōyàng.,中国の食文化は非常に多様だ。,「多样」は「多様な」という意味です。,,应该／得(děi),HSKsentences,1130
1131,4,他年纪小而能力强。,Tā niánjì xiǎo ér nénglì qiáng.,彼は若いが有能だ。,「而」は「そして」という意味です。,49,就是,HSKsentences,1131
1132,4,这是一部儿童电影。,Zhè shì yí bù értóng diànyǐng.,これは子供向けの映画だ。,「儿童」は「子供」という意味です。,,只是～而已／即使～也,HSKsentences,1132
1133,4,他发出了一声叹息。,Tā fāchū le yì shēng tàn,彼はため息をついた。,「发出」は「発する」という意味です。,,在～上,HSKsentences,1133
1134,3,请把文件发送给我。,Qǐng bǎ wénjiàn fāsòng gěi wǒ.,ファイルを私に送ってください。,「发送」は「送信する」という意味です。,36,正好／差不多,HSKsentences,1134
1135,4,这个方法很有效。,Zhège fāngfǎ hěn yǒuxiào.,この方法は非常に効果的だ。,「法」は「法」という意味です。,,～不了／无法,HSKsentences,1135
1136,2,每个公民都要遵守法律。,Měi gè gōngmín dōu yào zūnshǒu fǎlǜ.,すべての市民は法律を遵守しなければならない。,「法律」は「法律」という意味です。,15,尽管／不管,HSKsentences,1136
1137,4,他是一名专业翻译。,Tā shì yì míng zhuānyè fānyì.,彼はプロの翻訳家だ。,「翻译」は「翻訳」という意味です。,,却／而,HSKsentences,1137
1138,1,这道题太烦了。,Zhè dào tí tài fán le,この問題は面倒すぎる。,「烦」は「面倒、煩わしい」という意味です。,10,另外,HSKsentences,1138
1139,2,每个人都有自己的烦恼。,Měi gè rén dōu yǒu zìjǐ de fánnǎo,誰しもそれぞれ悩みを抱えている。,「烦恼」は「悩み」という意味です。,15,根据／按照,HSKsentences,1139
1140,4,很多人反对这个计划。,Hěn duō rén fǎnduì zhège jìhuà.,多くの人がこの計画に反対している。,「反对」は「反対」という意味です。,,连～也都／甚至,HSKsentences,1140
1141,4,他在学习方面很优秀。,Tā zài xuéxí fāngmiàn hěn yōuxiù.,彼は学業優秀だ。,「方面」は「方面」という意味です。,,并／估计,HSKsentences,1141
1142,2,每个人都有不同的生活方式。,Měi gè rén dōu yǒu bùtóng de shēnghuó fāngshì,人それぞれライフスタイルが違う。,「方式」は「方法」という意味です。,15,首先～其次／再说,HSKsentences,1142
1143,4,房东说下个月要涨房租。,Fángdōng shuō xià gè yuè yào zhǎng fángzū.,大家は来月から家賃が上がると言った。,「房东」は「大家さん」という意味です。,,竟然／果然,HSKsentences,1143
1144,4,这里的房租一个月三千块。,Zhèlǐ de fángzū yí gè yuè sānqiān kuài.,ここの家賃は月3000元だ。,「房租」は「家賃」という意味です。,,要是／值得,HSKsentences,1144
1145,2,遇到困难不要轻易放弃。,Yùdào kùnnan búyào qīngyì fàngqì.,困難に直面しても簡単に諦めてはいけない。,「放弃」は「諦める」という意味です。,23,以为／认为,HSKsentences,1145
1146,1,周末我喜欢放松一下。,Zhōumò wǒ xǐhuan fàngsōng yíxià.,私は週末はゆっくり過ごすのが好きだ。,「放松」は「リラックス」という意味です。,11,既～又也还／可不是／往往,HSKsentences,1146
1147,4,这次旅行的费用不高。,Zhè cì lǚxíng de fèiyong bù gāo.,今回の旅行は高くなかった。,「费」は「費用」という意味です。,,由于／因此／难道,HSKsentences,1147
1148,3,留学的费用越来越高。,Liúxué de fèiyong yuèláiyuè gāo.,留学費用はどんどん高くなっています。,「费用」は「費用」という意味です。,31,否则／无论,HSKsentences,1148
1149,4,他这次考试的分数很高。,Tā zhè cì kǎoshì de fēnshù hěn gāo.,彼はこの試験でとても高い点数を取りました。,「分数」は「点数」という意味です。,,同时／并且,HSKsentences,1149
1150,4,一年分为四个季节。,Yì nián fēnwéi sì gè jìjié.,1年は四季に分かれています。,「分为」は「に分かれる」という意味です。,,然而／再～也～,HSKsentences,1150
1151,1,请给我一份菜单。,Qǐng gěi wǒ yí fèn càidān.,メニューをください。,「份」は「分」という意味です。,8,以,HSKsentences,1151
1152,4,他的经验很丰富。,Tā de jīngyàn hěn fēngfù.,彼はとても経験豊富です。,「丰富」は「豊かな」という意味です。,,由／既然,HSKsentences,1152
1153,1,这里的风景太美了。,Zhèlǐ de fēngjǐng tài měi le.,ここの景色はとても美しいです。,「风景」は「風景」という意味です。,10,于是／可,HSKsentences,1153
1154,4,快点走，否则就要迟到了。,"Kuài diǎn zǒu, fǒuzé jiù yào chídào le.",急いでください、遅れてしまいます。,「否则」は「そうでなければ」という意味です。,60,恐怕／敢,HSKsentences,1154
1155,4,墙上挂着一幅画。,Qiáng shàng guà zhe yì fú huà.,壁に絵が飾ってあります。,「幅」は「枚」という意味です。,,到底／叫做,HSKsentences,1155
1156,4,这个方案符合要求。,Zhège fāng'àn fúhé yāoqiú.,このプランは要件を満たしています。,「符合」は「適合する」という意味です。,,为了／在于,HSKsentences,1156
1157,1,你可以用手机付钱。,Nǐ kěyǐ yòng shǒujī fù qián,携帯電話で支払うことができます。,「付」は「付」という意味です。,12,仍然／究竟,HSKsentences,1157
1158,4,父母总是担心孩子的安全。,Fùmǔ zǒngshì dānxīn háizi de ānquán.,親はいつも子供の安全を心配しています。,「父母」は「両親」という意味です。,,V着V着／一～就～,HSKsentences,1158
1159,4,他们是一对父女。,Tāmen shì yí duì fùnǚ.,彼らは父と娘です。,「父女」は「父と娘」という意味です。,,不仅～也～／从来,HSKsentences,1159
1160,4,我的父亲是一名工程师。,Wǒ de fùqīn shì yì míng gōngchéngshī.,私の父はエンジニアです。,「父亲」は「父」という意味です。,,应该／得(děi),HSKsentences,1160
1161,1,请帮我复印两份这个文件。,Qǐng bāng wǒ fùyìn liǎng fèn zhège wénjiàn,この書類を2部コピーしてください。,「复印」は「コピー」という意味です。,8,就是,HSKsentences,1161
1162,4,这个问题比较复杂。,Zhège wèntí bǐjiào fùzá,これはかなり複雑な問題です。,「复杂」は「複雑」という意味です。,24,只是～而已／即使～也,HSKsentences,1162
1163,4,他负责公司的市场工作。,Tā fùzé gōngsī de shìchǎng gōngzuò.,彼は会社のマーケティング責任者です。,「负责」は「責任」という意味です。,,在～上,HSKsentences,1163
1164,4,会议的负责人是李老师。,Huìyì de fùzérén shì Lǐ lǎoshī.,会議の責任者は李先生です。,「负责人」は「責任者」という意味です。,,正好／差不多,HSKsentences,1164
1165,4,这对父子长得很像。,Zhè duì fùzǐ zhǎng de hěn xiàng,この父子はとてもよく似ています。,「父子」は「父と息子」という意味です。,,～不了／无法,HSKsentences,1165
1166,3,请你把这个错误改过来。,Qǐng nǐ bǎ zhège cuòwù gǎi guòlái.,この間違いを訂正してください。,「改」は「変更」という意味です。,30,尽管／不管,HSKsentences,1166
1167,4,旅行改变了他对世界的看法。,Lǚxíng gǎibiàn le tā duì shìjiè de kànfǎ,旅は彼の世界観を変えました。,「改变」は「変化」という意味です。,,却／而,HSKsentences,1167
1168,2,衣服已经干了。,Yīfu yǐjīng gān le.,服は乾いています。,「干」は「乾杯」という意味です。,17,另外,HSKsentences,1168
1169,4,为我们的友谊干杯！,Wèi wǒmen de yǒuyì gānbēi!,私たちの友情に乾杯！,「干杯」は「乾杯」という意味です。,,根据／按照,HSKsentences,1169
1170,4,他赶着去上班。,Tā gǎn zhe qù shàngbān,彼は仕事に急いでいます。,「赶」は「急ぐ」という意味です。,,连～也都／甚至,HSKsentences,1170
1171,4,他不敢一个人走夜路。,Tā bù gǎn yí gè rén zǒu yèlù.,彼は夜一人で歩くのが怖いのです。,「敢」は「敢えて」という意味です。,66,并／估计,HSKsentences,1171
1172,4,这首歌给人一种幸福感。,Zhè shǒu gē gěi rén yì zhǒng xìngfú gǎn,この歌は幸福感を与えてくれます。,「感」は「感動」という意味です。,,首先～其次／再说,HSKsentences,1172
1173,4,这个故事让我很感动。,Zhège gùshi ràng wǒ hěn gǎndòng,この話は私の心を深く揺さぶりました。,「感动」は「感動」という意味です。,,竟然／果然,HSKsentences,1173
1174,4,快下雨了，赶紧回家吧。,"Kuài xià yǔ le, gǎnjǐn huí jiā ba.",雨が降りそうだから、急いで家に帰ろう。,「赶紧」は「急いで」という意味です。,,要是／值得,HSKsentences,1174
1175,4,我感觉今天天气会变冷。,Wǒ gǎnjué jīntiān tiānqì huì biàn lěng,今日は寒くなりそうだ。,「感觉」は「感覚」という意味です。,,以为／认为,HSKsentences,1175
1176,2,赶快出发，不然要迟到了！,"Gǎnkuài chūfā, bùrán yào chídào le!",早く出発しないと遅れるよ！,「赶快」は「急いで」という意味です。,28,既～又也还／可不是／往往,HSKsentences,1176
1177,4,兄弟之间的感情很深。,Xiōngdì zhījiān de gǎnqíng hěn shēn,兄弟の絆は深い。,「感情」は「感情」という意味です。,,由于／因此／难道,HSKsentences,1177
1178,4,这部电影非常感人。,Zhè bù diànyǐng fēicháng gǎnrén.,この映画はとても感動的だ。,「感人」は「感動的」という意味です。,,否则／无论,HSKsentences,1178
1179,2,他跑得快，终于赶上了公交车。,"Tā pǎo de kuài, zhōngyú gǎnshàng le gōngjiāochē.",彼は急いで走り、ついにバスに間に合った。,「赶上」は「間に合う」という意味です。,25,同时／并且,HSKsentences,1179
1180,4,你应该亲自感受一下中国文化。,Nǐ yīnggāi qīnzì gǎnshòu yíxià Zhōngguó wénhuà.,ぜひ中国文化を体験してみてほしい。,「感受」は「感じる」という意味です。,42,然而／再～也～,HSKsentences,1180
1181,2,感谢大家的帮助。,Gǎnxiè dàjiā de bāngzhù.,皆さん、ご協力ありがとうございました。,「感谢」は「感謝」という意味です。,17,以,HSKsentences,1181
1182,1,爷爷虽然年纪大了，还是喜欢干活儿。,"Yéye suīrán niánjì dà le, háishi xǐhuan gànhuór.",おじいさんは高齢だが、今でも働くのが好きだ。,「干活儿」は「仕事」という意味です。,11,由／既然,HSKsentences,1182
1183,2,她从小就学钢琴。,Tā cóng xiǎo jiù xué gāngqín,彼女は幼い頃からピアノを習っていました。,「钢琴」は「ピアノ」という意味です。,22,于是／可,HSKsentences,1183
1184,4,这套房子以高价卖出了。,Zhè tào fángzi yǐ gāojià mài chū le.,この家は高値で売れました。,「高价」は「高値」という意味です。,,恐怕／敢,HSKsentences,1184
1185,2,高考是中国最重要的考试之一。,Gāokǎo shì Zhōngguó zuì zhòngyào de kǎoshì zhī yī,大学入試は中国で最も重要な試験の一つです。,「高考」は「大学入試」という意味です。,14,到底／叫做,HSKsentences,1185
1186,4,高速公路上车辆很多。,Gāosù gōnglù shàng chēliàng hěn duō,高速道路には車がたくさん走っています。,「高速」は「高速道路」という意味です。,,为了／在于,HSKsentences,1186
1187,4,夏天的高温让人受不了。,Xiàtiān de gāowēn ràng rén shòu bù liǎo,夏の暑さは耐え難いほどです。,「高温」は「高温」という意味です。,47,仍然／究竟,HSKsentences,1187
1188,4,今年的产量高于去年。,Jīnnián de chǎnliàng gāoyú qùnián,今年の生産量は昨年より多いです。,「高于」は「より高い」という意味です。,,V着V着／一～就～,HSKsentences,1188
1189,4,我的胳膊有点疼。,Wǒ de gēbo yǒudiǎn téng.,腕が少し痛い。,「胳膊」は「腕」という意味です。,,不仅～也～／从来,HSKsentences,1189
1190,4,远处传来优美的歌声。,Yuǎnchù chuánlái yōuměi de gēshēng.,遠くから美しい歌声が聞こえてきた。,「歌声」は「歌声」という意味です。,,应该／得(děi),HSKsentences,1190
1191,4,她是一位很有名的歌手。,Tā shì yí wèi hěn yǒumíng de gēshǒu,彼女はとても有名な歌手だ。,「歌手」は「歌手」という意味です。,,就是,HSKsentences,1191
1192,4,各国代表出席了会议。,Gè guó dàibiǎo chūxí le huìyì,様々な国の代表者が会議に出席しました。,「各」は「各」という意味です。,,只是～而已／即使～也,HSKsentences,1192
1193,2,全国各地的人都来了。,Quánguó gèdì de rén dōu lái le,全国各地から人々が集まりました。,「各地」は「各地」という意味です。,28,在～上,HSKsentences,1193
1194,4,各个学校都在准备运动会。,Gègè xuéxiào dōu zài zhǔnbèi yùndònghuì.,学校は運動会に向けて準備を進めています。,「各个」は「各」という意味です。,,正好／差不多,HSKsentences,1194
1195,2,各位同学好，请坐。,"Gèwèi tóngxué hǎo, qǐng zuò.",皆さん、どうぞお座りください。,「各位」は「各位」という意味です。,22,～不了／无法,HSKsentences,1195
1196,4,超市里有各种水果。,Chāoshì lǐ yǒu gèzhǒng shuǐguǒ,スーパーマーケットにはあらゆる種類の果物が揃っています。,「各种」は「各種」という意味です。,,尽管／不管,HSKsentences,1196
1197,4,练习让他的中文更加流利了。,Liànxí ràng tā de Zhōngwén gèngjiā liúlì le,練習のおかげで彼の中国語は流暢になりました。,「更加」は「さらに」という意味です。,,却／而,HSKsentences,1197
1198,4,这家工厂生产手机。,Zhè jiā gōngchǎng shēngchǎn shǒujī,この工場は携帯電話を製造しています。,「工厂」は「工場」という意味です。,,另外,HSKsentences,1198
1199,4,中国功夫在世界上很有名。,Zhōngguó gōngfu zài shìjiè shàng hěn yǒumíng,中国武術は世界的に非常に有名です。,「功夫」は「功夫」という意味です。,,根据／按照,HSKsentences,1199
1200,1,请爱护公共设施。,Qǐng àihù gōnggòng shèshī,公共施設を大切にしてください。,「公共」は「公共」という意味です。,8,连～也都／甚至,HSKsentences,1200
1201,2,做完功课再去玩儿。,Zuò wán gōngkè zài qù wánr,宿題が終わったら遊ぶつもりだ。,「功课」は「宿題」という意味です。,22,并／估计,HSKsentences,1201
1202,4,学校离我家五公里。,Xuéxiào lí wǒ jiā wǔ gōnglǐ,学校は家から5キロ離れている。,「公里」は「キロメートル」という意味です。,,首先～其次／再说,HSKsentences,1202
1203,4,这条公路通向海边。,Zhè tiáo gōnglù tōng xiàng hǎibiān.,この道は海に通じている。,「公路」は「道路」という意味です。,,竟然／果然,HSKsentences,1203
1204,4,建筑工人非常辛苦。,Jiànzhù gōngrén fēicháng xīnkǔ,建設作業員はとても一生懸命働いている。,「工人」は「労働者」という意味です。,,要是／值得,HSKsentences,1204
1205,2,他每个月的工资不低。,Tā měi gè yuè de gōngzī bù dī,彼の月給は低くない。,「工资」は「賃金」という意味です。,15,以为／认为,HSKsentences,1205
1206,4,我们班共有三十个学生。,Wǒmen bān gòng yǒu sānshí gè xuéshēng.,私たちのクラスには30人の生徒がいる。,「共」は「合計」という意味です。,,既～又也还／可不是／往往,HSKsentences,1206
1207,4,我们有共同的爱好。,Wǒmen yǒu gòngtóng de àihào.,私たちは共通の趣味を持っている。,「共同」は「共同」という意味です。,,由于／因此／难道,HSKsentences,1207
1208,1,这些钱够买一本书。,Zhèxiē qián gòu mǎi yì běn shū,このお金で本が1冊買えます。,「够」は「十分」という意味です。,13,否则／无论,HSKsentences,1208
1209,1,你可以在网上购买机票。,Nǐ kěyǐ zài wǎng shàng gòumǎi jīpiào.,飛行機のチケットはオンラインで買えます。,「购买」は「購入」という意味です。,12,同时／并且,HSKsentences,1209
1210,1,她喜欢在周末购物。,Tā xǐhuan zài zhōumò gòuwù,彼女は週末に買い物をするのが好きです。,「购物」は「買い物」という意味です。,11,然而／再～也～,HSKsentences,1210
1211,4,我估计他今天不会来了。,Wǒ gūjì tā jīntiān bú huì lái le.,彼は今日は来ないと思います。,「估计」は「推定」という意味です。,53,以,HSKsentences,1211
1212,4,那个姑娘长得很漂亮。,Nàge gūniang zhǎng de hěn piàoliang,あの女の子はとても可愛いです。,「姑娘」は「女性」という意味です。,,由／既然,HSKsentences,1212
1213,4,老师经常鼓励我们多读书。,Lǎoshī jīngcháng gǔlì wǒmen duō dú shū,先生はよく私たちにもっと本を読むように勧めてくれます。,「鼓励」は「励まし」という意味です。,,于是／可,HSKsentences,1213
1214,4,顾客就是上帝。,Gùkè jiùshì shàngdì,お客様は常に正しい。,「顾客」は「顧客」という意味です。,43,恐怕／敢,HSKsentences,1214
1215,1,他不是故意的，请原谅他。,"Tā búshì gùyì de, qǐng yuánliàng tā",彼は悪気はなかったんです、許してあげてください。,「故意」は「故意」という意味です。,13,到底／叫做,HSKsentences,1215
1216,3,把外套挂在衣架上吧。,Bǎ wàitào guà zài yījià shàng ba.,コートをハンガーにかけてください。,「挂」は「表示」という意味です。,36,为了／在于,HSKsentences,1216
1217,4,关键是要找到解决办法。,Guānjiàn shì yào zhǎodào jiějué bànfǎ.,重要なのは解決策を見つけることだ。,「关键」は「重要」という意味です。,,仍然／究竟,HSKsentences,1217
1218,4,我们一起观看了足球比赛。,Wǒmen yìqǐ guānkàn le zúqiú bǐsài.,私たちは一緒にサッカーの試合を見た。,「观看」は「視聴」という意味です。,24,V着V着／一～就～,HSKsentences,1218
1219,4,观众们热烈鼓掌。,Guānzhòngmen rèliè gǔzhǎng,聴衆は熱烈な拍手を送った。,「观众」は「視聴者」という意味です。,,不仅～也～／从来,HSKsentences,1219
1220,4,妈妈不管我吃什么零食。,Māma bù guǎn wǒ chī shénme língshí.,母は私がどんなおやつを食べようと気にしない。,「管」は「管理」という意味です。,,应该／得(děi),HSKsentences,1220
1221,4,他管理着一个大团队。,Tā guǎnlǐ zhe yí gè dà tuánduì.,彼は大勢のチームを率いている。,「管理」は「管理」という意味です。,,就是,HSKsentences,1221
1222,3,阳光从窗户照进来了。,Yángguāng cóng chuānghu zhào jìnlái le,窓から陽光が差し込んできた。,「光」は「光」という意味です。,30,只是～而已／即使～也,HSKsentences,1222
1223,4,机场的广播正在通知登机。,Jīchǎng de guǎngbō zhèngzài tōngzhī dēngjī,空港のアナウンスで搭乗開始が告げられた。,「广播」は「放送」という意味です。,71,在～上,HSKsentences,1223
1224,1,电视上的广告太多了。,Diànshì shàng de guǎnggào tài duō le.,テレビのコマーシャルが多すぎる。,「广告」は「広告」という意味です。,10,正好／差不多,HSKsentences,1224
1225,4,我们去逛商场吧。,Wǒmen qù guàng shāngchǎng ba,買い物に行こう。,「逛」は「閲覧」という意味です。,,～不了／无法,HSKsentences,1225
1226,4,公司规定上班不能迟到。,Gōngsī guīdìng shàngbān bù néng chídào,会社の規則では、遅刻は許されない。,「规定」は「規定」という意味です。,,尽管／不管,HSKsentences,1226
1227,1,请填写你的国籍。,Qǐng tiánxiě nǐ de guójí,国籍を記入してください。,「国籍」は「国籍」という意味です。,8,却／而,HSKsentences,1227
1228,4,这是一次国际会议。,Zhè shì yí cì guójì huìyì.,これは国際会議です。,「国际」は「国際」という意味です。,,另外,HSKsentences,1228
1229,1,我想喝一杯橙果汁。,Wǒ xiǎng hē yì bēi chéng guǒzhī.,オレンジジュースを一杯ください。,「果汁」は「果汁」という意味です。,6,根据／按照,HSKsentences,1229
1230,4,学习是一个长期的过程。,Xuéxí shì yí gè chángqī de guòchéng.,学習は長期的なプロセスである。,「过程」は「過程」という意味です。,,连～也都／甚至,HSKsentences,1230
1231,4,海洋里有很多种生物。,Hǎiyáng lǐ yǒu hěn duō zhǒng shēngwù,海には様々な種類の生き物がいる。,「海洋」は「海洋」という意味です。,,并／估计,HSKsentences,1231
1232,4,她是一个害羞的女孩。,Tā shì yí gè hàixiū de nǚhái,彼女は内気な女の子だ。,「害羞」は「恥ずかしがり屋」という意味です。,,首先～其次／再说,HSKsentences,1232
1233,3,寒假你打算做什么？,Hánjià nǐ dǎsuàn zuò shénme?,冬休みの予定は？,「寒假」は「冬休み」という意味です。,29,竟然／果然,HSKsentences,1233
1234,4,冬天北方天气非常寒冷。,Dōngtiān běifāng tiānqì fēicháng hánlěng,北部の冬は極寒です。,「寒冷」は「寒さ」という意味です。,,要是／值得,HSKsentences,1234
1235,4,他大声喊了一句：停！,Tā dàshēng hǎn le yí jù: tíng!,彼は「止まれ！」と叫んだ。,「喊」は「叫ぶ」という意味です。,,以为／认为,HSKsentences,1235
1236,4,跑步后他满头是汗。,Pǎobù hòu tā mǎn tóu shì hàn,彼は走った後、汗だくだった。,「汗」は「汗」という意味です。,,既～又也还／可不是／往往,HSKsentences,1236
1237,4,我的航班是晚上八点起飞。,Wǒ de hángbān shì wǎnshang bā diǎn qǐfēi.,私の飛行機は午後8時に出発します。,「航班」は「フライト」という意味です。,,由于／因此／难道,HSKsentences,1237
1238,4,多运动对身体有好处。,Duō yùndòng duì shēntǐ yǒu hǎochù.,運動は健康に良い。,「好处」は「メリット」という意味です。,,否则／无论,HSKsentences,1238
1239,4,你要好好学习。,Nǐ yào hǎohǎo xuéxí,一生懸命勉強するべきだ。,「好好」は「いいね」という意味です。,,同时／并且,HSKsentences,1239
1240,2,这个笑话真好笑。,Zhège xiàohua zhēn hǎoxiào.,その冗談は本当に面白い。,「好笑」は「面白い」という意味です。,16,然而／再～也～,HSKsentences,1240
1241,4,产品质量检验合格。,Chǎnpǐn zhìliàng jiǎnyàn hégé,製品の品質検査に合格した。,「合格」は「合格」という意味です。,,以,HSKsentences,1241
1242,4,她打开了一个漂亮的盒子。,Tā dǎkāi le yí gè piàoliang de hézi.,彼女は美しい箱を開けた。,「盒子」は「箱」という意味です。,,由／既然,HSKsentences,1242
1243,2,过年的时候大人给小孩发红包。,Guònián de shíhou dàrén gěi xiǎohái fā hóngbāo,旧正月には、大人は子供に赤い封筒を渡す。,「红包」は「お年玉」という意味です。,17,于是／可,HSKsentences,1243
1244,4,冬天要穿厚衣服。,Dōngtiān yào chuān hòu yīfu,冬は厚着をしなければならない。,「厚」は「分厚い」という意味です。,,恐怕／敢,HSKsentences,1244
1245,4,他非常后悔没有努力学习。,Tā fēicháng hòuhuǐ méiyǒu nǔlì xuéxí.,彼はもっと勉強しなかったことを深く後悔した。,「后悔」は「後悔」という意味です。,,到底／叫做,HSKsentences,1245
1246,4,忽然下起了大雨。,Hūrán xià qǐ le dà yǔ,突然、激しい雨が降り始めた。,「忽然」は「突然」という意味です。,,为了／在于,HSKsentences,1246
1247,4,互联网改变了人们的生活。,Hùliánwǎng gǎibiàn le rénmen de shēnghuó.,インターネットは人々の生活を変えた。,「互联网」は「インターネット」という意味です。,,仍然／究竟,HSKsentences,1247
1248,4,护士照顾病人很细心。,Hùshi zhàogù bìngrén hěn xìxīn,看護師は患者の世話をとてもよくする。,「护士」は「看護師」という意味です。,,V着V着／一～就～,HSKsentences,1248
1249,2,同学之间要互相帮助。,Tóngxué zhījiān yào hùxiāng bāngzhù.,私たちは互いに助け合うべきです。,「互相」は「互いに」という意味です。,17,不仅～也～／从来,HSKsentences,1249
1250,4,我们明天去看话剧。,Wǒmen míngtiān qù kàn huàjù.,明日、芝居を見に行きます。,「话剧」は「演劇」という意味です。,,应该／得(děi),HSKsentences,1250
1251,1,我怀疑这件事不是真的。,Wǒ huáiyí zhè jiàn shì búshì zhēn de.,これは本当かどうか疑わしいです。,「怀疑」は「疑い」という意味です。,13,就是,HSKsentences,1251
1252,4,抽烟对身体有很多坏处。,Chōuyān duì shēntǐ yǒu hěn duō huàichù,喫煙は健康に非常に有害です。,「坏处」は「欠点」という意味です。,,只是～而已／即使～也,HSKsentences,1252
1253,4,我们要用环保的购物袋。,Wǒmen yào yòng huánbǎo de gòuwù dài,環境に優しい買い物袋を使うべきです。,「环保」は「環境保護」という意味です。,,在～上,HSKsentences,1253
1254,4,在这一站换乘二号线。,Zài zhè yí zhàn huànchéng èr hào xiàn,この駅で2号線に乗り換えます。,「换乘」は「乗り換え」という意味です。,,正好／差不多,HSKsentences,1254
1255,1,请尽快回复这封邮件。,Qǐng jǐnkuài huífù zhè fēng yóujiàn,このメールにできるだけ早く返信してください。,「回复」は「返信」という意味です。,8,～不了／无法,HSKsentences,1255
1256,2,他还没有回信给我。,Tā hái méiyǒu huíxìn gěi wǒ.,彼はまだ私に返信していません。,「回信」は「返事」という意味です。,20,尽管／不管,HSKsentences,1256
1257,4,这张照片让我回忆起了大学时光。,Zhè zhāng zhàopiàn ràng wǒ huíyì qǐ le dàxué shíguāng.,この写真を見ると大学時代を思い出します。,「回忆」は「思い出」という意味です。,,却／而,HSKsentences,1257
1258,4,你是我们的V会员。,Nǐ shì wǒmen de VIP huìyuán,あなたは私たちのVメンバーです。,「会员」は「会員」という意味です。,,另外,HSKsentences,1258
1259,1,这条鱼还是活的。,Zhè tiáo yú háishi huó de.,この魚はまだ生きています。,「活」は「活動」という意味です。,13,根据／按照,HSKsentences,1259
1260,4,学校组织了很多课外活动。,Xuéxiào zǔzhī le hěn duō kèwài huódòng,学校は多くの課外活動を企画しています。,「活动」は「イベント」という意味です。,,连～也都／甚至,HSKsentences,1260
1261,4,这个孩子非常活泼。,Zhège háizi fēicháng huópō,この子供はとても活発です。,「活泼」は「活発」という意味です。,,并／估计,HSKsentences,1261
1262,4,冬天大家围着火取暖。,Dōngtiān dàjiā wéi zhe huǒ qǔnuǎn.,冬にはみんなで火を囲んで暖をとります。,「火」は「情熱」という意味です。,,首先～其次／再说,HSKsentences,1262
1263,4,这批货明天就能到。,Zhè pī huò míngtiān jiù néng dào,この荷物は明日到着します。,「货」は「人気商品」という意味です。,,竟然／果然,HSKsentences,1263
1264,4,她获得了比赛的金牌。,Tā huòdé le bǐsài de jīnpái,彼女はコンテストで金メダルを獲得しました。,「获得」は「獲得」という意味です。,24,要是／值得,HSKsentences,1264
1265,4,他的作品获奖了。,Tā de zuòpǐn huòjiǎng le.,彼の作品は賞を受賞しました。,「获奖」は「受賞」という意味です。,,以为／认为,HSKsentences,1265
1266,1,通过学习可以获取更多知识。,Tōngguò xuéxí kěyǐ huòqǔ gèng duō zhīshi.,学ぶことで知識を深めることができます。,「获取」は「入手」という意味です。,12,既～又也还／可不是／往往,HSKsentences,1266
1267,2,他已经掌握了基本的语法。,Tā yǐjīng zhǎngwò le jīběn de yǔfǎ.,彼はすでに基本的な文法を習得しています。,「基本」は「基本」という意味です。,17,由于／因此／难道,HSKsentences,1267
1268,4,这个项目基本上完成了。,Zhège xiàngmù jīběnshàng wánchéng le,このプロジェクトはほぼ完了しています。,「基本上」は「基本的に」という意味です。,,否则／无论,HSKsentences,1268
1269,2,学好基础很重要。,Xué hǎo jīchǔ hěn zhòngyào,基礎をしっかり身につけることは非常に重要です。,「基础」は「基礎」という意味です。,22,同时／并且,HSKsentences,1269
1270,4,听到这个好消息，她非常激动。,"Tīngdào zhège hǎo xiāoxi, tā fēicháng jīdòng",彼女はこの朗報を聞いてとても喜んでいました。,「激动」は「興奮」という意味です。,,然而／再～也～,HSKsentences,1270
1271,4,他工作态度非常积极。,Tā gōngzuò tàidù fēicháng jījí,彼は非常に前向きな仕事ぶりです。,「积极」は「積極的」という意味です。,,以,HSKsentences,1271
1272,2,学习语言需要慢慢积累。,Xuéxí yǔyán xūyào mànmàn jīlěi.,言語学習には段階的な積み重ねが必要です。,「积累」は「蓄積」という意味です。,23,由／既然,HSKsentences,1272
1273,4,多亏你及时赶到了。,Duōkuī nǐ jíshí gǎndào le.,時間通りに到着してくれて本当に良かったです。,「及时」は「速やかに」という意味です。,,于是／可,HSKsentences,1273
1274,4,即使下雨，我们也要出发。,"Jíshǐ xià yǔ, wǒmen yě yào chūfā",雨が降っても出発します。,「即使」は「たとえ」という意味です。,44,恐怕／敢,HSKsentences,1274
1275,4,他既聪明又勤奋。,Tā jì cōngming yòu qínfèn,彼は頭も良く、勤勉です。,「既」は「すでに」という意味です。,58,到底／叫做,HSKsentences,1275
1276,4,我想寄一个包裹到美国。,Wǒ xiǎng jì yí gè bāoguǒ dào Měiguó.,アメリカに荷物を送りたいのですが。,「寄」は「送る」という意味です。,,为了／在于,HSKsentences,1276
1277,4,你暑假有什么计划？,Nǐ shǔjià yǒu shénme jìhuà?,夏休みのご予定は？,「计划」は「計画」という意味です。,,仍然／究竟,HSKsentences,1277
1278,4,既然你来了，就多待一会儿。,"Jìrán nǐ lái le, jiù duō dāi yíhuìr",せっかく来たのだから、もう少し滞在してください。,「既然」は「既然」という意味です。,64,V着V着／一～就～,HSKsentences,1278
1279,4,他的电脑技术很好。,Tā de diànnǎo jìshù hěn hǎo.,彼のコンピュータスキルは素晴らしいです。,「技术」は「技術」という意味です。,,不仅～也～／从来,HSKsentences,1279
1280,1,请继续往前走。,Qǐng jìxù wǎng qián zǒu,どうぞ続けてください。,「继续」は「続ける」という意味です。,8,应该／得(děi),HSKsentences,1280
1281,4,记者正在现场采访。,Jìzhě zhèngzài xiànchǎng cǎifǎng.,記者が現地で取材中です。,「记者」は「記者」という意味です。,71,就是,HSKsentences,1281
1282,2,他最近经常加班。,Tā zuìjìn jīngcháng jiābān.,彼は最近、残業が多いです。,「加班」は「残業」という意味です。,14,只是～而已／即使～也,HSKsentences,1282
1283,4,我们买了一套新家具。,Wǒmen mǎi le yí tào xīn jiājù.,新しい家具一式を買いました。,「家具」は「家具」という意味です。,,在～上,HSKsentences,1283
1284,1,请加快速度。,Qǐng jiākuài sùdù.,急いでください。,「加快」は「加速する」という意味です。,8,正好／差不多,HSKsentences,1284
1285,4,学校加强了安全管理。,Xuéxiào jiāqiáng le ānquán guǎnlǐ.,学校は警備体制を強化しました。,「加强」は「強化する」という意味です。,,～不了／无法,HSKsentences,1285
1286,4,欢迎你加入我们的团队。,Huānyíng nǐ jiārù wǒmen de tuánduì.,私たちのチームへの参加を歓迎します。,「加入」は「参加する」という意味です。,,尽管／不管,HSKsentences,1286
1287,4,他会说英语，加上中文也不错。,"Tā huì shuō Yīngyǔ, jiāshàng Zhōngwén yě búcuò.",彼は英語を話せますし、中国語もかなり上手です。,「加上」は「加えて」という意味です。,2,却／而,HSKsentences,1287
1288,4,她有一个幸福的家庭。,Tā yǒu yí gè xìngfú de jiātíng.,彼女には幸せな家庭があります。,「家庭」は「家族」という意味です。,,另外,HSKsentences,1288
1289,4,他非常想念自己的家乡。,Tā fēicháng xiǎngniàn zìjǐ de jiāxiāng.,彼は故郷がとても恋しいです。,「家乡」は「故郷」という意味です。,,根据／按照,HSKsentences,1289
1290,4,你一定能成功，加油！,"Nǐ yídìng néng chénggōng, jiāyóu!",あなたはきっと成功しますよ、頑張ってください！,「加油」は「頑張れ」という意味です。,,连～也都／甚至,HSKsentences,1290
1291,4,前面有一个加油站。,Qiánmiàn yǒu yí gè jiāyóuzhàn.,この先にガソリンスタンドがあります。,「加油站」は「ガソリンスタンド」という意味です。,,并／估计,HSKsentences,1291
1292,4,家长会在周五下午举行。,Jiāzhǎng huì zài zhōuwǔ xiàwǔ jǔxíng.,保護者会は金曜日の午後に開催されます。,「家长」は「保護者」という意味です。,,首先～其次／再说,HSKsentences,1292
1293,1,这个包是假的。,Zhège bāo shì jiǎ de.,このバッグは偽物です。,「假」は「休暇」という意味です。,13,竟然／果然,HSKsentences,1293
1294,4,这里的水果价格很便宜。,Zhèlǐ de shuǐguǒ jiàgé hěn piányi.,ここの果物はとても安いです。,「价格」は「価格」という意味です。,,要是／值得,HSKsentences,1294
1295,4,这件衣服的价钱不贵。,Zhè jiàn yīfu de jiàqián bú guì.,この服は高くない。,「价钱」は「値段」という意味です。,,以为／认为,HSKsentences,1295
1296,4,假日我们去郊外野餐。,Jiàrì wǒmen qù jiāowài yěcān.,今年の休暇は田舎へピクニックに行く予定だ。,「假日」は「休日」という意味です。,,既～又也还／可不是／往往,HSKsentences,1296
1297,4,你应该减少吃甜食。,Nǐ yīnggāi jiǎnshǎo chī tiánshí.,甘いものを控えた方がいいよ。,「减」は「減らす」という意味です。,42,由于／因此／难道,HSKsentences,1297
1298,1,运动可以减轻压力。,Yùndòng kěyǐ jiǎnqīng yālì,運動はストレスを軽減できる。,「减轻」は「軽減する」という意味です。,12,否则／无论,HSKsentences,1298
1299,4,城市应该减少污染。,Chéngshì yīnggāi jiǎnshǎo wūrǎn.,都市は汚染を減らすべきだ。,「减少」は「減少する」という意味です。,42,同时／并且,HSKsentences,1299
1300,3,他每天早上去健身。,Tā měitiān zǎoshang qù jiànshēn,彼は毎朝ジムに通っている。,「健身」は「フィットネス」という意味です。,30,然而／再～也～,HSKsentences,1300
1301,4,小区里有一个健身房。,Xiǎoqū lǐ yǒu yí gè jiànshēnfáng.,近所にジムがある。,「健身房」は「ジム」という意味です。,,以,HSKsentences,1301
1302,4,医生建议他多休息。,Yīshēng jiànyì tā duō xiūxi.,医者は彼にもっと休むように勧めた。,「建议」は「提案」という意味です。,,由／既然,HSKsentences,1302
1303,2,长江是中国最长的江。,Chángjiāng shì Zhōngguó zuì cháng de jiāng.,長江は中国で最も長い川だ。,「江」は「江」という意味です。,14,于是／可,HSKsentences,1303
1304,4,比赛将在下周举行。,Bǐsài jiāng zài xià zhōu jǔxíng,コンテストは来週開催される。,「将」は「将」という意味です。,,恐怕／敢,HSKsentences,1304
1305,1,将来你想做什么工作？,Jiānglái nǐ xiǎng zuò shénme gōngzuò?,将来はどんな仕事に就きたい？,「将来」は「将来」という意味です。,6,到底／叫做,HSKsentences,1305
1306,4,飞机将要降落。,Fēijī jiāngyào jiàngluò,飛行機がまもなく着陸する。,「将要」は「～しようとしている」という意味です。,,为了／在于,HSKsentences,1306
1307,3,他得了一个大奖。,Tā dé le yí gè dà jiǎng.,彼は大きな賞を獲得した。,「奖」は「賞」という意味です。,32,仍然／究竟,HSKsentences,1307
1308,4,公司发了年终奖金。,Gōngsī fā le niánzhōng jiǎngjīn,会社は年末ボーナスを支給した。,「奖金」は「賞金」という意味です。,,V着V着／一～就～,HSKsentences,1308
1309,4,她拿到了大学奖学金。,Tā nádào le dàxué jiǎngxuéjīn,彼女は大学の奨学金を受け取った。,「奖学金」は「奨学金」という意味です。,,不仅～也～／从来,HSKsentences,1309
1310,4,明天气温会降五度。,Míngtiān qìwēn huì jiàng wǔ dù.,明日は気温が5度下がるだろう。,「降」は「下」という意味です。,,应该／得(děi),HSKsentences,1310
1311,4,超市降低了蔬菜的价格。,Chāoshì jiàngdī le shūcài de jiàgé,スーパーマーケットは野菜の値段を下げた。,「降低」は「下げる」という意味です。,,就是,HSKsentences,1311
1312,4,这款手机降价了。,Zhè kuǎn shǒujī jiàngjià le,この携帯電話はセールになっている。,「降价」は「値下げ」という意味です。,,只是～而已／即使～也,HSKsentences,1312
1313,4,飞机安全降落在机场。,Fēijī ānquán jiàngluò zài jīchǎng.,飛行機は無事に空港に着陸した。,「降落」は「着陸」という意味です。,,在～上,HSKsentences,1313
1314,4,明天要大幅降温。,Míngtiān yào dàfú jiàngwēn.,明日はとても寒くなるだろう。,「降温」は「気温の低下」という意味です。,,正好／差不多,HSKsentences,1314
1315,4,月底要交房租。,Yuèdǐ yào jiāo fángzū,家賃の支払い期限は月末だ。,「交」は「交」という意味です。,,～不了／无法,HSKsentences,1315
1316,4,她为自己的成绩感到骄傲。,Tā wèi zìjǐ de chéngjì gǎndào jiāo'ào,彼女は自分の功績を誇りに思っている。,「骄傲」は「誇り」という意味です。,,尽管／不管,HSKsentences,1316
1317,4,交警在指挥交通。,Jiāojǐng zài zhǐhuī jiāotōng.,交通警察官が交通整理をしている。,「交警」は「交通警察」という意味です。,,却／而,HSKsentences,1317
1318,4,我们应该多跟外国人交流。,Wǒmen yīnggāi duō gēn wàiguó rén jiāoliú.,私たちはもっと外国人と交流すべきだ。,「交流」は「交流」という意味です。,42,另外,HSKsentences,1318
1319,4,他搬到了郊区住。,Tā bān dào le jiāoqū zhù,彼は郊外に引っ越した。,「郊区」は「郊外」という意味です。,,根据／按照,HSKsentences,1319
1320,4,这里的交通很方便。,Zhèlǐ de jiāotōng hěn fāngbiàn.,ここの交通はとても便利だ。,「交通」は「交通」という意味です。,,连～也都／甚至,HSKsentences,1320
1321,4,教练教我们打篮球。,Jiàoliàn jiāo wǒmen dǎ lánqiú.,コーチは私たちにバスケットボールのやり方を教えている。,「教练」は「コーチ」という意味です。,,并／估计,HSKsentences,1321
1322,4,他是一名优秀的教师。,Tā shì yì míng yōuxiù de jiàoshī,彼は素晴らしい教師です。,「教师」は「教師」という意味です。,,首先～其次／再说,HSKsentences,1322
1323,4,王教授的课很受欢迎。,Wáng jiàoshòu de kè hěn shòu huānyíng,王先生の授業はとても人気があります。,「教授」は「教授」という意味です。,,竟然／果然,HSKsentences,1323
1324,4,这所学校的教学水平很高。,Zhè suǒ xuéxiào de jiàoxué shuǐpíng hěn gāo.,この学校は教育水準が高いです。,「教学」は「教育」という意味です。,,要是／值得,HSKsentences,1324
1325,4,教育对一个人的成长很重要。,Jiàoyù duì yí gè rén de chéngzhǎng hěn zhòngyào.,教育は人の成長にとって非常に重要です。,「教育」は「～と呼ばれる」という意味です。,,以为／认为,HSKsentences,1325
1326,4,这道菜叫作宫保鸡丁。,Zhè dào cài jiàozuò gōngbǎo jīdīng,この料理は宮保鶏丁（クンパオチキン）です。,「叫作」は「通り」という意味です。,,既～又也还／可不是／往往,HSKsentences,1326
1327,4,这条街道两旁种满了树。,Zhè tiáo jiēdào liǎng páng zhòng mǎn le shù,この通りは両側に木が並んでいます。,「街道」は「通り」という意味です。,,由于／因此／难道,HSKsentences,1327
1328,4,他接受了这份新工作。,Tā jiēshòu le zhè fèn xīn gōngzuò.,彼は新しい仕事を引き受けました。,「接受」は「受け入れる」という意味です。,,否则／无论,HSKsentences,1328
1329,3,请接着说下去。,Qǐng jiēzhe shuō xiàqu.,どうぞ続けてください。,「接着」は「続いて」という意味です。,30,同时／并且,HSKsentences,1329
1330,3,比赛的结果出来了。,Bǐsài de jiéguǒ chūlái le.,競技の結果が出ました。,「结果」は「結果」という意味です。,30,然而／再～也～,HSKsentences,1330
1331,4,节假日高速公路免费。,Jiéjiàrì gāosù gōnglù miǎnfèi.,祝日は高速道路の通行料が無料です。,「节假日」は「祝日」という意味です。,,以,HSKsentences,1331
1332,4,我们要节约用水。,Wǒmen yào jiéyuē yòng shuǐ.,私たちは水を節約すべきです。,「节约」は「節約」という意味です。,,由／既然,HSKsentences,1332
1333,1,服务员，请结账。,"Fúwùyuán, qǐng jiézhàng.",ウェイターさん、お会計をお願いします。,「结账」は「会計」という意味です。,8,于是／可,HSKsentences,1333
1334,1,请你解释一下这个词的意思。,Qǐng nǐ jiěshì yíxià zhège cí de yìsi.,この単語の意味を説明してください。,「解释」は「解説」という意味です。,8,恐怕／敢,HSKsentences,1334
1335,4,今后我会更加努力。,Jīnhòu wǒ huì gèngjiā nǔlì,今後はもっと頑張ります。,「今后」は「今後」という意味です。,,到底／叫做,HSKsentences,1335
1336,4,票仅剩五张了。,Piào jǐn shèng wǔ zhāng le,チケットは残り5枚です。,「仅」は「ただ」という意味です。,,为了／在于,HSKsentences,1336
1337,4,尽管很累，他还是坚持跑完了。,"Jǐnguǎn hěn lèi, tā háishi jiānchí pǎo wán le",彼はとても疲れていましたが、諦めずに走り切りました。,「尽管」は「にもかかわらず」という意味です。,48,仍然／究竟,HSKsentences,1337
1338,3,他仅仅学了三个月就通过了考试。,Tā jǐnjǐn xué le sān gè yuè jiù tōngguò le kǎoshì.,彼はたった3ヶ月の勉強で試験に合格しました。,「仅仅」は「単に」という意味です。,30,V着V着／一～就～,HSKsentences,1338
1339,4,考试前她非常紧张。,Kǎoshì qián tā fēicháng jǐnzhāng,彼女は試験前、とても緊張していました。,「紧张」は「緊張」という意味です。,,不仅～也～／从来,HSKsentences,1339
1340,1,请刷卡进入大楼。,Qǐng shuā kǎ jìnrù dàlóu,建物に入るにはカードをスワイプしてください。,「进入」は「入る」という意味です。,8,应该／得(děi),HSKsentences,1340
1341,4,会议正在进行中。,Huìyì zhèngzài jìnxíng zhōng.,会議中です。,「进行」は「進行」という意味です。,71,就是,HSKsentences,1341
1342,4,博物馆里禁止拍照。,Bówùguǎn lǐ jìnzhǐ pāizhào.,博物館内での写真撮影は禁止されています。,「禁止」は「禁止」という意味です。,,只是～而已／即使～也,HSKsentences,1342
1343,4,今晚的演出非常精彩。,Jīnwǎn de yǎnchū fēicháng jīngcǎi.,今夜の公演は素晴らしかったです。,「精彩」は「素晴らしい」という意味です。,,在～上,HSKsentences,1343
1344,4,中国的经济发展很快。,Zhōngguó de jīngjì fāzhǎn hěn kuài.,中国経済は急速に発展しています。,「经济」は「経済」という意味です。,,正好／差不多,HSKsentences,1344
1345,4,京剧是中国的国粹。,Jīngjù shì Zhōngguó de guócuì.,京劇は中国の国宝です。,「京剧」は「京劇」という意味です。,,～不了／无法,HSKsentences,1345
1346,4,这次旅行是一次难忘的经历。,Zhè cì lǚxíng shì yí cì nánwàng de jīnglì,この旅行は忘れられない経験になりました。,「经历」は「経験」という意味です。,,尽管／不管,HSKsentences,1346
1347,4,他有丰富的教学经验。,Tā yǒu fēngfù de jiàoxué jīngyàn.,彼は豊富な指導経験を持っています。,「经验」は「経験」という意味です。,,却／而,HSKsentences,1347
1348,2,警察帮我找到了丢失的包。,Jǐngchá bāng wǒ zhǎodào le diūshī de bāo.,警察が私の落とし物を見つけるのを手伝ってくれました。,「警察」は「警察」という意味です。,17,另外,HSKsentences,1348
1349,2,故宫是北京最著名的景点。,Gùgōng shì Běijīng zuì zhùmíng de jǐngdiǎn.,紫禁城は北京で最も有名な観光名所です。,「景点」は「観光スポット」という意味です。,14,根据／按照,HSKsentences,1349
1350,1,这个景区的门票多少钱？,Zhège jǐngqū de ménpiào duōshao qián?,この景勝地の入場料はいくらですか？,「景区」は「観光地」という意味です。,6,连～也都／甚至,HSKsentences,1350
1351,4,山上的景色非常迷人。,Shān shàng de jǐngsè fēicháng mírén.,山の景色は素晴らしいです。,「景色」は「景色」という意味です。,,并／估计,HSKsentences,1351
1352,4,没想到他竟然会说中文！,Méi xiǎngdào tā jìngrán huì shuō Zhōngwén!,彼が中国語を話せるなんて、全く予想していませんでした！,「竟然」は「まさか」という意味です。,55,首先～其次／再说,HSKsentences,1352
1353,4,这个行业的竞争非常激烈。,Zhège hángyè de jìngzhēng fēicháng jīliè.,この業界の競争は激しいです。,「竞争」は「競争」という意味です。,,竟然／果然,HSKsentences,1353
1354,2,她每天早上都照镜子。,Tā měitiān zǎoshang dōu zhào jìngzi.,彼女は毎朝鏡を見ます。,「镜子」は「鏡」という意味です。,15,要是／值得,HSKsentences,1354
1355,4,这件事究竟是怎么回事？,Zhè jiàn shì jiūjìng shì zěnme huí shì?,一体何が起こったのですか？,「究竟」は「一体」という意味です。,69,以为／认为,HSKsentences,1355
1356,4,他就是不愿意去。,Tā jiùshì bú yuànyì qù.,彼はただ行きたくないだけです。,「就是」は「つまり」という意味です。,43,既～又也还／可不是／往往,HSKsentences,1356
1357,1,请举手回答问题。,Qǐng jǔ shǒu huídá wèntí,質問に答える方は手を挙げてください。,「举」は「挙げる」という意味です。,8,由于／因此／难道,HSKsentences,1357
1358,4,这座城市将举办马拉松比赛。,Zhè zuò chéngshì jiāng jǔbàn mǎlāsōng bǐsài.,この都市ではマラソン大会が開催されます。,「举办」は「開催する」という意味です。,24,否则／无论,HSKsentences,1358
1359,4,老师举例说明了这个语法点。,Lǎoshī jǔlì shuōmíng le zhège yǔfǎ diǎn,先生はこの文法事項の例を挙げました。,「举例」は「例を挙げる」という意味です。,,同时／并且,HSKsentences,1359
1360,4,毕业典礼将在下周举行。,Bìyè diǎnlǐ jiāng zài xià zhōu jǔxíng,卒業式は来週行われます。,「举行」は「開催」という意味です。,,然而／再～也～,HSKsentences,1360
1361,2,老同学好不容易聚在一起。,Lǎo tóngxué hǎo bù róngyì jù zài yìqǐ,昔のクラスメートたちがついに集まりました。,「聚」は「集まり」という意味です。,22,以,HSKsentences,1361
1362,4,部门下周五聚餐。,Bùmén xià zhōuwǔ jùcān,学科では来週の金曜日に夕食会があります。,「聚餐」は「食事会」という意味です。,,由／既然,HSKsentences,1362
1363,4,我们周末开个聚会吧。,Wǒmen zhōumò kāi gè jùhuì ba.,今週末にパーティーをしましょう。,「聚会」は「パーティー」という意味です。,,于是／可,HSKsentences,1363
1364,4,他拒绝了对方的邀请。,Tā jùjué le duìfāng de yāoqǐng,彼は招待を断りました。,「拒绝」は「拒否」という意味です。,,恐怕／敢,HSKsentences,1364
1365,2,从这里到机场距离不远。,Cóng zhèlǐ dào jīchǎng jùlí bù yuǎn,ここから空港までは遠くありません。,「距离」は「距離」という意味です。,20,到底／叫做,HSKsentences,1365
1366,1,今晚我们去剧院看演出。,Jīnwǎn wǒmen qù jùyuàn kàn yǎnchū,今夜は劇場に行きます。,「剧院」は「劇場」という意味です。,5,为了／在于,HSKsentences,1366
1367,1,他喜欢跟朋友开玩笑。,Tā xǐhuan gēn péngyou kāi wánxiào.,彼は友達と冗談を言うのが好きです。,「开玩笑」は「冗談」という意味です。,11,仍然／究竟,HSKsentences,1367
1368,4,你对这件事有什么看法？,Nǐ duì zhè jiàn shì yǒu shénme kànfǎ?,これについてどう思いますか？,「看法」は「見解」という意味です。,,V着V着／一～就～,HSKsentences,1368
1369,4,我们周末去烤肉吧。,Wǒmen zhōumò qù kǎoròu ba.,今週末はバーベキューに行きましょう。,「烤」は「焼く」という意味です。,,不仅～也～／从来,HSKsentences,1369
1370,2,我需要再考虑一下。,Wǒ xūyào zài kǎolǜ yíxià.,もう少し考えなければなりません。,「考虑」は「検討」という意味です。,16,应该／得(děi),HSKsentences,1370
1371,2,考生们正在认真答题。,Kǎoshēngmen zhèngzài rènzhēn dá tí,生徒たちは熱心に質問に答えています。,「考生」は「受験生」という意味です。,16,就是,HSKsentences,1371
1372,4,院子里种了一棵大树。,Yuànzi lǐ zhòng le yì kē dà shù,庭には大きな木が植えられています。,「棵」は「本」という意味です。,,只是～而已／即使～也,HSKsentences,1372
1373,4,科技的发展改变了生活。,Kējì de fāzhǎn gǎibiàn le shēnghuó,技術の進歩は私たちの生活を変えました。,「科技」は「テクノロジー」という意味です。,,在～上,HSKsentences,1373
1374,4,学习科学知识很重要。,Xuéxí kēxué zhīshi hěn zhòngyào,科学を学ぶことは大切です。,「科学」は「科学」という意味です。,,正好／差不多,HSKsentences,1374
1375,4,他感冒了，一直在咳。,"Tā gǎnmào le, yìzhí zài ké",彼は風邪をひいていて、咳をしています。,「咳」は「咳」という意味です。,,～不了／无法,HSKsentences,1375
1376,3,他咳嗽了好几天了。,Tā késou le hǎo jǐ tiān le.,彼は数日前から咳をしています。,「咳嗽」は「咳」という意味です。,33,尽管／不管,HSKsentences,1376
1377,2,比赛输了，真可惜。,"Bǐsài shū le, zhēn kěxī.",私たちはコンテストに負けました。残念です。,「可惜」は「残念」という意味です。,16,却／而,HSKsentences,1377
1378,4,这个苹果重三百克。,Zhège píngguǒ zhòng sānbǎi kè.,このリンゴは300グラムです。,「克」は「克」という意味です。,,另外,HSKsentences,1378
1379,4,这个学期的课程很多。,Zhège xuéqī de kèchéng hěn duō.,今学期はたくさんの授業があります。,「课程」は「授業」という意味です。,,根据／按照,HSKsentences,1379
1380,1,不用客气，请坐。,"Búyòng kèqi, qǐng zuò",遠慮しないで、どうぞお座りください。,「客气」は「礼儀」という意味です。,8,连～也都／甚至,HSKsentences,1380
1381,2,课堂上要认真听讲。,Kètáng shàng yào rènzhēn tīngjiǎng,授業に集中してください。,「课堂」は「教室」という意味です。,16,并／估计,HSKsentences,1381
1382,1,请到客厅坐吧。,Qǐng dào kètīng zuò ba,リビングルームにお座りください。,「客厅」は「リビング」という意味です。,8,首先～其次／再说,HSKsentences,1382
1383,1,我肯定他说的是对的。,Wǒ kěndìng tā shuō de shì duì de.,きっと彼の言う通りでしょう。,「肯定」は「確かに」という意味です。,13,竟然／果然,HSKsentences,1383
1384,4,教室里空空的，一个人也没有。,"Jiàoshì lǐ kōngkōng de, yí gè rén yě méiyǒu",教室はがらんとしていて、人っ子一人いません。,「空」は「空」という意味です。,2,要是／值得,HSKsentences,1384
1385,4,山上的空气很新鲜。,Shān shàng de kōngqì hěn xīnxiān,山の空気はとても澄んでいます。,「空气」は「空気」という意味です。,,以为／认为,HSKsentences,1385
1386,4,恐怕今天完不成了。,Kǒngpà jīntiān wán bù chéng le,今日は終われそうにありません。,「恐怕」は「恐らく」という意味です。,66,既～又也还／可不是／往往,HSKsentences,1386
1387,4,他的中文口语很流利。,Tā de Zhōngwén kǒuyǔ hěn liúlì,彼の中国語はとても流暢です。,「口语」は「口語」という意味です。,,由于／因此／难道,HSKsentences,1387
1388,1,这杯咖啡太苦了。,Zhè bēi kāfēi tài kǔ le,このコーヒーは苦すぎます。,「苦」は「苦」という意味です。,10,否则／无论,HSKsentences,1388
1389,4,中午我们吃快餐吧。,Zhōngwǔ wǒmen chī kuàicān ba.,昼食はファストフードにしましょう。,「快餐」は「ファストフード」という意味です。,,同时／并且,HSKsentences,1389
1390,4,我有一个快递要去取。,Wǒ yǒu yí gè kuàidì yào qù qǔ,荷物を受け取りに行かなければなりません。,「快递」は「宅配便」という意味です。,,然而／再～也～,HSKsentences,1390
1391,4,高铁是一种快速的交通方式。,Gāotiě shì yì zhǒng kuàisù de jiāotōng fāngshì.,高速鉄道は速い交通手段です。,「快速」は「高速」という意味です。,,以,HSKsentences,1391
1392,4,我很困，想睡觉了。,"Wǒ hěn kùn, xiǎng shuìjiào le.",眠いので、寝たいです。,「困」は「困」という意味です。,,由／既然,HSKsentences,1392
1393,4,学中文虽然困难，但很有趣。,"Xué Zhōngwén suīrán kùnnan, dàn hěn yǒuqù.",中国語の学習は難しいですが、とても面白いです。,「困难」は「困難」という意味です。,,于是／可,HSKsentences,1393
1394,2,别拉我的衣服。,Bié lā wǒ de yīfu,私の服を引っ張らないでください。,「拉」は「ゴミ」という意味です。,23,恐怕／敢,HSKsentences,1394
1395,1,请把垃圾扔进垃圾桶。,Qǐng bǎ lājī rēng jìn lājītǒng,ゴミはゴミ箱に捨ててください。,「垃圾」は「辛い」という意味です。,8,到底／叫做,HSKsentences,1395
1396,3,四川菜又辣又好吃。,Sìchuān cài yòu là yòu hǎochī,四川料理は辛くて美味しいです。,「辣」は「辛い」という意味です。,31,为了／在于,HSKsentences,1396
1397,4,来不及了，我们打车去吧。,"Láibují le, wǒmen dǎchē qù ba",遅れているので、タクシーに乗りましょう。,「来不及」は「間に合わない」という意味です。,,仍然／究竟,HSKsentences,1397
1398,2,别着急，还来得及。,"Bié zhāojí, hái láidejí.",心配しないで、まだ時間はあります。,「来得及」は「間に合う」という意味です。,23,V着V着／一～就～,HSKsentences,1398
1399,1,他太懒了，什么也不想做。,"Tā tài lǎn le, shénme yě bù xiǎng zuò",彼はとても怠け者で、何もしたがらない。,「懒」は「怠け」という意味です。,10,不仅～也～／从来,HSKsentences,1399
1400,2,不要浪费粮食。,Búyào làngfèi liángshi.,食べ物を無駄にしないでください。,「浪费」は「無駄」という意味です。,23,应该／得(děi),HSKsentences,1400
1401,4,他给女朋友准备了一个浪漫的晚餐。,Tā gěi nǚpéngyou zhǔnbèi le yí gè làngmàn de wǎncān,彼は彼女のためにロマンチックな夕食を用意しました。,「浪漫」は「ロマンチック」という意味です。,,就是,HSKsentences,1401
1402,4,老虎是一种很凶猛的动物。,Lǎohǔ shì yì zhǒng hěn xiōngměng de dòngwù.,虎はとても獰猛な動物です。,「老虎」は「虎」という意味です。,,只是～而已／即使～也,HSKsentences,1402
1403,2,他每年过年都回老家。,Tā měi nián guònián dōu huí lǎojiā,彼は毎年旧正月に故郷に帰ります。,「老家」は「故郷」という意味です。,15,在～上,HSKsentences,1403
1404,4,社区为老年人提供免费体检。,Shèqū wèi lǎonián rén tígōng miǎnfèi tǐjiǎn,地域社会は高齢者に無料の健康診断を提供しています。,「老年」は「老年」という意味です。,,正好／差不多,HSKsentences,1404
1405,4,他老是忘记带钥匙。,Tā lǎoshì wàngjì dài yàoshi,彼はいつも鍵を忘れます。,「老是」は「いつも」という意味です。,,～不了／无法,HSKsentences,1405
1406,4,遇到问题要冷静思考。,Yùdào wèntí yào lěngjìng sīkǎo.,問題に直面したときは、落ち着いて考えましょう。,「冷静」は「冷静」という意味です。,,尽管／不管,HSKsentences,1406
1407,4,我该去理发了。,Wǒ gāi qù lǐfà le.,髪を切る必要があります。,「理发」は「散髪」という意味です。,,却／而,HSKsentences,1407
1408,4,谢谢你的理解和支持。,Xièxie nǐ de lǐjiě hé zhīchí.,ご理解とご支援ありがとうございます。,「理解」は「理解」という意味です。,,另外,HSKsentences,1408
1409,4,这个孩子很有礼貌。,Zhège háizi hěn yǒu lǐmào,この子はとても礼儀正しいです。,「礼貌」は「礼儀」という意味です。,,根据／按照,HSKsentences,1409
1410,1,他的理想是当一名科学家。,Tā de lǐxiǎng shì dāng yì míng kēxuéjiā.,彼の夢は科学者になることです。,「理想」は「理想」という意味です。,6,连～也都／甚至,HSKsentences,1410
1411,2,她的英语说得很厉害。,Tā de Yīngyǔ shuō de hěn lìhai.,彼女の英語は素晴らしいです。,「厉害」は「すごい」という意味です。,25,并／估计,HSKsentences,1411
1412,2,搬这个箱子需要很大力气。,Bān zhège xiāngzi xūyào hěn dà lìqi,この箱を運ぶにはかなりの力が必要です。,「力气」は「力」という意味です。,23,首先～其次／再说,HSKsentences,1412
1413,4,中国有很多节日，例如春节和中秋节。,"Zhōngguó yǒu hěn duō jiérì, lìrú Chūnjié hé Zhōngqiūjié.",中国には春節や中秋節など、たくさんの祝祭日があります。,「例如」は「例えば」という意味です。,,竟然／果然,HSKsentences,1413
1414,1,请你举一个例子。,Qǐng nǐ jǔ yí gè lìzi.,例を挙げてください。,「例子」は「例」という意味です。,8,要是／值得,HSKsentences,1414
1415,4,他们俩是好朋友。,Tāmen liǎ shì hǎo péngyou,彼らは仲の良い友達です。,「俩」は「二つ」という意味です。,,以为／认为,HSKsentences,1415
1416,4,他连饭都没吃就走了。,Tā lián fàn dōu méi chī jiù zǒu le,彼は何も食べずに帰ってしまいました。,「连」は「連」という意味です。,52,既～又也还／可不是／往往,HSKsentences,1416
1417,4,我会尽快跟你联系。,Wǒ huì jǐnkuài gēn nǐ liánxì,できるだけ早くご連絡します。,「联系」は「連絡」という意味です。,,由于／因此／难道,HSKsentences,1417
1418,4,天凉了，多穿点衣服。,"Tiān liáng le, duō chuān diǎn yīfu",寒くなってきたので、もっと服を着てください。,「凉」は「涼」という意味です。,,否则／无论,HSKsentences,1418
1419,2,护士帮我量了体温。,Hùshi bāng wǒ liáng le tǐwēn.,看護師が私の体温を測ってくれました。,「量」は「量」という意味です。,17,同时／并且,HSKsentences,1419
1420,4,我买了两斤苹果。,Wǒ mǎi le liǎng jīn píngguǒ,リンゴを2ポンド買いました。,「两」は「二」という意味です。,,然而／再～也～,HSKsentences,1420
1421,4,房间里的灯很亮。,Fángjiān lǐ de dēng hěn liàng.,部屋の明かりが明るい。,「亮」は「明るい」という意味です。,,以,HSKsentences,1421
1422,4,一列火车正在进站。,Yí liè huǒchē zhèngzài jìnzhàn.,電車が駅に到着する。,「列」は「列」という意味です。,71,由／既然,HSKsentences,1422
1423,2,今天最低温度零下十度。,Jīntiān zuìdī wēndù líng xià shí dù.,今日の最低気温は摂氏マイナス10度。,「零下」は「零下」という意味です。,14,于是／可,HSKsentences,1423
1424,2,妈妈每周给我零花钱。,Māma měi zhōu gěi wǒ línghuāqián.,母は毎週お小遣いをくれる。,「零花钱」は「お小遣い」という意味です。,15,恐怕／敢,HSKsentences,1424
1425,4,你有零钱吗？,Nǐ yǒu língqián ma?,小銭はありますか？,「零钱」は「小銭」という意味です。,,到底／叫做,HSKsentences,1425
1426,4,小朋友们都爱吃零食。,Xiǎopéngyoumen dōu ài chī língshí.,子供はおやつが大好きだ。,「零食」は「お菓子」という意味です。,,为了／在于,HSKsentences,1426
1427,1,这个不合适，请换另一个。,"Zhège bù héshì, qǐng huàn lìng yí gè",これは適切ではありません。別のものをお選びください。,「另」は「その他」という意味です。,8,仍然／究竟,HSKsentences,1427
1428,4,另外，我还有一个问题想问。,"Lìngwài, wǒ hái yǒu yí gè wèntí xiǎng wèn.",それから、もう一つ質問があります。,「另外」は「また」という意味です。,50,V着V着／一～就～,HSKsentences,1428
1429,4,他留在北京工作了。,Tā liú zài Běijīng gōngzuò le.,彼は仕事のために北京に滞在していた。,「留」は「残す」という意味です。,,不仅～也～／从来,HSKsentences,1429
1430,3,眼泪顺着脸流了下来。,Yǎnlèi shùn zhe liǎn liú le xiàlái.,彼女の顔には涙が流れ落ちていた。,「流」は「流れる」という意味です。,30,应该／得(děi),HSKsentences,1430
1431,2,她说中文说得非常流利。,Tā shuō Zhōngwén shuō de fēicháng liúlì.,彼女は流暢な中国語を話す。,「流利」は「流暢」という意味です。,25,就是,HSKsentences,1431
1432,4,他在这座城市留下了美好的回忆。,Tā zài zhè zuò chéngshì liúxia le měihǎo de huíyì.,彼はこの街に素晴らしい思い出を持っている。,「留下」は「残す」という意味です。,,只是～而已／即使～也,HSKsentences,1432
1433,4,现在网上购物很流行。,Xiànzài wǎng shàng gòuwù hěn liúxíng.,オンラインショッピングは今とても人気がある。,「流行」は「流行」という意味です。,,在～上,HSKsentences,1433
1434,4,我路过超市买了些东西。,Wǒ lùguò chāoshì mǎi le xiē dōngxi.,通りかかったスーパーでいくつか買い物をした。,「路过」は「通り過ぎる」という意味です。,,正好／差不多,HSKsentences,1434
1435,4,我们在旅馆住了两晚。,Wǒmen zài lǚguǎn zhù le liǎng wǎn,私たちはホテルに2泊した。,「旅馆」は「旅館」という意味です。,,～不了／无法,HSKsentences,1435
1436,1,请旅客们注意安全。,Qǐng lǚkèmen zhùyì ānquán.,旅行者の皆さん、お気をつけて。,「旅客」は「旅行者」という意味です。,8,尽管／不管,HSKsentences,1436
1437,4,今年暑假我们去欧洲旅行。,Jīnnián shǔjià wǒmen qù Ōuzhōu lǚxíng,私たちはこの夏、ヨーロッパへ旅行します。,「旅行」は「旅行」という意味です。,,却／而,HSKsentences,1437
1438,4,他的哥哥是一位律师。,Tā de gēge shì yí wèi lǜshī.,彼の兄は弁護士です。,「律师」は「弁護士」という意味です。,,另外,HSKsentences,1438
1439,1,你的房间太乱了，快收拾。,"Nǐ de fángjiān tài luàn le, kuài shōushi",あなたの部屋は散らかっています。早く片付けてください。,「乱」は「混乱」という意味です。,10,根据／按照,HSKsentences,1439
1440,4,树上的叶子落了。,Shù shàng de yèzi luò le,木の葉が落ちました。,「落」は「落下」という意味です。,,连～也都／甚至,HSKsentences,1440
1441,2,不好意思，麻烦你帮个忙。,"Bù hǎo yìsi, máfan nǐ bāng gè máng",すみません、手伝っていただけますか？,「麻烦」は「トラブル」という意味です。,17,并／估计,HSKsentences,1441
1442,1,北方人喜欢吃馒头。,Běifāng rén xǐhuan chī mántou,北国の人々は肉まんが好きです。,「馒头」は「マントウ」という意味です。,11,首先～其次／再说,HSKsentences,1442
1443,4,教室里坐满了学生。,Jiàoshì lǐ zuò mǎn le xuéshēng.,教室は生徒でいっぱいです。,「满」は「満」という意味です。,,竟然／果然,HSKsentences,1443
1444,2,洗完脸用毛巾擦一下。,Xǐ wán liǎn yòng máojīn cā yíxià.,顔を洗った後はタオルで拭いてください。,「毛巾」は「タオル」という意味です。,16,要是／值得,HSKsentences,1444
1445,4,天冷了，穿件毛衣吧。,"Tiān lěng le, chuān jiàn máoyī ba.",寒いので、セーターを着てください。,「毛衣」は「セーター」という意味です。,,以为／认为,HSKsentences,1445
1446,4,他戴了一顶红色的帽子。,Tā dài le yì dǐng hóngsè de màozi.,彼は赤い帽子をかぶっています。,「帽子」は「帽子」という意味です。,,既～又也还／可不是／往往,HSKsentences,1446
1447,2,这首歌唱得真美。,Zhè shǒu gē chàng de zhēn měi.,この歌は美しく歌われています。,「美」は「美」という意味です。,16,由于／因此／难道,HSKsentences,1447
1448,4,祝你有一个美好的假期。,Zhù nǐ yǒu yí gè měihǎo de jiàqī.,素敵な休日をお過ごしください。,「美好」は「素晴らしい」という意味です。,,否则／无论,HSKsentences,1448
1449,4,旅途中我们看到了许多美景。,Lǚtú zhōng wǒmen kàndào le xǔduō měijǐng,私たちは旅行中にたくさんの美しい景色を見ました。,「美景」は「絶景」という意味です。,,同时／并且,HSKsentences,1449
1450,4,她是一个美丽的姑娘。,Tā shì yí gè měilì de gūniang,彼女は美しい女の子です。,「美丽」は「美しい」という意味です。,,然而／再～也～,HSKsentences,1450
1451,4,成都有很多美食。,Chéngdū yǒu hěn duō měishí,成都には美味しい食べ物がたくさんあります。,「美食」は「グルメ」という意味です。,,以,HSKsentences,1451
1452,4,昨晚我做了一个奇怪的梦。,Zuó wǎn wǒ zuò le yí gè qíguài de mèng,昨夜、奇妙な夢を見ました。,「梦」は「夢（睡眠中や空想の「夢」）」という意味です。,,由／既然,HSKsentences,1452
1453,4,她的梦想是成为一名歌手。,Tā de mèngxiǎng shì chéngwéi yì míng gēshǒu,彼女の夢は歌手になることです。,「梦想」は「夢（目標・抱負のほう）」という意味です。,,于是／可,HSKsentences,1453
1454,1,请输入你的密码。,Qǐng shūrù nǐ de mìmǎ.,パスワードを入力してください。,「密码」は「パスワード」という意味です。,8,恐怕／敢,HSKsentences,1454
1455,1,这个公园是免费的。,Zhège gōngyuán shì miǎnfèi de.,この公園は無料です。,「免费」は「無料」という意味です。,13,到底／叫做,HSKsentences,1455
1456,4,我们要勇敢面对困难。,Wǒmen yào yǒnggǎn miànduì kùnnan.,私たちは困難に勇敢に立ち向かわなければなりません。,「面对」は「直面する」という意味です。,66,为了／在于,HSKsentences,1456
1457,4,明天我要去参加面试。,Míngtiān wǒ yào qù cānjiā miànshì.,明日、オーディションを受けに行きます。,「面试」は「面接」という意味です。,,仍然／究竟,HSKsentences,1457
1458,3,他只用了十秒就跑完了。,Tā zhǐ yòng le shí miǎo jiù pǎo wán le,彼はたった10秒で全行程を走り切りました。,「秒」は「秒」という意味です。,30,V着V着／一～就～,HSKsentences,1458
1459,4,中国有五十六个民族。,Zhōngguó yǒu wǔshíliù gè mínzú.,中国には56の民族がいます。,「民族」は「民族」という意味です。,,不仅～也～／从来,HSKsentences,1459
1460,4,月末我们要交报告。,Yuèmò wǒmen yào jiāo bàogào.,月末までに報告書を提出しなければなりません。,「末」は「最後」という意味です。,,应该／得(děi),HSKsentences,1460
1461,4,那对母女长得很像。,Nà duì mǔnǚ zhǎng de hěn xiàng,あの母娘はとてもよく似ています。,「母女」は「母と娘」という意味です。,,就是,HSKsentences,1461
1462,1,母亲的爱是最伟大的。,Mǔqīn de ài shì zuì wěidà de.,母の愛は最高です。,「母亲」は「母親」という意味です。,13,只是～而已／即使～也,HSKsentences,1462
1463,4,这对母子关系很好。,Zhè duì mǔzǐ guānxì hěn hǎo.,この母と息子はとても仲が良いです。,「母子」は「母と子」という意味です。,,在～上,HSKsentences,1463
1464,4,我的目标是考上研究生。,Wǒ de mùbiāo shì kǎo shàng yánjiūshēng.,私の目標は大学院に進学することです。,「目标」は「目標」という意味です。,,正好／差不多,HSKsentences,1464
1465,4,这次旅行的目的是什么？,Zhè cì lǚxíng de mùdì shì shénme?,この旅行の目的は何ですか？,「目的」は「目的」という意味です。,,～不了／无法,HSKsentences,1465
1466,4,我们终于到了目的地。,Wǒmen zhōngyú dào le mùdìdì.,私たちはついに目的地に到着しました。,「目的地」は「目的地」という意味です。,,尽管／不管,HSKsentences,1466
1467,4,目前情况还不太清楚。,Mùqián qíngkuàng hái bú tài qīngchu,状況はまだ不明です。,「目前」は「現在」という意味です。,,却／而,HSKsentences,1467
1468,2,教小朋友需要很大的耐心。,Jiāo xiǎopéngyou xūyào hěn dà de nàixīn,子供を教えるには多くの忍耐が必要です。,「耐心」は「忍耐」という意味です。,23,另外,HSKsentences,1468
1469,4,广州在中国南部。,Guǎngzhōu zài Zhōngguó nánbù.,広州は中国南部にあります。,「南部」は「南部」という意味です。,,根据／按照,HSKsentences,1469
1470,4,难道你不知道这件事吗？,Nándào nǐ bù zhīdào zhè jiàn shì ma?,ご存知ないのですか？,「难道」は「まさか」という意味です。,59,连～也都／甚至,HSKsentences,1470
1471,1,这件衬衫是男士专用的。,Zhè jiàn chènshān shì nánshì zhuānyòng de.,このシャツは男性専用です。,「男士」は「男性」という意味です。,13,并／估计,HSKsentences,1471
1472,4,他肚子疼，很难受。,"Tā dùzi téng, hěn nánshòu",彼は腹痛でとても具合が悪いです。,「难受」は「辛い」という意味です。,,首先～其次／再说,HSKsentences,1472
1473,4,这是一次难忘的旅行。,Zhè shì yí cì nánwàng de lǚxíng.,これは忘れられない旅でした。,「难忘」は「忘れられない」という意味です。,,竟然／果然,HSKsentences,1473
1474,4,这款手表适合男性佩戴。,Zhè kuǎn shǒubiǎo shìhé nánxìng pèidài.,この時計は男性向けです。,「男性」は「男性」という意味です。,,要是／值得,HSKsentences,1474
1475,1,三天内请给我回复。,Sān tiān nèi qǐng gěi wǒ huífù,3日以内にお返事ください。,「内」は「内」という意味です。,8,以为／认为,HSKsentences,1475
1476,4,这本书的内容很丰富。,Zhè běn shū de nèiróng hěn fēngfù,この本はとてもためになります。,「内容」は「内容」という意味です。,,既～又也还／可不是／往往,HSKsentences,1476
1477,4,她内心其实很紧张。,Tā nèixīn qíshí hěn jǐnzhāng.,彼女は実はかなり緊張しています。,「内心」は「心」という意味です。,,由于／因此／难道,HSKsentences,1477
1478,1,请问能否提前入住？,Qǐngwèn néng fǒu tíqián rùzhù?,早めにチェックインしてもいいですか？,「能否」は「できるか」という意味です。,8,否则／无论,HSKsentences,1478
1479,4,我相信你能够做到。,Wǒ xiāngxìn nǐ nénggòu zuòdào,あなたならできると思います。,「能够」は「できる」という意味です。,,同时／并且,HSKsentences,1479
1480,4,他有很强的学习能力。,Tā yǒu hěn qiáng de xuéxí nénglì,彼は学習能力が高いです。,「能力」は「能力」という意味です。,,然而／再～也～,HSKsentences,1480
1481,4,嗯，我同意你的看法。,"Ǹg, wǒ tóngyì nǐ de kànfǎ.",ええ、私もそう思います。,「嗯」は「うん」という意味です。,,以,HSKsentences,1481
1482,4,年底公司会发奖金。,Niándǐ gōngsī huì fā jiǎngjīn.,会社は年末にボーナスを支給します。,「年底」は「年末」という意味です。,,由／既然,HSKsentences,1482
1483,2,你的年龄看起来比实际小。,Nǐ de niánlíng kànqǐlái bǐ shíjì xiǎo,あなたは実年齢より若く見えますね。,「年龄」は「年齢」という意味です。,24,于是／可,HSKsentences,1483
1484,1,他是在农村长大的。,Tā shì zài nóngcūn zhǎng dà de,彼は田舎で育ちました。,「农村」は「農村」という意味です。,13,恐怕／敢,HSKsentences,1484
1485,3,别把衣服弄脏了。,Bié bǎ yīfu nòng zāng le.,服を汚さないでください。,「弄」は「いじくる」という意味です。,36,到底／叫做,HSKsentences,1485
1486,3,越来越多的女性成为企业家。,Yuèláiyuè duō de nǚxìng chéngwéi qǐyèjiā,ますます多くの女性が起業家になっています。,「女性」は「女性」という意味です。,31,为了／在于,HSKsentences,1486
1487,2,今天比昨天暖和多了。,Jīntiān bǐ zuótiān nuǎnhuo duō le,今日は昨日よりずっと暖かいです。,「暖和」は「暖かい」という意味です。,24,仍然／究竟,HSKsentences,1487
1488,4,我偶尔会去跑步。,Wǒ ǒu'ěr huì qù pǎobù,時々ランニングをします。,「偶尔」は「たまに」という意味です。,,V着V着／一～就～,HSKsentences,1488
1489,2,帮我拍一张照片吧。,Bāng wǒ pāi yì zhāng zhàopiàn ba.,私の写真を撮ってもらえますか？,「拍」は「撮る」という意味です。,17,不仅～也～／从来,HSKsentences,1489
1490,4,前面排着很多人。,Qiánmiàn pái zhe hěn duō rén,私の前に長い列ができています。,「排」は「並べる」という意味です。,,应该／得(děi),HSKsentences,1490
1491,4,这个品牌的手机很好用。,Zhège pǐnpái de shǒujī hěn hǎoyòng,このメーカーの携帯電話はとてもよく使えます。,「牌」は「札」という意味です。,,就是,HSKsentences,1491
1492,4,买票要排队。,Mǎi piào yào páiduì,チケットを買うには列に並ばなければなりません。,「排队」は「列」という意味です。,,只是～而已／即使～也,HSKsentences,1492
1493,4,她是学校排球队的队员。,Tā shì xuéxiào páiqiú duì de duìyuán,彼女は学校のバレーボール部員です。,「排球」は「バレーボール」という意味です。,,在～上,HSKsentences,1493
1494,4,这是什么牌子的衣服？,Zhè shì shénme páizi de yīfu?,その服はどこのブランドですか？,「牌子」は「看板」という意味です。,,正好／差不多,HSKsentences,1494
1495,4,你要自己判断对错。,Nǐ yào zìjǐ pànduàn duìcuò.,自分で判断してください。,「判断」は「判断」という意味です。,,～不了／无法,HSKsentences,1495
1496,4,妈妈陪我去看医生。,Māma péi wǒ qù kàn yīshēng,母が付き添って病院に行きました。,「陪」は「付き添い」という意味です。,,尽管／不管,HSKsentences,1496
1497,4,老师批评了迟到的学生。,Lǎoshī pīpíng le chídào de xuéshēng,先生は遅刻した生徒たちを叱りました。,「批评」は「批判」という意味です。,,却／而,HSKsentences,1497
1498,4,她的皮肤很白。,Tā de pífū hěn bái,彼女の肌はとても白いです。,「皮肤」は「肌」という意味です。,,另外,HSKsentences,1498
1499,4,他的脾气有时候不太好。,Tā de píqi yǒu shíhou bú tài hǎo.,彼は時々少し気難しいところがあります。,「脾气」は「気性」という意味です。,,根据／按照,HSKsentences,1499
1500,2,面试的时候要穿皮鞋。,Miànshì de shíhou yào chuān píxié.,就職面接には革靴を履いて行かなければなりません。,「皮鞋」は「革靴」という意味です。,17,连～也都／甚至,HSKsentences,1500
1501,4,老师让我们写一篇作文。,Lǎoshī ràng wǒmen xiě yì piān zuòwén,先生は私たちに作文を書くように言いました。,「篇」は「篇」という意味です。,,并／估计,HSKsentences,1501
1502,4,他给我看了几片风景照。,Tā gěi wǒ kàn le jǐ piàn fēngjǐng zhào,彼は私に風景写真をいくつか見せてくれました。,「片」は「片」という意味です。,,首先～其次／再说,HSKsentences,1502
1503,4,乒乓球是中国的国球。,Pīngpāngqiú shì Zhōngguó de guóqiú.,卓球は中国の国技です。,「乒乓球」は「卓球」という意味です。,,竟然／果然,HSKsentences,1503
1504,4,他平常不怎么运动。,Tā píngcháng bù zěnme yùndòng.,彼はあまり運動しません。,「平常」は「普段」という意味です。,,要是／值得,HSKsentences,1504
1505,4,杯子摔破了。,Bēizi shuāi pò le.,カップが割れました。,「破」は「破」という意味です。,,以为／认为,HSKsentences,1505
1506,2,新疆的葡萄特别甜。,Xīnjiāng de pútao tèbié tián,新疆のブドウは特に甘いです。,「葡萄」は「ブドウ」という意味です。,23,既～又也还／可不是／往往,HSKsentences,1506
1507,1,这瓶葡萄酒是法国进口的。,Zhè píng pútaojiǔ shì Fǎguó jìnkǒu de.,このワインはフランスからの輸入品です。,「葡萄酒」は「ワイン」という意味です。,13,由于／因此／难道,HSKsentences,1507
1508,4,这种现象在大城市很普遍。,Zhè zhǒng xiànxiàng zài dà chéngshì hěn pǔbiàn,この現象は大都市ではよくあることです。,「普遍」は「一般的」という意味です。,,否则／无论,HSKsentences,1508
1509,4,他是一个普通的上班族。,Tā shì yí gè pǔtōng de shàngbānzú.,彼はごく普通の会社員です。,「普通」は「普通」という意味です。,,同时／并且,HSKsentences,1509
1510,1,请说普通话。,Qǐng shuō pǔtōnghuà,中国語で話してください。,「普通话」は「標準中国語」という意味です。,8,然而／再～也～,HSKsentences,1510
1511,4,这是杂志的第三期。,Zhè shì zázhì de dì sān qī,これは雑誌の第3号です。,「期」は「学期」という意味です。,,以,HSKsentences,1511
1512,4,期末考试快到了。,Qīmò kǎoshì kuài dào le,期末試験がもうすぐです。,「期末」は「期末」という意味です。,,由／既然,HSKsentences,1512
1513,4,期中考试考得不错。,Qīzhōng kǎoshì kǎo de búcuò,中間試験はよくできましたね。,「期中」は「中間」という意味です。,,于是／可,HSKsentences,1513
1514,4,首先要学好语法，其次要多练习。,"Shǒuxiān yào xué hǎo yǔfǎ, qícì yào duō liànxí.",まず、文法をしっかり勉強し、次に、もっと練習する必要があります。,「其次」は「次に」という意味です。,54,恐怕／敢,HSKsentences,1514
1515,4,十个人报名了，其中三个是女生。,"Shí gè rén bàomíng le, qízhōng sān gè shì nǚshēng",10人が申し込み、そのうち3人が女性でした。,「其中」は「その中」という意味です。,,到底／叫做,HSKsentences,1515
1516,4,这个方法起到了很好的效果。,Zhège fāngfǎ qǐdào le hěn hǎo de xiàoguǒ.,この方法はとてもうまくいきました。,「起到」は「果たす」という意味です。,,为了／在于,HSKsentences,1516
1517,2,别生气了，开心点。,"Bié shēngqì le, kāixīn diǎn.",怒らないで、元気を出して。,「气」は「気」という意味です。,23,仍然／究竟,HSKsentences,1517
1518,4,云南的气候四季如春。,Yúnnán de qìhòu sìjì rú chūn.,雲南の気候は一年中春のようです。,「气候」は「気候」という意味です。,,V着V着／一～就～,HSKsentences,1518
1519,3,你要喝汽水还是果汁？,Nǐ yào hē qìshuǐ háishi guǒzhī?,炭酸飲料とジュース、どちらがいいですか？,「汽水」は「汽水」という意味です。,31,不仅～也～／从来,HSKsentences,1519
1520,4,明天气温会上升。,Míngtiān qìwēn huì shàngshēng.,明日は気温が上がるでしょう。,「气温」は「気温」という意味です。,,应该／得(děi),HSKsentences,1520
1521,4,这个西瓜重五千克。,Zhège xīguā zhòng wǔ qiānkè,このスイカは5キログラムあります。,「千克」は「キログラム」という意味です。,,就是,HSKsentences,1521
1522,2,千万不要忘记带护照。,Qiānwàn búyào wàngjì dài hùzhào,パスポートをお忘れなく。,「千万」は「千万」という意味です。,23,只是～而已／即使～也,HSKsentences,1522
1523,2,我已经拿到了签证。,Wǒ yǐjīng nádào le qiānzhèng.,ビザはもう取得済みです。,「签证」は「ビザ」という意味です。,17,在～上,HSKsentences,1523
1524,4,前方到站是天安门。,Qiánfāng dàozhàn shì Tiān'ānmén,次の目的地は天安門広場です。,「前方」は「前方」という意味です。,,正好／差不多,HSKsentences,1524
1525,4,比赛前后他非常兴奋。,Bǐsài qiánhòu tā fēicháng xīngfèn,彼は試合前も試合後もとても興奮していました。,「前后」は「前後」という意味です。,,～不了／无法,HSKsentences,1525
1526,4,他的记忆力很强。,Tā de jìyìlì hěn qiáng.,彼は記憶力がとても良いです。,「强」は「強」という意味です。,,尽管／不管,HSKsentences,1526
1527,4,有人在敲门。,Yǒu rén zài qiāo mén.,誰かがドアをノックしています。,「敲」は「叩く」という意味です。,,却／而,HSKsentences,1527
1528,4,河上有一座很老的石桥。,Hé shàng yǒu yí zuò hěn lǎo de shí qiáo,川にはとても古い石橋がかかっています。,「桥」は「橋」という意味です。,,另外,HSKsentences,1528
1529,1,太巧了，我们在机场遇到了。,"Tài qiǎo le, wǒmen zài jīchǎng yùdào le",偶然にも空港で会いましたね。,「巧」は「巧」という意味です。,10,根据／按照,HSKsentences,1529
1530,1,她最喜欢吃巧克力。,Tā zuì xǐhuan chī qiǎokèlì.,彼女はチョコレートが大好きです。,「巧克力」は「チョコレート」という意味です。,11,连～也都／甚至,HSKsentences,1530
1531,2,过年的时候要去拜访亲戚。,Guònián de shíhou yào qù bàifǎng qīnqi.,旧正月には親戚を訪ねる予定です。,「亲戚」は「親戚」という意味です。,17,并／估计,HSKsentences,1531
1532,4,她正在弹琴。,Tā zhèngzài tán qín,彼女はピアノを弾いています。,「琴」は「琴」という意味です。,71,首先～其次／再说,HSKsentences,1532
1533,4,这个箱子很轻。,Zhège xiāngzi hěn qīng.,このスーツケースはとても軽いです。,「轻」は「軽」という意味です。,,竟然／果然,HSKsentences,1533
1534,4,他是一位优秀的青年。,Tā shì yí wèi yōuxiù de qīngnián,彼は素晴らしい青年です。,「青年」は「若者」という意味です。,,要是／值得,HSKsentences,1534
1535,2,考试结束了，终于可以轻松一下了。,"Kǎoshì jiéshù le, zhōngyú kěyǐ qīngsōng yíxià le.",試験が終わって、やっとリラックスできます。,「轻松」は「リラックス」という意味です。,16,以为／认为,HSKsentences,1535
1536,1,请你介绍一下公司的情况。,Qǐng nǐ jièshào yíxià gōngsī de qíngkuàng.,御社について教えてください。,「情况」は「状況」という意味です。,8,既～又也还／可不是／往往,HSKsentences,1536
1537,4,我们一起庆祝他的生日。,Wǒmen yìqǐ qìngzhù tā de shēngrì.,私たちは一緒に彼の誕生日を祝いました。,「庆祝」は「お祝い」という意味です。,,由于／因此／难道,HSKsentences,1537
1538,4,他加入了学校的足球队。,Tā jiārù le xuéxiào de zúqiú duì.,彼は学校のサッカーチームに入りました。,「球队」は「チーム」という意味です。,,否则／无论,HSKsentences,1538
1539,4,球迷们在为自己的球队加油。,Qiúmímen zài wèi zìjǐ de qiúduì jiāyóu.,ファンはチームを応援しています。,「球迷」は「ファン」という意味です。,,同时／并且,HSKsentences,1539
1540,4,我住在朝阳区。,Wǒ zhù zài Cháoyáng qū,私は朝陽区に住んでいます。,「区」は「エリア」という意味です。,,然而／再～也～,HSKsentences,1540
1541,2,你能告诉我这两个词的区别吗？,Nǐ néng gàosu wǒ zhè liǎng gè cí de qūbié ma?,この2つの単語の違いを教えていただけますか？,「区别」は「違い」という意味です。,23,以,HSKsentences,1541
1542,4,我去银行取一些钱。,Wǒ qù yínháng qǔ yìxiē qián.,私は銀行へお金を引き出すために行きました。,「取」は「取る」という意味です。,,由／既然,HSKsentences,1542
1543,3,经过努力，他取得了好成绩。,"Jīngguò nǔlì, tā qǔdé le hǎo chéngjì.",彼は努力の末、良い成績を収めました。,「取得」は「獲得する」という意味です。,32,于是／可,HSKsentences,1543
1544,3,因为天气原因，航班被取消了。,"Yīnwèi tiānqì yuányīn, hángbān bèi qǔxiāo le.",悪天候のため、飛行機は欠航になりました。,「取消」は「取り消す」という意味です。,40,恐怕／敢,HSKsentences,1544
1545,2,全班同学都来了。,Quán bān tóngxué dōu lái le.,クラス全員が来ました。,「全」は「すべて、全」という意味です。,28,到底／叫做,HSKsentences,1545
1546,2,作业全部做完了。,Zuòyè quánbù zuò wán le.,宿題はすべて終わっていました。,「全部」は「すべて、全部」という意味です。,22,为了／在于,HSKsentences,1546
1547,2,我们全都准备好了。,Wǒmen quándōu zhǔnbèi hǎo le.,私たちは皆準備ができていました。,「全都」は「すべて、みんな」という意味です。,28,仍然／究竟,HSKsentences,1547
1548,4,全球气候变暖是一个严重的问题。,Quánqiú qìhòu biànnuǎn shì yí gè yánzhòng de wèntí.,地球温暖化は深刻な問題です。,「全球」は「世界中」という意味です。,,V着V着／一～就～,HSKsentences,1548
1549,4,跑完步后他全身都是汗。,Pǎo wán bù hòu tā quánshēn dōu shì hàn,彼は走った後、汗だくでした。,「全身」は「全身」という意味です。,,不仅～也～／从来,HSKsentences,1549
1550,4,教室里缺一把椅子。,Jiàoshì lǐ quē yì bǎ yǐzi.,教室には椅子が一つ足りませんでした。,「缺」は「欠点」という意味です。,,应该／得(děi),HSKsentences,1550
1551,2,每个人都有自己的缺点。,Měi gè rén dōu yǒu zìjǐ de quēdiǎn,誰にでも欠点はあります。,「缺点」は「欠点」という意味です。,15,就是,HSKsentences,1551
1552,4,这篇文章缺少具体的例子。,Zhè piān wénzhāng quēshǎo jùtǐ de lìzi.,この記事には具体的な例が不足しています。,「缺少」は「欠けている」という意味です。,,只是～而已／即使～也,HSKsentences,1552
1553,4,他很聪明，成绩却不好。,"Tā hěn cōngming, chéngjì què bù hǎo.",彼はとても頭が良いのですが、成績は良くありません。,「却」は「しかし」という意味です。,49,在～上,HSKsentences,1553
1554,4,他说的话确实有道理。,Tā shuō de huà quèshí yǒu dàoli.,彼の言っていることは理にかなっています。,「确实」は「確かに」という意味です。,,正好／差不多,HSKsentences,1554
1555,4,他努力了很久，然而没有成功。,"Tā nǔlì le hěn jiǔ, rán'ér méiyǒu chénggōng",彼は長い間一生懸命勉強しましたが、成功しませんでした。,「然而」は「しかし」という意味です。,62,～不了／无法,HSKsentences,1555
1556,2,过年的时候街上特别热闹。,Guònián de shíhou jiē shàng tèbié rènao,春節の間、街は特に賑わっていました。,「热闹」は「賑やか」という意味です。,17,尽管／不管,HSKsentences,1556
1557,4,人生就像一次旅行。,Rénshēng jiù xiàng yí cì lǚxíng.,人生は旅のようなものです。,「人生」は「人生」という意味です。,,却／而,HSKsentences,1557
1558,4,参加活动的人数超过了预期。,Cānjiā huódòng de rénshù chāoguò le yùqī,参加者数は予想を上回りました。,「人数」は「人数」という意味です。,,另外,HSKsentences,1558
1559,4,安保人员正在检查行李。,Ānbǎo rényuán zhèngzài jiǎnchá xíngli.,警備員が荷物検査をしています。,「人员」は「人員」という意味です。,71,根据／按照,HSKsentences,1559
1560,4,任何人都不能迟到。,Rènhé rén dōu bù néng chídào,遅刻は厳禁です。,「任何」は「どんな」という意味です。,,连～也都／甚至,HSKsentences,1560
1561,3,他很快就完成了任务。,Tā hěn kuài jiù wánchéng le rènwu,彼は仕事を素早く終えました。,「任务」は「任務」という意味です。,30,并／估计,HSKsentences,1561
1562,1,请不要随便扔垃圾。,Qǐng búyào suíbiàn rēng lājī.,ゴミを捨てないでください。,「扔」は「投げる」という意味です。,8,首先～其次／再说,HSKsentences,1562
1563,4,虽然下雨了，比赛仍在进行。,"Suīrán xià yǔ le, bǐsài réng zài jìnxíng.",雨にもかかわらず、競技は続行されます。,「仍」は「依然として」という意味です。,,竟然／果然,HSKsentences,1563
1564,4,十年后他仍然住在这里。,Shí nián hòu tā réngrán zhù zài zhèlǐ.,10年後も、彼はまだここに住んでいます。,「仍然」は「依然」という意味です。,69,要是／值得,HSKsentences,1564
1565,4,运动是他日常生活的一部分。,Yùndòng shì tā rìcháng shēnghuó de yí bùfen,スポーツは彼の日常生活の一部です。,「日常」は「日常」という意味です。,,以为／认为,HSKsentences,1565
1566,2,她从小就有写日记的习惯。,Tā cóng xiǎo jiù yǒu xiě rìjì de xíguàn.,彼女は幼い頃から日記をつけています。,「日记」は「日記」という意味です。,22,既～又也还／可不是／往往,HSKsentences,1566
1567,1,请确认一下出发的日期。,Qǐng quèrèn yíxià chūfā de rìqī,出発日をご確認ください。,「日期」は「日付」という意味です。,8,由于／因此／难道,HSKsentences,1567
1568,4,在中国的日子过得很开心。,Zài Zhōngguó de rìzi guò de hěn kāixīn.,彼は中国で素晴らしい時間を過ごしました。,「日子」は「日」という意味です。,,否则／无论,HSKsentences,1568
1569,4,他入了中国国籍。,Tā rù le Zhōngguó guójí,彼は中国国籍を取得しました。,「入」は「入」という意味です。,,同时／并且,HSKsentences,1569
1570,4,超市的入口在那边。,Chāoshì de rùkǒu zài nàbiān,スーパーマーケットの入り口はあちらです。,「入口」は「入口」という意味です。,,然而／再～也～,HSKsentences,1570
1571,4,九月是入学的季节。,Jiǔyuè shì rùxué de jìjié.,9月は入学シーズンです。,「入学」は「入学」という意味です。,,以,HSKsentences,1571
1572,1,客人下午三点可以入住。,Kèrén xiàwǔ sān diǎn kěyǐ rùzhù.,お客様は午後3時にチェックインできます。,「入住」は「入居」という意味です。,12,由／既然,HSKsentences,1572
1573,4,晚饭后我们去公园散步。,Wǎnfàn hòu wǒmen qù gōngyuán sànbù.,夕食後、公園を散歩しましょう。,「散步」は「散歩」という意味です。,,于是／可,HSKsentences,1573
1574,1,请扫码支付。,Qǐng sǎomǎ zhīfù,お支払いの際はコードをスキャンしてください。,「扫码」は「QRコードをスキャン」という意味です。,8,恐怕／敢,HSKsentences,1574
1575,4,这片森林里有很多野生动物。,Zhè piàn sēnlín lǐ yǒu hěn duō yěshēng dòngwù.,この森にはたくさんの野生動物がいます。,「森林」は「森」という意味です。,,到底／叫做,HSKsentences,1575
1576,2,这件事我们商量一下再决定。,Zhè jiàn shì wǒmen shāngliang yíxià zài juédìng,これについては後で話し合って決めましょう。,「商量」は「相談」という意味です。,16,为了／在于,HSKsentences,1576
1577,4,这家商店的商品种类很多。,Zhè jiā shāngdiàn de shāngpǐn zhǒnglèi hěn duō.,この店には様々な商品があります。,「商品」は「商品」という意味です。,,仍然／究竟,HSKsentences,1577
1578,4,听到这个消息，她很伤心。,"Tīngdào zhège xiāoxi, tā hěn shāngxīn.",彼女はその知らせを聞いてとても悲しんでいました。,「伤心」は「悲しみ」という意味です。,,V着V着／一～就～,HSKsentences,1578
1579,4,我们提供上门服务。,Wǒmen tígōng shàngmén fúwù.,ドアtoドアサービスを提供しています。,「上门」は「訪問」という意味です。,,不仅～也～／从来,HSKsentences,1579
1580,1,请稍等一下。,Qǐng shāo děng yíxià,少々お待ちください。,「稍」は「少し」という意味です。,8,应该／得(děi),HSKsentences,1580
1581,4,今天稍微有点冷。,Jīntiān shāowēi yǒudiǎn lěng.,今日は少し寒いです。,「稍微」は「少しばかり」という意味です。,,就是,HSKsentences,1581
1582,4,在北方，荔枝比较少见。,"Zài běifāng, lìzhī bǐjiào shǎojiàn",ライチは北部では比較的珍しいです。,「少见」は「珍しい」という意味です。,24,只是～而已／即使～也,HSKsentences,1582
1583,2,只需要加少量的盐就可以了。,Zhǐ xūyào jiā shǎoliàng de yán jiù kěyǐ le,塩を少し加えるだけです。,「少量」は「少量」という意味です。,23,在～上,HSKsentences,1583
1584,4,只有少数人不同意。,Zhǐyǒu shǎoshù rén bù tóngyì,反対する人はごく少数です。,「少数」は「少数」という意味です。,,正好／差不多,HSKsentences,1584
1585,4,他是一个聪明的少年。,Tā shì yí gè cōngming de shàonián.,彼は聡明な青年です。,「少年」は「少年」という意味です。,,～不了／无法,HSKsentences,1585
1586,4,教育对社会发展很重要。,Jiàoyù duì shèhuì fāzhǎn hěn zhòngyào,教育は社会発展にとって非常に重要です。,「社会」は「社会」という意味です。,,尽管／不管,HSKsentences,1586
1587,2,今天最高温度三十五摄氏度。,Jīntiān zuìgāo wēndù sānshíwǔ shèshìdù.,今日の最高気温は摂氏35度です。,「摄氏度」は「摂氏」という意味です。,14,却／而,HSKsentences,1587
1588,4,她穿了一身新衣服。,Tā chuān le yì shēn xīn yīfu,彼女は新しい服を着ました。,「身」は「体」という意味です。,,另外,HSKsentences,1588
1589,4,这条河很深，不能游泳。,"Zhè tiáo hé hěn shēn, bù néng yóuyǒng.",この川は深いので、泳ぐことはできません。,「深」は「深い」という意味です。,,根据／按照,HSKsentences,1589
1590,1,请出示你的身份证。,Qǐng chūshì nǐ de shēnfènzhèng.,身分証明書をご提示ください。,「身份证」は「身分証明書」という意味です。,8,连～也都／甚至,HSKsentences,1590
1591,1,他申请了一所美国的大学。,Tā shēnqǐng le yì suǒ Měiguó de dàxué,彼はアメリカの大学に出願しました。,「申请」は「申請」という意味です。,8,并／估计,HSKsentences,1591
1592,4,他很忙，甚至周末也在工作。,"Tā hěn máng, shènzhì zhōumò yě zài gōngzuò.",彼はとても忙しく、週末も働いています。,「甚至」は「さらには」という意味です。,52,首先～其次／再说,HSKsentences,1592
1593,4,姐姐生了一个可爱的宝宝。,Jiějie shēng le yí gè kě'ài de bǎobao,私の妹は可愛い赤ちゃんを出産しました。,「生」は「生1」という意味です。,,竟然／果然,HSKsentences,1593
1594,1,每一个生命都是珍贵的。,Měi yí gè shēngmìng dōu shì zhēnguì de,すべての命は尊い。,「生命」は「生命」という意味です。,13,要是／值得,HSKsentences,1594
1595,2,他的生意做得很好。,Tā de shēngyi zuò de hěn hǎo.,彼の事業はとてもうまくいっています。,「生意」は「商売」という意味です。,25,以为／认为,HSKsentences,1595
1596,4,他来自四川省。,Tā láizì Sìchuān shěng,彼は四川省出身です。,「省」は「省」という意味です。,,既～又也还／可不是／往往,HSKsentences,1596
1597,4,冰箱里还剩一些牛奶。,Bīngxiāng lǐ hái shèng yìxiē niúnǎi,冷蔵庫に牛乳が少し残っています。,「剩」は「残り」という意味です。,,由于／因此／难道,HSKsentences,1597
1598,4,失败是成功之母。,Shībài shì chénggōng zhī mǔ.,失敗は成功の母です。,「失败」は「失敗」という意味です。,,否则／无论,HSKsentences,1598
1599,1,出租车师傅，请去火车站。,"Chūzūchē shīfu, qǐng qù huǒchēzhàn.",タクシー運転手さん、駅まで行ってください。,「师傅」は「師匠」という意味です。,8,同时／并且,HSKsentences,1599
1600,4,他失去了一个很好的机会。,Tā shīqù le yí gè hěn hǎo de jīhuì.,彼は絶好の機会を逃した。,「失去」は「失う」という意味です。,,然而／再～也～,HSKsentences,1600
1601,4,师生之间的关系很融洽。,Shīshēng zhījiān de guānxì hěn róngqià.,教師と生徒の関係は良好だ。,「师生」は「教師と生徒」という意味です。,,以,HSKsentences,1601
1602,4,他对考试结果感到很失望。,Tā duì kǎoshì jiéguǒ gǎndào hěn shīwàng.,彼は試験結果に落胆した。,「失望」は「失望」という意味です。,,由／既然,HSKsentences,1602
1603,4,他对这次活动十分满意。,Tā duì zhè cì huódòng shífēn mǎnyì,彼はその活動に大変満足していた。,「十分」は「非常に」という意味です。,,于是／可,HSKsentences,1603
1604,4,实际情况和想象的不一样。,Shíjì qíngkuàng hé xiǎngxiàng de bù yíyàng.,現実は彼の想像とは違っていた。,「实际」は「実際」という意味です。,,恐怕／敢,HSKsentences,1604
1605,1,请看一下火车时间表。,Qǐng kàn yíxià huǒchē shíjiānbiǎo.,電車の時刻表を見てください。,「时间表」は「時間割」という意味です。,8,到底／叫做,HSKsentences,1605
1606,4,实际上这个问题并不难。,Shíjìshàng zhège wèntí bìng bù nán,実は、この問題は難しくない。,「实际上」は「実際には」という意味です。,53,为了／在于,HSKsentences,1606
1607,4,这家超市的食品很新鲜。,Zhè jiā chāoshì de shípǐn hěn xīnxiān,このスーパーの食品はとても新鮮だ。,「食品」は「食品」という意味です。,,仍然／究竟,HSKsentences,1607
1608,4,中午我在食堂吃饭。,Zhōngwǔ wǒ zài shítáng chīfàn.,私はカフェテリアで昼食を食べた。,「食堂」は「食堂」という意味です。,,V着V着／一～就～,HSKsentences,1608
1609,1,请不要浪费食物。,Qǐng búyào làngfèi shíwù.,食べ物を無駄にしないでください。,「食物」は「食べ物」という意味です。,8,不仅～也～／从来,HSKsentences,1609
1610,1,他实在是太累了。,Tā shízài shì tài lèi le,彼は本当に疲れていた。,「实在」は「実に」という意味です。,10,应该／得(děi),HSKsentences,1610
1611,4,到十字路口向左转。,Dào shízì lùkǒu xiàng zuǒ zhuǎn.,交差点を左に曲がってください。,「十字路口」は「交差点」という意味です。,,就是,HSKsentences,1611
1612,4,这件事使他很生气。,Zhè jiàn shì shǐ tā hěn shēngqì.,彼はこれにとても腹を立てた。,「使」は「～させる」という意味です。,,只是～而已／即使～也,HSKsentences,1612
1613,4,我去美国使馆办签证。,Wǒ qù Měiguó shǐguǎn bàn qiānzhèng,ビザ申請のため、アメリカ大使館へ行きます。,「使馆」は「大使館」という意味です。,,在～上,HSKsentences,1613
1614,1,请正确使用这个设备。,Qǐng zhèngquè shǐyòng zhège shèbèi.,この機器を正しく使用してください。,「使用」は「利用」という意味です。,8,正好／差不多,HSKsentences,1614
1615,1,我们去农贸市场买菜。,Wǒmen qù nóngmào shìchǎng mǎi cài.,食料品を買いにファーマーズマーケットへ行きます。,「市场」は「市場」という意味です。,5,～不了／无法,HSKsentences,1615
1616,1,请告诉我你是否能参加。,Qǐng gàosu wǒ nǐ shìfǒu néng cānjiā.,参加できるかどうか教えてください。,「是否」は「かどうか」という意味です。,8,尽管／不管,HSKsentences,1616
1617,4,这份工作很适合你。,Zhè fèn gōngzuò hěn shìhé nǐ.,この仕事はあなたにぴったりです。,「适合」は「適しているか」という意味です。,,却／而,HSKsentences,1617
1618,4,二十一世纪是科技的时代。,Èrshíyī shìjì shì kējì de shídài,21世紀はテクノロジーの時代です。,「世纪」は「世紀」という意味です。,,另外,HSKsentences,1618
1619,4,他在网上看了一个有趣的视频。,Tā zài wǎng shàng kàn le yí gè yǒuqù de shìpín,彼はオンラインで興味深い動画を見ました。,「视频」は「動画」という意味です。,,根据／按照,HSKsentences,1619
1620,4,他住在市区中心。,Tā zhù zài shìqū zhōngxīn.,彼は市内中心部に住んでいます。,「市区」は「市街地」という意味です。,,连～也都／甚至,HSKsentences,1620
1621,4,老师正在准备期末试题。,Lǎoshī zhèngzài zhǔnbèi qīmò shìtí,先生は期末試験の問題を作成中です。,「试题」は「試験問題」という意味です。,71,并／估计,HSKsentences,1621
1622,3,他很快就适应了新环境。,Tā hěn kuài jiù shìyìng le xīn huánjìng.,彼は新しい環境にすぐに順応しました。,「适应」は「適応」という意味です。,30,首先～其次／再说,HSKsentences,1622
1623,4,这个停车场怎么收费？,Zhège tíngchēchǎng zěnme shōufèi?,この駐車場の料金はいくらですか？,「收费」は「料金」という意味です。,,竟然／果然,HSKsentences,1623
1624,4,他的月收入不低。,Tā de yuè shōurù bù dī.,彼の月収は低くありません。,「收入」は「収入」という意味です。,,要是／值得,HSKsentences,1624
1625,1,出门前请收拾好房间。,Chūmén qián qǐng shōushi hǎo fángjiān,出発前に部屋を片付けてください。,「收拾」は「片付け」という意味です。,8,以为／认为,HSKsentences,1625
1626,1,爷爷喜欢每天收听广播。,Yéye xǐhuan měitiān shōutīng guǎngbō,おじいちゃんは毎日ラジオを聴くのが好きです。,「收听」は「再生」という意味です。,11,既～又也还／可不是／往往,HSKsentences,1626
1627,1,请你唱一首歌吧。,Qǐng nǐ chàng yì shǒu gē ba.,歌を歌ってください。,「首」は「トップ」という意味です。,8,由于／因此／难道,HSKsentences,1627
1628,4,北京是中国的首都。,Běijīng shì Zhōngguó de shǒudū,北京は中国の首都です。,「首都」は「首都」という意味です。,,否则／无论,HSKsentences,1628
1629,4,首先，我要感谢大家。,"Shǒuxiān, wǒ yào gǎnxiè dàjiā",まず、皆さんに感謝申し上げます。,「首先」は「まず」という意味です。,54,同时／并且,HSKsentences,1629
1630,4,这里太热了，我受不了。,"Zhèlǐ tài rè le, wǒ shòubuliǎo",ここは暑すぎて耐えられません。,「受不了」は「我慢できない」という意味です。,47,然而／再～也～,HSKsentences,1630
1631,4,售票员说今天的票卖完了。,Shòupiàoyuán shuō jīntiān de piào mài wán le.,チケット売り場の人が、今日のチケットは売り切れだと言っていました。,「售票员」は「切符売り場」という意味です。,,以,HSKsentences,1631
1632,4,他在比赛中受伤了。,Tā zài bǐsài zhōng shòushāng le.,彼は試合中に怪我をしました。,「受伤」は「怪我」という意味です。,24,由／既然,HSKsentences,1632
1633,4,我们球队昨天输了比赛。,Wǒmen qiúduì zuótiān shū le bǐsài.,私たちのチームは昨日負けました。,「输」は「負ける」という意味です。,24,于是／可,HSKsentences,1633
1634,2,苹果还没有熟。,Píngguǒ hái méiyǒu shú.,リンゴはまだ熟していません。,「熟」は「慣れ親しんだ」という意味です。,20,恐怕／敢,HSKsentences,1634
1635,4,他对北京的路很熟悉。,Tā duì Běijīng de lù hěn shúxi.,彼は北京の道路をよく知っています。,「熟悉」は「夏休み」という意味です。,,到底／叫做,HSKsentences,1635
1636,3,暑假他打算回国看父母。,Shǔjià tā dǎsuàn huí guó kàn fùmǔ,彼は夏休みに両親に会いに中国へ帰る予定です。,「暑假」は「数」という意味です。,29,为了／在于,HSKsentences,1636
1637,1,班上一共有多少数学生？,Bān shàng yígòng yǒu duōshao shù xuéshēng?,クラスには何人の生徒がいますか？,「数」は「数量」という意味です。,6,仍然／究竟,HSKsentences,1637
1638,4,商品的数量有限。,Shāngpǐn de shùliàng yǒuxiàn,数量限定です。,「数量」は「森」という意味です。,,V着V着／一～就～,HSKsentences,1638
1639,4,我们在树林里散步。,Wǒmen zài shùlín lǐ sànbù,森の中を散歩しています。,「树林」は「数字」という意味です。,,不仅～也～／从来,HSKsentences,1639
1640,1,请记住这组数字。,Qǐng jìzhù zhè zǔ shùzì,これらの数字を覚えておいてください。,「数字」は「イケメン」という意味です。,8,应该／得(děi),HSKsentences,1640
1641,4,大家都说他很帅。,Dàjiā dōu shuō tā hěn shuài.,みんな彼がハンサムだと言っています。,「帅」は「かっこいい」という意味です。,,就是,HSKsentences,1641
1642,2,你去超市的时候，顺便帮我买瓶水。,"Nǐ qù chāoshì de shíhou, shùnbiàn bāng wǒ mǎi píng shuǐ.",スーパーに行くときに、水を1本買ってきてくれませんか？,「顺便」は「ついでに」という意味です。,17,只是～而已／即使～也,HSKsentences,1642
1643,4,祝你旅途顺利！,Zhù nǐ lǚtú shùnlì!,お気をつけて！,「顺利」は「順調に」という意味です。,,在～上,HSKsentences,1643
1644,4,请按照顺序排队。,Qǐng ànzhào shùnxù páiduì.,順番に並んでください。,「顺序」は「順序」という意味です。,51,正好／差不多,HSKsentences,1644
1645,4,这件事有好几种说法。,Zhè jiàn shì yǒu hǎo jǐ zhǒng shuōfǎ.,この話にはいくつかのバージョンがあります。,「说法」は「説」という意味です。,,～不了／无法,HSKsentences,1645
1646,1,请你说明一下原因。,Qǐng nǐ shuōmíng yíxià yuányīn,理由を説明してください。,「说明」は「説明」という意味です。,8,尽管／不管,HSKsentences,1646
1647,1,用之前请先看说明书。,Yòng zhīqián qǐng xiān kàn shuōmíngshū,ご使用前に説明書をお読みください。,「说明书」は「説明書」という意味です。,8,却／而,HSKsentences,1647
1648,4,她正在读硕士研究生。,Tā zhèngzài dú shuòshì yánjiūshēng,彼女は大学院生です。,「硕士」は「修士」という意味です。,71,另外,HSKsentences,1648
1649,2,这棵树已经死了。,Zhè kē shù yǐjīng sǐ le.,この木は枯れています。,「死」は「死ぬ」という意味です。,17,根据／按照,HSKsentences,1649
1650,1,请降低行驶速度。,Qǐng jiàngdī xíngshǐ sùdù,速度を落としてください。,「速度」は「速度」という意味です。,8,连～也都／甚至,HSKsentences,1650
1651,1,请少用塑料袋。,Qǐng shǎo yòng sùliào dài,ビニール袋の使用を減らしてください。,「塑料」は「プラスチック」という意味です。,8,并／估计,HSKsentences,1651
1652,1,这个柠檬太酸了。,Zhège níngméng tài suān le.,このレモンは酸っぱすぎます。,「酸」は「酸」という意味です。,10,首先～其次／再说,HSKsentences,1652
1653,4,早餐我喝了一杯酸奶。,Zǎocān wǒ hē le yì bēi suānnǎi,朝食にヨーグルトを一杯食べました。,「酸奶」は「ヨーグルト」という意味です。,,竟然／果然,HSKsentences,1653
1654,1,你算一算一共多少钱。,Nǐ suàn yí suàn yígòng duōshao qián.,合計金額を計算してもらえますか？,「算」は「数える」という意味です。,6,要是／值得,HSKsentences,1654
1655,2,你随便坐，别客气。,"Nǐ suíbiàn zuò, bié kèqi.",どうぞごゆっくり、遠慮なく。,「随便」は「適当に」という意味です。,23,以为／认为,HSKsentences,1655
1656,3,随着时间的推移，他的中文越来越好。,"Suízhe shíjiān de tuīyí, tā de Zhōngwén yuèláiyuè hǎo",時間が経つにつれて、彼の中国語は上達しました。,「随着」は「～とともに」という意味です。,31,既～又也还／可不是／往往,HSKsentences,1656
1657,2,爷爷最疼爱他的孙女。,Yéye zuì téng'ài tā de sūnnǚ.,おじいちゃんは孫娘を溺愛していました。,「孙女」は「孫娘」という意味です。,14,由于／因此／难道,HSKsentences,1657
1658,2,奶奶带着孙子去公园了。,Nǎinai dài zhe sūnzi qù gōngyuán le,おばあちゃんは孫を公園に連れて行きました。,「孙子」は「孫」という意味です。,26,否则／无论,HSKsentences,1658
1659,3,他把所有的钱都花了。,Tā bǎ suǒyǒu de qián dōu huā le,彼は全財産を使い果たしました。,「所有」は「すべて」という意味です。,36,同时／并且,HSKsentences,1659
1660,4,客厅里放着一台大电视。,Kètīng lǐ fàng zhe yì tái dà diànshì.,リビングには大きなテレビがあります。,「台」は「台」という意味です。,,然而／再～也～,HSKsentences,1660
1661,3,请帮我把桌子抬起来。,Qǐng bāng wǒ bǎ zhuōzi tái qǐlái,テーブルを持ち上げるのを手伝ってください。,「抬」は「運ぶ」という意味です。,30,以,HSKsentences,1661
1662,4,他抬头看了看天空。,Tā táitóu kàn le kàn tiānkōng,彼は空を見上げました。,「抬头」は「顔を上げる」という意味です。,,由／既然,HSKsentences,1662
1663,4,服务员的态度很好。,Fúwùyuán de tàidù hěn hǎo,ウェイトレスはとても親切でした。,「态度」は「態度」という意味です。,,于是／可,HSKsentences,1663
1664,4,她正在弹吉他。,Tā zhèngzài tán jítā.,彼女はギターを弾いていました。,「弹」は「弾く」という意味です。,71,恐怕／敢,HSKsentences,1664
1665,4,我们谈一谈工作的事吧。,Wǒmen tán yì tán gōngzuò de shì ba.,仕事の話をしましょう。,「谈」は「話す」という意味です。,,到底／叫做,HSKsentences,1665
1666,4,妈妈做了一碗鸡汤。,Māma zuò le yì wǎn jītāng,母はチキンスープを一杯作りました。,「汤」は「スープ」という意味です。,,为了／在于,HSKsentences,1666
1667,4,他累了，躺在沙发上休息。,"Tā lèi le, tǎng zài shāfā shàng xiūxi.",彼は疲れていたので、ソファに横になって休みました。,「躺」は「横になる」という意味です。,,仍然／究竟,HSKsentences,1667
1668,4,他去了两趟超市。,Tā qù le liǎng tàng chāoshì,彼はスーパーマーケットに2回行きました。,「趟」は「一通り」という意味です。,,V着V着／一～就～,HSKsentences,1668
1669,4,大家一起讨论这个方案。,Dàjiā yìqǐ tǎolùn zhège fāng'àn,みんなで一緒に計画を話し合いました。,「讨论」は「議論」という意味です。,,不仅～也～／从来,HSKsentences,1669
1670,2,我最讨厌下雨天。,Wǒ zuì tǎoyàn xià yǔ tiān,私は雨の日が嫌いです。,「讨厌」は「嫌い」という意味です。,14,应该／得(děi),HSKsentences,1670
1671,4,这种茶的特点是味道清香。,Zhè zhǒng chá de tèdiǎn shì wèidao qīngxiāng,このお茶は香りが良いのが特徴です。,「特点」は「特徴」という意味です。,,就是,HSKsentences,1671
1672,2,别忘了提醒我开会的时间。,Bié wàng le tíxǐng wǒ kāihuì de shíjiān.,会議の時間を忘れずにリマインダーしてください。,「提」は「提起」という意味です。,23,只是～而已／即使～也,HSKsentences,1672
1673,4,他提出了一个好建议。,Tā tíchū le yí gè hǎo jiànyì,彼は良い提案をしました。,「提出」は「提案する」という意味です。,,在～上,HSKsentences,1673
1674,4,老师在课上提到了这本书。,Lǎoshī zài kè shàng tídào le zhè běn shū.,先生は授業でこの本について話しました。,「提到」は「言及する」という意味です。,,正好／差不多,HSKsentences,1674
1675,4,酒店提供免费早餐。,Jiǔdiàn tígōng miǎnfèi zǎocān,ホテルでは無料の朝食を提供しています。,「提供」は「提供する」という意味です。,,～不了／无法,HSKsentences,1675
1676,1,请提前十五分钟到达。,Qǐng tíqián shíwǔ fēnzhōng dàodá,15分前に到着してください。,「提前」は「前もって」という意味です。,8,尽管／不管,HSKsentences,1676
1677,4,谢谢你提醒我。,Xièxie nǐ tíxǐng wǒ.,リマインダーありがとうございます。,「提醒」は「注意喚起」という意味です。,,却／而,HSKsentences,1677
1678,2,公司每年组织一次体检。,Gōngsī měi nián zǔzhī yí cì tǐjiǎn,会社は毎年健康診断を実施しています。,「体检」は「健康診断」という意味です。,15,另外,HSKsentences,1678
1679,4,护士测量了他的体温。,Hùshi cèliáng le tā de tǐwēn,看護師が彼の体温を測りました。,「体温」は「体温」という意味です。,,根据／按照,HSKsentences,1679
1680,2,他最近的体重增加了。,Tā zuìjìn de tǐzhòng zēngjiā le,彼は最近体重が増えました。,「体重」は「体重」という意味です。,14,连～也都／甚至,HSKsentences,1680
1681,1,请填写你的个人信息。,Qǐng tiánxiě nǐ de gèrén xìnxī,個人情報を記入してください。,「填写」は「記入」という意味です。,8,并／估计,HSKsentences,1681
1682,4,这里的学习条件很好。,Zhèlǐ de xuéxí tiáojiàn hěn hǎo,ここの学習環境は素晴らしいです。,「条件」は「条件」という意味です。,,首先～其次／再说,HSKsentences,1682
1683,4,考试包括听力和阅读。,HSK kǎoshì bāokuò tīnglì hé yuèdú,試験にはリスニングとリーディングの理解が含まれます。,「听力」は「聴力」という意味です。,,竟然／果然,HSKsentences,1683
1684,3,听众被他精彩的演讲深深吸引。,Tīngzhòng bèi tā jīngcǎi de yǎnjiǎng shēnshēn xīyǐn,聴衆は彼の素晴らしいスピーチに魅了されました。,「听众」は「聴衆」という意味です。,40,要是／值得,HSKsentences,1684
1685,1,前面有红灯，请停车。,"Qiánmiàn yǒu hóngdēng, qǐng tíng chē.",前方に赤信号がありますので、止まってください。,「停」は「停止」という意味です。,8,以为／认为,HSKsentences,1685
1686,4,这里不能停车。,Zhèlǐ bù néng tíngchē,ここは駐車禁止です。,「停车」は「駐車」という意味です。,,既～又也还／可不是／往往,HSKsentences,1686
1687,4,停车场还有空位吗？,Tíngchēchǎng hái yǒu kòng wèi ma?,駐車場に空きはありますか？,「停车场」は「駐車場」という意味です。,,由于／因此／难道,HSKsentences,1687
1688,2,雨已经停止了。,Yǔ yǐjīng tíngzhǐ le.,雨は止みました。,「停止」は「停止」という意味です。,17,否则／无论,HSKsentences,1688
1689,4,这条路不通。,Zhè tiáo lù bù tōng.,この道路は通行止めです。,「通」は「通る」という意味です。,,同时／并且,HSKsentences,1689
1690,4,他通过了HSK四级考试。,Tā tōngguò le HSK sì jí kǎoshì.,彼はHSK4級試験に合格しました。,「通过」は「通過」という意味です。,,然而／再～也～,HSKsentences,1690
1691,4,学校通知明天放假。,Xuéxiào tōngzhī míngtiān fàngjià,学校は明日休校だと発表しました。,「通知」は「通知」という意味です。,,以,HSKsentences,1691
1692,4,他在农村度过了快乐的童年。,Tā zài nóngcūn dùguò le kuàilè de tóngnián.,彼は田舎で幸せな子供時代を過ごしました。,「童年」は「子供時代、幼少期」という意味です。,,由／既然,HSKsentences,1692
1693,4,她同时学习中文和日语。,Tā tóngshí xuéxí Zhōngwén hé Rìyǔ.,彼女は中国語と日本語の両方を勉強しています。,「同时」は「同時に」という意味です。,61,于是／可,HSKsentences,1693
1694,4,我们面对着同样的问题。,Wǒmen miànduì zhe tóngyàng de wèntí.,私たちは同じ問題を抱えています。,「同样」は「同様に」という意味です。,,恐怕／敢,HSKsentences,1694
1695,1,请帮我倒一桶水。,Qǐng bāng wǒ dào yì tǒng shuǐ.,バケツ一杯の水を注いでください。,「桶」は「バケツ」という意味です。,8,到底／叫做,HSKsentences,1695
1696,4,我的头很痛。,Wǒ de tóu hěn tòng.,頭が痛いです。,「痛」は「痛み」という意味です。,,为了／在于,HSKsentences,1696
1697,4,他感冒了，有点头痛。,"Tā gǎnmào le, yǒudiǎn tóutòng",彼は風邪と頭痛を患っています。,「头痛」は「頭痛」という意味です。,,仍然／究竟,HSKsentences,1697
1698,1,请看课本上的图。,Qǐng kàn kèběn shàng de tú,教科書の写真を見てください。,「图」は「図」という意味です。,8,V着V着／一～就～,HSKsentences,1698
1699,4,这张图片拍得很清楚。,Zhè zhāng túpiàn pāi de hěn qīngchu,この写真はとても鮮明です。,「图片」は「画像」という意味です。,,不仅～也～／从来,HSKsentences,1699
1700,4,这里的土很肥沃。,Zhèlǐ de tǔ hěn féiwò,ここの土壌はとても肥沃です。,「土」は「土」という意味です。,,应该／得(děi),HSKsentences,1700
1701,1,请不要推别人。,Qǐng búyào tuī biérén.,他の人を押さないでください。,「推」は「推」という意味です。,8,就是,HSKsentences,1701
1702,4,会议推迟到下周一。,Huìyì tuīchí dào xià zhōuyī,会議は来週の月曜日に延期されました。,「推迟」は「延期」という意味です。,,只是～而已／即使～也,HSKsentences,1702
1703,4,这家公司推出了一款新产品。,Zhè jiā gōngsī tuīchū le yì kuǎn xīn chǎnpǐn,この会社は新製品を発売しました。,「推出」は「発売」という意味です。,,在～上,HSKsentences,1703
1704,1,进屋前请脱鞋。,Jìn wū qián qǐng tuō xié.,家に入る前に靴を脱いでください。,「脱」は「脱」という意味です。,8,正好／差不多,HSKsentences,1704
1705,1,这双袜子是纯棉的。,Zhè shuāng wàzi shì chúnmián de.,この靴下は純綿です。,「袜子」は「靴下」という意味です。,13,～不了／无法,HSKsentences,1705
1706,1,外出时请随身携带手机。,Wàichū shí qǐng suíshēn xiédài shǒujī.,外出するときは携帯電話を持って行ってください。,「外出」は「外出」という意味です。,8,尽管／不管,HSKsentences,1706
1707,4,今天冷，穿件外套吧。,"Jīntiān lěng, chuān jiàn wàitào ba.",今日は寒いので、ジャケットを着てください。,「外套」は「上着」という意味です。,,却／而,HSKsentences,1707
1708,4,我完全同意你的看法。,Wǒ wánquán tóngyì nǐ de kànfǎ.,全く同感です。,「完全」は「完全に」という意味です。,,另外,HSKsentences,1708
1709,4,晚安，明天见。,"Wǎn'ān, míngtiān jiàn",おやすみなさい、また明日。,「晚安」は「おやすみ」という意味です。,,根据／按照,HSKsentences,1709
1710,4,今天的晚餐是火锅。,Jīntiān de wǎncān shì huǒguō,今夜の夕食は鍋料理です。,「晚餐」は「夕食」という意味です。,,连～也都／甚至,HSKsentences,1710
1711,3,越来越多的人喜欢网购。,Yuèláiyuè duō de rén xǐhuan wǎnggòu,オンラインショッピングを好む人がますます増えています。,「网购」は「ネットショッピング」という意味です。,31,并／估计,HSKsentences,1711
1712,4,春天的天气往往变化很大。,Chūntiān de tiānqì wǎngwǎng biànhuà hěn dà.,春の天気は変わりやすいです。,「往往」は「往々にして」という意味です。,58,首先～其次／再说,HSKsentences,1712
1713,1,请打开这个网页。,Qǐng dǎkāi zhège wǎngyè,このウェブページを開いてください。,「网页」は「ウェブページ」という意味です。,8,竟然／果然,HSKsentences,1713
1714,4,他在网上认识了很多网友。,Tā zài wǎng shàng rènshi le hěn duō wǎngyǒu,彼はオンラインで多くのネットユーザーと出会いました。,「网友」は「ネットユーザー」という意味です。,,要是／值得,HSKsentences,1714
1715,4,你知道这个网站的网址吗？,Nǐ zhīdào zhège wǎngzhàn de wǎngzhǐ ma?,ウェブサイトのアドレスをご存知ですか？,「网址」は「URL」という意味です。,,以为／认为,HSKsentences,1715
1716,1,在路上开车不要看手机，太危险了。,"Zài lù shàng kāichē búyào kàn shǒujī, tài wēixiǎn le",運転中は携帯電話を見ないでください。危険すぎます。,「危险」は「危険」という意味です。,10,既～又也还／可不是／往往,HSKsentences,1716
1717,4,他为大家做了很多事。,Tā wèi dàjiā zuò le hěn duō shì.,彼は皆のために多くのことをしました。,「为」は「～のために」という意味です。,,由于／因此／难道,HSKsentences,1717
1718,4,这道菜有家乡的味儿。,Zhè dào cài yǒu jiāxiāng de wèir.,この料理は故郷の味がします。,「味」は「味」という意味です。,,否则／无论,HSKsentences,1718
1719,4,这个菜的味道很不错。,Zhège cài de wèidào hěn búcuò.,この料理はとても美味しいです。,「味道」は「風味」という意味です。,,同时／并且,HSKsentences,1719
1720,1,请保持教室卫生。,Qǐng bǎochí jiàoshì wèishēng.,教室を清潔に保ってください。,「卫生」は「衛生」という意味です。,8,然而／再～也～,HSKsentences,1720
1721,1,请把空调温度调低一点。,Qǐng bǎ kōngtiáo wēndù tiáo dī yìdiǎn.,エアコンの温度を少し下げてください。,「温度」は「温度」という意味です。,8,以,HSKsentences,1721
1722,4,你闻一闻这朵花。,Nǐ wén yì wén zhè duǒ huā,この花の香りを嗅いでください。,「闻」は「匂い」という意味です。,,由／既然,HSKsentences,1722
1723,3,请把文件发到我邮箱。,Qǐng bǎ wénjiàn fā dào wǒ yóuxiāng,ファイルを私のメールアドレスに送ってください。,「文件」は「ファイル」という意味です。,36,于是／可,HSKsentences,1723
1724,4,他写了一篇很好的文章。,Tā xiě le yì piān hěn hǎo de wénzhāng,彼はとても良い記事を書きました。,「文章」は「記事」という意味です。,,恐怕／敢,HSKsentences,1724
1725,2,汉字是世界上最古老的文字之一。,Hànzì shì shìjiè shàng zuì gǔlǎo de wénzì zhī yī.,漢字は世界で最も古い文字体系の一つです。,「文字」は「文字」という意味です。,14,到底／叫做,HSKsentences,1725
1726,4,工厂排放的废气污染了空气。,Gōngchǎng páifàng de fèiqì wūrǎn le kōngqì.,工場の排気ガスは空気を汚染します。,「污染」は「汚染」という意味です。,,为了／在于,HSKsentences,1726
1727,4,他无话可说。,Tā wú huà kě shuō.,彼は言葉を失いました。,「无」は「なし」という意味です。,,仍然／究竟,HSKsentences,1727
1728,4,这个问题目前无法解决。,Zhège wèntí mùqián wúfǎ jiějué,この問題は現状では解決不可能です。,「无法」は「できない」という意味です。,47,V着V着／一～就～,HSKsentences,1728
1729,4,周末一个人在家很无聊。,Zhōumò yí gè rén zài jiā hěn wúliáo,週末に一人で家にいるのは退屈です。,「无聊」は「退屈」という意味です。,,不仅～也～／从来,HSKsentences,1729
1730,4,无论结果如何，我们都接受。,"Wúlùn jiéguǒ rúhé, wǒmen dōu jiēshòu",どんな結果になろうとも、私たちはそれを受け入れます。,「无论」は「どちらでも」という意味です。,60,应该／得(děi),HSKsentences,1730
1731,4,午餐我吃了一碗面条。,Wǔcān wǒ chī le yì wǎn miàntiáo,昼食に麺を一杯食べました。,「午餐」は「昼食」という意味です。,,就是,HSKsentences,1731
1732,4,你误会我了，我不是那个意思。,"Nǐ wùhuì wǒ le, wǒ búshì nàge yìsi.",誤解されていますよ、そういう意味ではありません。,「误会」は「誤解」という意味です。,,只是～而已／即使～也,HSKsentences,1732
1733,4,深深地吸一口气。,Shēnshēn de xī yì kǒu qì,深呼吸をしました。,「吸」は「吸う」という意味です。,,在～上,HSKsentences,1733
1734,4,中国西部有壮丽的自然风光。,Zhōngguó xībù yǒu zhuànglì de zìrán fēngguāng.,中国西部には素晴らしい自然景観があります。,「西部」は「西部」という意味です。,,正好／差不多,HSKsentences,1734
1735,4,西红柿炒鸡蛋是经典的中国菜。,Xīhóngshì chǎo jīdàn shì jīngdiǎn de Zhōngguó cài,トマト入りスクランブルエッグは中国の定番料理です。,「西红柿」は「トマト」という意味です。,,～不了／无法,HSKsentences,1735
1736,4,这个城市吸引了很多游客。,Zhège chéngshì xīyǐn le hěn duō yóukè.,この街は多くの観光客を惹きつけています。,「吸引」は「惹きつける」という意味です。,,尽管／不管,HSKsentences,1736
1737,4,她做事很细。,Tā zuòshì hěn xì,彼女はとても几帳面です。,「细」は「細い」という意味です。,,却／而,HSKsentences,1737
1738,4,她是一个非常细心的人。,Tā shì yí gè fēicháng xìxīn de rén.,彼女はとても慎重な人です。,「细心」は「注意深い」という意味です。,,另外,HSKsentences,1738
1739,2,最近房价有所下降。,Zuìjìn fángjià yǒusuǒ xiàjiàng.,最近、住宅価格が下がりました。,「下降」は「下降」という意味です。,14,根据／按照,HSKsentences,1739
1740,1,这些鱼非常新鲜。,Zhèxiē yú fēicháng xīnxiān,この魚はとても新鮮です。,「鲜」は「新鮮」という意味です。,13,连～也都／甚至,HSKsentences,1740
1741,4,他送了一束鲜花给妻子。,Tā sòng le yí shù xiānhuā gěi qīzi,彼は妻に花束を贈りました。,「鲜花」は「花」という意味です。,,并／估计,HSKsentences,1741
1742,1,这道汤太咸了。,Zhè dào tāng tài xián le,このスープは塩辛すぎます。,「咸」は「塩辛い」という意味です。,10,首先～其次／再说,HSKsentences,1742
1743,4,对不起，我们不收现金。,"Duìbuqǐ, wǒmen bù shōu xiànjīn",申し訳ありませんが、現金は受け付けておりません。,「现金」は「現金」という意味です。,,竟然／果然,HSKsentences,1743
1744,4,大家都很羡慕他的工作。,Dàjiā dōu hěn xiànmù tā de gōngzuò.,誰もが彼の仕事を羨ましがっています。,「羡慕」は「羨望」という意味です。,,要是／值得,HSKsentences,1744
1745,1,你可以通过线上报名。,Nǐ kěyǐ tōngguò xiànshàng bàomíng,オンラインで登録できます。,「线上」は「オンライン」という意味です。,12,以为／认为,HSKsentences,1745
1746,4,线下活动在周六举行。,Xiànxià huódòng zài zhōuliù jǔxíng,オフラインイベントは土曜日に開催されます。,「线下」は「オフライン」という意味です。,,既～又也还／可不是／往往,HSKsentences,1746
1747,4,我们要充分利用现有资源。,Wǒmen yào chōngfèn lìyòng xiànyǒu zīyuán.,私たちは利用可能な資源を最大限に活用すべきです。,「现有」は「現在」という意味です。,,由于／因此／难道,HSKsentences,1747
1748,2,这朵花真香。,Zhè duǒ huā zhēn xiāng,この花はとても良い香りがします。,「香」は「香り」という意味です。,16,否则／无论,HSKsentences,1748
1749,4,和去年相比，今年暖和多了。,"Hé qùnián xiāngbǐ, jīnnián nuǎnhuo duō le",今年は昨年よりもずっと暖かいです。,「相比」は「比較して」という意味です。,,同时／并且,HSKsentences,1749
1750,4,他的做法和我想的相反。,Tā de zuòfǎ hé wǒ xiǎng de xiāngfǎn.,彼のやり方は私の予想とは正反対だった。,「相反」は「逆に」という意味です。,,然而／再～也～,HSKsentences,1750
1751,4,朋友之间要相互信任。,Péngyou zhījiān yào xiānghù xìnrèn,友達はお互いを信頼すべきだ。,「相互」は「相互に」という意味です。,,以,HSKsentences,1751
1752,4,我们的看法基本相同。,Wǒmen de kànfǎ jīběn xiāngtóng.,私たちの考えは基本的に同じだ。,「相同」は「同じ」という意味です。,,由／既然,HSKsentences,1752
1753,1,请你详细介绍一下这个项目。,Qǐng nǐ xiángxì jièshào yíxià zhège xiàngmù,このプロジェクトについて詳しく説明してください。,「详细」は「詳細」という意味です。,8,于是／可,HSKsentences,1753
1754,4,手机突然响了。,Shǒujī tūrán xiǎng le.,突然電話が鳴った。,「响」は「響き」という意味です。,,恐怕／敢,HSKsentences,1754
1755,4,他的想法很有创意。,Tā de xiǎngfǎ hěn yǒu chuàngyì,彼のアイデアはとても独創的だった。,「想法」は「アイデア」という意味です。,,到底／叫做,HSKsentences,1755
1756,4,他一共完成了三项任务。,Tā yígòng wánchéng le sān xiàng rènwu,彼は合計3つのタスクを完了した。,「项」は「項目」という意味です。,,为了／在于,HSKsentences,1756
1757,4,你听到那个好消息了吗？,Nǐ tīngdào nàge hǎo xiāoxi le ma?,良い知らせを聞いた？,「消息」は「ニュース」という意味です。,,仍然／究竟,HSKsentences,1757
1758,4,北京有很多特色小吃。,Běijīng yǒu hěn duō tèsè xiǎochī,北京には独特の地元のお菓子がたくさんある。,「小吃」は「軽食」という意味です。,,V着V着／一～就～,HSKsentences,1758
1759,4,那个小伙子很有礼貌。,Nàge xiǎohuǒzi hěn yǒu lǐmào,あの青年はとても礼儀正しかった。,「小伙子」は「若者」という意味です。,,不仅～也～／从来,HSKsentences,1759
1760,1,他最喜欢读小说。,Tā zuì xǐhuan dú xiǎoshuō,彼の好きな読書は小説だ。,「小说」は「小説」という意味です。,11,应该／得(děi),HSKsentences,1760
1761,1,请跟你的小组一起讨论。,Qǐng gēn nǐ de xiǎozǔ yìqǐ tǎolùn,グループで話し合ってください。,「小组」は「グループ」という意味です。,8,就是,HSKsentences,1761
1762,4,这种药的效果很好。,Zhè zhǒng yào de xiàoguǒ hěn hǎo.,この薬はとてもよく効く。,「效果」は「効果」という意味です。,,只是～而已／即使～也,HSKsentences,1762
1763,4,他讲了一个很有趣的笑话。,Tā jiǎng le yí gè hěn yǒuqù de xiàohua.,彼はとても面白い冗談を言った。,「笑话」は「ジョーク」という意味です。,,在～上,HSKsentences,1763
1764,4,他的手指流血了。,Tā de shǒuzhǐ liúxiě le,彼の指から血が出た。,「血」は「血」という意味です。,,正好／差不多,HSKsentences,1764
1765,4,她的心里很高兴。,Tā de xīn lǐ hěn gāoxìng.,彼女はとても喜んでいた。,「心」は「心」という意味です。,,～不了／无法,HSKsentences,1765
1766,4,老师，您辛苦了！,"Lǎoshī, nín xīnkǔ le!",先生、お疲れ様でした！,「辛苦」は「苦労」という意味です。,,尽管／不管,HSKsentences,1766
1767,4,今天他的心情很好。,Jīntiān tā de xīnqíng hěn hǎo.,彼は今日は機嫌がいいです。,「心情」は「気分」という意味です。,,却／而,HSKsentences,1767
1768,4,这里的手机信号不好。,Zhèlǐ de shǒujī xìnhào bù hǎo,ここは携帯電話の電波が悪いです。,「信号」は「信号」という意味です。,,另外,HSKsentences,1768
1769,3,请把这个信息转告给他。,Qǐng bǎ zhège xìnxī zhuǎngào gěi tā,このメッセージを彼に伝えてください。,「信息」は「情報」という意味です。,36,根据／按照,HSKsentences,1769
1770,4,我对自己很有信心。,Wǒ duì zìjǐ hěn yǒu xìnxīn,私は自分にとても自信があります。,「信心」は「自信」という意味です。,,连～也都／甚至,HSKsentences,1770
1771,4,听到这个消息大家都很兴奋。,Tīngdào zhège xiāoxi dàjiā dōu hěn xīngfèn.,みんなこの知らせを聞いて興奮しました。,「兴奋」は「興奮」という意味です。,,并／估计,HSKsentences,1771
1772,2,今晚的星星特别亮。,Jīnwǎn de xīngxing tèbié liàng,今夜は星が特に明るいです。,「星星」は「星」という意味です。,23,首先～其次／再说,HSKsentences,1772
1773,2,他每天早上六点就醒了。,Tā měitiān zǎoshang liù diǎn jiù xǐng le,彼は毎朝6時に起きます。,「醒」は「目覚め」という意味です。,15,竟然／果然,HSKsentences,1773
1774,4,这个问题具有普遍性。,Zhège wèntí jùyǒu pǔbiàn xìng,この問題はよくあることです。,「性」は「性」という意味です。,,要是／值得,HSKsentences,1774
1775,2,表格上需要填写性别。,Biǎogé shàng xūyào tiánxiě xìngbié,フォームには性別を記入する必要があります。,「性别」は「性別」という意味です。,23,以为／认为,HSKsentences,1775
1776,4,他们一家人生活得很幸福。,Tāmen yì jiā rén shēnghuó de hěn xìngfú.,彼らの家族は幸せに暮らしています。,「幸福」は「幸福」という意味です。,,既～又也还／可不是／往往,HSKsentences,1776
1777,4,她的性格很开朗。,Tā de xìnggé hěn kāilǎng,彼女は明るい性格です。,「性格」は「性格」という意味です。,,由于／因此／难道,HSKsentences,1777
1778,4,他们兄弟的感情很好。,Tāmen xiōngdì de gǎnqíng hěn hǎo.,彼らの兄弟は仲が良いです。,「兄弟」は「兄弟」という意味です。,,否则／无论,HSKsentences,1778
1779,4,我们在动物园看到了大熊猫。,Wǒmen zài dòngwùyuán kàndào le dà xióngmāo.,私たちは動物園でジャイアントパンダを見ました。,「熊」は「クマ」という意味です。,,同时／并且,HSKsentences,1779
1780,2,这台电脑需要修一修。,Zhè tái diànnǎo xūyào xiū yì xiū,このコンピューターは修理が必要です。,「修」は「修」という意味です。,23,然而／再～也～,HSKsentences,1780
1781,4,他正在修理自行车。,Tā zhèngzài xiūlǐ zìxíngchē.,彼は自転車を修理しています。,「修理」は「修理」という意味です。,71,以,HSKsentences,1781
1782,4,许多学生报名了这次活动。,Xǔduō xuéshēng bàomíng le zhè cì huódòng.,多くの生徒がこの活動に申し込みました。,「许多」は「多く」という意味です。,,由／既然,HSKsentences,1782
1783,1,大学的学费一年多少钱？,Dàxué de xuéfèi yì nián duōshao qián?,大学の授業料は年間いくらですか？,「学费」は「学費」という意味です。,6,于是／可,HSKsentences,1783
1784,4,他在商学院读书。,Tā zài shāng xuéyuàn dúshū,彼はビジネススクールで学んでいます。,「学院」は「学院」という意味です。,,恐怕／敢,HSKsentences,1784
1785,1,这些书压在箱子底下。,Zhèxiē shū yā zài xiāngzi dǐxia.,これらの本は箱の底にあります。,「压」は「圧」という意味です。,13,到底／叫做,HSKsentences,1785
1786,4,现在的年轻人压力很大。,Xiànzài de niánqīng rén yālì hěn dà,最近の若者は多くのプレッシャーに直面しています。,「压力」は「圧力」という意味です。,,为了／在于,HSKsentences,1786
1787,4,牙膏用完了，要买新的。,"Yágāo yòng wán le, yào mǎi xīn de.",歯磨き粉がなくなったので、新しいものを買わなければなりません。,「牙膏」は「歯磨き粉」という意味です。,,仍然／究竟,HSKsentences,1787
1788,2,中国是亚洲最大的国家。,Zhōngguó shì Yàzhōu zuì dà de guójiā,中国はアジアで最大の国です。,「亚洲」は「アジア」という意味です。,14,V着V着／一～就～,HSKsentences,1788
1789,4,吸烟有害健康。,Xī yān yǒuhài jiànkāng,喫煙は健康に有害です。,「烟」は「タバコ」という意味です。,,不仅～也～／从来,HSKsentences,1789
1790,2,做菜别放太多盐。,Zuòcài bié fàng tài duō yán,料理に塩を入れすぎないでください。,「盐」は「塩」という意味です。,23,应该／得(děi),HSKsentences,1790
1791,4,他是一个非常严格的老师。,Tā shì yí gè fēicháng yángé de lǎoshī,彼はとても厳しい先生です。,「严格」は「厳格」という意味です。,,就是,HSKsentences,1791
1792,4,她正在研究中国古代文化。,Tā zhèngzài yánjiū Zhōngguó gǔdài wénhuà.,彼女は古代中国文化を研究しています。,「研究」は「研究」という意味です。,71,只是～而已／即使～也,HSKsentences,1792
1793,4,他今年考上了研究生。,Tā jīnnián kǎo shàng le yánjiūshēng,彼は今年大学院に入学しました。,「研究生」は「大学院生」という意味です。,,在～上,HSKsentences,1793
1794,4,这个问题比较严重。,Zhège wèntí bǐjiào yánzhòng,これはかなり深刻な問題です。,「严重」は「深刻」という意味です。,24,正好／差不多,HSKsentences,1794
1795,4,他在电影里演了一个医生。,Tā zài diànyǐng lǐ yǎn le yí gè yīshēng.,彼は映画で医者の役を演じました。,「演」は「演じる」という意味です。,,～不了／无法,HSKsentences,1795
1796,4,歌手们将演唱几首经典歌曲。,Gēshǒumen jiāng yǎnchàng jǐ shǒu jīngdiǎn gēqǔ,歌手たちはいくつかの名曲を披露します。,「演唱」は「歌う」という意味です。,,尽管／不管,HSKsentences,1796
1797,4,今晚的演出几点开始？,Jīnwǎn de yǎnchū jǐ diǎn kāishǐ?,今夜の公演は何時に始まりますか？,「演出」は「公演」という意味です。,,却／而,HSKsentences,1797
1798,4,他戴了一副新眼镜。,Tā dài le yí fù xīn yǎnjìng.,彼は新しい眼鏡をかけています。,「眼镜」は「眼鏡」という意味です。,,另外,HSKsentences,1798
1799,4,眼前的美景让人陶醉。,Yǎnqián de měijǐng ràng rén táozuì.,目の前の美しい景色はうっとりするほどです。,「眼前」は「目の前」という意味です。,,根据／按照,HSKsentences,1799
1800,4,她是一名很出色的演员。,Tā shì yì míng hěn chūsè de yǎnyuán.,彼女はとても素晴らしい女優です。,「演员」は「俳優」という意味です。,,连～也都／甚至,HSKsentences,1800
1801,2,今天阳光很好，适合出去走走。,"Jīntiān yángguāng hěn hǎo, shìhé chūqu zǒuzou",今日は太陽が明るく輝いていて、散歩に最適です。,「阳光」は「陽光」という意味です。,22,并／估计,HSKsentences,1801
1802,4,我们要养成良好的学习习惯。,Wǒmen yào yǎngchéng liánghǎo de xuéxí xíguàn.,私たちは良い学習習慣を身につけるべきです。,「养成」は「育てる」という意味です。,,首先～其次／再说,HSKsentences,1802
1803,1,他穿上新衣服后，样子很帅。,"Tā chuān shàng xīn yīfu hòu, yàngzi hěn shuài",彼は新しい服を着てとてもハンサムだった。,「样子」は「様子」という意味です。,12,竟然／果然,HSKsentences,1803
1804,1,他邀请了同事们参加聚会。,Tā yāoqǐng le tóngshìmen cānjiā jùhuì.,彼は同僚たちをパーティーに招待した。,「邀请」は「招待」という意味です。,8,要是／值得,HSKsentences,1804
1805,4,要是明天下雨，我们就不去了。,"Yàoshi míngtiān xià yǔ, wǒmen jiù bú qù le.",明日雨が降ったら、私たちは行かない。,「要是」は「もし」という意味です。,56,以为／认为,HSKsentences,1805
1806,4,我忘记带钥匙了。,Wǒ wàngjì dài yàoshi le.,鍵を忘れた。,「钥匙」は「鍵」という意味です。,,既～又也还／可不是／往往,HSKsentences,1806
1807,1,也许他今天不会来了。,Yěxǔ tā jīntiān bú huì lái le.,彼は今日来ないかもしれない。,「也许」は「もしかすると」という意味です。,4,由于／因此／难道,HSKsentences,1807
1808,4,他工作了一整夜。,Tā gōngzuò le yì zhěng yè,彼は徹夜で働いた。,「夜」は「夜」という意味です。,,否则／无论,HSKsentences,1808
1809,4,城市的夜晚灯火辉煌。,Chéngshì de yèwǎn dēnghuǒ huīhuáng.,夜、街の明かりが明るく輝いていた。,「夜晚」は「夜」という意味です。,,同时／并且,HSKsentences,1809
1810,4,秋天叶子变成了金色。,Qiūtiān yèzi biànchéng le jīnsè.,秋の葉が金色に染まった。,「叶子」は「葉」という意味です。,,然而／再～也～,HSKsentences,1810
1811,2,一切都准备好了。,Yíqiè dōu zhǔnbèi hǎo le.,すべて準備が整った。,「一切」は「すべて」という意味です。,28,以,HSKsentences,1811
1812,4,他已完成了全部工作。,Tā yǐ wánchéng le quánbù gōngzuò.,彼はすべての仕事を終えた。,「已」は「すでに」という意味です。,,由／既然,HSKsentences,1812
1813,1,请在三天以内完成。,Qǐng zài sān tiān yǐnèi wánchéng.,3日以内に終わらせてください。,「以内」は「以内」という意味です。,8,于是／可,HSKsentences,1813
1814,4,你有什么意见可以提出来。,Nǐ yǒu shénme yìjiàn kěyǐ tíchūlái.,何か提案はありますか？,「意见」は「意見」という意味です。,63,恐怕／敢,HSKsentences,1814
1815,2,他一生都在从事教育事业。,Tā yìshēng dōu zài cóngshì jiàoyù shìyè,彼は生涯を教育に捧げた。,「一生」は「一生」という意味です。,22,到底／叫做,HSKsentences,1815
1816,2,他对艺术非常感兴趣。,Tā duì yìshù fēicháng gǎn xìngqù.,彼は芸術にとても興味を持っていた。,「艺术」は「芸術」という意味です。,18,为了／在于,HSKsentences,1816
1817,4,他很努力，因此成绩一直很好。,"Tā hěn nǔlì, yīncǐ chéngjì yìzhí hěn hǎo",彼はとても努力家だったので、成績はいつも優秀だった。,「因此」は「それゆえ」という意味です。,59,仍然／究竟,HSKsentences,1817
1818,4,这件事引起了大家的注意。,Zhè jiàn shì yǐnqǐ le dàjiā de zhùyì.,これは皆の注目を集めた。,「引起」は「引き起こす」という意味です。,,V着V着／一～就～,HSKsentences,1818
1819,4,她给我留下了很好的印象。,Tā gěi wǒ liúxia le hěn hǎo de yìnxiàng.,彼女は私にとても良い印象を与えた。,「印象」は「印象」という意味です。,,不仅～也～／从来,HSKsentences,1819
1820,4,最后我们赢了这场比赛。,Zuìhòu wǒmen yíng le zhè chǎng bǐsài.,結局、私たちはコンテストで優勝した。,「赢」は「勝つ」という意味です。,24,应该／得(děi),HSKsentences,1820
1821,3,他赢得了大家的尊重。,Tā yíngdé le dàjiā de zūnzhòng,彼は皆から尊敬を集めた。,「赢得」は「勝ち取る」という意味です。,32,就是,HSKsentences,1821
1822,4,她去公司应聘了一个职位。,Tā qù gōngsī yìngpìn le yí gè zhíwèi,彼女はその会社に就職を申し込んだ。,「应聘」は「応募」という意味です。,,只是～而已／即使～也,HSKsentences,1822
1823,4,他是一个勇敢的人。,Tā shì yí gè yǒnggǎn de rén.,彼は勇敢な人だ。,「勇敢」は「勇敢」という意味です。,66,在～上,HSKsentences,1823
1824,4,我们永远是好朋友。,Wǒmen yǒngyuǎn shì hǎo péngyou.,私たちはいつまでも良い友達でいるだろう。,「永远」は「永遠」という意味です。,,正好／差不多,HSKsentences,1824
1825,1,这个工具是用来修理机器的。,Zhège gōngjù shì yònglái xiūlǐ jīqì de,この道具は機械の修理に使われる。,「用来」は「～に用いる」という意味です。,13,～不了／无法,HSKsentences,1825
1826,4,这笔钱将用于学校建设。,Zhè bǐ qián jiāng yòngyú xuéxiào jiànshè,そのお金は学校建設に使われる。,「用于」は「～に用いる」という意味です。,,尽管／不管,HSKsentences,1826
1827,2,他最大的优点是认真负责。,Tā zuì dà de yōudiǎn shì rènzhēn fùzé.,彼の最大の長所は、誠実さと責任感だ。,「优点」は「長所」という意味です。,14,却／而,HSKsentences,1827
1828,4,他是一个非常幽默的人。,Tā shì yí gè fēicháng yōumò de rén.,彼はとてもユーモアのある人だ。,「幽默」は「ユーモア」という意味です。,,另外,HSKsentences,1828
1829,4,她是一名优秀的学生。,Tā shì yì míng yōuxiù de xuéshēng.,彼女は優秀な学生だ。,「优秀」は「優秀」という意味です。,,根据／按照,HSKsentences,1829
1830,4,这篇文章由他翻译。,Zhè piān wénzhāng yóu tā fānyì.,この記事は彼が翻訳した。,「由」は「～から」という意味です。,,连～也都／甚至,HSKsentences,1830
1831,4,锅里放一些油。,Guō lǐ fàng yìxiē yóu,フライパンに油を少し入れる。,「油」は「油」という意味です。,,并／估计,HSKsentences,1831
1832,1,他喜欢运动，尤其是游泳。,"Tā xǐhuan yùndòng, yóuqí shì yóuyǒng.",彼はスポーツが好きで、特に水泳が好きだ。,「尤其」は「特に」という意味です。,11,首先～其次／再说,HSKsentences,1832
1833,1,周末我们去公园游玩。,Zhōumò wǒmen qù gōngyuán yóuwán.,私たちは週末に公園に行った。,「游玩」は「遊び」という意味です。,5,竟然／果然,HSKsentences,1833
1834,4,由于天气原因，飞机延误了。,"Yóuyú tiānqì yuányīn, fēijī yánwù le.",天候のため飛行機が遅れた。,「由于」は「～のため」という意味です。,59,要是／值得,HSKsentences,1834
1835,4,中国人对外国人很友好。,Zhōngguó rén duì wàiguó rén hěn yǒuhǎo,中国人は外国人にとても親切だ。,「友好」は「友好」という意味です。,,以为／认为,HSKsentences,1835
1836,4,友情是人生中宝贵的财富。,Yǒuqíng shì rénshēng zhōng bǎoguì de cáifù.,友情は人生における貴重な宝物だ。,「友情」は「友情」という意味です。,,既～又也还／可不是／往往,HSKsentences,1836
1837,4,这本书非常有趣。,Zhè běn shū fēicháng yǒuqù.,この本はとても面白い。,「有趣」は「面白い」という意味です。,,由于／因此／难道,HSKsentences,1837
1838,4,这个办法非常有效。,Zhège bànfǎ fēicháng yǒuxiào.,この方法はとても効果的だ。,「有效」は「効果的」という意味です。,,否则／无论,HSKsentences,1838
1839,4,我们的友谊地久天长。,Wǒmen de yǒuyì dìjiǔtiāncháng.,私たちの友情は永遠に続く。,「友谊」は「友情」という意味です。,,同时／并且,HSKsentences,1839
1840,4,这座城市有着悠久的历史。,Zhè zuò chéngshì yǒuzhe yōujiǔ de lìshǐ,この街には長い歴史がある。,「有着」は「～がある」という意味です。,,然而／再～也～,HSKsentences,1840
1841,4,祝你假期愉快！,Zhù nǐ jiàqī yúkuài!,楽しい休日を！,「愉快」は「楽しい」という意味です。,,以,HSKsentences,1841
1842,4,天下雨了，于是我们决定留在家里。,"Tiān xià yǔ le, yúshì wǒmen juédìng liú zài jiā lǐ.",雨が降っているので、私たちは家にいることにした。,「于是」は「それで」という意味です。,65,由／既然,HSKsentences,1842
1843,4,他经常与朋友讨论学术问题。,Tā jīngcháng yǔ péngyou tǎolùn xuéshù wèntí.,彼はよく友人たちと学問的な話題について話し合います。,「与」は「と」という意味です。,,于是／可,HSKsentences,1843
1844,4,中文的语法和英语不一样。,Zhōngwén de yǔfǎ hé Yīngyǔ bù yíyàng.,中国語の文法は英語の文法とは異なります。,「语法」は「文法」という意味です。,,恐怕／敢,HSKsentences,1844
1845,4,上课前要预习课文。,Shàngkè qián yào yùxí kèwén.,授業前にテキストを予習しておくべきです。,「预习」は「予習」という意味です。,,到底／叫做,HSKsentences,1845
1846,1,原来你也在这儿啊！,Yuánlái nǐ yě zài zhèr a!,ああ、あなたも来ていたんですね！,「原来」は「原來」という意味です。,7,为了／在于,HSKsentences,1846
1847,1,请你原谅我的错误。,Qǐng nǐ yuánliàng wǒ de cuòwù,私の間違いをお許しください。,「原谅」は「許す」という意味です。,8,仍然／究竟,HSKsentences,1847
1848,4,迟到的原因是堵车了。,Chídào de yuányīn shì dǔchē le.,遅刻の理由は交通渋滞でした。,「原因」は「理由」という意味です。,,V着V着／一～就～,HSKsentences,1848
1849,4,我们要远离危险。,Wǒmen yào yuǎnlí wēixiǎn,私たちは危険から遠ざからなければなりません。,「远离」は「離れる」という意味です。,,不仅～也～／从来,HSKsentences,1849
1850,4,医院的院长来看望病人了。,Yīyuàn de yuànzhǎng lái kànwàng bìngrén le,病院長が患者を見舞いに来ました。,「院长」は「院長」という意味です。,,应该／得(děi),HSKsentences,1850
1851,4,他家的院子里种了很多花。,Tā jiā de yuànzi lǐ zhòng le hěn duō huā,彼の庭は花でいっぱいです。,「院子」は「庭」という意味です。,,就是,HSKsentences,1851
1852,4,我们约好明天见面。,Wǒmen yuē hǎo míngtiān jiànmiàn,私たちは明日会う約束をしました。,「约」は「約束」という意味です。,,只是～而已／即使～也,HSKsentences,1852
1853,4,他今天晚上有个约会。,Tā jīntiān wǎnshang yǒu gè yuēhuì,彼は今夜デートの予定です。,「约会」は「デート」という意味です。,,在～上,HSKsentences,1853
1854,4,中秋节要吃月饼。,Zhōngqiūjié yào chī yuèbing,私たちは中秋節に月餅を食べます。,「月饼」は「月餅」という意味です。,,正好／差不多,HSKsentences,1854
1855,4,阅读是学习语言的好方法。,Yuèdú shì xuéxí yǔyán de hǎo fāngfǎ,読書は言語を学ぶ良い方法です。,「阅读」は「読む」という意味です。,,～不了／无法,HSKsentences,1855
1856,4,你是几月份的生日？,Nǐ shì jǐ yuèfèn de shēngrì?,あなたの誕生日は何月ですか？,「月份」は「月」という意味です。,,尽管／不管,HSKsentences,1856
1857,4,天上有很多白云。,Tiān shàng yǒu hěn duō bái yún,空には白い雲がたくさんあります。,「云」は「雲」という意味です。,,却／而,HSKsentences,1857
1858,4,这里不允许拍照。,Zhèlǐ bù yǔnxǔ pāizhào.,ここは写真撮影禁止です。,「允许」は「許可」という意味です。,,另外,HSKsentences,1858
1859,4,她在看一本时尚杂志。,Tā zài kàn yì běn shíshàng zázhì.,彼女はファッション雑誌を読んでいます。,「杂志」は「雑誌」という意味です。,,根据／按照,HSKsentences,1859
1860,4,欢迎你再次来到北京。,Huānyíng nǐ zàicì láidào Běijīng,北京へようこそ。,「再次」は「もう一度」という意味です。,,连～也都／甚至,HSKsentences,1860
1861,4,现在别急，以后再说吧。,"Xiànzài bié jí, yǐhòu zàishuō ba",今は急がなくていいですよ、後で話しましょう。,「再说」は「さらに」という意味です。,54,并／估计,HSKsentences,1861
1862,4,他暂时住在朋友家。,Tā zànshí zhù zài péngyou jiā.,彼は一時的に友人の家に滞在しています。,「暂时」は「一時的に」という意味です。,,首先～其次／再说,HSKsentences,1862
1863,4,比赛暂停了五分钟。,Bǐsài zàntíng le wǔ fēnzhōng,ゲームは5分間中断されます。,「暂停」は「一時停止」という意味です。,,竟然／果然,HSKsentences,1863
1864,1,早餐我喜欢吃鸡蛋和面包。,Zǎocān wǒ xǐhuan chī jīdàn hé miànbāo,私は朝食に卵とパンを食べるのが好きです。,「早餐」は「朝食」という意味です。,11,要是／值得,HSKsentences,1864
1865,2,早晨的空气特别好。,Zǎochen de kōngqì tèbié hǎo,朝の空気は特に新鮮です。,「早晨」は「朝」という意味です。,23,以为／认为,HSKsentences,1865
1866,2,保护环境是每个人的责任。,Bǎohù huánjìng shì měi gè rén de zérèn,環境保護は皆の責任です。,「责任」は「責任」という意味です。,15,既～又也还／可不是／往往,HSKsentences,1866
1867,4,公司计划增加五十名员工。,Gōngsī jìhuà zēngjiā wǔshí míng yuángōng.,会社は従業員を50人増員する予定です。,「增加」は「増加」という意味です。,,由于／因此／难道,HSKsentences,1867
1868,4,今年的出口额增长了百分之十。,Jīnnián de chūkǒu'é zēngzhǎng le bǎi fēn zhī shí,今年の輸出量は10%増加しました。,「增长」は「成長」という意味です。,,否则／无论,HSKsentences,1868
1869,4,这家公司正在招聘工程师。,Zhè jiā gōngsī zhèngzài zhāopìn gōngchéngshī,この会社はエンジニアを募集しています。,「招聘」は「採用」という意味です。,71,同时／并且,HSKsentences,1869
1870,4,他着急地跑出了教室。,Tā zháojí de pǎo chū le jiàoshì.,彼は教室から飛び出した。,「着」は「着」という意味です。,,然而／再～也～,HSKsentences,1870
1871,4,对面的楼着火了！,Duìmiàn de lóu zháohuǒ le!,通りの向かいの建物が火事だ！,「着火」は「発火」という意味です。,,以,HSKsentences,1871
1872,1,读者可以在网上评论。,Dúzhě kěyǐ zài wǎng shàng pínglùn,読者はオンラインでコメントできます。,「者」は「者」という意味です。,12,由／既然,HSKsentences,1872
1873,2,他是一个真正的好人。,Tā shì yí gè zhēnzhèng de hǎorén.,彼は本当に良い人だ。,「真正」は「真の」という意味です。,16,于是／可,HSKsentences,1873
1874,4,他等了整整三个小时。,Tā děng le zhěngzhěng sān gè xiǎoshí,彼は3時間も待った。,「整」は「全体」という意味です。,,恐怕／敢,HSKsentences,1874
1875,4,整个城市都在下雪。,Zhěnggè chéngshì dōu zài xià xuě.,街全体が雪に覆われていた。,「整个」は「整理」という意味です。,,到底／叫做,HSKsentences,1875
1876,4,他正在整理房间。,Tā zhèngzài zhěnglǐ fángjiān,彼は部屋を片付けていた。,「整理」は「証明」という意味です。,71,为了／在于,HSKsentences,1876
1877,1,请出示你的工作证。,Qǐng chūshì nǐ de gōngzuò zhèng,社員証をご提示ください。,「证」は「正常」という意味です。,8,仍然／究竟,HSKsentences,1877
1878,4,他的体温恢复正常了。,Tā de tǐwēn huīfù zhèngcháng le,彼の体温は正常に戻った。,「正常」は「ちょうど」という意味です。,,V着V着／一～就～,HSKsentences,1878
1879,4,你来得正好，我有事找你。,"Nǐ lái de zhènghǎo, wǒ yǒu shì zhǎo nǐ.",ちょうど良いタイミングで来てくれましたね。お話したいことがあります。,「正好」は「ちょうど（良い）」という意味です。,46,不仅～也～／从来,HSKsentences,1879
1880,1,请随身携带证件。,Qǐng suíshēn xiédài zhèngjiàn,身分証明書はお手元に置いておいてください。,「证件」は「証明書」という意味です。,8,应该／得(děi),HSKsentences,1880
1881,4,他用行动证明了自己的能力。,Tā yòng xíngdòng zhèngmíng le zìjǐ de nénglì.,彼は行動で自分の能力を証明した。,「证明」は「証明」という意味です。,,就是,HSKsentences,1881
1882,1,这个答案是正确的。,Zhège dá'àn shì zhèngquè de,この答えは正しい。,「正确」は「正しい」という意味です。,13,只是～而已／即使～也,HSKsentences,1882
1883,4,他正式开始了新工作。,Tā zhèngshì kāishǐ le xīn gōngzuò.,彼は正式に新しい仕事に就いた。,「正式」は「正式な」という意味です。,,在～上,HSKsentences,1883
1884,2,这是最好的方法之一。,Zhè shì zuì hǎo de fāngfǎ zhī yī,これは最良の方法の一つだ。,「之」は「その」という意味です。,14,正好／差不多,HSKsentences,1884
1885,4,谢谢你一直支持我。,Xièxie nǐ yìzhí zhīchí wǒ,引き続きご支援いただきありがとうございます。,「支持」は「支持」という意味です。,,～不了／无法,HSKsentences,1885
1886,1,你可以用微信支付。,Nǐ kěyǐ yòng Wēixìn zhīfù.,WeChatでお支払いいただけます。,「支付」は「支払い」という意味です。,12,尽管／不管,HSKsentences,1886
1887,4,下课之后我们去吃饭。,Xiàkè zhīhòu wǒmen qù chīfàn,授業が終わったら一緒に食事に行きましょう。,「之后」は「その後」という意味です。,,却／而,HSKsentences,1887
1888,4,北京和上海之间有高铁。,Běijīng hé Shànghǎi zhījiān yǒu gāotiě,北京と上海の間には高速鉄道があります。,「之间」は「その間」という意味です。,,另外,HSKsentences,1888
1889,2,出发之前要检查一下行李。,Chūfā zhīqián yào jiǎnchá yíxià xíngli.,出発前に荷物を確認してください。,「之前」は「その前」という意味です。,16,根据／按照,HSKsentences,1889
1890,1,学习知识可以改变命运。,Xuéxí zhīshi kěyǐ gǎibiàn mìngyùn.,学ぶことは運命を変える。,「知识」は「知識」という意味です。,12,连～也都／甚至,HSKsentences,1890
1891,4,他在候选人之中排名第一。,Tā zài hòuxuǎnrén zhīzhōng páimíng dì yī.,彼は候補者の中で1位だった。,「之中」は「その中」という意味です。,,并／估计,HSKsentences,1891
1892,4,这件古董很值钱。,Zhè jiàn gǔdǒng hěn zhí qián,この骨董品は非常に価値がある。,「值」は「価値」という意味です。,,首先～其次／再说,HSKsentences,1892
1893,4,这部电影很值得看。,Zhè bù diànyǐng hěn zhídé kàn.,この映画は見る価値がある。,「值得」は「価値がある」という意味です。,56,竟然／果然,HSKsentences,1893
1894,1,你可以直接告诉我。,Nǐ kěyǐ zhíjiē gàosu wǒ.,直接私に話してください。,「直接」は「直接」という意味です。,12,要是／值得,HSKsentences,1894
1895,1,她喜欢养各种植物。,Tā xǐhuan yǎng gèzhǒng zhíwù,彼女はあらゆる種類の植物を育てるのが好きだ。,「植物」は「植物」という意味です。,11,以为／认为,HSKsentences,1895
1896,4,你的职业是什么？,Nǐ de zhíyè shì shénme?,あなたの職業は何ですか？,「职业」は「職業」という意味です。,,既～又也还／可不是／往往,HSKsentences,1896
1897,4,他指着地图说我们应该往东走。,Tā zhǐ zhe dìtú shuō wǒmen yīnggāi wǎng dōng zǒu,彼は地図を指さして、東へ向かうべきだと言いました。,「指」は「指」という意味です。,42,由于／因此／难道,HSKsentences,1897
1898,4,老师指出了我作文中的问题。,Lǎoshī zhǐchū le wǒ zuòwén zhōng de wèntí,先生は私のエッセイの問題点を指摘しました。,「指出」は「指摘」という意味です。,,否则／无论,HSKsentences,1898
1899,4,没有公交车了，我只好走路回家。,"Méiyǒu gōngjiāochē le, wǒ zhǐhǎo zǒulù huí jiā",もうバスがないので、歩いて帰らなければなりません。,「只好」は「仕方なく」という意味です。,,同时／并且,HSKsentences,1899
1900,1,请给我一张纸巾。,Qǐng gěi wǒ yì zhāng zhǐjīn.,ティッシュをください。,「纸巾」は「ティッシュ」という意味です。,8,然而／再～也～,HSKsentences,1900
1901,4,这个品牌的质量很好。,Zhège pǐnpái de zhìliàng hěn hǎo.,このブランドは品質が良いです。,「质量」は「品質」という意味です。,,以,HSKsentences,1901
1902,2,这次旅行至少需要五天。,Zhè cì lǚxíng zhìshǎo xūyào wǔ tiān.,この旅行は少なくとも5日間かかります。,「至少」は「少なくとも」という意味です。,23,由／既然,HSKsentences,1902
1903,4,今天中午我们吃中餐。,Jīntiān zhōngwǔ wǒmen chī zhōngcān,今日の昼食は中華料理です。,「中餐」は「中華料理」という意味です。,,于是／可,HSKsentences,1903
1904,4,他是一位中年男子。,Tā shì yí wèi zhōngnián nánzǐ.,彼は中年男性です。,「中年」は「中年」という意味です。,,恐怕／敢,HSKsentences,1904
1905,4,爷爷在院子里种了很多蔬菜。,Yéye zài yuànzi lǐ zhòng le hěn duō shūcài,おじいさんは庭でたくさんの野菜を育てています。,「种」は「種」という意味です。,,到底／叫做,HSKsentences,1905
1906,4,老师讲了这一课的重点。,Lǎoshī jiǎng le zhè yí kè de zhòngdiǎn,先生はこのレッスンの要点を説明しました。,「重点」は「重点」という意味です。,,为了／在于,HSKsentences,1906
1907,4,学校非常重视学生的安全。,Xuéxiào fēicháng zhòngshì xuéshēng de ānquán,学校は生徒の安全を非常に重視しています。,「重视」は「重視」という意味です。,,仍然／究竟,HSKsentences,1907
1908,4,他的周围都是朋友。,Tā de zhōuwéi dōu shì péngyou.,彼は友達に囲まれています。,「周围」は「周囲」という意味です。,,V着V着／一～就～,HSKsentences,1908
1909,4,这是一个好主意！,Zhè shì yí gè hǎo zhǔyi!,それは良い考えですね！,「主意」は「注意」という意味です。,,不仅～也～／从来,HSKsentences,1909
1910,4,祝你生日快乐！,Zhù nǐ shēngrì kuàilè!,誕生日おめでとうございます！,「祝」は「祝」という意味です。,,应该／得(děi),HSKsentences,1910
1911,4,祝贺你考上了大学！,Zhùhè nǐ kǎo shàng le dàxué,大学合格おめでとうございます！,「祝贺」は「祝賀」という意味です。,,就是,HSKsentences,1911
1912,4,长城是中国著名的景点。,Chángchéng shì Zhōngguó zhùmíng de jǐngdiǎn,万里の長城は中国の有名な観光名所です。,「著名」は「著名」という意味です。,,只是～而已／即使～也,HSKsentences,1912
1913,4,这家店专门卖茶叶。,Zhè jiā diàn zhuānmén mài cháyè.,この店はお茶を専門に販売しています。,「专门」は「専門」という意味です。,,在～上,HSKsentences,1913
1914,4,她的专业是计算机科学。,Tā de zhuānyè shì jìsuànjī kēxué.,彼女の専攻はコンピュータサイエンスです。,「专业」は「プロフェッショナル」という意味です。,,正好／差不多,HSKsentences,1914
1915,4,到前面的路口向右转。,Dào qiánmiàn de lùkǒu xiàng yòu zhuǎn,次の交差点を右に曲がってください。,「转」は「転送」という意味です。,,～不了／无法,HSKsentences,1915
1916,3,请把这条消息转发给大家。,Qǐng bǎ zhè tiáo xiāoxi zhuǎnfā gěi dàjiā.,このメッセージを皆さんに転送してください。,「转发」は「転送する」という意味です。,36,尽管／不管,HSKsentences,1916
1917,2,我们需要在香港转机。,Wǒmen xūyào zài Xiānggǎng zhuǎnjī,香港で転勤する必要があります。,「转机」は「乗り継ぎ」という意味です。,23,却／而,HSKsentences,1917
1918,2,他每个月赚的钱不少。,Tā měi gè yuè zhuàn de qián bù shǎo,彼は毎月たくさん稼いでいます。,「赚」は「稼ぐ」という意味です。,15,另外,HSKsentences,1918
1919,3,她把衣服装进了行李箱。,Tā bǎ yīfu zhuāng jìn le xínglixiāng.,彼女は服をスーツケースに詰めた。,「装」は「装う」という意味です。,36,根据／按照,HSKsentences,1919
1920,4,他射箭射得很准。,Tā shèjiàn shè de hěn zhǔn.,彼は非常に正確な弓使いです。,「准」は「正確」という意味です。,,连～也都／甚至,HSKsentences,1920
1921,1,请你准确回答这个问题。,Qǐng nǐ zhǔnquè huídá zhège wèntí.,この質問に正確に答えてください。,「准确」は「正確」という意味です。,8,并／估计,HSKsentences,1921
1922,1,开会请准时到达。,Kāihuì qǐng zhǔnshí dàodá.,会議には時間通りにお越しください。,「准时」は「時間通り」という意味です。,8,首先～其次／再说,HSKsentences,1922
1923,3,请把相关资料发给我。,Qǐng bǎ xiāngguān zīliào fā gěi wǒ,関連資料を送ってください。,「资料」は「資料」という意味です。,36,竟然／果然,HSKsentences,1923
1924,4,做题时要仔细看清楚。,Zuòtí shí yào zǐxì kàn qīngchu.,質問に答える際は、よく読んでください。,「仔细」は「注意深く」という意味です。,,要是／值得,HSKsentences,1924
1925,4,自古以来中国就是文明古国。,Zì gǔ yǐlái Zhōngguó jiùshì wénmíng gǔguó,中国は古代から古代文明国です。,「自」は「自」という意味です。,43,以为／认为,HSKsentences,1925
1926,4,我们要与自然和谐相处。,Wǒmen yào yǔ zìrán héxié xiāngchǔ.,私たちは自然と調和して生きるべきです。,「自然」は「自然」という意味です。,,既～又也还／可不是／往往,HSKsentences,1926
1927,4,晚上他在图书馆自习。,Wǎnshang tā zài túshūguǎn zìxí.,彼は夜、図書館で勉強しました。,「自习」は「自習」という意味です。,,由于／因此／难道,HSKsentences,1927
1928,4,他变得越来越自信了。,Tā biàn de yuèláiyuè zìxìn le,彼はますます自信を深めていきました。,「自信」は「自信」という意味です。,42,否则／无论,HSKsentences,1928
1929,4,他是自学的编程。,Tā shì zìxué de biānchéng,彼は独学でプログラミングを学びました。,「自学」は「独学」という意味です。,,同时／并且,HSKsentences,1929
1930,1,请总结一下今天的会议内容。,Qǐng zǒngjié yíxià jīntiān de huìyì nèiróng.,今日の会議の内容を要約してください。,「总结」は「まとめ」という意味です。,8,然而／再～也～,HSKsentences,1930
1931,1,他在学校附近租了一间房子。,Tā zài xuéxiào fùjìn zū le yì jiān fángzi.,彼は学校の近くに家を借りました。,「租」は「借りる」という意味です。,7,以,HSKsentences,1931
1932,4,全班分成了四个小组。,Quán bān fēnchéng le sì gè xiǎozǔ,クラス全体が4つのグループに分かれました。,「组」は「グループ」という意味です。,,由／既然,HSKsentences,1932
1933,2,他最终决定留在北京。,Tā zuìzhōng juédìng liú zài Běijīng,彼は最終的に北京に留まることを決めました。,「最终」は「最終的に」という意味です。,14,于是／可,HSKsentences,1933
1934,2,我们要尊重每个人的想法。,Wǒmen yào zūnzhòng měi gè rén de xiǎngfǎ.,私たちは皆の意見を尊重すべきです。,「尊重」は「尊重」という意味です。,15,恐怕／敢,HSKsentences,1934
1935,2,从这里到火车站大约三十分钟左右。,Cóng zhèlǐ dào huǒchēzhàn dàyuē sānshí fēnzhōng zuǒyòu.,ここから駅までは徒歩約30分です。,「左右」は「左右」という意味です。,22,到底／叫做,HSKsentences,1935
1936,4,前面有一座大山。,Qiánmiàn yǒu yí zuò dà shān,前方に大きな山があります。,「座」は「席」という意味です。,,为了／在于,HSKsentences,1936
1937,4,这道菜的做法很简单。,Zhè dào cài de zuòfǎ hěn jiǎndān,この料理はとても簡単に作れます。,「做法」は「やり方」という意味です。,,仍然／究竟,HSKsentences,1937
1938,4,她是一位很有名的作家。,Tā shì yí wèi hěn yǒumíng de zuòjiā.,彼女はとても有名な作家です。,「作家」は「作家」という意味です。,,V着V着／一～就～,HSKsentences,1938
1939,4,昨晚我做了一个美梦。,Zuó wǎn wǒ zuò le yí gè měimèng,昨夜、素晴らしい夢を見ました。,「做梦」は「夢を見る」という意味です。,,不仅～也～／从来,HSKsentences,1939
1940,3,这幅作品获得了一等奖。,Zhè fú zuòpǐn huòdé le yī děng jiǎng.,この作品は一等賞を受賞しました。,「作品」は「作品」という意味です。,32,应该／得(děi),HSKsentences,1940
1941,4,作为一名老师，他很受欢迎。,"Zuòwéi yì míng lǎoshī, tā hěn shòu huānyíng",彼は教師としてとても人気があります。,「作为」は「として」という意味です。,,就是,HSKsentences,1941
1942,1,请问还有空座位吗？,Qǐngwèn hái yǒu kòng zuòwèi ma?,空席はありますか？,「座位」は「座席」という意味です。,8,只是～而已／即使～也,HSKsentences,1942
1943,4,今天老师让我们写一篇作文。,Jīntiān lǎoshī ràng wǒmen xiě yì piān zuòwén,今日、先生から作文を書くように言われました。,「作文」は「作文」という意味です。,,在～上,HSKsentences,1943
1944,4,运动对健康有很大的作用。,Yùndòng duì jiànkāng yǒu hěn dà de zuòyòng.,運動は健康に大きな効果があります。,「作用」は「役割」という意味です。,,正好／差不多,HSKsentences,1944
1945,4,这本书的作者是谁？,Zhè běn shū de zuòzhě shì shéi?,この本の著者は誰ですか？,「作者」は「著者」という意味です。,,～不了／无法,HSKsentences,1945
1946,4,这家商店打折，衣服很便宜。,"Zhè jiā shāngdiàn dǎzhé, yīfu hěn piányi.",この店はセール中で、服がとても安いです。,「打折」は「割引」という意味です。,,尽管／不管,HSKsentences,1946
1947,4,他昨晚做梦梦见了大海。,Tā zuó wǎn zuòmèng mèngjiàn le dàhǎi.,彼は昨夜、海の夢を見ました。,「做梦」は「夢を見る」という意味です。,,却／而,HSKsentences,1947
