id,hanzi,pinyin,meaning_ja,hsk_level,source_site
1,爱,ài,愛する,1,HSKpractice_exercises
2,爱好,àihào,趣味,1,HSKpractice_exercises
3,吧,ba,〜しましょう(語気助詞),1,HSKpractice_exercises
4,八,bā,8,1,HSKpractice_exercises
5,爸爸,bàba,お父さん,1,HSKpractice_exercises
6,白,bái,白い,1,HSKpractice_exercises
7,百,bǎi,100,1,HSKpractice_exercises
8,白天,báitiān,昼間,1,HSKpractice_exercises
9,半,bàn,半分,1,HSKpractice_exercises
10,班,bān,クラス,1,HSKpractice_exercises
11,半年,bànnián,半年,1,HSKpractice_exercises
12,半天,bàntiān,しばらくの間,1,HSKpractice_exercises
13,帮,bāng,手伝う,1,HSKpractice_exercises
14,帮忙,bāngmáng,手伝う,1,HSKpractice_exercises
15,包,bāo,含む,1,HSKpractice_exercises
16,包子,bāozi,肉まん,1,HSKpractice_exercises
17,北,běi,北,1,HSKpractice_exercises
18,杯,bēi,〜杯(量詞),1,HSKpractice_exercises
19,北边,běibian,北側,1,HSKpractice_exercises
20,北京,Běijīng,北京,1,HSKpractice_exercises
21,杯子,bēizi,コップ,1,HSKpractice_exercises
22,本,běn,〜冊(量詞),1,HSKpractice_exercises
23,本子,běnzi,ノート,1,HSKpractice_exercises
24,比,bǐ,〜より(比較),1,HSKpractice_exercises
25,别,bié,〜しないで,1,HSKpractice_exercises
26,别的,biéde,ほかの,1,HSKpractice_exercises
27,别人,biérén,他の人,1,HSKpractice_exercises
28,病,bìng,病気,1,HSKpractice_exercises
29,病人,bìngrén,病人,1,HSKpractice_exercises
30,不,bù,〜ではない,1,HSKpractice_exercises
31,不大,bùdà,大きくない,1,HSKpractice_exercises
32,不对,búduì,間違っている,1,HSKpractice_exercises
33,不客气,bú kèqi,どういたしまして,1,HSKpractice_exercises
34,不用,bùyòng,〜する必要がない,1,HSKpractice_exercises
35,菜,cài,料理,1,HSKpractice_exercises
36,茶,chá,お茶,1,HSKpractice_exercises
37,差,chà,足りない・劣る,1,HSKpractice_exercises
38,常,cháng,よく、しょっちゅう,1,HSKpractice_exercises
39,唱,chàng,歌う,1,HSKpractice_exercises
40,常常,chángcháng,しょっちゅう,1,HSKpractice_exercises
41,唱歌,chànggē,歌を歌う,1,HSKpractice_exercises
42,车,chē,電車、車,1,HSKpractice_exercises
43,车票,chēpiào,乗車券,1,HSKpractice_exercises
44,车上,chē shàng,車内,1,HSKpractice_exercises
45,车站,chēzhàn,駅,1,HSKpractice_exercises
46,吃,chī,食べる,1,HSKpractice_exercises
47,吃饭,chīfàn,ご飯を食べる,1,HSKpractice_exercises
48,出,chū,出る,1,HSKpractice_exercises
49,出来,chūlái,出てくる,1,HSKpractice_exercises
50,出去,chūqù,出ていく,1,HSKpractice_exercises
51,穿,chuān,着る,1,HSKpractice_exercises
52,床,chuáng,ベッド,1,HSKpractice_exercises
53,次,cì,〜回(量詞),1,HSKpractice_exercises
54,从,cóng,〜から,1,HSKpractice_exercises
55,错,cuò,間違い,1,HSKpractice_exercises
56,大,dà,大きい,1,HSKpractice_exercises
57,打,dǎ,（アルバイトを）する,1,HSKpractice_exercises
58,打车,dǎchē,タクシーに乗る,1,HSKpractice_exercises
59,打电话,dǎdiànhuà,電話をかける,1,HSKpractice_exercises
60,打开,dǎkāi,開ける,1,HSKpractice_exercises
61,打球,dǎqiú,球技をする,1,HSKpractice_exercises
62,大学,dàxué,大学,1,HSKpractice_exercises
63,大学生,dàxuéshēng,大学生,1,HSKpractice_exercises
64,到,dào,到着する,1,HSKpractice_exercises
65,地,de,(副詞を作る助詞),1,HSKpractice_exercises
66,的,de,〜の,1,HSKpractice_exercises
67,得到,dédào,得る,1,HSKpractice_exercises
68,等,děng,待つ,1,HSKpractice_exercises
69,第,dì,第〜(序数),1,HSKpractice_exercises
70,弟弟,dìdi,弟,1,HSKpractice_exercises
71,地上,dìshang,地面,1,HSKpractice_exercises
72,电,diàn,電気,1,HSKpractice_exercises
73,点,diǎn,〜時・少し,1,HSKpractice_exercises
74,电话,diànhuà,電話,1,HSKpractice_exercises
75,电视机,diànshìjī,テレビ,1,HSKpractice_exercises
76,电影院,diànyǐngyuàn,映画館,1,HSKpractice_exercises
77,电脑,diànnǎo,パソコン,1,HSKpractice_exercises
78,电视,diànshì,テレビ,1,HSKpractice_exercises
79,电影,diànyǐng,映画,1,HSKpractice_exercises
80,地点,dìdiǎn,場所,1,HSKpractice_exercises
81,地方,dìfāng,場所,1,HSKpractice_exercises
82,地图,dìtú,地図,1,HSKpractice_exercises
83,动,dòng,動く,1,HSKpractice_exercises
84,东,dōng,東,1,HSKpractice_exercises
85,东边,dōngbian,東側,1,HSKpractice_exercises
86,东西,dōngxī,もの,1,HSKpractice_exercises
87,动作,dòngzuò,動作,1,HSKpractice_exercises
88,都,dōu,みんな,1,HSKpractice_exercises
89,读,dú,読む,1,HSKpractice_exercises
90,读书,dúshū,読書する,1,HSKpractice_exercises
91,对,duì,正しい,1,HSKpractice_exercises
92,对不起,duìbuqǐ,すみません,1,HSKpractice_exercises
93,多,duō,多い,1,HSKpractice_exercises
94,多少,duōshao,いくつ,1,HSKpractice_exercises
95,饿,è,お腹がすいている,1,HSKpractice_exercises
96,二,èr,2,1,HSKpractice_exercises
97,儿子,érzi,息子,1,HSKpractice_exercises
98,饭,fàn,ご飯,1,HSKpractice_exercises
99,饭店,fàndiàn,レストラン・ホテル,1,HSKpractice_exercises
100,放,fàng,置く,1,HSKpractice_exercises
101,放假,fàngjià,休みになる,1,HSKpractice_exercises
102,放学,fàngxué,放課後になる,1,HSKpractice_exercises
103,房子,fángzi,家、部屋,1,HSKpractice_exercises
104,房间,fángjiān,部屋,1,HSKpractice_exercises
105,飞,fēi,飛ぶ,1,HSKpractice_exercises
106,非常,fēicháng,非常に,1,HSKpractice_exercises
107,飞机,fēijī,飛行機,1,HSKpractice_exercises
108,分,fēn,分(時間・点数),1,HSKpractice_exercises
109,分钟,fēnzhōng,〜分間,1,HSKpractice_exercises
110,风,fēng,風,1,HSKpractice_exercises
111,干,gàn,する,1,HSKpractice_exercises
112,干什么,gàn shénme,何をする,1,HSKpractice_exercises
113,干净,gānjìng,きれいだ,1,HSKpractice_exercises
114,高,gāo,高い,1,HSKpractice_exercises
115,告诉,gàosù,伝える、教える,1,HSKpractice_exercises
116,高兴,gāoxìng,うれしい,1,HSKpractice_exercises
117,个,gè,〜個（量詞）,1,HSKpractice_exercises
118,歌,gē,歌,1,HSKpractice_exercises
119,哥哥,gēgē,お兄さん,1,HSKpractice_exercises
120,给,gěi,あげる・〜に,1,HSKpractice_exercises
121,跟,gēn,〜と,1,HSKpractice_exercises
122,工人,gōngrén,労働者,1,HSKpractice_exercises
123,工作,gōngzuò,仕事、働く,1,HSKpractice_exercises
124,关,guān,閉める,1,HSKpractice_exercises
125,关上,guānshàng,閉める,1,HSKpractice_exercises
126,贵,guì,（値段が）高い,1,HSKpractice_exercises
127,国,guó,国,1,HSKpractice_exercises
128,过,guò,過ごす・経る,1,HSKpractice_exercises
129,国外,guówài,海外,1,HSKpractice_exercises
130,国家,guójiā,国家,1,HSKpractice_exercises
131,还,hái,まだ,1,HSKpractice_exercises
132,还有,háiyǒu,まだ〜がある、それから,1,HSKpractice_exercises
133,还是,háishi,それとも,1,HSKpractice_exercises
134,孩子,háizi,子供,1,HSKpractice_exercises
135,汉字,hànzì,漢字,1,HSKpractice_exercises
136,汉语,hànyǔ,中国語,1,HSKpractice_exercises
137,号,hào,〜日,1,HSKpractice_exercises
138,好,hǎo,良い、元気だ,1,HSKpractice_exercises
139,好看,hǎokàn,綺麗だ、見栄えがいい,1,HSKpractice_exercises
140,好听,hǎotīng,(音が)良い、聞き心地が良い,1,HSKpractice_exercises
141,好玩儿,hǎowánér,面白い、楽しい,1,HSKpractice_exercises
142,好吃,hǎochī,おいしい,1,HSKpractice_exercises
143,和,hé,〜と,1,HSKpractice_exercises
144,喝,hē,飲む,1,HSKpractice_exercises
145,很,hěn,とても,1,HSKpractice_exercises
146,后,hòu,〜の後,1,HSKpractice_exercises
147,后边,hòubian,後ろ側,1,HSKpractice_exercises
148,后天,hòutiān,明後日,1,HSKpractice_exercises
149,话,huà,話,1,HSKpractice_exercises
150,花,huā,花,1,HSKpractice_exercises
151,坏,huài,壊れる,1,HSKpractice_exercises
152,回,huí,戻る,1,HSKpractice_exercises
153,会,huì,できる,1,HSKpractice_exercises
154,回到,huídào,〜に戻る,1,HSKpractice_exercises
155,回家,huíjiā,家に帰る,1,HSKpractice_exercises
156,回来,huílái,戻ってくる,1,HSKpractice_exercises
157,回去,huíqù,戻る、帰る,1,HSKpractice_exercises
158,回答,huídá,答える,1,HSKpractice_exercises
159,火车,huǒchē,汽車,1,HSKpractice_exercises
160,记,jì,覚える,1,HSKpractice_exercises
161,几,jǐ,いくつ,1,HSKpractice_exercises
162,机票,jīpiào,航空券,1,HSKpractice_exercises
163,记住,jìzhù,覚えておく,1,HSKpractice_exercises
164,家,jiā,家,1,HSKpractice_exercises
165,家里,jiālǐ,家、家の中,1,HSKpractice_exercises
166,家人,jiārén,家族,1,HSKpractice_exercises
167,见,jiàn,会う,1,HSKpractice_exercises
168,间,jiān,〜間(量詞)・部屋,1,HSKpractice_exercises
169,见面,jiànmiàn,会う,1,HSKpractice_exercises
170,叫,jiào,〜と呼ぶ,1,HSKpractice_exercises
171,教,jiào,教える,1,HSKpractice_exercises
172,教学楼,jiàoxuélóu,教室棟,1,HSKpractice_exercises
173,机场,jīchǎng,空港,1,HSKpractice_exercises
174,鸡蛋,jīdàn,卵,1,HSKpractice_exercises
175,记得,jìde,覚えている,1,HSKpractice_exercises
176,姐姐,jiějiě,お姉さん,1,HSKpractice_exercises
177,介绍,jièshào,紹介する,1,HSKpractice_exercises
178,进,jìn,入る,1,HSKpractice_exercises
179,进来,jìnlái,入ってくる,1,HSKpractice_exercises
180,今年,jīnnián,今年,1,HSKpractice_exercises
181,进去,jìnqù,入っていく,1,HSKpractice_exercises
182,今天,jīntiān,今日,1,HSKpractice_exercises
183,就,jiù,すぐに・まさに,1,HSKpractice_exercises
184,九,jiǔ,9,1,HSKpractice_exercises
185,觉得,juéde,〜と思う,1,HSKpractice_exercises
186,开,kāi,開ける,1,HSKpractice_exercises
187,开车,kāichē,車を運転する,1,HSKpractice_exercises
188,开会,kāihuì,会議をする,1,HSKpractice_exercises
189,开玩笑,kāi wánxiào,冗談を言う,1,HSKpractice_exercises
190,看,kàn,見る,1,HSKpractice_exercises
191,看病,kànbìng,診察を受ける,1,HSKpractice_exercises
192,看到,kàndào,見える,1,HSKpractice_exercises
193,看见,kànjiàn,見える,1,HSKpractice_exercises
194,考,kǎo,試験を受ける,1,HSKpractice_exercises
195,考试,kǎoshì,試験,1,HSKpractice_exercises
196,课,kè,授業,1,HSKpractice_exercises
197,渴,kě,喉が渇いた,1,HSKpractice_exercises
198,课本,kèběn,教科書,1,HSKpractice_exercises
199,课文,kèwén,教科書の本文,1,HSKpractice_exercises
200,口,kǒu,口・〜人(量詞),1,HSKpractice_exercises
201,块,kuài,〜元(通貨)・塊,1,HSKpractice_exercises
202,快,kuài,速い、はやく,1,HSKpractice_exercises
203,来,lái,来る,1,HSKpractice_exercises
204,来到,láidào,やってくる,1,HSKpractice_exercises
205,老,lǎo,年をとった,1,HSKpractice_exercises
206,老人,lǎorén,老人,1,HSKpractice_exercises
207,老师,lǎoshī,先生,1,HSKpractice_exercises
208,了,le,〜した(完了),1,HSKpractice_exercises
209,累,lèi,疲れる,1,HSKpractice_exercises
210,冷,lěng,寒い,1,HSKpractice_exercises
211,里,lǐ,〜の中,1,HSKpractice_exercises
212,里边,lǐbian,中側,1,HSKpractice_exercises
213,两,liǎng,2つの,1,HSKpractice_exercises
214,零,líng,0,1,HSKpractice_exercises
215,六,liù,6,1,HSKpractice_exercises
216,楼,lóu,階・建物,1,HSKpractice_exercises
217,楼上,lóushàng,上の階,1,HSKpractice_exercises
218,楼下,lóuxià,下の階,1,HSKpractice_exercises
219,路,lù,道,1,HSKpractice_exercises
220,路口,lùkǒu,交差点,1,HSKpractice_exercises
221,路上,lùshàng,道中,1,HSKpractice_exercises
222,吗,ma,〜か(疑問),1,HSKpractice_exercises
223,马路,mǎlù,道路,1,HSKpractice_exercises
224,妈妈,māmā,お母さん,1,HSKpractice_exercises
225,买,mǎi,買う,1,HSKpractice_exercises
226,慢,màn,遅い,1,HSKpractice_exercises
227,忙,máng,忙しい,1,HSKpractice_exercises
228,毛,máo,毛・角(通貨),1,HSKpractice_exercises
229,马上,mǎshàng,すぐに,1,HSKpractice_exercises
230,没,méi,ない,1,HSKpractice_exercises
231,妹妹,mèimèi,妹,1,HSKpractice_exercises
232,没什么,méi shénme,何でもない,1,HSKpractice_exercises
233,没事儿,méishìr,大丈夫,1,HSKpractice_exercises
234,没有,méiyǒu,ない,1,HSKpractice_exercises
235,没关系,méiguānxì,大丈夫、構いません,1,HSKpractice_exercises
236,门,mén,ドア,1,HSKpractice_exercises
237,们,men,〜たち,1,HSKpractice_exercises
238,门口,ménkǒu,入り口,1,HSKpractice_exercises
239,门票,ménpiào,入場券,1,HSKpractice_exercises
240,面条儿,miàntiáor,麺,1,HSKpractice_exercises
241,面包,miànbāo,パン,1,HSKpractice_exercises
242,米饭,mǐfàn,ご飯,1,HSKpractice_exercises
243,明年,míngnián,来年,1,HSKpractice_exercises
244,明白,míngbái,分かる,1,HSKpractice_exercises
245,明天,míngtiān,明日,1,HSKpractice_exercises
246,名字,míngzì,名前,1,HSKpractice_exercises
247,拿,ná,持つ,1,HSKpractice_exercises
248,那,nà,あれ、それ／それなら,1,HSKpractice_exercises
249,哪,nǎ,どれ,1,HSKpractice_exercises
250,那边,nàbiān,そちら,1,HSKpractice_exercises
251,那里,nàlǐ,そこ、あそこ,1,HSKpractice_exercises
252,哪里,nǎlǐ,どこ,1,HSKpractice_exercises
253,那些,nàxiē,それら,1,HSKpractice_exercises
254,哪些,nǎxiē,どれら,1,HSKpractice_exercises
255,奶,nǎi,乳,1,HSKpractice_exercises
256,奶奶,nǎinai,祖母,1,HSKpractice_exercises
257,男,nán,男,1,HSKpractice_exercises
258,南,nán,南,1,HSKpractice_exercises
259,难,nán,難しい,1,HSKpractice_exercises
260,南边,nánbian,南側,1,HSKpractice_exercises
261,男孩儿,nánháir,男の子,1,HSKpractice_exercises
262,男朋友,nánpéngyou,彼氏,1,HSKpractice_exercises
263,男人,nánrén,男性,1,HSKpractice_exercises
264,男生,nánshēng,男子学生,1,HSKpractice_exercises
265,那儿,nàér,そこ、あそこ,1,HSKpractice_exercises
266,哪儿,nǎér,どこ,1,HSKpractice_exercises
267,呢,ne,〜は?(疑問),1,HSKpractice_exercises
268,能,néng,できる,1,HSKpractice_exercises
269,你,nǐ,あなた,1,HSKpractice_exercises
270,你们,nǐmen,あなたたち,1,HSKpractice_exercises
271,年,nián,年,1,HSKpractice_exercises
272,您,nín,あなた（敬称）,1,HSKpractice_exercises
273,牛奶,niúnǎi,牛乳,1,HSKpractice_exercises
274,女,nǚ,女,1,HSKpractice_exercises
275,女孩儿,nǚháir,女の子,1,HSKpractice_exercises
276,女朋友,nǚpéngyou,彼女,1,HSKpractice_exercises
277,女人,nǚrén,女性,1,HSKpractice_exercises
278,女生,nǚshēng,女子学生,1,HSKpractice_exercises
279,女儿,nǚ'ér,娘,1,HSKpractice_exercises
280,旁边,pángbiān,隣,1,HSKpractice_exercises
281,跑,pǎo,走る、駆けつける,1,HSKpractice_exercises
282,朋友,péngyǒu,友達,1,HSKpractice_exercises
283,票,piào,チケット,1,HSKpractice_exercises
284,漂亮,piàoliang,きれい,1,HSKpractice_exercises
285,起,qǐ,起きる,1,HSKpractice_exercises
286,七,qī,7,1,HSKpractice_exercises
287,汽车,qìchē,自動車,1,HSKpractice_exercises
288,前,qián,前,1,HSKpractice_exercises
289,钱,qián,お金,1,HSKpractice_exercises
290,钱包,qiánbāo,財布,1,HSKpractice_exercises
291,前边,qiánbiān,前、前方,1,HSKpractice_exercises
292,前天,qiántiān,おととい,1,HSKpractice_exercises
293,起床,qǐchuáng,起床する,1,HSKpractice_exercises
294,起来,qǐlái,〜し始める、起き上がる（方向補語）,1,HSKpractice_exercises
295,请,qǐng,どうぞ〜してください,1,HSKpractice_exercises
296,请进,qǐng jìn,どうぞお入りください,1,HSKpractice_exercises
297,请问,qǐngwèn,お尋ねします,1,HSKpractice_exercises
298,请坐,qǐng zuò,どうぞお座りください,1,HSKpractice_exercises
299,请假,qǐngjià,休暇を取る,1,HSKpractice_exercises
300,球,qiú,ボール,1,HSKpractice_exercises
301,去,qù,行く,1,HSKpractice_exercises
302,去年,qùnián,去年,1,HSKpractice_exercises
303,热,rè,暑い,1,HSKpractice_exercises
304,人,rén,人,1,HSKpractice_exercises
305,认识,rènshí,知り合う、知っている,1,HSKpractice_exercises
306,认真,rènzhēn,真面目に,1,HSKpractice_exercises
307,日,rì,日,1,HSKpractice_exercises
308,日期,rìqī,日付,1,HSKpractice_exercises
309,肉,ròu,肉,1,HSKpractice_exercises
310,三,sān,3,1,HSKpractice_exercises
311,山,shān,山,1,HSKpractice_exercises
312,上,shàng,上、〜において,1,HSKpractice_exercises
313,上边,shàngbiān,上のほう,1,HSKpractice_exercises
314,商场,shāngchǎng,デパート、ショッピングモール,1,HSKpractice_exercises
315,上车,shàngchē,乗車する,1,HSKpractice_exercises
316,上次,shàngcì,前回,1,HSKpractice_exercises
317,上课,shàngkè,授業が始まる、授業をする,1,HSKpractice_exercises
318,上学,shàngxué,登校する,1,HSKpractice_exercises
319,上班,shàngbān,出勤する,1,HSKpractice_exercises
320,商店,shāngdiàn,店,1,HSKpractice_exercises
321,上网,shàngwǎng,ネットをする,1,HSKpractice_exercises
322,上午,shàngwǔ,午前,1,HSKpractice_exercises
323,少,shǎo,少ない,1,HSKpractice_exercises
324,谁,shuí,誰,1,HSKpractice_exercises
325,身上,shēnshang,身体・身に,1,HSKpractice_exercises
326,生病,shēngbìng,病気になる,1,HSKpractice_exercises
327,生气,shēngqì,怒る,1,HSKpractice_exercises
328,生日,shēngrì,誕生日,1,HSKpractice_exercises
329,什么,shénme,何,1,HSKpractice_exercises
330,身体,shēntǐ,体、身体,1,HSKpractice_exercises
331,十,shí,10,1,HSKpractice_exercises
332,事,shì,こと、用事,1,HSKpractice_exercises
333,试,shì,試す,1,HSKpractice_exercises
334,是,shì,〜である,1,HSKpractice_exercises
335,是不是,shì bu shì,〜かどうか,1,HSKpractice_exercises
336,时候,shíhòu,時、頃,1,HSKpractice_exercises
337,时间,shíjiān,時間,1,HSKpractice_exercises
338,手,shǒu,手,1,HSKpractice_exercises
339,手机,shǒujī,携帯電話,1,HSKpractice_exercises
340,树,shù,木,1,HSKpractice_exercises
341,书,shū,本,1,HSKpractice_exercises
342,书包,shūbāo,かばん,1,HSKpractice_exercises
343,书店,shūdiàn,本屋,1,HSKpractice_exercises
344,睡,shuì,眠る,1,HSKpractice_exercises
345,水,shuǐ,水,1,HSKpractice_exercises
346,水果,shuǐguǒ,果物,1,HSKpractice_exercises
347,睡觉,shuìjiào,寝る,1,HSKpractice_exercises
348,说,shuō,話す、言う,1,HSKpractice_exercises
349,说话,shuōhuà,話す,1,HSKpractice_exercises
350,四,sì,4,1,HSKpractice_exercises
351,送,sòng,贈る,1,HSKpractice_exercises
352,岁,suì,〜歳,1,HSKpractice_exercises
353,他,tā,彼,1,HSKpractice_exercises
354,她,tā,彼女,1,HSKpractice_exercises
355,他们,tāmen,彼ら,1,HSKpractice_exercises
356,她们,tāmen,彼女たち,1,HSKpractice_exercises
357,太,tài,あまりに,1,HSKpractice_exercises
358,天,tiān,日・空,1,HSKpractice_exercises
359,天气,tiānqì,天気,1,HSKpractice_exercises
360,听,tīng,聞く,1,HSKpractice_exercises
361,听到,tīngdào,聞こえる,1,HSKpractice_exercises
362,听见,tīngjiàn,聞こえる,1,HSKpractice_exercises
363,听写,tīngxiě,書き取り,1,HSKpractice_exercises
364,同学,tóngxué,クラスメート,1,HSKpractice_exercises
365,图书馆,túshūguǎn,図書館,1,HSKpractice_exercises
366,外,wài,外,1,HSKpractice_exercises
367,外边,wàibian,外側,1,HSKpractice_exercises
368,外国,wàiguó,外国,1,HSKpractice_exercises
369,外语,wàiyǔ,外国語,1,HSKpractice_exercises
370,晚,wǎn,泊、夜,1,HSKpractice_exercises
371,晚饭,wǎnfàn,夕食,1,HSKpractice_exercises
372,忘,wàng,忘れる,1,HSKpractice_exercises
373,网上,wǎngshàng,ネット上,1,HSKpractice_exercises
374,网友,wǎngyǒu,ネット友達,1,HSKpractice_exercises
375,忘记,wàngjì,忘れる,1,HSKpractice_exercises
376,玩儿,wánér,遊ぶ,1,HSKpractice_exercises
377,晚上,wǎnshàng,夜,1,HSKpractice_exercises
378,问,wèn,尋ねる、聞く,1,HSKpractice_exercises
379,我,wǒ,私,1,HSKpractice_exercises
380,我们,wǒmen,私たち,1,HSKpractice_exercises
381,五,wǔ,5,1,HSKpractice_exercises
382,午饭,wǔfàn,昼食,1,HSKpractice_exercises
383,洗,xǐ,洗う,1,HSKpractice_exercises
384,西,xī,西,1,HSKpractice_exercises
385,西边,xībian,西側,1,HSKpractice_exercises
386,下,xià,下、次,1,HSKpractice_exercises
387,下班,xiàbān,退勤する,1,HSKpractice_exercises
388,下边,xiàbian,下側,1,HSKpractice_exercises
389,下车,xiàchē,降車する,1,HSKpractice_exercises
390,下次,xiàcì,次回,1,HSKpractice_exercises
391,下课,xiàkè,授業が終わる,1,HSKpractice_exercises
392,先,xiān,まず,1,HSKpractice_exercises
393,想,xiǎng,思う・〜したい,1,HSKpractice_exercises
394,先生,xiānsheng,〜さん(男性)・先生,1,HSKpractice_exercises
395,现在,xiànzài,今、現在,1,HSKpractice_exercises
396,笑,xiào,笑う,1,HSKpractice_exercises
397,小,xiǎo,小さい,1,HSKpractice_exercises
398,小孩儿,xiǎoháir,子供,1,HSKpractice_exercises
399,小朋友,xiǎopéngyou,子供,1,HSKpractice_exercises
400,小学,xiǎoxué,小学校,1,HSKpractice_exercises
401,小学生,xiǎoxuéshēng,小学生,1,HSKpractice_exercises
402,小姐,xiǎojiě,〜さん(女性),1,HSKpractice_exercises
403,小时,xiǎoshí,〜時間,1,HSKpractice_exercises
404,下午,xiàwǔ,午後,1,HSKpractice_exercises
405,下雨,xiàyǔ,雨が降る,1,HSKpractice_exercises
406,写,xiě,書く,1,HSKpractice_exercises
407,谢谢,xièxiè,ありがとう,1,HSKpractice_exercises
408,喜欢,xǐhuān,好きだ、気に入る,1,HSKpractice_exercises
409,新,xīn,新しい,1,HSKpractice_exercises
410,新年,xīnnián,新年,1,HSKpractice_exercises
411,行,xíng,良い・歩く,1,HSKpractice_exercises
412,星期日,xīngqīrì,日曜日,1,HSKpractice_exercises
413,星期天,xīngqītiān,日曜日,1,HSKpractice_exercises
414,星期,xīngqī,曜日、週,1,HSKpractice_exercises
415,洗手间,xǐshǒujiān,トイレ,1,HSKpractice_exercises
416,休息,xiūxī,休む、休憩する,1,HSKpractice_exercises
417,学,xué,習う、学ぶ,1,HSKpractice_exercises
418,学院,xuéyuàn,学院,1,HSKpractice_exercises
419,学生,xuéshēng,学生,1,HSKpractice_exercises
420,学习,xuéxí,勉強する,1,HSKpractice_exercises
421,学校,xuéxiào,学校,1,HSKpractice_exercises
422,要,yào,欲しい・必要,1,HSKpractice_exercises
423,页,yè,ページ,1,HSKpractice_exercises
424,也,yě,〜も,1,HSKpractice_exercises
425,爷爷,yéye,祖父,1,HSKpractice_exercises
426,一,yī,1,1,HSKpractice_exercises
427,一半,yíbàn,半分,1,HSKpractice_exercises
428,一块儿,yíkuàir,一緒に,1,HSKpractice_exercises
429,一下儿,yíxiàr,ちょっと、少しの間（動詞の後に付けて軽い調子にする用法）,1,HSKpractice_exercises
430,一些,yìxiē,いくつか,1,HSKpractice_exercises
431,一边,yìbiān,片方・〜しながら,1,HSKpractice_exercises
432,一点儿,yìdiǎnér,少し,1,HSKpractice_exercises
433,衣服,yīfú,服,1,HSKpractice_exercises
434,一会儿,yīhuìer,しばらく、少しの間,1,HSKpractice_exercises
435,一起,yìqǐ,一緒に,1,HSKpractice_exercises
436,医生,yīshēng,医者,1,HSKpractice_exercises
437,一样,yīyàng,同じ,1,HSKpractice_exercises
438,医院,yīyuàn,病院,1,HSKpractice_exercises
439,用,yòng,使う,1,HSKpractice_exercises
440,右,yòu,右,1,HSKpractice_exercises
441,有,yǒu,ある・いる,1,HSKpractice_exercises
442,有些,yǒuxiē,いくつかの,1,HSKpractice_exercises
443,有的,yǒude,あるものは,1,HSKpractice_exercises
444,有时候,yǒu shíhou,時々,1,HSKpractice_exercises
445,有用,yǒuyòng,役に立つ,1,HSKpractice_exercises
446,右边,yòubian,右側,1,HSKpractice_exercises
447,有名,yǒumíng,有名だ,1,HSKpractice_exercises
448,雨,yǔ,雨,1,HSKpractice_exercises
449,元,yuán,元（通貨単位）,1,HSKpractice_exercises
450,远,yuǎn,遠い,1,HSKpractice_exercises
451,月,yuè,月,1,HSKpractice_exercises
452,再,zài,また,1,HSKpractice_exercises
453,在,zài,〜にいる・〜で,1,HSKpractice_exercises
454,在家,zàijiā,家にいる,1,HSKpractice_exercises
455,再见,zàijiàn,さようなら,1,HSKpractice_exercises
456,早,zǎo,早い,1,HSKpractice_exercises
457,早饭,zǎofàn,朝ごはん,1,HSKpractice_exercises
458,早上,zǎoshàng,朝,1,HSKpractice_exercises
459,怎么,zěnme,どうやって,1,HSKpractice_exercises
460,站,zhàn,駅・立つ,1,HSKpractice_exercises
461,找,zhǎo,探す、訪ねる,1,HSKpractice_exercises
462,找到,zhǎodào,見つける,1,HSKpractice_exercises
463,着,zhe,〜している(継続),1,HSKpractice_exercises
464,这,zhè,これ,1,HSKpractice_exercises
465,这边,zhèbiān,こちら,1,HSKpractice_exercises
466,这里,zhèlǐ,ここ,1,HSKpractice_exercises
467,这些,zhèxiē,これらの,1,HSKpractice_exercises
468,真,zhēn,本当に,1,HSKpractice_exercises
469,真的,zhēnde,本当に,1,HSKpractice_exercises
470,正,zhèng,ちょうど,1,HSKpractice_exercises
471,正在,zhèngzài,ちょうど〜している,1,HSKpractice_exercises
472,这儿,zhèér,ここ,1,HSKpractice_exercises
473,知道,zhīdào,知っている、わかる,1,HSKpractice_exercises
474,知识,zhīshí,知識,1,HSKpractice_exercises
475,重,zhòng,重い,1,HSKpractice_exercises
476,中,zhōng,〜の中で,1,HSKpractice_exercises
477,中学,zhōngxué,中学校,1,HSKpractice_exercises
478,中学生,zhōngxuéshēng,中学生,1,HSKpractice_exercises
479,中国,zhōngguó,中国,1,HSKpractice_exercises
480,中间,zhōngjiān,真ん中,1,HSKpractice_exercises
481,中文,zhōngwén,中国語,1,HSKpractice_exercises
482,中午,zhōngwǔ,昼、正午,1,HSKpractice_exercises
483,重要,zhòngyào,重要だ,1,HSKpractice_exercises
484,住,zhù,泊まる、住む,1,HSKpractice_exercises
485,准备,zhǔnbèi,準備する,1,HSKpractice_exercises
486,桌子,zhuōzi,机,1,HSKpractice_exercises
487,字,zì,文字,1,HSKpractice_exercises
488,子,zi,(接尾辞),1,HSKpractice_exercises
489,走,zǒu,歩く、行く、離れる,1,HSKpractice_exercises
490,走路,zǒulù,歩く,1,HSKpractice_exercises
491,最,zuì,最も,1,HSKpractice_exercises
492,最好,zuìhǎo,最も良い,1,HSKpractice_exercises
493,最后,zuìhòu,最後に,1,HSKpractice_exercises
494,坐,zuò,乗る、座る,1,HSKpractice_exercises
495,做,zuò,する、作る,1,HSKpractice_exercises
496,左,zuǒ,左,1,HSKpractice_exercises
497,坐下,zuòxià,座る,1,HSKpractice_exercises
498,左边,zuǒbian,左側,1,HSKpractice_exercises
499,昨天,zuótiān,昨日,1,HSKpractice_exercises
500,啊,a,(語気助詞),2,HSKpractice_exercises
501,爱情,àiqíng,愛情,2,HSKpractice_exercises
502,爱人,àirén,配偶者,2,HSKpractice_exercises
503,安静,ānjìng,静か,2,HSKpractice_exercises
504,安全,ānquán,安全,2,HSKpractice_exercises
505,白色,báisè,白色,2,HSKpractice_exercises
506,班长,bānzhǎng,クラス長,2,HSKpractice_exercises
507,办,bàn,（催しなどを）行う、開く,2,HSKpractice_exercises
508,办法,bànfǎ,方法,2,HSKpractice_exercises
509,办公室,bàngōngshì,事務室,2,HSKpractice_exercises
510,半夜,bànyè,夜中,2,HSKpractice_exercises
511,帮助,bāngzhù,助ける、助け,2,HSKpractice_exercises
512,饱,bǎo,満腹だ,2,HSKpractice_exercises
513,报名,bàomíng,申し込む,2,HSKpractice_exercises
514,报纸,bàozhǐ,新聞,2,HSKpractice_exercises
515,北方,běifāng,北方,2,HSKpractice_exercises
516,背,bèi,背負う・暗記する,2,HSKpractice_exercises
517,比如,bǐrú,例えば,2,HSKpractice_exercises
518,比如说,bǐrú shuō,例えば,2,HSKpractice_exercises
519,笔,bǐ,ペン,2,HSKpractice_exercises
520,笔记,bǐjì,ノート・メモ,2,HSKpractice_exercises
521,笔记本,bǐjìběn,ノート,2,HSKpractice_exercises
522,必须,bìxū,〜しなければならない,2,HSKpractice_exercises
523,边,biān,側・辺,2,HSKpractice_exercises
524,变,biàn,変わる,2,HSKpractice_exercises
525,变成,biànchéng,〜に変わる,2,HSKpractice_exercises
526,遍,biàn,〜回(通す),2,HSKpractice_exercises
527,表,biǎo,表・時計,2,HSKpractice_exercises
528,表示,biǎoshì,表す,2,HSKpractice_exercises
529,不错,bùcuò,なかなか良い,2,HSKpractice_exercises
530,不但,búdàn,〜だけでなく,2,HSKpractice_exercises
531,不够,búgòu,足りない,2,HSKpractice_exercises
532,不过,búguò,しかし,2,HSKpractice_exercises
533,不太,bú tài,あまり〜ない,2,HSKpractice_exercises
534,不要,búyào,〜しないで,2,HSKpractice_exercises
535,不好意思,bù hǎoyìsi,恥ずかしい・すみません,2,HSKpractice_exercises
536,不久,bùjiǔ,間もなく,2,HSKpractice_exercises
537,不满,bùmǎn,不満,2,HSKpractice_exercises
538,不如,bùrú,〜に及ばない,2,HSKpractice_exercises
539,不少,bùshǎo,少なくない,2,HSKpractice_exercises
540,不同,bùtóng,異なる,2,HSKpractice_exercises
541,不行,bùxíng,だめだ,2,HSKpractice_exercises
542,不一定,bù yídìng,必ずしも〜ではない,2,HSKpractice_exercises
543,不一会儿,bù yíhuìr,すぐに,2,HSKpractice_exercises
544,部分,bùfèn,部分,2,HSKpractice_exercises
545,才,cái,やっと,2,HSKpractice_exercises
546,菜单,càidān,メニュー,2,HSKpractice_exercises
547,参观,cānguān,見学する,2,HSKpractice_exercises
548,参加,cānjiā,参加する,2,HSKpractice_exercises
549,草,cǎo,草,2,HSKpractice_exercises
550,草地,cǎodì,草地,2,HSKpractice_exercises
551,层,céng,〜階(量詞),2,HSKpractice_exercises
552,查,chá,調べる,2,HSKpractice_exercises
553,差不多,chàbuduō,だいたい、ほぼ,2,HSKpractice_exercises
554,长,cháng,長い,2,HSKpractice_exercises
555,常见,chángjiàn,よくある,2,HSKpractice_exercises
556,常用,chángyòng,よく使う,2,HSKpractice_exercises
557,场,chǎng,〜回(試合等),2,HSKpractice_exercises
558,超过,chāoguò,超える,2,HSKpractice_exercises
559,超市,chāoshì,スーパー,2,HSKpractice_exercises
560,车辆,chēliàng,車両,2,HSKpractice_exercises
561,称,chēng,〜と称する、名付ける、呼ぶ,2,HSKpractice_exercises
562,成,chéng,〜になる,2,HSKpractice_exercises
563,成绩,chéngjì,成績,2,HSKpractice_exercises
564,成为,chéngwéi,〜になる,2,HSKpractice_exercises
565,重复,chóngfù,繰り返す,2,HSKpractice_exercises
566,重新,chóngxīn,改めて,2,HSKpractice_exercises
567,出发,chūfā,出発する,2,HSKpractice_exercises
568,出国,chūguó,出国する,2,HSKpractice_exercises
569,出口,chūkǒu,出口,2,HSKpractice_exercises
570,出门,chūmén,外出する,2,HSKpractice_exercises
571,出生,chūshēng,生まれる,2,HSKpractice_exercises
572,出现,chūxiàn,現れる,2,HSKpractice_exercises
573,出院,chūyuàn,退院する,2,HSKpractice_exercises
574,出租,chūzū,賃貸に出す,2,HSKpractice_exercises
575,出租车,chūzūchē,タクシー,2,HSKpractice_exercises
576,船,chuán,船,2,HSKpractice_exercises
577,吹,chuī,吹く,2,HSKpractice_exercises
578,春节,Chūnjié,春節,2,HSKpractice_exercises
579,春天,chūntiān,春,2,HSKpractice_exercises
580,词,cí,単語,2,HSKpractice_exercises
581,词典,cídiǎn,辞書,2,HSKpractice_exercises
582,词语,cíyǔ,語句,2,HSKpractice_exercises
583,从小,cóngxiǎo,幼い頃から,2,HSKpractice_exercises
584,答应,dāying,承諾する,2,HSKpractice_exercises
585,打工,dǎgōng,アルバイトする,2,HSKpractice_exercises
586,打算,dǎsuàn,〜するつもり,2,HSKpractice_exercises
587,打印,dǎyìn,印刷する,2,HSKpractice_exercises
588,大部分,dàbùfen,大部分,2,HSKpractice_exercises
589,大大,dàdà,大いに,2,HSKpractice_exercises
590,大多数,dàduōshù,大多数,2,HSKpractice_exercises
591,大海,dàhǎi,大海,2,HSKpractice_exercises
592,大家,dàjiā,みんな,2,HSKpractice_exercises
593,大量,dàliàng,大量,2,HSKpractice_exercises
594,大门,dàmén,正門,2,HSKpractice_exercises
595,大人,dàrén,大人,2,HSKpractice_exercises
596,大声,dàshēng,大声,2,HSKpractice_exercises
597,大小,dàxiǎo,大きさ,2,HSKpractice_exercises
598,大衣,dàyī,コート,2,HSKpractice_exercises
599,大自然,dàzìrán,大自然,2,HSKpractice_exercises
600,带,dài,持って行く,2,HSKpractice_exercises
601,带来,dàilái,もたらす,2,HSKpractice_exercises
602,单位,dānwèi,職場・単位,2,HSKpractice_exercises
603,但,dàn,しかし,2,HSKpractice_exercises
604,但是,dànshì,しかし,2,HSKpractice_exercises
605,蛋,dàn,卵,2,HSKpractice_exercises
606,当,dāng,〜になる、〜として（例：当老师＝先生になる）、〜する時（例：当…时）,2,HSKpractice_exercises
607,当时,dāngshí,当時,2,HSKpractice_exercises
608,倒,dào,倒れる・逆に,2,HSKpractice_exercises
609,到处,dàochù,あちこち,2,HSKpractice_exercises
610,道,dào,道・〜本(量詞),2,HSKpractice_exercises
611,道理,dàolǐ,道理、理屈,2,HSKpractice_exercises
612,道路,dàolù,道路,2,HSKpractice_exercises
613,得,dé,得る,2,HSKpractice_exercises
614,得出,déchū,導き出す,2,HSKpractice_exercises
615,的话,dehuà,〜ならば（もし〜の話）,2,HSKpractice_exercises
616,灯,dēng,灯り,2,HSKpractice_exercises
617,等到,děngdào,〜まで待つ,2,HSKpractice_exercises
618,等于,děngyú,〜に等しい,2,HSKpractice_exercises
619,低,dī,低い,2,HSKpractice_exercises
620,地球,dìqiú,地球,2,HSKpractice_exercises
621,地铁,dìtiě,地下鉄,2,HSKpractice_exercises
622,地铁站,dìtiězhàn,地下鉄の駅,2,HSKpractice_exercises
623,点头,diǎntóu,うなずく,2,HSKpractice_exercises
624,店,diàn,店,2,HSKpractice_exercises
625,掉,diào,落ちる,2,HSKpractice_exercises
626,东北,dōngběi,東北,2,HSKpractice_exercises
627,东方,dōngfāng,東方,2,HSKpractice_exercises
628,东南,dōngnán,東南,2,HSKpractice_exercises
629,冬天,dōngtiān,冬,2,HSKpractice_exercises
630,懂,dǒng,わかる,2,HSKpractice_exercises
631,懂得,dǒngde,わかる,2,HSKpractice_exercises
632,动物,dòngwù,動物,2,HSKpractice_exercises
633,动物园,dòngwùyuán,動物園,2,HSKpractice_exercises
634,读音,dúyīn,発音,2,HSKpractice_exercises
635,度,dù,度,2,HSKpractice_exercises
636,短,duǎn,短い,2,HSKpractice_exercises
637,短信,duǎnxìn,ショートメール,2,HSKpractice_exercises
638,段,duàn,〜段落(量詞),2,HSKpractice_exercises
639,队,duì,チーム,2,HSKpractice_exercises
640,队长,duìzhǎng,チームリーダー,2,HSKpractice_exercises
641,对话,duìhuà,対話,2,HSKpractice_exercises
642,对面,duìmiàn,向かい,2,HSKpractice_exercises
643,多久,duōjiǔ,どのくらいの間,2,HSKpractice_exercises
644,多么,duōme,なんて,2,HSKpractice_exercises
645,多数,duōshù,多数,2,HSKpractice_exercises
646,多云,duōyún,曇り,2,HSKpractice_exercises
647,而且,érqiě,その上,2,HSKpractice_exercises
648,发,fā,発する,2,HSKpractice_exercises
649,发现,fāxiàn,気づく、発見する,2,HSKpractice_exercises
650,饭馆,fànguǎn,レストラン,2,HSKpractice_exercises
651,方便,fāngbiàn,都合がいい,2,HSKpractice_exercises
652,方便面,fāngbiànmiàn,インスタントラーメン,2,HSKpractice_exercises
653,方法,fāngfǎ,方法,2,HSKpractice_exercises
654,方面,fāngmiàn,方面,2,HSKpractice_exercises
655,方向,fāngxiàng,方向,2,HSKpractice_exercises
656,放下,fàngxià,置く・下ろす,2,HSKpractice_exercises
657,放心,fàngxīn,安心する,2,HSKpractice_exercises
658,分开,fēnkāi,分かれる,2,HSKpractice_exercises
659,分数,fēnshù,点数,2,HSKpractice_exercises
660,份,fèn,〜通、〜部（書類の量詞）,2,HSKpractice_exercises
661,封,fēng,〜通(量詞),2,HSKpractice_exercises
662,服务,fúwù,サービス,2,HSKpractice_exercises
663,复习,fùxí,復習する,2,HSKpractice_exercises
664,该,gāi,〜すべきだ,2,HSKpractice_exercises
665,改,gǎi,直す,2,HSKpractice_exercises
666,改变,gǎibiàn,変える,2,HSKpractice_exercises
667,干杯,gānbēi,乾杯,2,HSKpractice_exercises
668,感到,gǎndào,感じる,2,HSKpractice_exercises
669,感动,gǎndòng,感動する,2,HSKpractice_exercises
670,感觉,gǎnjué,感じる,2,HSKpractice_exercises
671,感谢,gǎnxiè,感謝する,2,HSKpractice_exercises
672,干活儿,gànhuór,仕事をする,2,HSKpractice_exercises
673,刚,gāng,〜したばかり,2,HSKpractice_exercises
674,刚才,gāngcái,さっき,2,HSKpractice_exercises
675,刚刚,gānggāng,たった今,2,HSKpractice_exercises
676,高级,gāojí,高級,2,HSKpractice_exercises
677,高中,gāozhōng,高校,2,HSKpractice_exercises
678,个子,gèzi,背丈,2,HSKpractice_exercises
679,更,gèng,さらに,2,HSKpractice_exercises
680,公共汽车,gōnggòngqìchē,バス,2,HSKpractice_exercises
681,公交车,gōngjiāochē,バス,2,HSKpractice_exercises
682,公斤,gōngjīn,キログラム,2,HSKpractice_exercises
683,公里,gōnglǐ,キロメートル,2,HSKpractice_exercises
684,公路,gōnglù,道路,2,HSKpractice_exercises
685,公平,gōngpíng,公平だ,2,HSKpractice_exercises
686,公司,gōngsī,会社,2,HSKpractice_exercises
687,公园,gōngyuán,公園,2,HSKpractice_exercises
688,狗,gǒu,犬,2,HSKpractice_exercises
689,够,gòu,十分だ、足りる,2,HSKpractice_exercises
690,故事,gùshì,物語、ストーリー,2,HSKpractice_exercises
691,故意,gùyì,わざと,2,HSKpractice_exercises
692,顾客,gùkè,お客様,2,HSKpractice_exercises
693,关机,guānjī,電源を切る,2,HSKpractice_exercises
694,关心,guānxīn,気にかける,2,HSKpractice_exercises
695,观点,guāndiǎn,観点,2,HSKpractice_exercises
696,广场,guǎngchǎng,広場,2,HSKpractice_exercises
697,广告,guǎnggào,広告,2,HSKpractice_exercises
698,国际,guójì,国際,2,HSKpractice_exercises
699,过来,guòlái,こちらに来る,2,HSKpractice_exercises
700,过年,guònián,年を越す,2,HSKpractice_exercises
701,过去,guòqù,過去・過ぎ去る,2,HSKpractice_exercises
702,海,hǎi,海,2,HSKpractice_exercises
703,海边,hǎibiān,海辺,2,HSKpractice_exercises
704,喊,hǎn,叫ぶ,2,HSKpractice_exercises
705,好处,hǎochù,利点,2,HSKpractice_exercises
706,好多,hǎoduō,たくさん,2,HSKpractice_exercises
707,好久,hǎojiǔ,久しぶり,2,HSKpractice_exercises
708,好人,hǎorén,良い人,2,HSKpractice_exercises
709,好事,hǎoshì,良いこと,2,HSKpractice_exercises
710,好像,hǎoxiàng,〜のようだ,2,HSKpractice_exercises
711,合适,héshì,ふさわしい、ぴったりだ,2,HSKpractice_exercises
712,河,hé,川,2,HSKpractice_exercises
713,黑,hēi,黒い,2,HSKpractice_exercises
714,黑板,hēibǎn,黒板,2,HSKpractice_exercises
715,黑色,hēisè,黒色,2,HSKpractice_exercises
716,红,hóng,赤い,2,HSKpractice_exercises
717,红色,hóngsè,赤色,2,HSKpractice_exercises
718,后来,hòulái,その後,2,HSKpractice_exercises
719,忽然,hūrán,突然,2,HSKpractice_exercises
720,湖,hú,湖,2,HSKpractice_exercises
721,护照,hùzhào,パスポート,2,HSKpractice_exercises
722,花园,huāyuán,庭園,2,HSKpractice_exercises
723,画,huà,絵・描く,2,HSKpractice_exercises
724,画家,huàjiā,画家,2,HSKpractice_exercises
725,画儿,huàr,絵,2,HSKpractice_exercises
726,坏处,huàichù,欠点,2,HSKpractice_exercises
727,坏人,huàirén,悪人,2,HSKpractice_exercises
728,欢迎,huānyíng,歓迎する,2,HSKpractice_exercises
729,换,huàn,変える、交換する,2,HSKpractice_exercises
730,黄,huáng,黄色い,2,HSKpractice_exercises
731,黄色,huángsè,黄色,2,HSKpractice_exercises
732,回国,huíguó,帰国する,2,HSKpractice_exercises
733,活动,huódòng,活動,2,HSKpractice_exercises
734,或,huò,あるいは,2,HSKpractice_exercises
735,或者,huòzhě,あるいは,2,HSKpractice_exercises
736,机会,jīhuì,機会,2,HSKpractice_exercises
737,鸡,jī,鶏,2,HSKpractice_exercises
738,级,jí,〜級,2,HSKpractice_exercises
739,急,jí,焦る,2,HSKpractice_exercises
740,计划,jìhuà,計画,2,HSKpractice_exercises
741,计算机,jìsuànjī,コンピューター,2,HSKpractice_exercises
742,加,jiā,加える,2,HSKpractice_exercises
743,加油,jiāyóu,頑張る,2,HSKpractice_exercises
744,家庭,jiātíng,家庭,2,HSKpractice_exercises
745,家长,jiāzhǎng,保護者,2,HSKpractice_exercises
746,假,jiǎ,休み、休暇,2,HSKpractice_exercises
747,假期,jiàqī,休暇、連休,2,HSKpractice_exercises
748,检查,jiǎnchá,検査する,2,HSKpractice_exercises
749,见到,jiàndào,会う,2,HSKpractice_exercises
750,见过,jiànguò,会ったことがある,2,HSKpractice_exercises
751,件,jiàn,〜着・〜件(量詞),2,HSKpractice_exercises
752,健康,jiànkāng,健康,2,HSKpractice_exercises
753,讲,jiǎng,話す,2,HSKpractice_exercises
754,讲话,jiǎnghuà,話をする,2,HSKpractice_exercises
755,交,jiāo,払う、渡す,2,HSKpractice_exercises
756,交给,jiāogěi,手渡す,2,HSKpractice_exercises
757,交朋友,jiāo péngyou,友達になる,2,HSKpractice_exercises
758,交通,jiāotōng,交通,2,HSKpractice_exercises
759,角,jiǎo,角・隅,2,HSKpractice_exercises
760,角度,jiǎodù,角度,2,HSKpractice_exercises
761,饺子,jiǎozi,餃子,2,HSKpractice_exercises
762,脚,jiǎo,足,2,HSKpractice_exercises
763,叫作,jiàozuò,〜と呼ばれる,2,HSKpractice_exercises
764,教师,jiàoshī,教師,2,HSKpractice_exercises
765,教室,jiàoshì,教室,2,HSKpractice_exercises
766,教学,jiàoxué,教学,2,HSKpractice_exercises
767,教育,jiàoyù,教育,2,HSKpractice_exercises
768,接,jiē,受け取る・迎える,2,HSKpractice_exercises
769,接到,jiēdào,受け取る,2,HSKpractice_exercises
770,接受,jiēshòu,受け入れる,2,HSKpractice_exercises
771,接下来,jiēxiàlái,次に,2,HSKpractice_exercises
772,接着,jiēzhe,引き続き,2,HSKpractice_exercises
773,街,jiē,街,2,HSKpractice_exercises
774,节,jié,〜コマ(授業)・祝日,2,HSKpractice_exercises
775,节目,jiémù,番組,2,HSKpractice_exercises
776,节日,jiérì,祝日,2,HSKpractice_exercises
777,结果,jiéguǒ,結果,2,HSKpractice_exercises
778,借,jiè,借りる,2,HSKpractice_exercises
779,斤,jīn,斤(重さの単位),2,HSKpractice_exercises
780,今后,jīnhòu,今後,2,HSKpractice_exercises
781,进入,jìnrù,入る,2,HSKpractice_exercises
782,进行,jìnxíng,行う,2,HSKpractice_exercises
783,近,jìn,近い,2,HSKpractice_exercises
784,经常,jīngcháng,よく、しょっちゅう,2,HSKpractice_exercises
785,经过,jīngguò,経過する,2,HSKpractice_exercises
786,经理,jīnglǐ,経営者・マネージャー,2,HSKpractice_exercises
787,酒,jiǔ,酒,2,HSKpractice_exercises
788,酒店,jiǔdiàn,ホテル,2,HSKpractice_exercises
789,就要,jiùyào,もうすぐ〜する,2,HSKpractice_exercises
790,举,jǔ,挙げる,2,HSKpractice_exercises
791,举手,jǔshǒu,手を挙げる,2,HSKpractice_exercises
792,举行,jǔxíng,挙行する,2,HSKpractice_exercises
793,句,jù,〜文(量詞),2,HSKpractice_exercises
794,句子,jùzi,文,2,HSKpractice_exercises
795,卡,kǎ,カード,2,HSKpractice_exercises
796,开机,kāijī,電源を入れる,2,HSKpractice_exercises
797,开心,kāixīn,嬉しい,2,HSKpractice_exercises
798,开学,kāixué,新学期が始まる,2,HSKpractice_exercises
799,看法,kànfǎ,意見、見方,2,HSKpractice_exercises
800,考生,kǎoshēng,受験生,2,HSKpractice_exercises
801,靠,kào,頼る・寄りかかる,2,HSKpractice_exercises
802,科,kē,学科,2,HSKpractice_exercises
803,科学,kēxué,科学,2,HSKpractice_exercises
804,可爱,kěài,可愛い,2,HSKpractice_exercises
805,可能,kěnéng,可能性・かもしれない,2,HSKpractice_exercises
806,可怕,kěpà,恐ろしい,2,HSKpractice_exercises
807,可是,kěshì,しかし,2,HSKpractice_exercises
808,可以,kěyǐ,〜してよい,2,HSKpractice_exercises
809,克,kè,グラム,2,HSKpractice_exercises
810,刻,kè,15分・彫る,2,HSKpractice_exercises
811,客人,kèrén,お客さん,2,HSKpractice_exercises
812,课堂,kètáng,授業・教室,2,HSKpractice_exercises
813,空气,kōngqì,空気,2,HSKpractice_exercises
814,哭,kū,泣く,2,HSKpractice_exercises
815,快餐,kuàicān,ファストフード,2,HSKpractice_exercises
816,快点儿,kuàidiǎnér,早く,2,HSKpractice_exercises
817,快乐,kuàilè,楽しい,2,HSKpractice_exercises
818,快要,kuàiyào,もうすぐ〜,2,HSKpractice_exercises
819,筷子,kuàizi,箸,2,HSKpractice_exercises
820,拉,lā,引く,2,HSKpractice_exercises
821,来自,láizì,〜から来る,2,HSKpractice_exercises
822,蓝,lán,青い,2,HSKpractice_exercises
823,蓝色,lánsè,青色,2,HSKpractice_exercises
824,篮球,lánqiú,バスケットボール,2,HSKpractice_exercises
825,老年,lǎonián,老年,2,HSKpractice_exercises
826,老朋友,lǎopéngyou,古い友人,2,HSKpractice_exercises
827,老是,lǎoshì,いつも,2,HSKpractice_exercises
828,离,lí,〜から(距離),2,HSKpractice_exercises
829,离开,líkāi,離れる,2,HSKpractice_exercises
830,礼物,lǐwù,プレゼント,2,HSKpractice_exercises
831,里头,lǐtou,中,2,HSKpractice_exercises
832,理想,lǐxiǎng,理想,2,HSKpractice_exercises
833,例如,lìrú,例えば,2,HSKpractice_exercises
834,例子,lìzi,例,2,HSKpractice_exercises
835,脸,liǎn,顔,2,HSKpractice_exercises
836,练,liàn,練習する,2,HSKpractice_exercises
837,练习,liànxí,練習する,2,HSKpractice_exercises
838,凉,liáng,涼しい,2,HSKpractice_exercises
839,凉快,liángkuai,涼しい,2,HSKpractice_exercises
840,亮,liàng,明るい,2,HSKpractice_exercises
841,辆,liàng,〜台(量詞),2,HSKpractice_exercises
842,零下,língxià,零下,2,HSKpractice_exercises
843,留,liú,残る・留まる,2,HSKpractice_exercises
844,留下,liúxià,残す,2,HSKpractice_exercises
845,留学生,liúxuéshēng,留学生,2,HSKpractice_exercises
846,流,liú,流れる,2,HSKpractice_exercises
847,流利,liúlì,流暢だ,2,HSKpractice_exercises
848,流行,liúxíng,流行する,2,HSKpractice_exercises
849,路边,lùbiān,道端,2,HSKpractice_exercises
850,旅客,lǚkè,旅客,2,HSKpractice_exercises
851,旅行,lǚxíng,旅行,2,HSKpractice_exercises
852,旅游,lǚyóu,旅行する,2,HSKpractice_exercises
853,绿,lǜ,緑,2,HSKpractice_exercises
854,绿色,lǜsè,緑色,2,HSKpractice_exercises
855,卖,mài,売る,2,HSKpractice_exercises
856,满,mǎn,いっぱいだ,2,HSKpractice_exercises
857,满意,mǎnyì,満足する,2,HSKpractice_exercises
858,猫,māo,猫,2,HSKpractice_exercises
859,米,mǐ,メートル・米,2,HSKpractice_exercises
860,面,miàn,顔・表面・麺,2,HSKpractice_exercises
861,面前,miànqián,目の前,2,HSKpractice_exercises
862,名,míng,名前・〜名(量詞),2,HSKpractice_exercises
863,名称,míngchēng,名称,2,HSKpractice_exercises
864,名单,míngdān,名簿、リスト,2,HSKpractice_exercises
865,明星,míngxīng,スター,2,HSKpractice_exercises
866,目的,mùdì,目的,2,HSKpractice_exercises
867,拿出,náchū,取り出す,2,HSKpractice_exercises
868,拿到,nádào,手に入れる,2,HSKpractice_exercises
869,那会儿,nàhuìr,あの時,2,HSKpractice_exercises
870,那么,nàme,それでは、それなら,2,HSKpractice_exercises
871,那时候,nàshíhou,あの時,2,HSKpractice_exercises
872,那样,nàyàng,そのように,2,HSKpractice_exercises
873,南方,nánfāng,南方,2,HSKpractice_exercises
874,难过,nánguò,つらい,2,HSKpractice_exercises
875,难看,nánkàn,見苦しい,2,HSKpractice_exercises
876,难受,nánshòu,つらい,2,HSKpractice_exercises
877,难题,nántí,難問,2,HSKpractice_exercises
878,难听,nántīng,(音が)聞き苦しい,2,HSKpractice_exercises
879,能够,nénggòu,できる,2,HSKpractice_exercises
880,年级,niánjí,学年,2,HSKpractice_exercises
881,年轻,niánqīng,若い,2,HSKpractice_exercises
882,鸟,niǎo,鳥,2,HSKpractice_exercises
883,弄,nòng,する・いじる,2,HSKpractice_exercises
884,努力,nǔlì,努力,2,HSKpractice_exercises
885,爬,pá,登る,2,HSKpractice_exercises
886,爬山,páshān,山登り,2,HSKpractice_exercises
887,怕,pà,恐れる、心配する,2,HSKpractice_exercises
888,排,pái,列,2,HSKpractice_exercises
889,排队,páiduì,並ぶ、列に並ぶ,2,HSKpractice_exercises
890,排球,páiqiú,バレーボール,2,HSKpractice_exercises
891,碰,pèng,ぶつかる,2,HSKpractice_exercises
892,碰到,pèngdào,出くわす,2,HSKpractice_exercises
893,碰见,pèngjiàn,出会う,2,HSKpractice_exercises
894,篇,piān,〜編(量詞),2,HSKpractice_exercises
895,便宜,piányi,安い,2,HSKpractice_exercises
896,片,piàn,〜枚(量詞),2,HSKpractice_exercises
897,平,píng,平ら,2,HSKpractice_exercises
898,平安,píng'ān,平安・無事,2,HSKpractice_exercises
899,平常,píngcháng,普段,2,HSKpractice_exercises
900,平等,píngděng,平等,2,HSKpractice_exercises
901,平时,píngshí,普段,2,HSKpractice_exercises
902,瓶,píng,瓶,2,HSKpractice_exercises
903,瓶子,píngzi,瓶,2,HSKpractice_exercises
904,普通,pǔtōng,普通の,2,HSKpractice_exercises
905,普通话,pǔtōnghuà,標準中国語,2,HSKpractice_exercises
906,其他,qítā,その他,2,HSKpractice_exercises
907,其中,qízhōng,その中,2,HSKpractice_exercises
908,骑,qí,（自転車などに）乗る,2,HSKpractice_exercises
909,骑车,qíchē,自転車に乗る,2,HSKpractice_exercises
910,起飞,qǐfēi,離陸する,2,HSKpractice_exercises
911,气,qì,空気・怒り,2,HSKpractice_exercises
912,气温,qìwēn,気温,2,HSKpractice_exercises
913,千,qiān,1000,2,HSKpractice_exercises
914,千克,qiānkè,キログラム,2,HSKpractice_exercises
915,前年,qiánnián,一昨年,2,HSKpractice_exercises
916,墙,qiáng,壁,2,HSKpractice_exercises
917,青年,qīngnián,青年,2,HSKpractice_exercises
918,青少年,qīngshàonián,青少年,2,HSKpractice_exercises
919,轻,qīng,軽い,2,HSKpractice_exercises
920,清楚,qīngchǔ,はっきりしている,2,HSKpractice_exercises
921,晴,qíng,晴れ,2,HSKpractice_exercises
922,晴天,qíngtiān,晴れの日,2,HSKpractice_exercises
923,请客,qǐngkè,ごちそうする,2,HSKpractice_exercises
924,请求,qǐngqiú,要求する,2,HSKpractice_exercises
925,秋天,qiūtiān,秋,2,HSKpractice_exercises
926,求,qiú,求める,2,HSKpractice_exercises
927,球场,qiúchǎng,球場,2,HSKpractice_exercises
928,球队,qiúduì,チーム,2,HSKpractice_exercises
929,球鞋,qiúxié,スニーカー,2,HSKpractice_exercises
930,取,qǔ,取る,2,HSKpractice_exercises
931,取得,qǔdé,取得する,2,HSKpractice_exercises
932,全,quán,すべて,2,HSKpractice_exercises
933,全部,quánbù,全部,2,HSKpractice_exercises
934,全国,quánguó,全国,2,HSKpractice_exercises
935,全家,quánjiā,家族全員,2,HSKpractice_exercises
936,全年,quánnián,一年中,2,HSKpractice_exercises
937,全身,quánshēn,全身,2,HSKpractice_exercises
938,全体,quántǐ,全体,2,HSKpractice_exercises
939,然后,ránhòu,それから,2,HSKpractice_exercises
940,让,ràng,〜させる,2,HSKpractice_exercises
941,热情,rèqíng,情熱的だ・親切だ,2,HSKpractice_exercises
942,人口,rénkǒu,人口,2,HSKpractice_exercises
943,人们,rénmen,人々,2,HSKpractice_exercises
944,人数,rénshù,人数,2,HSKpractice_exercises
945,认为,rènwéi,〜と考える、思う,2,HSKpractice_exercises
946,日报,rìbào,日刊紙,2,HSKpractice_exercises
947,日子,rìzi,日にち,2,HSKpractice_exercises
948,如果,rúguǒ,もし,2,HSKpractice_exercises
949,入口,rùkǒu,入口,2,HSKpractice_exercises
950,商量,shāngliang,相談する,2,HSKpractice_exercises
951,商人,shāngrén,商人,2,HSKpractice_exercises
952,上周,shàngzhōu,先週,2,HSKpractice_exercises
953,少数,shǎoshù,少数,2,HSKpractice_exercises
954,少年,shàonián,少年,2,HSKpractice_exercises
955,身边,shēnbiān,身の回り,2,HSKpractice_exercises
956,什么样,shénmeyàng,どんな,2,HSKpractice_exercises
957,生,shēng,産む,2,HSKpractice_exercises
958,生词,shēngcí,新出単語,2,HSKpractice_exercises
959,生活,shēnghuó,生活,2,HSKpractice_exercises
960,声音,shēngyīn,声・音,2,HSKpractice_exercises
961,省,shěng,省(行政区分)・省く,2,HSKpractice_exercises
962,十分,shífēn,非常に,2,HSKpractice_exercises
963,实际,shíjì,実際の,2,HSKpractice_exercises
964,实习,shíxí,インターンをする、実習,2,HSKpractice_exercises
965,实现,shíxiàn,実現する,2,HSKpractice_exercises
966,实在,shízài,実に,2,HSKpractice_exercises
967,食物,shíwù,食べ物,2,HSKpractice_exercises
968,使用,shǐyòng,使用する,2,HSKpractice_exercises
969,市,shì,市,2,HSKpractice_exercises
970,市长,shìzhǎng,市長,2,HSKpractice_exercises
971,事情,shìqíng,出来事、事柄,2,HSKpractice_exercises
972,收,shōu,受け取る,2,HSKpractice_exercises
973,收到,shōudào,受け取る,2,HSKpractice_exercises
974,收入,shōurù,収入,2,HSKpractice_exercises
975,手表,shǒubiǎo,腕時計,2,HSKpractice_exercises
976,受到,shòudào,受ける,2,HSKpractice_exercises
977,舒服,shūfú,気分がいい、快適だ,2,HSKpractice_exercises
978,熟,shú,熟している・よく知っている,2,HSKpractice_exercises
979,数,shù,数,2,HSKpractice_exercises
980,数字,shùzì,数字,2,HSKpractice_exercises
981,水平,shuǐpíng,レベル,2,HSKpractice_exercises
982,顺利,shùnlì,順調だ,2,HSKpractice_exercises
983,说明,shuōmíng,説明する,2,HSKpractice_exercises
984,司机,sījī,運転手,2,HSKpractice_exercises
985,送到,sòngdào,届ける,2,HSKpractice_exercises
986,送给,sònggěi,贈る,2,HSKpractice_exercises
987,算,suàn,計算する,2,HSKpractice_exercises
988,虽然,suīrán,〜だけれども,2,HSKpractice_exercises
989,随便,suíbiàn,気ままに,2,HSKpractice_exercises
990,随时,suíshí,いつでも,2,HSKpractice_exercises
991,所以,suǒyǐ,だから,2,HSKpractice_exercises
992,所有,suǒyǒu,すべての,2,HSKpractice_exercises
993,它,tā,それ,2,HSKpractice_exercises
994,它们,tāmen,それら（動物などを指す）,2,HSKpractice_exercises
995,太太,tàitài,奥さん、夫人,2,HSKpractice_exercises
996,太阳,tàiyáng,太陽,2,HSKpractice_exercises
997,态度,tàidù,態度,2,HSKpractice_exercises
998,讨论,tǎolùn,討論する,2,HSKpractice_exercises
999,套,tào,〜セット(量詞),2,HSKpractice_exercises
1000,特别,tèbié,特に、特別,2,HSKpractice_exercises
1001,特点,tèdiǎn,特徴,2,HSKpractice_exercises
1002,疼,téng,痛い,2,HSKpractice_exercises
1003,提,tí,提げる・提起する,2,HSKpractice_exercises
1004,提出,tíchū,提出する、提案する,2,HSKpractice_exercises
1005,提到,tídào,言及する,2,HSKpractice_exercises
1006,提高,tígāo,高める、向上させる,2,HSKpractice_exercises
1007,题,tí,問題,2,HSKpractice_exercises
1008,体育,tǐyù,体育,2,HSKpractice_exercises
1009,体育场,tǐyùchǎng,競技場,2,HSKpractice_exercises
1010,体育馆,tǐyùguǎn,体育館,2,HSKpractice_exercises
1011,天上,tiānshàng,空,2,HSKpractice_exercises
1012,条,tiáo,〜件（量詞）,2,HSKpractice_exercises
1013,条件,tiáojiàn,条件,2,HSKpractice_exercises
1014,听讲,tīngjiǎng,講義を聞く,2,HSKpractice_exercises
1015,听说,tīngshuō,〜と聞いている,2,HSKpractice_exercises
1016,停,tíng,止まる,2,HSKpractice_exercises
1017,停车,tíngchē,駐車する,2,HSKpractice_exercises
1018,停车场,tíngchēchǎng,駐車場,2,HSKpractice_exercises
1019,挺,tǐng,かなり,2,HSKpractice_exercises
1020,挺好,tǐng hǎo,かなり良い,2,HSKpractice_exercises
1021,通,tōng,通じる,2,HSKpractice_exercises
1022,通过,tōngguò,〜を通して,2,HSKpractice_exercises
1023,通知,tōngzhī,知らせる、通知する,2,HSKpractice_exercises
1024,同时,tóngshí,同時に,2,HSKpractice_exercises
1025,同事,tóngshì,同僚,2,HSKpractice_exercises
1026,同样,tóngyàng,同様に,2,HSKpractice_exercises
1027,头,tóu,頭,2,HSKpractice_exercises
1028,头发,tóufa,髪の毛,2,HSKpractice_exercises
1029,图片,túpiàn,画像,2,HSKpractice_exercises
1030,推,tuī,押す,2,HSKpractice_exercises
1031,腿,tuǐ,脚,2,HSKpractice_exercises
1032,外地,wàidì,よそ,2,HSKpractice_exercises
1033,外卖,wàimài,出前・テイクアウト,2,HSKpractice_exercises
1034,完,wán,終わる,2,HSKpractice_exercises
1035,完成,wánchéng,完成する,2,HSKpractice_exercises
1036,完全,wánquán,完全に,2,HSKpractice_exercises
1037,晚安,wǎn'ān,おやすみなさい,2,HSKpractice_exercises
1038,晚报,wǎnbào,夕刊,2,HSKpractice_exercises
1039,晚餐,wǎncān,夕食,2,HSKpractice_exercises
1040,晚会,wǎnhuì,夜会・パーティー,2,HSKpractice_exercises
1041,碗,wǎn,茶碗,2,HSKpractice_exercises
1042,万,wàn,万,2,HSKpractice_exercises
1043,网,wǎng,網・ネット,2,HSKpractice_exercises
1044,网球,wǎngqiú,テニス,2,HSKpractice_exercises
1045,网站,wǎngzhàn,ウェブサイト,2,HSKpractice_exercises
1046,往,wǎng,〜へ向かって,2,HSKpractice_exercises
1047,为,wèi,〜のために,2,HSKpractice_exercises
1048,为什么,wèishénme,なぜ,2,HSKpractice_exercises
1049,位,wèi,〜名様(量詞),2,HSKpractice_exercises
1050,味道,wèidào,味,2,HSKpractice_exercises
1051,喂,wèi,もしもし,2,HSKpractice_exercises
1052,温度,wēndù,温度,2,HSKpractice_exercises
1053,闻,wén,匂いを嗅ぐ,2,HSKpractice_exercises
1054,问路,wènlù,道を尋ねる,2,HSKpractice_exercises
1055,问题,wèntí,問題,2,HSKpractice_exercises
1056,午餐,wǔcān,昼食,2,HSKpractice_exercises
1057,午睡,wǔshuì,昼寝,2,HSKpractice_exercises
1058,西北,xīběi,北西,2,HSKpractice_exercises
1059,西餐,xīcān,洋食,2,HSKpractice_exercises
1060,西方,xīfāng,西方,2,HSKpractice_exercises
1061,西南,xīnán,南西,2,HSKpractice_exercises
1062,西医,xīyī,西洋医学,2,HSKpractice_exercises
1063,习惯,xíguàn,習慣,2,HSKpractice_exercises
1064,洗衣机,xǐyījī,洗濯機,2,HSKpractice_exercises
1065,洗澡,xǐzǎo,入浴する,2,HSKpractice_exercises
1066,下雪,xiàxuě,雪が降る,2,HSKpractice_exercises
1067,下周,xiàzhōu,来週,2,HSKpractice_exercises
1068,夏天,xiàtiān,夏,2,HSKpractice_exercises
1069,相同,xiāngtóng,同じである,2,HSKpractice_exercises
1070,相信,xiāngxìn,信じる,2,HSKpractice_exercises
1071,响,xiǎng,鳴る,2,HSKpractice_exercises
1072,想到,xiǎngdào,思いつく,2,HSKpractice_exercises
1073,想法,xiǎngfǎ,考え,2,HSKpractice_exercises
1074,想起,xiǎngqǐ,思い出す,2,HSKpractice_exercises
1075,向,xiàng,〜に向かって,2,HSKpractice_exercises
1076,相机,xiàngjī,カメラ,2,HSKpractice_exercises
1077,像,xiàng,似ている,2,HSKpractice_exercises
1078,小声,xiǎoshēng,小声,2,HSKpractice_exercises
1079,小时候,xiǎoshíhou,幼い頃,2,HSKpractice_exercises
1080,小说,xiǎoshuō,小説,2,HSKpractice_exercises
1081,小心,xiǎoxīn,気をつける,2,HSKpractice_exercises
1082,小组,xiǎozǔ,小グループ,2,HSKpractice_exercises
1083,校园,xiàoyuán,キャンパス,2,HSKpractice_exercises
1084,校长,xiàozhǎng,校長,2,HSKpractice_exercises
1085,笑话,xiàohua,笑い話,2,HSKpractice_exercises
1086,笑话儿,xiàohuar,笑い話,2,HSKpractice_exercises
1087,鞋,xié,靴,2,HSKpractice_exercises
1088,心里,xīnlǐ,心の中,2,HSKpractice_exercises
1089,心情,xīnqíng,気分,2,HSKpractice_exercises
1090,心中,xīnzhōng,心の中,2,HSKpractice_exercises
1091,新闻,xīnwén,ニュース,2,HSKpractice_exercises
1092,信,xìn,手紙,2,HSKpractice_exercises
1093,信号,xìnhào,信号,2,HSKpractice_exercises
1094,信息,xìnxī,情報,2,HSKpractice_exercises
1095,信心,xìnxīn,自信,2,HSKpractice_exercises
1096,信用卡,xìnyòngkǎ,クレジットカード,2,HSKpractice_exercises
1097,星星,xīngxing,星,2,HSKpractice_exercises
1098,行动,xíngdòng,行動,2,HSKpractice_exercises
1099,行人,xíngrén,歩行者,2,HSKpractice_exercises
1100,行为,xíngwéi,行為,2,HSKpractice_exercises
1101,姓,xìng,姓,2,HSKpractice_exercises
1102,姓名,xìngmíng,氏名,2,HSKpractice_exercises
1103,休假,xiūjià,休暇を取る,2,HSKpractice_exercises
1104,许多,xǔduō,たくさんの,2,HSKpractice_exercises
1105,选,xuǎn,選ぶ,2,HSKpractice_exercises
1106,学期,xuéqī,学期,2,HSKpractice_exercises
1107,雪,xuě,雪,2,HSKpractice_exercises
1108,颜色,yánsè,色,2,HSKpractice_exercises
1109,眼,yǎn,目,2,HSKpractice_exercises
1110,眼睛,yǎnjing,目,2,HSKpractice_exercises
1111,养,yǎng,育てる,2,HSKpractice_exercises
1112,样子,yàngzi,様子、感じ,2,HSKpractice_exercises
1113,要求,yāoqiú,要求する,2,HSKpractice_exercises
1114,药,yào,薬,2,HSKpractice_exercises
1115,药店,yàodiàn,薬局,2,HSKpractice_exercises
1116,药片,yàopiàn,錠剤,2,HSKpractice_exercises
1117,药水,yàoshuǐ,水薬,2,HSKpractice_exercises
1118,也许,yěxǔ,もしかしたら,2,HSKpractice_exercises
1119,夜,yè,夜,2,HSKpractice_exercises
1120,夜里,yèli,夜中,2,HSKpractice_exercises
1121,一部分,yībùfèn,一部分,2,HSKpractice_exercises
1122,一定,yídìng,必ず、きっと,2,HSKpractice_exercises
1123,一共,yīgòng,全部で,2,HSKpractice_exercises
1124,一路平安,yílù píng'ān,道中ご無事に,2,HSKpractice_exercises
1125,一路顺风,yílù shùnfēng,道中ご安全に,2,HSKpractice_exercises
1126,已经,yǐjīng,すでに,2,HSKpractice_exercises
1127,以后,yǐhòu,〜以後、これから,2,HSKpractice_exercises
1128,以前,yǐqián,以前,2,HSKpractice_exercises
1129,以上,yǐshàng,以上,2,HSKpractice_exercises
1130,以外,yǐwài,以外,2,HSKpractice_exercises
1131,以为,yǐwéi,〜と思う(実際は違う場合),2,HSKpractice_exercises
1132,以下,yǐxià,以下,2,HSKpractice_exercises
1133,椅子,yǐzi,椅子,2,HSKpractice_exercises
1134,一般,yìbān,普段、一般的に,2,HSKpractice_exercises
1135,一点点,yìdiǎndiǎn,少しだけ,2,HSKpractice_exercises
1136,一生,yìshēng,一生,2,HSKpractice_exercises
1137,一直,yìzhí,ずっと,2,HSKpractice_exercises
1138,亿,yì,億,2,HSKpractice_exercises
1139,意见,yìjiàn,意見,2,HSKpractice_exercises
1140,意思,yìsi,意味,2,HSKpractice_exercises
1141,因为,yīnwèi,なぜなら,2,HSKpractice_exercises
1142,阴,yīn,曇り,2,HSKpractice_exercises
1143,阴天,yīntiān,曇りの日,2,HSKpractice_exercises
1144,音节,yīnjié,音節,2,HSKpractice_exercises
1145,音乐,yīnyuè,音楽,2,HSKpractice_exercises
1146,音乐会,yīnyuèhuì,音楽会,2,HSKpractice_exercises
1147,银行,yínháng,銀行,2,HSKpractice_exercises
1148,银行卡,yínhángkǎ,銀行カード,2,HSKpractice_exercises
1149,应该,yīnggāi,〜すべきだ,2,HSKpractice_exercises
1150,英文,Yīngwén,英語,2,HSKpractice_exercises
1151,英语,yīngyǔ,英語,2,HSKpractice_exercises
1152,影片,yǐngpiàn,映画,2,HSKpractice_exercises
1153,影响,yǐngxiǎng,影響する,2,HSKpractice_exercises
1154,永远,yǒngyuǎn,永遠に,2,HSKpractice_exercises
1155,油,yóu,油,2,HSKpractice_exercises
1156,游客,yóukè,観光客,2,HSKpractice_exercises
1157,友好,yǒuhǎo,友好的,2,HSKpractice_exercises
1158,有空儿,yǒu kòngr,暇がある,2,HSKpractice_exercises
1159,有人,yǒurén,人がいる,2,HSKpractice_exercises
1160,有点儿,yǒudiǎnr,少し,2,HSKpractice_exercises
1161,有意思,yǒuyìsi,面白い,2,HSKpractice_exercises
1162,又,yòu,また,2,HSKpractice_exercises
1163,鱼,yú,魚,2,HSKpractice_exercises
1164,语言,yǔyán,言語,2,HSKpractice_exercises
1165,原来,yuánlái,もともと,2,HSKpractice_exercises
1166,原因,yuányīn,原因,2,HSKpractice_exercises
1167,院,yuàn,庭・機関,2,HSKpractice_exercises
1168,院长,yuànzhǎng,院長,2,HSKpractice_exercises
1169,院子,yuànzi,庭,2,HSKpractice_exercises
1170,愿意,yuànyì,〜したいと思う、望む,2,HSKpractice_exercises
1171,月份,yuèfèn,月,2,HSKpractice_exercises
1172,月亮,yuèliang,月,2,HSKpractice_exercises
1173,越,yuè,ますます,2,HSKpractice_exercises
1174,越来越,yuèláiyuè,ますます,2,HSKpractice_exercises
1175,云,yún,雲,2,HSKpractice_exercises
1176,运动,yùndòng,運動、スポーツ,2,HSKpractice_exercises
1177,咱,zán,私たち,2,HSKpractice_exercises
1178,咱们,zánmen,私たち,2,HSKpractice_exercises
1179,脏,zāng,汚い,2,HSKpractice_exercises
1180,早餐,zǎocān,朝食,2,HSKpractice_exercises
1181,早晨,zǎochén,朝,2,HSKpractice_exercises
1182,早就,zǎojiù,とっくに,2,HSKpractice_exercises
1183,怎么办,zěnmebàn,どうしよう,2,HSKpractice_exercises
1184,怎么样,zěnmeyàng,どうですか,2,HSKpractice_exercises
1185,怎样,zěnyàng,どのように,2,HSKpractice_exercises
1186,占,zhàn,占める、場所を取る,2,HSKpractice_exercises
1187,站住,zhànzhù,立ち止まる,2,HSKpractice_exercises
1188,长大,zhǎngdà,成長する,2,HSKpractice_exercises
1189,找出,zhǎochū,見つけ出す,2,HSKpractice_exercises
1190,照顾,zhàogù,世話をする、大事にする,2,HSKpractice_exercises
1191,照片,zhàopiān,写真,2,HSKpractice_exercises
1192,照相,zhàoxiàng,写真を撮る,2,HSKpractice_exercises
1193,这么,zhème,こんなに、このように,2,HSKpractice_exercises
1194,这时候,zhè shíhou,この時,2,HSKpractice_exercises
1195,这样,zhèyàng,このように,2,HSKpractice_exercises
1196,真正,zhēnzhèng,本当の、真の,2,HSKpractice_exercises
1197,正常,zhèngcháng,正常,2,HSKpractice_exercises
1198,正好,zhènghǎo,ちょうど良い,2,HSKpractice_exercises
1199,正确,zhèngquè,正しい,2,HSKpractice_exercises
1200,正是,zhèngshì,まさに,2,HSKpractice_exercises
1201,直接,zhíjiē,直接,2,HSKpractice_exercises
1202,只,zhǐ,ただ〜だけ,2,HSKpractice_exercises
1203,只能,zhǐnéng,〜するしかない,2,HSKpractice_exercises
1204,只要,zhǐyào,〜さえすれば,2,HSKpractice_exercises
1205,纸,zhǐ,紙,2,HSKpractice_exercises
1206,中餐,zhōngcān,中華料理,2,HSKpractice_exercises
1207,中级,zhōngjí,中級,2,HSKpractice_exercises
1208,中年,zhōngnián,中年,2,HSKpractice_exercises
1209,中小学,zhōngxiǎoxué,小中学校,2,HSKpractice_exercises
1210,中心,zhōngxīn,中心,2,HSKpractice_exercises
1211,中医,zhōngyī,中医学,2,HSKpractice_exercises
1212,重点,zhòngdiǎn,重点,2,HSKpractice_exercises
1213,重视,zhòngshì,重視する,2,HSKpractice_exercises
1214,周,zhōu,週,2,HSKpractice_exercises
1215,周末,zhōumò,週末,2,HSKpractice_exercises
1216,周年,zhōunián,周年,2,HSKpractice_exercises
1217,主人,zhǔrén,主人,2,HSKpractice_exercises
1218,主要,zhǔyào,主に,2,HSKpractice_exercises
1219,住房,zhùfáng,住宅,2,HSKpractice_exercises
1220,住院,zhùyuàn,入院する,2,HSKpractice_exercises
1221,装,zhuāng,装う・詰める,2,HSKpractice_exercises
1222,准确,zhǔnquè,正確だ,2,HSKpractice_exercises
1223,自己,zìjǐ,自分自身,2,HSKpractice_exercises
1224,自行车,zìxíngchē,自転車,2,HSKpractice_exercises
1225,自由,zìyóu,自由,2,HSKpractice_exercises
1226,字典,zìdiǎn,辞典,2,HSKpractice_exercises
1227,走过,zǒuguò,通り過ぎる,2,HSKpractice_exercises
1228,走进,zǒujìn,歩いて入る,2,HSKpractice_exercises
1229,走开,zǒukāi,立ち去る,2,HSKpractice_exercises
1230,租,zū,賃借する,2,HSKpractice_exercises
1231,组,zǔ,グループ,2,HSKpractice_exercises
1232,组成,zǔchéng,構成する,2,HSKpractice_exercises
1233,组长,zǔzhǎng,班長,2,HSKpractice_exercises
1234,嘴,zuǐ,口,2,HSKpractice_exercises
1235,最近,zuìjìn,最近,2,HSKpractice_exercises
1236,作家,zuòjiā,作家,2,HSKpractice_exercises
1237,作文,zuòwén,作文,2,HSKpractice_exercises
1238,作业,zuòyè,宿題、課題,2,HSKpractice_exercises
1239,作用,zuòyòng,作用,2,HSKpractice_exercises
1240,座,zuò,席,2,HSKpractice_exercises
1241,做到,zuòdào,やり遂げる,2,HSKpractice_exercises
1242,做法,zuòfǎ,やり方,2,HSKpractice_exercises
1243,做饭,zuòfàn,料理を作る,2,HSKpractice_exercises
1244,爱心,àixīn,思いやりの心,3,HSKpractice_exercises
1245,安排,ānpái,手配、スケジュール,3,HSKpractice_exercises
1246,安装,ānzhuāng,取り付ける,3,HSKpractice_exercises
1247,按,àn,押す・〜に基づいて,3,HSKpractice_exercises
1248,按照,ànzhào,〜に従って,3,HSKpractice_exercises
1249,把,bǎ,〜を(把構文)・取っ手,3,HSKpractice_exercises
1250,把握,bǎwò,把握する,3,HSKpractice_exercises
1251,白菜,báicài,白菜,3,HSKpractice_exercises
1252,班级,bānjí,クラス,3,HSKpractice_exercises
1253,搬,bān,運ぶ,3,HSKpractice_exercises
1254,搬家,bānjiā,引っ越す,3,HSKpractice_exercises
1255,板,bǎn,板,3,HSKpractice_exercises
1256,办理,bànlǐ,手続きする,3,HSKpractice_exercises
1257,保,bǎo,保つ,3,HSKpractice_exercises
1258,保安,bǎo'ān,警備員,3,HSKpractice_exercises
1259,保持,bǎochí,保つ,3,HSKpractice_exercises
1260,保存,bǎocún,保存する,3,HSKpractice_exercises
1261,保护,bǎohù,保護する,3,HSKpractice_exercises
1262,保留,bǎoliú,保留する,3,HSKpractice_exercises
1263,保险,bǎoxiǎn,保険,3,HSKpractice_exercises
1264,保证,bǎozhèng,保証する,3,HSKpractice_exercises
1265,报,bào,新聞・知らせる,3,HSKpractice_exercises
1266,报到,bàodào,到着を報告する,3,HSKpractice_exercises
1267,报道,bàodào,報道,3,HSKpractice_exercises
1268,报告,bàogào,レポート,3,HSKpractice_exercises
1269,北部,běibù,北部,3,HSKpractice_exercises
1270,背后,bèihòu,背後,3,HSKpractice_exercises
1271,被,bèi,〜される,3,HSKpractice_exercises
1272,被子,bèizi,掛け布団,3,HSKpractice_exercises
1273,本来,běnlái,もともと,3,HSKpractice_exercises
1274,本领,běnlǐng,腕前,3,HSKpractice_exercises
1275,本事,běnshi,能力,3,HSKpractice_exercises
1276,比较,bǐjiào,比較的,3,HSKpractice_exercises
1277,比例,bǐlì,割合,3,HSKpractice_exercises
1278,比赛,bǐsài,試合,3,HSKpractice_exercises
1279,必然,bìrán,必然,3,HSKpractice_exercises
1280,必要,bìyào,必要,3,HSKpractice_exercises
1281,变化,biànhuà,変化,3,HSKpractice_exercises
1282,变为,biànwéi,〜に変わる,3,HSKpractice_exercises
1283,标题,biāotí,見出し、タイトル,3,HSKpractice_exercises
1284,标准,biāozhǔn,基準,3,HSKpractice_exercises
1285,表达,biǎodá,表現する,3,HSKpractice_exercises
1286,表格,biǎogé,用紙、フォーム,3,HSKpractice_exercises
1287,表面,biǎomiàn,表面,3,HSKpractice_exercises
1288,表明,biǎomíng,表明する,3,HSKpractice_exercises
1289,表现,biǎoxiàn,表現・振る舞い,3,HSKpractice_exercises
1290,表演,biǎoyǎn,演技する,3,HSKpractice_exercises
1291,并,bìng,さらに,3,HSKpractice_exercises
1292,并且,bìngqiě,かつ,3,HSKpractice_exercises
1293,播出,bōchū,放送する,3,HSKpractice_exercises
1294,播放,bōfàng,放送する,3,HSKpractice_exercises
1295,不必,búbì,〜する必要はない,3,HSKpractice_exercises
1296,不断,bùduàn,絶えず,3,HSKpractice_exercises
1297,不论,búlùn,〜にかかわらず,3,HSKpractice_exercises
1298,补,bǔ,補う,3,HSKpractice_exercises
1299,补充,bǔchōng,補足する,3,HSKpractice_exercises
1300,不安,bù'ān,不安,3,HSKpractice_exercises
1301,不得不,bùdébù,〜せざるを得ない,3,HSKpractice_exercises
1302,不光,bùguāng,〜だけでなく,3,HSKpractice_exercises
1303,不仅,bùjǐn,〜だけでなく,3,HSKpractice_exercises
1304,布,bù,布,3,HSKpractice_exercises
1305,步,bù,歩み,3,HSKpractice_exercises
1306,部,bù,部・部門,3,HSKpractice_exercises
1307,部门,bùmén,部署,3,HSKpractice_exercises
1308,部长,bùzhǎng,部長,3,HSKpractice_exercises
1309,才能,cáinéng,〜してこそ〜できる（才+能の組み合わせ、名詞の「才能」とは別）,3,HSKpractice_exercises
1310,采取,cǎiqǔ,採る、講じる,3,HSKpractice_exercises
1311,采用,cǎiyòng,採用する,3,HSKpractice_exercises
1312,彩色,cǎisè,カラー,3,HSKpractice_exercises
1313,曾经,céngjīng,かつて,3,HSKpractice_exercises
1314,产生,chǎnshēng,生じる,3,HSKpractice_exercises
1315,长城,Chángchéng,万里の長城,3,HSKpractice_exercises
1316,长处,chángchu,長所,3,HSKpractice_exercises
1317,长期,chángqī,長期,3,HSKpractice_exercises
1318,厂,chǎng,工場,3,HSKpractice_exercises
1319,场合,chǎnghé,場合,3,HSKpractice_exercises
1320,场所,chǎngsuǒ,場所,3,HSKpractice_exercises
1321,超级,chāojí,超・スーパー,3,HSKpractice_exercises
1322,朝,cháo,〜に向かって,3,HSKpractice_exercises
1323,吵,chǎo,うるさい,3,HSKpractice_exercises
1324,吵架,chǎojià,喧嘩する,3,HSKpractice_exercises
1325,衬衫,chènshān,シャツ,3,HSKpractice_exercises
1326,衬衣,chènyī,シャツ,3,HSKpractice_exercises
1327,称为,chēngwéi,〜と呼ばれる,3,HSKpractice_exercises
1328,成功,chénggōng,成功する,3,HSKpractice_exercises
1329,成果,chéngguǒ,成果,3,HSKpractice_exercises
1330,成就,chéngjiù,成し遂げる・業績,3,HSKpractice_exercises
1331,成立,chénglì,成立する,3,HSKpractice_exercises
1332,成熟,chéngshú,成熟する,3,HSKpractice_exercises
1333,成员,chéngyuán,メンバー,3,HSKpractice_exercises
1334,成长,chéngzhǎng,成長する,3,HSKpractice_exercises
1335,城,chéng,町・城,3,HSKpractice_exercises
1336,城市,chéngshì,都市,3,HSKpractice_exercises
1337,程度,chéngdù,程度,3,HSKpractice_exercises
1338,持续,chíxù,持続する,3,HSKpractice_exercises
1339,充满,chōngmǎn,満ちる,3,HSKpractice_exercises
1340,初,chū,初め,3,HSKpractice_exercises
1341,初步,chūbù,初歩の,3,HSKpractice_exercises
1342,初级,chūjí,初級,3,HSKpractice_exercises
1343,初中,chūzhōng,中学校,3,HSKpractice_exercises
1344,除了,chúle,〜を除いて,3,HSKpractice_exercises
1345,处理,chǔlǐ,処理する,3,HSKpractice_exercises
1346,传,chuán,伝える,3,HSKpractice_exercises
1347,传播,chuánbō,伝播する,3,HSKpractice_exercises
1348,传来,chuánlái,伝わってくる,3,HSKpractice_exercises
1349,传说,chuánshuō,伝説,3,HSKpractice_exercises
1350,创新,chuàngxīn,革新する,3,HSKpractice_exercises
1351,创业,chuàngyè,起業する,3,HSKpractice_exercises
1352,创造,chuàngzào,創造する,3,HSKpractice_exercises
1353,创作,chuàngzuò,創作する,3,HSKpractice_exercises
1354,从来,cónglái,これまで,3,HSKpractice_exercises
1355,从前,cóngqián,以前,3,HSKpractice_exercises
1356,从事,cóngshì,従事する,3,HSKpractice_exercises
1357,村,cūn,村,3,HSKpractice_exercises
1358,存,cún,保存する・蓄える,3,HSKpractice_exercises
1359,存在,cúnzài,存在する,3,HSKpractice_exercises
1360,错误,cuòwù,間違い,3,HSKpractice_exercises
1361,达到,dádào,達成する,3,HSKpractice_exercises
1362,打破,dǎpò,打ち破る,3,HSKpractice_exercises
1363,打听,dǎting,尋ねる,3,HSKpractice_exercises
1364,大概,dàgài,だいたい、おそらく,3,HSKpractice_exercises
1365,大使馆,dàshǐguǎn,大使館,3,HSKpractice_exercises
1366,大约,dàyuē,おおよそ,3,HSKpractice_exercises
1367,大夫,dàifu,医者,3,HSKpractice_exercises
1368,代,dài,代わる・時代,3,HSKpractice_exercises
1369,代表,dàibiǎo,代表する,3,HSKpractice_exercises
1370,代表团,dàibiǎotuán,代表団,3,HSKpractice_exercises
1371,带动,dàidòng,引っ張る・促進する,3,HSKpractice_exercises
1372,带领,dàilǐng,率いる,3,HSKpractice_exercises
1373,单元,dānyuán,ユニット,3,HSKpractice_exercises
1374,当初,dāngchū,当初,3,HSKpractice_exercises
1375,当地,dāngdì,現地,3,HSKpractice_exercises
1376,当然,dāngrán,もちろん,3,HSKpractice_exercises
1377,当中,dāngzhōng,その中,3,HSKpractice_exercises
1378,刀,dāo,ナイフ,3,HSKpractice_exercises
1379,导演,dǎoyǎn,監督,3,HSKpractice_exercises
1380,到达,dàodá,到達する,3,HSKpractice_exercises
1381,到底,dàodǐ,一体・結局,3,HSKpractice_exercises
1382,得分,défēn,得点する,3,HSKpractice_exercises
1383,等待,děngdài,待つ,3,HSKpractice_exercises
1384,底下,dǐxia,下,3,HSKpractice_exercises
1385,地区,dìqū,地域,3,HSKpractice_exercises
1386,电视剧,diànshìjù,テレビドラマ,3,HSKpractice_exercises
1387,电视台,diànshìtái,テレビ局,3,HSKpractice_exercises
1388,电台,diàntái,ラジオ局,3,HSKpractice_exercises
1389,电子邮件,diànzǐ yóujiàn,電子メール,3,HSKpractice_exercises
1390,调,tiáo,調整する,3,HSKpractice_exercises
1391,调查,diàochá,調査する,3,HSKpractice_exercises
1392,订,dìng,予約する,3,HSKpractice_exercises
1393,定期,dìngqī,定期的な,3,HSKpractice_exercises
1394,东部,dōngbù,東部,3,HSKpractice_exercises
1395,动力,dònglì,動力,3,HSKpractice_exercises
1396,动人,dòngrén,感動的だ,3,HSKpractice_exercises
1397,读者,dúzhě,読者,3,HSKpractice_exercises
1398,短处,duǎnchu,短所,3,HSKpractice_exercises
1399,短裤,duǎnkù,短パン,3,HSKpractice_exercises
1400,短期,duǎnqī,短期,3,HSKpractice_exercises
1401,断,duàn,断つ,3,HSKpractice_exercises
1402,队员,duìyuán,メンバー,3,HSKpractice_exercises
1403,对待,duìdài,対応する,3,HSKpractice_exercises
1404,对方,duìfāng,相手,3,HSKpractice_exercises
1405,对手,duìshǒu,相手・ライバル,3,HSKpractice_exercises
1406,对象,duìxiàng,対象,3,HSKpractice_exercises
1407,顿,dùn,〜回(食事の量詞),3,HSKpractice_exercises
1408,发表,fābiǎo,発表する,3,HSKpractice_exercises
1409,发出,fāchū,発する,3,HSKpractice_exercises
1410,发达,fādá,発達する,3,HSKpractice_exercises
1411,发动,fādòng,発動する,3,HSKpractice_exercises
1412,发明,fāmíng,発明する,3,HSKpractice_exercises
1413,发生,fāshēng,発生する,3,HSKpractice_exercises
1414,发送,fāsòng,送信する,3,HSKpractice_exercises
1415,发言,fāyán,発言する,3,HSKpractice_exercises
1416,发展,fāzhǎn,発展する,3,HSKpractice_exercises
1417,反对,fǎnduì,反対する,3,HSKpractice_exercises
1418,反复,fǎnfù,繰り返す,3,HSKpractice_exercises
1419,反应,fǎnyìng,反応する,3,HSKpractice_exercises
1420,反正,fǎnzhèng,とにかく,3,HSKpractice_exercises
1421,范围,fànwéi,範囲,3,HSKpractice_exercises
1422,方式,fāngshì,方式、やり方,3,HSKpractice_exercises
1423,防,fáng,防ぐ,3,HSKpractice_exercises
1424,防止,fángzhǐ,防止する,3,HSKpractice_exercises
1425,房东,fángdōng,大家,3,HSKpractice_exercises
1426,房屋,fángwū,家屋,3,HSKpractice_exercises
1427,房租,fángzū,家賃,3,HSKpractice_exercises
1428,访问,fǎngwèn,訪問する,3,HSKpractice_exercises
1429,放到,fàngdào,置く,3,HSKpractice_exercises
1430,飞行,fēixíng,飛行する,3,HSKpractice_exercises
1431,费,fèi,費用,3,HSKpractice_exercises
1432,费用,fèiyòng,費用,3,HSKpractice_exercises
1433,分别,fēnbié,それぞれ・別れる,3,HSKpractice_exercises
1434,分配,fēnpèi,分配する,3,HSKpractice_exercises
1435,分组,fēnzǔ,グループ分けする,3,HSKpractice_exercises
1436,丰富,fēngfù,豊富だ,3,HSKpractice_exercises
1437,风险,fēngxiǎn,リスク,3,HSKpractice_exercises
1438,否定,fǒudìng,否定する,3,HSKpractice_exercises
1439,否认,fǒurèn,否認する,3,HSKpractice_exercises
1440,服装,fúzhuāng,服装,3,HSKpractice_exercises
1441,福,fú,幸福,3,HSKpractice_exercises
1442,父母,fùmǔ,両親,3,HSKpractice_exercises
1443,父亲,fùqīn,父親,3,HSKpractice_exercises
1444,付,fù,支払う,3,HSKpractice_exercises
1445,负责,fùzé,担当する、責任を持つ,3,HSKpractice_exercises
1446,复印,fùyìn,コピーする,3,HSKpractice_exercises
1447,复杂,fùzá,複雑,3,HSKpractice_exercises
1448,富,fù,豊かだ,3,HSKpractice_exercises
1449,改进,gǎijìn,改善する,3,HSKpractice_exercises
1450,改造,gǎizào,改造する,3,HSKpractice_exercises
1451,概念,gàiniàn,概念,3,HSKpractice_exercises
1452,赶,gǎn,急ぐ,3,HSKpractice_exercises
1453,赶到,gǎndào,駆けつける,3,HSKpractice_exercises
1454,赶紧,gǎnjǐn,急いで,3,HSKpractice_exercises
1455,赶快,gǎnkuài,急いで,3,HSKpractice_exercises
1456,敢,gǎn,敢えて〜する,3,HSKpractice_exercises
1457,感冒,gǎnmào,風邪をひく,3,HSKpractice_exercises
1458,感情,gǎnqíng,感情,3,HSKpractice_exercises
1459,感受,gǎnshòu,感じる,3,HSKpractice_exercises
1460,干吗,gànmá,何のために,3,HSKpractice_exercises
1461,高速,gāosù,高速,3,HSKpractice_exercises
1462,高速公路,gāosù gōnglù,高速道路,3,HSKpractice_exercises
1463,告别,gàobié,別れを告げる,3,HSKpractice_exercises
1464,歌迷,gēmí,歌のファン,3,HSKpractice_exercises
1465,歌声,gēshēng,歌声,3,HSKpractice_exercises
1466,歌手,gēshǒu,歌手,3,HSKpractice_exercises
1467,个人,gèrén,個人,3,HSKpractice_exercises
1468,个性,gèxìng,個性,3,HSKpractice_exercises
1469,各,gè,それぞれの,3,HSKpractice_exercises
1470,各地,gèdì,各地,3,HSKpractice_exercises
1471,各位,gèwèi,皆様,3,HSKpractice_exercises
1472,各种,gèzhǒng,各種,3,HSKpractice_exercises
1473,各自,gèzì,それぞれ,3,HSKpractice_exercises
1474,根本,gēnběn,そもそも、根本的に,3,HSKpractice_exercises
1475,更加,gèngjiā,一層,3,HSKpractice_exercises
1476,工厂,gōngchǎng,工場,3,HSKpractice_exercises
1477,工程师,gōngchéngshī,エンジニア,3,HSKpractice_exercises
1478,工夫,gōngfu,時間・手間,3,HSKpractice_exercises
1479,工具,gōngjù,道具,3,HSKpractice_exercises
1480,工业,gōngyè,工業,3,HSKpractice_exercises
1481,工资,gōngzī,給料,3,HSKpractice_exercises
1482,公布,gōngbù,公布する,3,HSKpractice_exercises
1483,公共,gōnggòng,公共の,3,HSKpractice_exercises
1484,公开,gōngkāi,公開する,3,HSKpractice_exercises
1485,公民,gōngmín,公民,3,HSKpractice_exercises
1486,公务员,gōngwùyuán,公務員,3,HSKpractice_exercises
1487,功夫,gōngfu,武術・時間,3,HSKpractice_exercises
1488,功课,gōngkè,学業・宿題,3,HSKpractice_exercises
1489,功能,gōngnéng,機能,3,HSKpractice_exercises
1490,共同,gòngtóng,共同,3,HSKpractice_exercises
1491,共有,gòngyǒu,共有する,3,HSKpractice_exercises
1492,姑娘,gūniang,娘・若い女性,3,HSKpractice_exercises
1493,古,gǔ,古い,3,HSKpractice_exercises
1494,古代,gǔdài,古代,3,HSKpractice_exercises
1495,故乡,gùxiāng,故郷,3,HSKpractice_exercises
1496,挂,guà,掛ける,3,HSKpractice_exercises
1497,关系,guānxi,関係,3,HSKpractice_exercises
1498,关注,guānzhù,関心を持つ、注目する,3,HSKpractice_exercises
1499,观察,guānchá,観察する,3,HSKpractice_exercises
1500,观看,guānkàn,観覧する,3,HSKpractice_exercises
1501,观念,guānniàn,考え方、観念,3,HSKpractice_exercises
1502,观众,guānzhòng,観客,3,HSKpractice_exercises
1503,管,guǎn,管理する,3,HSKpractice_exercises
1504,管理,guǎnlǐ,管理する,3,HSKpractice_exercises
1505,光,guāng,光,3,HSKpractice_exercises
1506,光明,guāngmíng,光明,3,HSKpractice_exercises
1507,广播,guǎngbō,放送,3,HSKpractice_exercises
1508,广大,guǎngdà,広大な,3,HSKpractice_exercises
1509,规定,guīdìng,規定,3,HSKpractice_exercises
1510,规范,guīfàn,規範,3,HSKpractice_exercises
1511,国内,guónèi,国内,3,HSKpractice_exercises
1512,国庆,Guóqìng,国慶節,3,HSKpractice_exercises
1513,果然,guǒrán,やはり,3,HSKpractice_exercises
1514,果汁,guǒzhī,ジュース,3,HSKpractice_exercises
1515,过程,guòchéng,プロセス、過程,3,HSKpractice_exercises
1516,哈哈,hāhā,ハハ(笑い声),3,HSKpractice_exercises
1517,海关,hǎiguān,税関,3,HSKpractice_exercises
1518,害怕,hàipà,怖がる,3,HSKpractice_exercises
1519,好好,hǎohǎo,ちゃんと,3,HSKpractice_exercises
1520,好奇,hàoqí,好奇心が強い,3,HSKpractice_exercises
1521,合,hé,合わせる,3,HSKpractice_exercises
1522,合法,héfǎ,合法,3,HSKpractice_exercises
1523,合格,hégé,合格する,3,HSKpractice_exercises
1524,合理,hélǐ,合理的,3,HSKpractice_exercises
1525,合作,hézuò,協力する,3,HSKpractice_exercises
1526,和平,hépíng,平和,3,HSKpractice_exercises
1527,红茶,hóngchá,紅茶,3,HSKpractice_exercises
1528,红酒,hóngjiǔ,赤ワイン,3,HSKpractice_exercises
1529,后果,hòuguǒ,結果(悪い),3,HSKpractice_exercises
1530,后面,hòumiàn,後ろ,3,HSKpractice_exercises
1531,后年,hòunián,再来年,3,HSKpractice_exercises
1532,互联网,hùliánwǎng,インターネット,3,HSKpractice_exercises
1533,互相,hùxiāng,互いに,3,HSKpractice_exercises
1534,划船,huáchuán,ボートを漕ぐ,3,HSKpractice_exercises
1535,华人,huárén,中国系の人,3,HSKpractice_exercises
1536,化,huà,〜化,3,HSKpractice_exercises
1537,话剧,huàjù,演劇,3,HSKpractice_exercises
1538,话题,huàtí,話題,3,HSKpractice_exercises
1539,欢乐,huānlè,楽しい,3,HSKpractice_exercises
1540,环,huán,輪,3,HSKpractice_exercises
1541,环保,huánbǎo,環境保護（の）,3,HSKpractice_exercises
1542,环境,huánjìng,環境,3,HSKpractice_exercises
1543,会议,huìyì,会議,3,HSKpractice_exercises
1544,会员,huìyuán,会員,3,HSKpractice_exercises
1545,活,huó,生きる,3,HSKpractice_exercises
1546,火,huǒ,火,3,HSKpractice_exercises
1547,机器,jīqì,機械,3,HSKpractice_exercises
1548,积极,jījí,積極的,3,HSKpractice_exercises
1549,基本,jīběn,基本的な,3,HSKpractice_exercises
1550,基本上,jīběnshang,基本的に,3,HSKpractice_exercises
1551,基础,jīchǔ,基礎,3,HSKpractice_exercises
1552,及时,jíshí,タイムリーに,3,HSKpractice_exercises
1553,极了,jíle,非常に〜だ,3,HSKpractice_exercises
1554,集体,jítǐ,集団,3,HSKpractice_exercises
1555,集中,jízhōng,集中する,3,HSKpractice_exercises
1556,计算,jìsuàn,計算する,3,HSKpractice_exercises
1557,记录,jìlù,記録する,3,HSKpractice_exercises
1558,记者,jìzhě,記者,3,HSKpractice_exercises
1559,纪录,jìlù,記録(スポーツ等),3,HSKpractice_exercises
1560,纪念,jìniàn,記念する,3,HSKpractice_exercises
1561,技术,jìshù,技術,3,HSKpractice_exercises
1562,继续,jìxù,続ける,3,HSKpractice_exercises
1563,加工,jiāgōng,加工する,3,HSKpractice_exercises
1564,加快,jiākuài,速める,3,HSKpractice_exercises
1565,加强,jiāqiáng,強化する,3,HSKpractice_exercises
1566,家具,jiājù,家具,3,HSKpractice_exercises
1567,家属,jiāshǔ,家族,3,HSKpractice_exercises
1568,家乡,jiāxiāng,故郷,3,HSKpractice_exercises
1569,价格,jiàgé,価格,3,HSKpractice_exercises
1570,价钱,jiàqian,値段,3,HSKpractice_exercises
1571,价值,jiàzhí,価値,3,HSKpractice_exercises
1572,架,jià,〜台(量詞),3,HSKpractice_exercises
1573,坚持,jiānchí,頑張り続ける、堅持する,3,HSKpractice_exercises
1574,坚决,jiānjué,断固として,3,HSKpractice_exercises
1575,坚强,jiānqiáng,強い,3,HSKpractice_exercises
1576,简单,jiǎndān,簡単,3,HSKpractice_exercises
1577,简直,jiǎnzhí,まったく,3,HSKpractice_exercises
1578,建,jiàn,建てる,3,HSKpractice_exercises
1579,建成,jiànchéng,完成させる,3,HSKpractice_exercises
1580,建立,jiànlì,構築する、設立する,3,HSKpractice_exercises
1581,建设,jiànshè,建設する,3,HSKpractice_exercises
1582,建议,jiànyì,提案する、提案,3,HSKpractice_exercises
1583,将近,jiāngjìn,ほぼ〜に近い,3,HSKpractice_exercises
1584,将来,jiānglái,将来,3,HSKpractice_exercises
1585,交费,jiāofèi,料金を払う,3,HSKpractice_exercises
1586,交警,jiāojǐng,交通警察,3,HSKpractice_exercises
1587,交流,jiāoliú,交流する,3,HSKpractice_exercises
1588,交往,jiāowǎng,付き合う,3,HSKpractice_exercises
1589,交易,jiāoyì,取引,3,HSKpractice_exercises
1590,较,jiào,比較的,3,HSKpractice_exercises
1591,教材,jiàocái,教材,3,HSKpractice_exercises
1592,教练,jiàoliàn,コーチ、トレーナー,3,HSKpractice_exercises
1593,结实,jiēshi,丈夫だ,3,HSKpractice_exercises
1594,接待,jiēdài,接待する,3,HSKpractice_exercises
1595,接近,jiējìn,近づく,3,HSKpractice_exercises
1596,节约,jiéyuē,節約する,3,HSKpractice_exercises
1597,结合,jiéhé,結合する,3,HSKpractice_exercises
1598,结婚,jiéhūn,結婚する,3,HSKpractice_exercises
1599,结束,jiéshù,終わる,3,HSKpractice_exercises
1600,解决,jiějué,解決する,3,HSKpractice_exercises
1601,解开,jiěkāi,解く,3,HSKpractice_exercises
1602,金,jīn,金,3,HSKpractice_exercises
1603,金牌,jīnpái,金メダル,3,HSKpractice_exercises
1604,仅,jǐn,〜のみ,3,HSKpractice_exercises
1605,仅仅,jǐnjǐn,わずかに,3,HSKpractice_exercises
1606,尽量,jǐnliàng,できるだけ,3,HSKpractice_exercises
1607,紧,jǐn,きつい,3,HSKpractice_exercises
1608,紧急,jǐnjí,緊急,3,HSKpractice_exercises
1609,紧张,jǐnzhāng,緊張する,3,HSKpractice_exercises
1610,进步,jìnbù,進歩する,3,HSKpractice_exercises
1611,进一步,jìnyíbù,さらに一歩,3,HSKpractice_exercises
1612,进展,jìnzhǎn,進展,3,HSKpractice_exercises
1613,近期,jìnqī,近々,3,HSKpractice_exercises
1614,京剧,Jīngjù,京劇,3,HSKpractice_exercises
1615,经济,jīngjì,経済,3,HSKpractice_exercises
1616,经历,jīnglì,経歴、経験,3,HSKpractice_exercises
1617,经验,jīngyàn,経験,3,HSKpractice_exercises
1618,经营,jīngyíng,経営する,3,HSKpractice_exercises
1619,精彩,jīngcǎi,素晴らしい,3,HSKpractice_exercises
1620,精神,jīngshén,精神,3,HSKpractice_exercises
1621,景色,jǐngsè,景色,3,HSKpractice_exercises
1622,警察,jǐngchá,警察,3,HSKpractice_exercises
1623,静,jìng,静か,3,HSKpractice_exercises
1624,久,jiǔ,久しい・長い,3,HSKpractice_exercises
1625,旧,jiù,古い,3,HSKpractice_exercises
1626,救,jiù,救う,3,HSKpractice_exercises
1627,就是,jiùshì,まさに・そのとおり,3,HSKpractice_exercises
1628,就业,jiùyè,就職する,3,HSKpractice_exercises
1629,举办,jǔbàn,開催する,3,HSKpractice_exercises
1630,具体,jùtǐ,具体的,3,HSKpractice_exercises
1631,具有,jùyǒu,備えている,3,HSKpractice_exercises
1632,剧场,jùchǎng,劇場,3,HSKpractice_exercises
1633,据说,jùshuō,〜だそうだ,3,HSKpractice_exercises
1634,决定,juédìng,決める、決定,3,HSKpractice_exercises
1635,决赛,juésài,決勝,3,HSKpractice_exercises
1636,决心,juéxīn,決心,3,HSKpractice_exercises
1637,绝对,juéduì,絶対に,3,HSKpractice_exercises
1638,咖啡,kāfēi,コーヒー,3,HSKpractice_exercises
1639,开发,kāifā,開発する,3,HSKpractice_exercises
1640,开放,kāifàng,オープンな,3,HSKpractice_exercises
1641,开始,kāishǐ,始まる、始める,3,HSKpractice_exercises
1642,开业,kāiyè,開業する,3,HSKpractice_exercises
1643,开展,kāizhǎn,展開する,3,HSKpractice_exercises
1644,看起来,kànqǐlái,見たところ〜だ,3,HSKpractice_exercises
1645,看上去,kànshàngqù,見たところ,3,HSKpractice_exercises
1646,考验,kǎoyàn,試練,3,HSKpractice_exercises
1647,科技,kējì,科学技術,3,HSKpractice_exercises
1648,可靠,kěkào,信頼できる,3,HSKpractice_exercises
1649,可乐,kělè,コーラ,3,HSKpractice_exercises
1650,克服,kèfú,克服する,3,HSKpractice_exercises
1651,客观,kèguān,客観的,3,HSKpractice_exercises
1652,课程,kèchéng,カリキュラム,3,HSKpractice_exercises
1653,空,kōng,空っぽ,3,HSKpractice_exercises
1654,空调,kōngtiáo,エアコン,3,HSKpractice_exercises
1655,恐怕,kǒngpà,おそらく,3,HSKpractice_exercises
1656,空儿,kòngr,暇,3,HSKpractice_exercises
1657,裤子,kùzi,ズボン,3,HSKpractice_exercises
1658,快速,kuàisù,速い,3,HSKpractice_exercises
1659,困,kùn,眠い,3,HSKpractice_exercises
1660,困难,kùnnán,困難,3,HSKpractice_exercises
1661,浪费,làngfèi,浪費する,3,HSKpractice_exercises
1662,老百姓,lǎobǎixìng,一般庶民,3,HSKpractice_exercises
1663,老板,lǎobǎn,社長・店主,3,HSKpractice_exercises
1664,老太太,lǎotàitai,おばあさん,3,HSKpractice_exercises
1665,老头儿,lǎotóur,おじいさん,3,HSKpractice_exercises
1666,乐,lè,楽しい,3,HSKpractice_exercises
1667,乐观,lèguān,楽観的,3,HSKpractice_exercises
1668,类,lèi,種類,3,HSKpractice_exercises
1669,类似,lèisì,類似する,3,HSKpractice_exercises
1670,离婚,líhūn,離婚する,3,HSKpractice_exercises
1671,里面,lǐmiàn,中に,3,HSKpractice_exercises
1672,理发,lǐfà,理髪する,3,HSKpractice_exercises
1673,理解,lǐjiě,理解する,3,HSKpractice_exercises
1674,理论,lǐlùn,理論,3,HSKpractice_exercises
1675,理由,lǐyóu,理由,3,HSKpractice_exercises
1676,力,lì,力、パワー；〜力（能力・勢力を表す接尾辞、例：影响力＝影響力）,3,HSKpractice_exercises
1677,力量,lìliàng,力,3,HSKpractice_exercises
1678,立刻,lìkè,すぐに,3,HSKpractice_exercises
1679,利用,lìyòng,利用する,3,HSKpractice_exercises
1680,连,lián,〜さえ,3,HSKpractice_exercises
1681,连忙,liánmáng,急いで,3,HSKpractice_exercises
1682,连续,liánxù,連続する,3,HSKpractice_exercises
1683,连续剧,liánxùjù,連続ドラマ,3,HSKpractice_exercises
1684,联合,liánhé,連合する,3,HSKpractice_exercises
1685,联合国,Liánhéguó,国連,3,HSKpractice_exercises
1686,联系,liánxì,連絡する,3,HSKpractice_exercises
1687,凉水,liángshuǐ,冷たい水,3,HSKpractice_exercises
1688,领,lǐng,受け取る・率いる,3,HSKpractice_exercises
1689,领导,lǐngdǎo,上司、リーダー,3,HSKpractice_exercises
1690,领先,lǐngxiān,リードする,3,HSKpractice_exercises
1691,另外,lìngwài,そのほか、別に,3,HSKpractice_exercises
1692,另一方面,lìngyìfāngmiàn,他方では（「一方面…另一方面…」の形で対比を表す）,3,HSKpractice_exercises
1693,留学,liúxué,留学する,3,HSKpractice_exercises
1694,龙,lóng,竜,3,HSKpractice_exercises
1695,录,lù,録音・録画する,3,HSKpractice_exercises
1696,录音,lùyīn,録音する,3,HSKpractice_exercises
1697,路线,lùxiàn,路線,3,HSKpractice_exercises
1698,旅馆,lǚguǎn,旅館・ホテル,3,HSKpractice_exercises
1699,旅行社,lǚxíngshè,旅行会社,3,HSKpractice_exercises
1700,绿茶,lǜchá,緑茶,3,HSKpractice_exercises
1701,乱,luàn,乱れている,3,HSKpractice_exercises
1702,落后,luòhòu,遅れている,3,HSKpractice_exercises
1703,麻烦,máfán,面倒をかける、お手数をかける,3,HSKpractice_exercises
1704,马,mǎ,馬,3,HSKpractice_exercises
1705,满足,mǎnzú,満足する,3,HSKpractice_exercises
1706,慢慢,mànmàn,ゆっくりと,3,HSKpractice_exercises
1707,毛病,máobìng,故障・欠点,3,HSKpractice_exercises
1708,没用,méiyòng,役に立たない,3,HSKpractice_exercises
1709,媒体,méitǐ,メディア,3,HSKpractice_exercises
1710,每,měi,毎〜,3,HSKpractice_exercises
1711,美,měi,美しい,3,HSKpractice_exercises
1712,美好,měihǎo,美しい・素晴らしい,3,HSKpractice_exercises
1713,美丽,měilì,美しい,3,HSKpractice_exercises
1714,美食,měishí,美食,3,HSKpractice_exercises
1715,美术,měishù,美術,3,HSKpractice_exercises
1716,美元,měiyuán,米ドル,3,HSKpractice_exercises
1717,迷,mí,夢中になる・ファン,3,HSKpractice_exercises
1718,面对,miànduì,向き合う,3,HSKpractice_exercises
1719,面积,miànjī,面積,3,HSKpractice_exercises
1720,民间,mínjiān,民間,3,HSKpractice_exercises
1721,民族,mínzú,民族,3,HSKpractice_exercises
1722,明确,míngquè,明確にする,3,HSKpractice_exercises
1723,明显,míngxiǎn,明らかだ,3,HSKpractice_exercises
1724,命运,mìngyùn,運命,3,HSKpractice_exercises
1725,某,mǒu,ある(不特定),3,HSKpractice_exercises
1726,母亲,mǔqīn,母親,3,HSKpractice_exercises
1727,木头,mùtou,木材,3,HSKpractice_exercises
1728,目标,mùbiāo,目標,3,HSKpractice_exercises
1729,目前,mùqián,現在、目下,3,HSKpractice_exercises
1730,奶茶,nǎichá,ミルクティー,3,HSKpractice_exercises
1731,男子,nánzǐ,男子,3,HSKpractice_exercises
1732,南部,nánbù,南部,3,HSKpractice_exercises
1733,难道,nándào,まさか〜ではないだろう,3,HSKpractice_exercises
1734,难度,nándù,難易度,3,HSKpractice_exercises
1735,内,nèi,内部,3,HSKpractice_exercises
1736,内容,nèiróng,内容,3,HSKpractice_exercises
1737,内心,nèixīn,内心,3,HSKpractice_exercises
1738,能不能,néng bu néng,できるかどうか,3,HSKpractice_exercises
1739,能力,nénglì,能力,3,HSKpractice_exercises
1740,年初,niánchū,年初,3,HSKpractice_exercises
1741,年代,niándài,年代,3,HSKpractice_exercises
1742,年底,niándǐ,年末,3,HSKpractice_exercises
1743,年纪,niánjì,年齢,3,HSKpractice_exercises
1744,念,niàn,読む・思う,3,HSKpractice_exercises
1745,牛,niú,牛,3,HSKpractice_exercises
1746,农村,nóngcūn,農村,3,HSKpractice_exercises
1747,农民,nóngmín,農民,3,HSKpractice_exercises
1748,农业,nóngyè,農業,3,HSKpractice_exercises
1749,女子,nǚzǐ,女子,3,HSKpractice_exercises
1750,暖和,nuǎnhuo,暖かい,3,HSKpractice_exercises
1751,拍,pāi,叩く・撮る,3,HSKpractice_exercises
1752,排名,páimíng,ランキング,3,HSKpractice_exercises
1753,牌子,páizi,ブランド・看板,3,HSKpractice_exercises
1754,派,pài,派遣する,3,HSKpractice_exercises
1755,判断,pànduàn,判断する,3,HSKpractice_exercises
1756,胖,pàng,太っている,3,HSKpractice_exercises
1757,跑步,pǎobù,走る、ランニングする,3,HSKpractice_exercises
1758,配,pèi,組み合わせる,3,HSKpractice_exercises
1759,配合,pèihé,息を合わせる、共演する,3,HSKpractice_exercises
1760,批评,pīpíng,批判する,3,HSKpractice_exercises
1761,批准,pīzhǔn,承認する,3,HSKpractice_exercises
1762,皮,pí,皮,3,HSKpractice_exercises
1763,皮包,píbāo,革かばん,3,HSKpractice_exercises
1764,啤酒,píjiǔ,ビール,3,HSKpractice_exercises
1765,票价,piàojià,運賃,3,HSKpractice_exercises
1766,评价,píngjià,評価する,3,HSKpractice_exercises
1767,苹果,píngguǒ,りんご,3,HSKpractice_exercises
1768,破,pò,破れる,3,HSKpractice_exercises
1769,破坏,pòhuài,破壊する,3,HSKpractice_exercises
1770,普遍,pǔbiàn,普遍的、一般的,3,HSKpractice_exercises
1771,普及,pǔjí,普及する,3,HSKpractice_exercises
1772,期,qī,期間,3,HSKpractice_exercises
1773,齐,qí,揃っている,3,HSKpractice_exercises
1774,其次,qícì,次に,3,HSKpractice_exercises
1775,其实,qíshí,実は,3,HSKpractice_exercises
1776,奇怪,qíguài,奇妙,3,HSKpractice_exercises
1777,气候,qìhòu,気候,3,HSKpractice_exercises
1778,千万,qiānwàn,くれぐれも,3,HSKpractice_exercises
1779,前后,qiánhòu,前後,3,HSKpractice_exercises
1780,前进,qiánjìn,前進する,3,HSKpractice_exercises
1781,前面,qiánmiàn,前,3,HSKpractice_exercises
1782,前往,qiánwǎng,向かう,3,HSKpractice_exercises
1783,强,qiáng,強い,3,HSKpractice_exercises
1784,强大,qiángdà,強大,3,HSKpractice_exercises
1785,强调,qiángdiào,強調する,3,HSKpractice_exercises
1786,强烈,qiángliè,強烈,3,HSKpractice_exercises
1787,桥,qiáo,橋,3,HSKpractice_exercises
1788,巧,qiǎo,巧妙・ちょうど,3,HSKpractice_exercises
1789,亲,qīn,親しい,3,HSKpractice_exercises
1790,亲切,qīnqiè,親切,3,HSKpractice_exercises
1791,亲人,qīnrén,肉親,3,HSKpractice_exercises
1792,亲自,qīnzì,自ら,3,HSKpractice_exercises
1793,情感,qínggǎn,感情,3,HSKpractice_exercises
1794,情况,qíngkuàng,状況,3,HSKpractice_exercises
1795,请教,qǐngjiào,教えを請う,3,HSKpractice_exercises
1796,庆祝,qìngzhù,祝う,3,HSKpractice_exercises
1797,球迷,qiúmí,スポーツファン,3,HSKpractice_exercises
1798,区,qū,区,3,HSKpractice_exercises
1799,区别,qūbié,区別,3,HSKpractice_exercises
1800,取消,qǔxiāo,取り消す,3,HSKpractice_exercises
1801,去世,qùshì,亡くなる,3,HSKpractice_exercises
1802,全场,quánchǎng,会場全体,3,HSKpractice_exercises
1803,全面,quánmiàn,全面的な,3,HSKpractice_exercises
1804,全球,quánqiú,グローバル、全世界,3,HSKpractice_exercises
1805,缺,quē,欠ける,3,HSKpractice_exercises
1806,缺点,quēdiǎn,欠点,3,HSKpractice_exercises
1807,缺少,quēshǎo,不足する,3,HSKpractice_exercises
1808,确保,quèbǎo,確保する,3,HSKpractice_exercises
1809,确定,quèdìng,確定する,3,HSKpractice_exercises
1810,确实,quèshí,確かに,3,HSKpractice_exercises
1811,裙子,qúnzi,スカート,3,HSKpractice_exercises
1812,群,qún,群れ,3,HSKpractice_exercises
1813,热爱,rè'ài,熱愛する,3,HSKpractice_exercises
1814,热烈,rèliè,熱烈,3,HSKpractice_exercises
1815,人才,réncái,人材,3,HSKpractice_exercises
1816,人工,réngōng,人工,3,HSKpractice_exercises
1817,人类,rénlèi,人類,3,HSKpractice_exercises
1818,人民,rénmín,人民,3,HSKpractice_exercises
1819,人民币,Rénmínbì,人民元,3,HSKpractice_exercises
1820,人群,rénqún,人々の群れ,3,HSKpractice_exercises
1821,人生,rénshēng,人生,3,HSKpractice_exercises
1822,人员,rényuán,人員,3,HSKpractice_exercises
1823,认出,rènchū,見分ける,3,HSKpractice_exercises
1824,认得,rènde,見覚えがある,3,HSKpractice_exercises
1825,认可,rènkě,認可する,3,HSKpractice_exercises
1826,任,rèn,任せる,3,HSKpractice_exercises
1827,任何,rènhé,いかなる,3,HSKpractice_exercises
1828,任务,rènwu,任務,3,HSKpractice_exercises
1829,仍,réng,依然として,3,HSKpractice_exercises
1830,仍然,réngrán,依然として,3,HSKpractice_exercises
1831,日常,rìcháng,日常,3,HSKpractice_exercises
1832,容易,róngyì,簡単だ、〜しやすい,3,HSKpractice_exercises
1833,如何,rúhé,どのように,3,HSKpractice_exercises
1834,散步,sànbù,散歩する,3,HSKpractice_exercises
1835,沙发,shāfā,ソファー,3,HSKpractice_exercises
1836,沙子,shāzi,砂,3,HSKpractice_exercises
1837,伤,shāng,傷,3,HSKpractice_exercises
1838,伤心,shāngxīn,悲しむ,3,HSKpractice_exercises
1839,商品,shāngpǐn,商品,3,HSKpractice_exercises
1840,商业,shāngyè,商業,3,HSKpractice_exercises
1841,上来,shànglái,上がってくる,3,HSKpractice_exercises
1842,上面,shàngmiàn,上,3,HSKpractice_exercises
1843,上去,shàngqù,上がっていく,3,HSKpractice_exercises
1844,上升,shàngshēng,上昇する,3,HSKpractice_exercises
1845,上衣,shàngyī,上着,3,HSKpractice_exercises
1846,设备,shèbèi,設備,3,HSKpractice_exercises
1847,设计,shèjì,デザイン、設計,3,HSKpractice_exercises
1848,设立,shèlì,設立する、設定する,3,HSKpractice_exercises
1849,社会,shèhuì,社会,3,HSKpractice_exercises
1850,身份证,shēnfènzhèng,身分証,3,HSKpractice_exercises
1851,深,shēn,深い,3,HSKpractice_exercises
1852,深刻,shēnkè,深い(印象等),3,HSKpractice_exercises
1853,深入,shēnrù,深く入り込む,3,HSKpractice_exercises
1854,升,shēng,上がる,3,HSKpractice_exercises
1855,生产,shēngchǎn,生産する,3,HSKpractice_exercises
1856,生存,shēngcún,生存する,3,HSKpractice_exercises
1857,生动,shēngdòng,生き生きとした,3,HSKpractice_exercises
1858,生命,shēngmìng,生命,3,HSKpractice_exercises
1859,生意,shēngyi,商売,3,HSKpractice_exercises
1860,生长,shēngzhǎng,成長する,3,HSKpractice_exercises
1861,声明,shēngmíng,声明,3,HSKpractice_exercises
1862,胜,shèng,勝つ,3,HSKpractice_exercises
1863,胜利,shènglì,勝利する,3,HSKpractice_exercises
1864,失去,shīqù,失う,3,HSKpractice_exercises
1865,石头,shítou,石,3,HSKpractice_exercises
1866,石油,shíyóu,石油,3,HSKpractice_exercises
1867,时,shí,〜時,3,HSKpractice_exercises
1868,时代,shídài,時代,3,HSKpractice_exercises
1869,时刻,shíkè,時刻,3,HSKpractice_exercises
1870,实际上,shíjìshang,実際は,3,HSKpractice_exercises
1871,实力,shílì,実力,3,HSKpractice_exercises
1872,实行,shíxíng,実行する,3,HSKpractice_exercises
1873,实验,shíyàn,実験,3,HSKpractice_exercises
1874,实验室,shíyànshì,実験室,3,HSKpractice_exercises
1875,食品,shípǐn,食品,3,HSKpractice_exercises
1876,使,shǐ,〜させる,3,HSKpractice_exercises
1877,始终,shǐzhōng,終始,3,HSKpractice_exercises
1878,世纪,shìjì,世紀,3,HSKpractice_exercises
1879,世界,shìjiè,世界,3,HSKpractice_exercises
1880,世界杯,Shìjièbēi,ワールドカップ,3,HSKpractice_exercises
1881,市场,shìchǎng,市場,3,HSKpractice_exercises
1882,事故,shìgù,事故,3,HSKpractice_exercises
1883,事件,shìjiàn,事件,3,HSKpractice_exercises
1884,事实,shìshí,事実,3,HSKpractice_exercises
1885,事实上,shìshíshang,実は,3,HSKpractice_exercises
1886,事业,shìyè,キャリア、事業,3,HSKpractice_exercises
1887,试题,shìtí,試験問題,3,HSKpractice_exercises
1888,试验,shìyàn,試験・テスト,3,HSKpractice_exercises
1889,适合,shìhé,適合する、合う,3,HSKpractice_exercises
1890,适应,shìyìng,適応する,3,HSKpractice_exercises
1891,适用,shìyòng,適用する,3,HSKpractice_exercises
1892,室,shì,部屋,3,HSKpractice_exercises
1893,收费,shōufèi,料金を徴収する,3,HSKpractice_exercises
1894,收看,shōukàn,(テレビを)見る,3,HSKpractice_exercises
1895,收听,shōutīng,(ラジオを)聞く,3,HSKpractice_exercises
1896,收音机,shōuyīnjī,ラジオ,3,HSKpractice_exercises
1897,手续,shǒuxù,手続き,3,HSKpractice_exercises
1898,手指,shǒuzhǐ,指,3,HSKpractice_exercises
1899,首都,shǒudū,首都,3,HSKpractice_exercises
1900,首先,shǒuxiān,まず、最初に,3,HSKpractice_exercises
1901,受,shòu,受ける,3,HSKpractice_exercises
1902,受伤,shòushāng,負傷する,3,HSKpractice_exercises
1903,书架,shūjià,本棚,3,HSKpractice_exercises
1904,输,shū,負ける,3,HSKpractice_exercises
1905,输入,shūrù,入力する,3,HSKpractice_exercises
1906,熟人,shúrén,知人,3,HSKpractice_exercises
1907,属,shǔ,〜属する,3,HSKpractice_exercises
1908,属于,shǔyú,〜に属する,3,HSKpractice_exercises
1909,束,shù,〜束(量詞),3,HSKpractice_exercises
1910,数量,shùliàng,数量,3,HSKpractice_exercises
1911,双,shuāng,〜対(量詞),3,HSKpractice_exercises
1912,双方,shuāngfāng,双方,3,HSKpractice_exercises
1913,思想,sīxiǎng,思想,3,HSKpractice_exercises
1914,死,sǐ,死ぬ,3,HSKpractice_exercises
1915,速度,sùdù,速度,3,HSKpractice_exercises
1916,随,suí,従う,3,HSKpractice_exercises
1917,所,suǒ,〜箇所(量詞),3,HSKpractice_exercises
1918,所长,suǒzhǎng,所長,3,HSKpractice_exercises
1919,台,tái,〜台(量詞),3,HSKpractice_exercises
1920,谈,tán,話し合う,3,HSKpractice_exercises
1921,谈话,tánhuà,話し合う,3,HSKpractice_exercises
1922,谈判,tánpàn,交渉する,3,HSKpractice_exercises
1923,汤,tāng,スープ,3,HSKpractice_exercises
1924,糖,táng,砂糖,3,HSKpractice_exercises
1925,特色,tèsè,特色,3,HSKpractice_exercises
1926,提前,tíqián,前もって、早めに,3,HSKpractice_exercises
1927,提问,tíwèn,質問する,3,HSKpractice_exercises
1928,题目,tímù,題目,3,HSKpractice_exercises
1929,体会,tǐhuì,体験して理解する,3,HSKpractice_exercises
1930,体现,tǐxiàn,体現する,3,HSKpractice_exercises
1931,体验,tǐyàn,体験する,3,HSKpractice_exercises
1932,天空,tiānkōng,空,3,HSKpractice_exercises
1933,甜,tián,甘い,3,HSKpractice_exercises
1934,调整,tiáozhěng,調整する,3,HSKpractice_exercises
1935,跳,tiào,跳ぶ,3,HSKpractice_exercises
1936,跳高,tiàogāo,走り高跳び,3,HSKpractice_exercises
1937,跳舞,tiàowǔ,ダンスする,3,HSKpractice_exercises
1938,跳远,tiàoyuǎn,走り幅跳び,3,HSKpractice_exercises
1939,铁,tiě,鉄,3,HSKpractice_exercises
1940,铁路,tiělù,鉄道,3,HSKpractice_exercises
1941,听力,tīnglì,リスニング（力）,3,HSKpractice_exercises
1942,听众,tīngzhòng,聴衆,3,HSKpractice_exercises
1943,停止,tíngzhǐ,停止する,3,HSKpractice_exercises
1944,通常,tōngcháng,通常,3,HSKpractice_exercises
1945,通信,tōngxìn,通信する,3,HSKpractice_exercises
1946,同意,tóngyì,同意する,3,HSKpractice_exercises
1947,痛,tòng,痛い,3,HSKpractice_exercises
1948,痛苦,tòngkǔ,苦痛,3,HSKpractice_exercises
1949,头脑,tóunǎo,頭脳,3,HSKpractice_exercises
1950,突出,tūchū,際立つ,3,HSKpractice_exercises
1951,突然,tūrán,突然,3,HSKpractice_exercises
1952,图,tú,図,3,HSKpractice_exercises
1953,图画,túhuà,絵,3,HSKpractice_exercises
1954,土,tǔ,土,3,HSKpractice_exercises
1955,团,tuán,団体,3,HSKpractice_exercises
1956,团结,tuánjié,団結する,3,HSKpractice_exercises
1957,团体,tuántǐ,団体,3,HSKpractice_exercises
1958,推动,tuīdòng,推進する,3,HSKpractice_exercises
1959,推广,tuīguǎng,普及させる,3,HSKpractice_exercises
1960,推进,tuījìn,推し進める,3,HSKpractice_exercises
1961,推开,tuīkāi,押し開ける,3,HSKpractice_exercises
1962,退,tuì,返す、返却する,3,HSKpractice_exercises
1963,退出,tuìchū,退出する,3,HSKpractice_exercises
1964,退休,tuìxiū,退職する,3,HSKpractice_exercises
1965,外交,wàijiāo,（另外交＝別途支払う、の一部）,3,HSKpractice_exercises
1966,外面,wàimiàn,外,3,HSKpractice_exercises
1967,外文,wàiwén,外国語,3,HSKpractice_exercises
1968,完美,wánměi,完璧,3,HSKpractice_exercises
1969,完善,wánshàn,整備する、完全にする,3,HSKpractice_exercises
1970,完整,wánzhěng,完全,3,HSKpractice_exercises
1971,玩具,wánjù,おもちゃ,3,HSKpractice_exercises
1972,往往,wǎngwǎng,往々にして,3,HSKpractice_exercises
1973,危害,wēihài,危害,3,HSKpractice_exercises
1974,危险,wēixiǎn,危険,3,HSKpractice_exercises
1975,围,wéi,囲む,3,HSKpractice_exercises
1976,伟大,wěidà,偉大,3,HSKpractice_exercises
1977,卫生,wèishēng,衛生,3,HSKpractice_exercises
1978,卫生间,wèishēngjiān,トイレ,3,HSKpractice_exercises
1979,为了,wèile,〜のために,3,HSKpractice_exercises
1980,温暖,wēnnuǎn,暖かい,3,HSKpractice_exercises
1981,文化,wénhuà,文化,3,HSKpractice_exercises
1982,文件,wénjiàn,文書,3,HSKpractice_exercises
1983,文明,wénmíng,文明,3,HSKpractice_exercises
1984,文学,wénxué,文学,3,HSKpractice_exercises
1985,文章,wénzhāng,文章,3,HSKpractice_exercises
1986,文字,wénzì,文字,3,HSKpractice_exercises
1987,握手,wòshǒu,握手する,3,HSKpractice_exercises
1988,屋子,wūzi,部屋,3,HSKpractice_exercises
1989,武器,wǔqì,武器,3,HSKpractice_exercises
1990,武术,wǔshù,武術,3,HSKpractice_exercises
1991,舞台,wǔtái,舞台,3,HSKpractice_exercises
1992,西部,xībù,西部,3,HSKpractice_exercises
1993,希望,xīwàng,希望する,3,HSKpractice_exercises
1994,系,xì,学部・つながる,3,HSKpractice_exercises
1995,下来,xiàlái,〜し終える、〜してくる（方向補語）,3,HSKpractice_exercises
1996,下面,xiàmiàn,下,3,HSKpractice_exercises
1997,下去,xiàqù,下りていく,3,HSKpractice_exercises
1998,先进,xiānjìn,先進的な,3,HSKpractice_exercises
1999,显得,xiǎnde,〜のように見える,3,HSKpractice_exercises
2000,显然,xiǎnrán,明らかに,3,HSKpractice_exercises
2001,显示,xiǎnshì,示す,3,HSKpractice_exercises
2002,现场,xiànchǎng,現場,3,HSKpractice_exercises
2003,现代,xiàndài,現代,3,HSKpractice_exercises
2004,现金,xiànjīn,現金,3,HSKpractice_exercises
2005,现实,xiànshí,現実,3,HSKpractice_exercises
2006,现象,xiànxiàng,現象,3,HSKpractice_exercises
2007,线,xiàn,線,3,HSKpractice_exercises
2008,相比,xiāngbǐ,比べると,3,HSKpractice_exercises
2009,相当,xiāngdāng,かなり,3,HSKpractice_exercises
2010,相关,xiāngguān,関連する,3,HSKpractice_exercises
2011,相互,xiānghù,相互,3,HSKpractice_exercises
2012,相似,xiāngsì,似ている,3,HSKpractice_exercises
2013,香,xiāng,香ばしい,3,HSKpractice_exercises
2014,香蕉,xiāngjiāo,バナナ,3,HSKpractice_exercises
2015,消费,xiāofèi,消費する,3,HSKpractice_exercises
2016,消失,xiāoshī,消える,3,HSKpractice_exercises
2017,消息,xiāoxi,ニュース,3,HSKpractice_exercises
2018,效果,xiàoguǒ,効果,3,HSKpractice_exercises
2019,写作,xiězuò,執筆する,3,HSKpractice_exercises
2020,血,xuè,血,3,HSKpractice_exercises
2021,心,xīn,心,3,HSKpractice_exercises
2022,信封,xìnfēng,封筒,3,HSKpractice_exercises
2023,信任,xìnrèn,信頼する,3,HSKpractice_exercises
2024,行李,xínglǐ,荷物,3,HSKpractice_exercises
2025,形成,xíngchéng,形成する,3,HSKpractice_exercises
2026,形式,xíngshì,形式,3,HSKpractice_exercises
2027,形象,xíngxiàng,イメージ,3,HSKpractice_exercises
2028,形状,xíngzhuàng,形状,3,HSKpractice_exercises
2029,幸福,xìngfú,幸福,3,HSKpractice_exercises
2030,幸运,xìngyùn,幸運,3,HSKpractice_exercises
2031,性,xìng,性質,3,HSKpractice_exercises
2032,性别,xìngbié,性別,3,HSKpractice_exercises
2033,性格,xìnggé,性格,3,HSKpractice_exercises
2034,修,xiū,修理する,3,HSKpractice_exercises
2035,修改,xiūgǎi,修正する,3,HSKpractice_exercises
2036,需求,xūqiú,需要,3,HSKpractice_exercises
2037,需要,xūyào,必要とする,3,HSKpractice_exercises
2038,宣布,xuānbù,宣言する,3,HSKpractice_exercises
2039,宣传,xuānchuán,啓発する、宣伝する,3,HSKpractice_exercises
2040,选手,xuǎnshǒu,選手,3,HSKpractice_exercises
2041,学费,xuéfèi,学費,3,HSKpractice_exercises
2042,训练,xùnliàn,訓練する,3,HSKpractice_exercises
2043,压,yā,押す,3,HSKpractice_exercises
2044,压力,yālì,プレッシャー、ストレス,3,HSKpractice_exercises
2045,烟,yān,タバコ・煙,3,HSKpractice_exercises
2046,眼前,yǎnqián,目の前,3,HSKpractice_exercises
2047,演,yǎn,演じる,3,HSKpractice_exercises
2048,演唱,yǎnchàng,歌う,3,HSKpractice_exercises
2049,演唱会,yǎnchànghuì,コンサート,3,HSKpractice_exercises
2050,演出,yǎnchū,公演,3,HSKpractice_exercises
2051,演员,yǎnyuán,俳優,3,HSKpractice_exercises
2052,羊,yáng,羊,3,HSKpractice_exercises
2053,阳光,yángguāng,日光,3,HSKpractice_exercises
2054,要是,yàoshi,もし,3,HSKpractice_exercises
2055,衣架,yījià,ハンガー,3,HSKpractice_exercises
2056,一切,yíqiè,すべて,3,HSKpractice_exercises
2057,已,yǐ,すでに,3,HSKpractice_exercises
2058,以来,yǐlái,〜以来,3,HSKpractice_exercises
2059,一方面,yìfāngmiàn,一方では,3,HSKpractice_exercises
2060,艺术,yìshù,芸術,3,HSKpractice_exercises
2061,意外,yìwài,意外,3,HSKpractice_exercises
2062,意义,yìyì,意義,3,HSKpractice_exercises
2063,因此,yīncǐ,そのため,3,HSKpractice_exercises
2064,银,yín,銀,3,HSKpractice_exercises
2065,银牌,yínpái,銀メダル,3,HSKpractice_exercises
2066,印象,yìnxiàng,印象,3,HSKpractice_exercises
2067,应当,yīngdāng,〜すべきだ,3,HSKpractice_exercises
2068,迎接,yíngjiē,出迎える,3,HSKpractice_exercises
2069,营养,yíngyǎng,栄養,3,HSKpractice_exercises
2070,赢,yíng,勝つ,3,HSKpractice_exercises
2071,影视,yǐngshì,映画・テレビ,3,HSKpractice_exercises
2072,应用,yìngyòng,応用する,3,HSKpractice_exercises
2073,优点,yōudiǎn,長所,3,HSKpractice_exercises
2074,优势,yōushì,優位性,3,HSKpractice_exercises
2075,由,yóu,〜が（〜する）、〜によって,3,HSKpractice_exercises
2076,由于,yóuyú,〜のため,3,HSKpractice_exercises
2077,邮件,yóujiàn,メール・郵便物,3,HSKpractice_exercises
2078,邮票,yóupiào,切手,3,HSKpractice_exercises
2079,邮箱,yóuxiāng,郵便受け・メールボックス,3,HSKpractice_exercises
2080,游,yóu,泳ぐ,3,HSKpractice_exercises
2081,游戏,yóuxì,ゲーム,3,HSKpractice_exercises
2082,游泳,yóuyǒng,泳ぐ,3,HSKpractice_exercises
2083,有的是,yǒudeshì,たくさんある,3,HSKpractice_exercises
2084,有利,yǒulì,有利だ,3,HSKpractice_exercises
2085,有效,yǒuxiào,有効だ,3,HSKpractice_exercises
2086,预报,yùbào,予報,3,HSKpractice_exercises
2087,预防,yùfáng,予防する,3,HSKpractice_exercises
2088,预计,yùjì,見込む,3,HSKpractice_exercises
2089,预习,yùxí,予習する,3,HSKpractice_exercises
2090,员,yuán,〜員,3,HSKpractice_exercises
2091,员工,yuángōng,社員、従業員,3,HSKpractice_exercises
2092,愿望,yuànwàng,願望,3,HSKpractice_exercises
2093,约,yuē,約束する・約,3,HSKpractice_exercises
2094,乐队,yuèduì,バンド,3,HSKpractice_exercises
2095,运输,yùnshū,輸送する,3,HSKpractice_exercises
2096,杂志,zázhì,雑誌,3,HSKpractice_exercises
2097,早已,zǎoyǐ,とっくに,3,HSKpractice_exercises
2098,造,zào,作る,3,HSKpractice_exercises
2099,造成,zàochéng,引き起こす,3,HSKpractice_exercises
2100,责任,zérèn,責任,3,HSKpractice_exercises
2101,增加,zēngjiā,増やす,3,HSKpractice_exercises
2102,增长,zēngzhǎng,増加する,3,HSKpractice_exercises
2103,展开,zhǎnkāi,展開する,3,HSKpractice_exercises
2104,张,zhāng,〜枚(量詞),3,HSKpractice_exercises
2105,照,zhào,〜に沿って、〜通りに,3,HSKpractice_exercises
2106,者,zhě,〜する人,3,HSKpractice_exercises
2107,真实,zhēnshí,リアルな、本物っぽい,3,HSKpractice_exercises
2108,争,zhēng,争う,3,HSKpractice_exercises
2109,争取,zhēngqǔ,勝ち取る,3,HSKpractice_exercises
2110,整,zhěng,整った,3,HSKpractice_exercises
2111,整个,zhěnggè,全体の,3,HSKpractice_exercises
2112,整理,zhěnglǐ,整理する,3,HSKpractice_exercises
2113,整齐,zhěngqí,整然としている,3,HSKpractice_exercises
2114,整体,zhěngtǐ,全体,3,HSKpractice_exercises
2115,整天,zhěngtiān,一日中,3,HSKpractice_exercises
2116,整整,zhěngzhěng,まる〜,3,HSKpractice_exercises
2117,正式,zhèngshì,正式な,3,HSKpractice_exercises
2118,证,zhèng,証明書,3,HSKpractice_exercises
2119,证件,zhèngjiàn,証明書,3,HSKpractice_exercises
2120,证据,zhèngjù,証拠,3,HSKpractice_exercises
2121,证明,zhèngmíng,証明する,3,HSKpractice_exercises
2122,支,zhī,〜本(量詞),3,HSKpractice_exercises
2123,支持,zhīchí,支持する、支える,3,HSKpractice_exercises
2124,支付,zhīfù,支払う,3,HSKpractice_exercises
2125,直,zhí,まっすぐ,3,HSKpractice_exercises
2126,直播,zhíbō,生放送,3,HSKpractice_exercises
2127,直到,zhídào,〜まで,3,HSKpractice_exercises
2128,值,zhí,値する,3,HSKpractice_exercises
2129,值得,zhíde,〜する価値がある,3,HSKpractice_exercises
2130,职工,zhígōng,従業員,3,HSKpractice_exercises
2131,职业,zhíyè,職業,3,HSKpractice_exercises
2132,只好,zhǐhǎo,〜するしかない,3,HSKpractice_exercises
2133,只是,zhǐshì,ただ〜なだけ,3,HSKpractice_exercises
2134,只有,zhǐyǒu,〜だけ,3,HSKpractice_exercises
2135,指,zhǐ,指す,3,HSKpractice_exercises
2136,指出,zhǐchū,指摘する,3,HSKpractice_exercises
2137,指导,zhǐdǎo,指導する,3,HSKpractice_exercises
2138,至今,zhìjīn,今まで,3,HSKpractice_exercises
2139,至少,zhìshǎo,少なくとも,3,HSKpractice_exercises
2140,志愿,zhìyuàn,志願,3,HSKpractice_exercises
2141,志愿者,zhìyuànzhě,ボランティア,3,HSKpractice_exercises
2142,制定,zhìdìng,制定する,3,HSKpractice_exercises
2143,制度,zhìdù,制度,3,HSKpractice_exercises
2144,制造,zhìzào,製造する,3,HSKpractice_exercises
2145,制作,zhìzuò,制作する,3,HSKpractice_exercises
2146,中部,zhōngbù,中部,3,HSKpractice_exercises
2147,中华民族,Zhōnghuá mínzú,中華民族,3,HSKpractice_exercises
2148,终于,zhōngyú,ついに,3,HSKpractice_exercises
2149,钟,zhōng,時計,3,HSKpractice_exercises
2150,种,zhǒng,種類,3,HSKpractice_exercises
2151,种子,zhǒngzi,種,3,HSKpractice_exercises
2152,重大,zhòngdà,重大,3,HSKpractice_exercises
2153,周围,zhōuwéi,周囲,3,HSKpractice_exercises
2154,猪,zhū,豚,3,HSKpractice_exercises
2155,主持,zhǔchí,司会する,3,HSKpractice_exercises
2156,主动,zhǔdòng,積極的な,3,HSKpractice_exercises
2157,主任,zhǔrèn,主任,3,HSKpractice_exercises
2158,主意,zhǔyì,考え、アイデア,3,HSKpractice_exercises
2159,主张,zhǔzhāng,主張する,3,HSKpractice_exercises
2160,注意,zhùyì,注意する,3,HSKpractice_exercises
2161,祝,zhù,〜を祈る、願う,3,HSKpractice_exercises
2162,抓,zhuā,つかむ,3,HSKpractice_exercises
2163,抓住,zhuāzhù,つかまえる,3,HSKpractice_exercises
2164,专家,zhuānjiā,専門家,3,HSKpractice_exercises
2165,专门,zhuānmén,専門的に,3,HSKpractice_exercises
2166,专题,zhuāntí,専門テーマ,3,HSKpractice_exercises
2167,专业,zhuānyè,専攻,3,HSKpractice_exercises
2168,转,zhuǎn,変わる・曲がる,3,HSKpractice_exercises
2169,转变,zhuǎnbiàn,転換する、変わる,3,HSKpractice_exercises
2170,状况,zhuàngkuàng,状況,3,HSKpractice_exercises
2171,状态,zhuàngtài,状態,3,HSKpractice_exercises
2172,追,zhuī,追う,3,HSKpractice_exercises
2173,准,zhǔn,正確だ,3,HSKpractice_exercises
2174,资格,zīgé,資格,3,HSKpractice_exercises
2175,资金,zījīn,資金,3,HSKpractice_exercises
2176,子女,zǐnǚ,子女,3,HSKpractice_exercises
2177,自从,zìcóng,〜以来,3,HSKpractice_exercises
2178,自动,zìdòng,自動,3,HSKpractice_exercises
2179,自觉,zìjué,自覚する,3,HSKpractice_exercises
2180,自然,zìrán,自然に,3,HSKpractice_exercises
2181,自身,zìshēn,自身,3,HSKpractice_exercises
2182,自主,zìzhǔ,自主,3,HSKpractice_exercises
2183,总,zǒng,全体の・いつも,3,HSKpractice_exercises
2184,总结,zǒngjié,まとめる,3,HSKpractice_exercises
2185,总是,zǒngshì,いつも,3,HSKpractice_exercises
2186,足够,zúgòu,十分だ,3,HSKpractice_exercises
2187,足球,zúqiú,サッカー,3,HSKpractice_exercises
2188,组合,zǔhé,組み合わせ,3,HSKpractice_exercises
2189,左右,zuǒyòu,〜くらい、前後,3,HSKpractice_exercises
2190,作品,zuòpǐn,作品,3,HSKpractice_exercises
2191,作者,zuòzhě,作者,3,HSKpractice_exercises
2192,做客,zuòkè,客として訪れる,3,HSKpractice_exercises
2193,安检,ānjiǎn,保安検査,4,HSKpractice_exercises
2194,按时,ànshí,時間通りに,4,HSKpractice_exercises
2195,白酒,báijiǔ,白酒（バイジュウ、中国の蒸留酒）※日本語の「白酒／しろざけ」（ひな祭りの甘い酒）とは全く別のもの,4,HSKpractice_exercises
2196,办公,bàngōng,仕事をする、執務する,4,HSKpractice_exercises
2197,办事,bànshì,用事を処理する,4,HSKpractice_exercises
2198,棒,bàng,棒（また口語で「すごい、素晴らしい」の意でもよく使う）,4,HSKpractice_exercises
2199,抱,bào,抱く,4,HSKpractice_exercises
2200,报考,bàokǎo,受験を申し込む,4,HSKpractice_exercises
2201,抱歉,bàoqiàn,申し訳なく思う,4,HSKpractice_exercises
2202,背包,bēibāo,リュック,4,HSKpractice_exercises
2203,倍,bèi,〜倍,4,HSKpractice_exercises
2204,本科,běnkē,学部,4,HSKpractice_exercises
2205,笨,bèn,愚かだ,4,HSKpractice_exercises
2206,鼻子,bízi,鼻,4,HSKpractice_exercises
2207,笔试,bǐshì,筆記試験,4,HSKpractice_exercises
2208,毕业,bìyè,卒業する,4,HSKpractice_exercises
2209,毕业生,bìyèshēng,卒業生,4,HSKpractice_exercises
2210,便于,biànyú,〜しやすい,4,HSKpractice_exercises
2211,表扬,biǎoyáng,褒める,4,HSKpractice_exercises
2212,饼干,bǐnggān,クッキー,4,HSKpractice_exercises
2213,博士,bóshì,博士,4,HSKpractice_exercises
2214,不便,búbiàn,不便,4,HSKpractice_exercises
2215,不管,bùguǎn,〜にかかわらず,4,HSKpractice_exercises
2216,擦,cā,拭く,4,HSKpractice_exercises
2217,猜,cāi,推測する,4,HSKpractice_exercises
2218,材料,cáiliào,資料、材料,4,HSKpractice_exercises
2219,参赛,cānsài,試合に参加する,4,HSKpractice_exercises
2220,餐厅,cāntīng,レストラン,4,HSKpractice_exercises
2221,操场,cāochǎng,運動場,4,HSKpractice_exercises
2222,厕所,cèsuǒ,トイレ,4,HSKpractice_exercises
2223,查看,chákàn,調べて見る,4,HSKpractice_exercises
2224,茶叶,cháyè,茶葉,4,HSKpractice_exercises
2225,查找,cházhǎo,探し出す,4,HSKpractice_exercises
2226,差点儿,chàdiǎnr,もう少しで〜するところだった、ほとんど（≒差一点儿）,4,HSKpractice_exercises
2227,车速,chēsù,車速,4,HSKpractice_exercises
2228,车位,chēwèi,駐車スペース,4,HSKpractice_exercises
2229,乘,chéng,乗る,4,HSKpractice_exercises
2230,乘客,chéngkè,乗客,4,HSKpractice_exercises
2231,诚实,chéngshí,誠実,4,HSKpractice_exercises
2232,乘坐,chéngzuò,乗車する,4,HSKpractice_exercises
2233,吃惊,chījīng,驚く,4,HSKpractice_exercises
2234,迟,chí,遅い、遅れる,4,HSKpractice_exercises
2235,出差,chūchāi,出張する,4,HSKpractice_exercises
2236,出行,chūxíng,外出する（交通・移動の意味でも使う）,4,HSKpractice_exercises
2237,厨房,chúfáng,台所,4,HSKpractice_exercises
2238,厨师,chúshī,料理人,4,HSKpractice_exercises
2239,窗,chuāng,窓,4,HSKpractice_exercises
2240,窗户,chuānghu,窓,4,HSKpractice_exercises
2241,此,cǐ,この,4,HSKpractice_exercises
2242,此次,cǐcì,今回,4,HSKpractice_exercises
2243,此外,cǐwài,この他,4,HSKpractice_exercises
2244,从此,cóngcǐ,これから,4,HSKpractice_exercises
2245,从中,cóngzhōng,その中から,4,HSKpractice_exercises
2246,粗,cū,太い,4,HSKpractice_exercises
2247,粗心,cūxīn,不注意,4,HSKpractice_exercises
2248,错过,cuòguò,逃す,4,HSKpractice_exercises
2249,答,dá,答える,4,HSKpractice_exercises
2250,答案,dá'àn,答案,4,HSKpractice_exercises
2251,打招呼,dǎ zhāohu,挨拶する,4,HSKpractice_exercises
2252,打败,dǎbài,打ち負かす,4,HSKpractice_exercises
2253,打扰,dǎrǎo,邪魔する,4,HSKpractice_exercises
2254,打印机,dǎyìnjī,プリンター,4,HSKpractice_exercises
2255,打折,dǎzhé,割引する,4,HSKpractice_exercises
2256,打针,dǎzhēn,注射する,4,HSKpractice_exercises
2257,大巴,dàbā,大型バス,4,HSKpractice_exercises
2258,大赛,dàsài,大会,4,HSKpractice_exercises
2259,大厅,dàtīng,ホール,4,HSKpractice_exercises
2260,待,dāi,滞在する,4,HSKpractice_exercises
2261,戴,dài,身につける,4,HSKpractice_exercises
2262,袋子,dàizi,袋,4,HSKpractice_exercises
2263,导游,dǎoyóu,ガイド,4,HSKpractice_exercises
2264,到来,dàolái,到来する,4,HSKpractice_exercises
2265,道歉,dàoqiàn,謝る,4,HSKpractice_exercises
2266,得意,déyì,得意げ,4,HSKpractice_exercises
2267,登机,dēngjī,搭乗する,4,HSKpractice_exercises
2268,低价,dījià,低価格,4,HSKpractice_exercises
2269,低温,dīwēn,低温,4,HSKpractice_exercises
2270,低于,dīyú,〜より低い,4,HSKpractice_exercises
2271,底,dǐ,底,4,HSKpractice_exercises
2272,地址,dìzhǐ,住所,4,HSKpractice_exercises
2273,点名,diǎnmíng,点呼する,4,HSKpractice_exercises
2274,电动车,diàndòngchē,電動バイク,4,HSKpractice_exercises
2275,定,dìng,決める,4,HSKpractice_exercises
2276,动车,dòngchē,動車(高速鉄道の一種),4,HSKpractice_exercises
2277,堵车,dǔchē,渋滞する,4,HSKpractice_exercises
2278,度假,dùjià,休暇を過ごす,4,HSKpractice_exercises
2279,肚子,dùzi,お腹,4,HSKpractice_exercises
2280,对于,duìyú,〜に対して、〜について,4,HSKpractice_exercises
2281,多样,duōyàng,多様,4,HSKpractice_exercises
2282,而,ér,そして、しかし,4,HSKpractice_exercises
2283,儿童,értóng,児童,4,HSKpractice_exercises
2284,法,fǎ,法律・方法,4,HSKpractice_exercises
2285,法律,fǎlǜ,法律,4,HSKpractice_exercises
2286,翻译,fānyì,翻訳する,4,HSKpractice_exercises
2287,烦,fán,煩わしい,4,HSKpractice_exercises
2288,烦恼,fánnǎo,悩み,4,HSKpractice_exercises
2289,放弃,fàngqì,放棄する,4,HSKpractice_exercises
2290,放松,fàngsōng,リラックスする,4,HSKpractice_exercises
2291,分为,fēnwéi,〜に分かれる,4,HSKpractice_exercises
2292,风景,fēngjǐng,景色,4,HSKpractice_exercises
2293,否则,fǒuzé,さもないと,4,HSKpractice_exercises
2294,幅,fú,幅、〜枚（絵などを数える量詞としても使う）,4,HSKpractice_exercises
2295,符合,fúhé,合致する,4,HSKpractice_exercises
2296,父女,fùnǚ,父娘,4,HSKpractice_exercises
2297,负责人,fùzérén,責任者,4,HSKpractice_exercises
2298,父子,fùzǐ,父子,4,HSKpractice_exercises
2299,感,gǎn,感じる,4,HSKpractice_exercises
2300,感人,gǎnrén,感動的だ,4,HSKpractice_exercises
2301,赶上,gǎnshàng,間に合う、追いつく,4,HSKpractice_exercises
2302,钢琴,gāngqín,ピアノ,4,HSKpractice_exercises
2303,高价,gāojià,高価格,4,HSKpractice_exercises
2304,高考,gāokǎo,大学受験,4,HSKpractice_exercises
2305,高温,gāowēn,高温,4,HSKpractice_exercises
2306,高于,gāoyú,〜より高い,4,HSKpractice_exercises
2307,胳膊,gēbo,腕,4,HSKpractice_exercises
2308,各个,gègè,それぞれの,4,HSKpractice_exercises
2309,共,gòng,合計で,4,HSKpractice_exercises
2310,购买,gòumǎi,購入する,4,HSKpractice_exercises
2311,购物,gòuwù,買い物する,4,HSKpractice_exercises
2312,估计,gūjì,推測する,4,HSKpractice_exercises
2313,鼓励,gǔlì,奨励する,4,HSKpractice_exercises
2314,关键,guānjiàn,キーポイント,4,HSKpractice_exercises
2315,逛,guàng,ぶらつく,4,HSKpractice_exercises
2316,国籍,guójí,国籍,4,HSKpractice_exercises
2317,海洋,hǎiyáng,海洋,4,HSKpractice_exercises
2318,害羞,hàixiū,恥ずかしがる,4,HSKpractice_exercises
2319,寒假,hánjià,冬休み,4,HSKpractice_exercises
2320,寒冷,hánlěng,寒い,4,HSKpractice_exercises
2321,汗,hàn,汗,4,HSKpractice_exercises
2322,航班,hángbān,便(飛行機),4,HSKpractice_exercises
2323,好笑,hǎoxiào,おかしい,4,HSKpractice_exercises
2324,盒子,hézi,箱,4,HSKpractice_exercises
2325,红包,hóngbāo,紅包(お年玉等),4,HSKpractice_exercises
2326,厚,hòu,厚い,4,HSKpractice_exercises
2327,后悔,hòuhuǐ,後悔する,4,HSKpractice_exercises
2328,护士,hùshi,看護師,4,HSKpractice_exercises
2329,怀疑,huáiyí,疑う,4,HSKpractice_exercises
2330,换乘,huànchéng,乗り換える,4,HSKpractice_exercises
2331,回复,huífù,返信する,4,HSKpractice_exercises
2332,回信,huíxìn,返信する,4,HSKpractice_exercises
2333,回忆,huíyì,思い出す,4,HSKpractice_exercises
2334,活泼,huópō,活発,4,HSKpractice_exercises
2335,货,huò,商品,4,HSKpractice_exercises
2336,获得,huòdé,得る,4,HSKpractice_exercises
2337,获奖,huòjiǎng,受賞する,4,HSKpractice_exercises
2338,获取,huòqǔ,取得する,4,HSKpractice_exercises
2339,激动,jīdòng,興奮する,4,HSKpractice_exercises
2340,积累,jīlěi,蓄積する,4,HSKpractice_exercises
2341,即使,jíshǐ,たとえ〜でも,4,HSKpractice_exercises
2342,既,jì,〜でもあり,4,HSKpractice_exercises
2343,寄,jì,郵送する,4,HSKpractice_exercises
2344,既然,jìrán,〜である以上,4,HSKpractice_exercises
2345,加班,jiābān,残業する,4,HSKpractice_exercises
2346,加入,jiārù,加入する,4,HSKpractice_exercises
2347,加上,jiāshàng,その上,4,HSKpractice_exercises
2348,加油站,jiāyóuzhàn,ガソリンスタンド,4,HSKpractice_exercises
2349,假日,jiàrì,休日,4,HSKpractice_exercises
2350,减,jiǎn,減らす,4,HSKpractice_exercises
2351,减轻,jiǎnqīng,軽減する,4,HSKpractice_exercises
2352,减少,jiǎnshǎo,減らす,4,HSKpractice_exercises
2353,健身,jiànshēn,体を鍛える,4,HSKpractice_exercises
2354,健身房,jiànshēnfáng,ジム,4,HSKpractice_exercises
2355,江,jiāng,川,4,HSKpractice_exercises
2356,将,jiāng,〜するつもりだ(未来),4,HSKpractice_exercises
2357,将要,jiāngyào,まもなく〜する,4,HSKpractice_exercises
2358,奖,jiǎng,賞,4,HSKpractice_exercises
2359,奖金,jiǎngjīn,賞金,4,HSKpractice_exercises
2360,奖学金,jiǎngxuéjīn,奨学金,4,HSKpractice_exercises
2361,降,jiàng,下がる,4,HSKpractice_exercises
2362,降低,jiàngdī,下げる,4,HSKpractice_exercises
2363,降价,jiàngjià,値下げする,4,HSKpractice_exercises
2364,降落,jiàngluò,着陸する,4,HSKpractice_exercises
2365,降温,jiàngwēn,気温が下がる,4,HSKpractice_exercises
2366,骄傲,jiāo'ào,誇りに思う・傲慢,4,HSKpractice_exercises
2367,郊区,jiāoqū,郊外,4,HSKpractice_exercises
2368,教授,jiàoshòu,教授,4,HSKpractice_exercises
2369,街道,jiēdào,街路,4,HSKpractice_exercises
2370,节假日,jiéjiàrì,祝祭日,4,HSKpractice_exercises
2371,结账,jiézhàng,会計する,4,HSKpractice_exercises
2372,解释,jiěshì,説明する,4,HSKpractice_exercises
2373,尽管,jǐnguǎn,〜にもかかわらず,4,HSKpractice_exercises
2374,禁止,jìnzhǐ,禁止する,4,HSKpractice_exercises
2375,景点,jǐngdiǎn,観光スポット,4,HSKpractice_exercises
2376,景区,jǐngqū,観光エリア,4,HSKpractice_exercises
2377,竟然,jìngrán,意外にも,4,HSKpractice_exercises
2378,竞争,jìngzhēng,競争,4,HSKpractice_exercises
2379,镜子,jìngzi,鏡,4,HSKpractice_exercises
2380,究竟,jiūjìng,一体,4,HSKpractice_exercises
2381,举例,jǔlì,例を挙げる,4,HSKpractice_exercises
2382,聚,jù,集まる,4,HSKpractice_exercises
2383,聚餐,jùcān,会食する,4,HSKpractice_exercises
2384,聚会,jùhuì,パーティー、集まり,4,HSKpractice_exercises
2385,拒绝,jùjué,拒絶する,4,HSKpractice_exercises
2386,距离,jùlí,距離,4,HSKpractice_exercises
2387,剧院,jùyuàn,劇場,4,HSKpractice_exercises
2388,烤,kǎo,焼く,4,HSKpractice_exercises
2389,考虑,kǎolǜ,考える、検討する,4,HSKpractice_exercises
2390,棵,kē,〜本(木の量詞),4,HSKpractice_exercises
2391,咳,ké,咳をする,4,HSKpractice_exercises
2392,咳嗽,késou,咳をする,4,HSKpractice_exercises
2393,可惜,kěxī,惜しい,4,HSKpractice_exercises
2394,客气,kèqì,遠慮する、礼儀正しい,4,HSKpractice_exercises
2395,客厅,kètīng,リビング,4,HSKpractice_exercises
2396,肯定,kěndìng,肯定する・きっと,4,HSKpractice_exercises
2397,口语,kǒuyǔ,口語,4,HSKpractice_exercises
2398,苦,kǔ,苦い,4,HSKpractice_exercises
2399,快递,kuàidì,宅配便,4,HSKpractice_exercises
2400,垃圾,lājī,ゴミ,4,HSKpractice_exercises
2401,辣,là,辛い,4,HSKpractice_exercises
2402,来不及,láibují,間に合わない,4,HSKpractice_exercises
2403,来得及,láidejí,間に合う,4,HSKpractice_exercises
2404,懒,lǎn,怠け者,4,HSKpractice_exercises
2405,浪漫,làngmàn,ロマンチック,4,HSKpractice_exercises
2406,老虎,lǎohǔ,虎,4,HSKpractice_exercises
2407,老家,lǎojiā,故郷,4,HSKpractice_exercises
2408,冷静,lěngjìng,冷静,4,HSKpractice_exercises
2409,礼貌,lǐmào,礼儀,4,HSKpractice_exercises
2410,厉害,lìhài,すごい,4,HSKpractice_exercises
2411,力气,lìqi,力,4,HSKpractice_exercises
2412,俩,liǎ,二人,4,HSKpractice_exercises
2413,量,liàng,量,4,HSKpractice_exercises
2414,列,liè,〜列(量詞),4,HSKpractice_exercises
2415,零花钱,línghuāqián,お小遣い,4,HSKpractice_exercises
2416,零钱,língqián,小銭,4,HSKpractice_exercises
2417,零食,língshí,おやつ,4,HSKpractice_exercises
2418,另,lìng,別に,4,HSKpractice_exercises
2419,路过,lùguò,通り過ぎる,4,HSKpractice_exercises
2420,律师,lǜshī,弁護士,4,HSKpractice_exercises
2421,落,luò,落ちる,4,HSKpractice_exercises
2422,馒头,mántou,マントウ,4,HSKpractice_exercises
2423,毛巾,máojīn,タオル,4,HSKpractice_exercises
2424,毛衣,máoyī,セーター,4,HSKpractice_exercises
2425,帽子,màozi,帽子,4,HSKpractice_exercises
2426,美景,měijǐng,美しい景色,4,HSKpractice_exercises
2427,梦,mèng,夢,4,HSKpractice_exercises
2428,梦想,mèngxiǎng,夢見る・夢,4,HSKpractice_exercises
2429,密码,mìmǎ,パスワード,4,HSKpractice_exercises
2430,免费,miǎnfèi,無料,4,HSKpractice_exercises
2431,面试,miànshì,面接,4,HSKpractice_exercises
2432,秒,miǎo,秒,4,HSKpractice_exercises
2433,末,mò,末,4,HSKpractice_exercises
2434,母女,mǔnǚ,母娘,4,HSKpractice_exercises
2435,母子,mǔzǐ,母子,4,HSKpractice_exercises
2436,目的地,mùdìdì,目的地,4,HSKpractice_exercises
2437,耐心,nàixīn,忍耐強い、根気,4,HSKpractice_exercises
2438,男士,nánshì,男性,4,HSKpractice_exercises
2439,难忘,nánwàng,忘れがたい,4,HSKpractice_exercises
2440,男性,nánxìng,男性,4,HSKpractice_exercises
2441,能否,néngfǒu,可能かどうか,4,HSKpractice_exercises
2442,嗯,ń,うん,4,HSKpractice_exercises
2443,年龄,niánlíng,年齢,4,HSKpractice_exercises
2444,女性,nǚxìng,女性,4,HSKpractice_exercises
2445,偶尔,ǒu'ěr,たまに,4,HSKpractice_exercises
2446,牌,pái,札・ブランド,4,HSKpractice_exercises
2447,陪,péi,付き添う,4,HSKpractice_exercises
2448,皮肤,pífū,肌,4,HSKpractice_exercises
2449,脾气,píqi,気性（性格）,4,HSKpractice_exercises
2450,皮鞋,píxié,革靴,4,HSKpractice_exercises
2451,乒乓球,pīngpāngqiú,卓球,4,HSKpractice_exercises
2452,葡萄,pútao,ぶどう,4,HSKpractice_exercises
2453,葡萄酒,pútaojiǔ,ワイン,4,HSKpractice_exercises
2454,期末,qīmò,期末,4,HSKpractice_exercises
2455,期中,qīzhōng,中間,4,HSKpractice_exercises
2456,起到,qǐdào,(作用を)果たす,4,HSKpractice_exercises
2457,汽水,qìshuǐ,サイダー,4,HSKpractice_exercises
2458,签证,qiānzhèng,ビザ,4,HSKpractice_exercises
2459,前方,qiánfāng,前方,4,HSKpractice_exercises
2460,敲,qiāo,叩く,4,HSKpractice_exercises
2461,巧克力,qiǎokèlì,チョコレート,4,HSKpractice_exercises
2462,亲戚,qīnqi,親戚,4,HSKpractice_exercises
2463,琴,qín,楽器（弦楽器・鍵盤楽器の総称、例：钢琴＝ピアノ）※日本語の「琴」（こと）とは指すものが異なる,4,HSKpractice_exercises
2464,轻松,qīngsōng,気楽だ、楽だ,4,HSKpractice_exercises
2465,全都,quándōu,すべて,4,HSKpractice_exercises
2466,却,què,しかし,4,HSKpractice_exercises
2467,然而,rán'ér,しかしながら,4,HSKpractice_exercises
2468,热闹,rènào,にぎやかだ,4,HSKpractice_exercises
2469,扔,rēng,捨てる,4,HSKpractice_exercises
2470,日记,rìjì,日記,4,HSKpractice_exercises
2471,入,rù,入る,4,HSKpractice_exercises
2472,入学,rùxué,入学する,4,HSKpractice_exercises
2473,入住,rùzhù,チェックインする,4,HSKpractice_exercises
2474,扫码,sǎomǎ,QRコードをスキャンする,4,HSKpractice_exercises
2475,森林,sēnlín,森林,4,HSKpractice_exercises
2476,上门,shàngmén,訪問する,4,HSKpractice_exercises
2477,稍,shāo,少し,4,HSKpractice_exercises
2478,稍微,shāowēi,少し,4,HSKpractice_exercises
2479,少见,shǎojiàn,めったにない,4,HSKpractice_exercises
2480,少量,shǎoliàng,少量,4,HSKpractice_exercises
2481,摄氏度,shèshìdù,摂氏度,4,HSKpractice_exercises
2482,身,shēn,体,4,HSKpractice_exercises
2483,申请,shēnqǐng,申請する,4,HSKpractice_exercises
2484,甚至,shènzhì,さらには,4,HSKpractice_exercises
2485,剩,shèng,残る,4,HSKpractice_exercises
2486,失败,shībài,失敗,4,HSKpractice_exercises
2487,师傅,shīfu,師匠,4,HSKpractice_exercises
2488,师生,shīshēng,教師と学生,4,HSKpractice_exercises
2489,失望,shīwàng,失望する,4,HSKpractice_exercises
2490,时间表,shíjiānbiǎo,時間表,4,HSKpractice_exercises
2491,食堂,shítáng,食堂,4,HSKpractice_exercises
2492,十字路口,shízì lùkǒu,十字路,4,HSKpractice_exercises
2493,使馆,shǐguǎn,大使館,4,HSKpractice_exercises
2494,是否,shìfǒu,〜かどうか,4,HSKpractice_exercises
2495,视频,shìpín,動画,4,HSKpractice_exercises
2496,市区,shìqū,市街地,4,HSKpractice_exercises
2497,收拾,shōushí,片付ける,4,HSKpractice_exercises
2498,首,shǒu,〜曲(量詞),4,HSKpractice_exercises
2499,受不了,shòubuliǎo,我慢できない,4,HSKpractice_exercises
2500,售票员,shòupiàoyuán,切符販売員,4,HSKpractice_exercises
2501,熟悉,shúxī,熟知している,4,HSKpractice_exercises
2502,暑假,shǔjià,夏休み,4,HSKpractice_exercises
2503,树林,shùlín,林,4,HSKpractice_exercises
2504,帅,shuài,かっこいい,4,HSKpractice_exercises
2505,顺便,shùnbiàn,ついでに,4,HSKpractice_exercises
2506,顺序,shùnxù,順序,4,HSKpractice_exercises
2507,说法,shuōfǎ,言い方,4,HSKpractice_exercises
2508,说明书,shuōmíngshū,説明書,4,HSKpractice_exercises
2509,硕士,shuòshì,修士,4,HSKpractice_exercises
2510,塑料,sùliào,プラスチック,4,HSKpractice_exercises
2511,酸,suān,酸っぱい,4,HSKpractice_exercises
2512,酸奶,suānnǎi,ヨーグルト,4,HSKpractice_exercises
2513,随着,suízhe,〜につれて,4,HSKpractice_exercises
2514,孙女,sūnnǚ,孫娘,4,HSKpractice_exercises
2515,孙子,sūnzi,孫息子,4,HSKpractice_exercises
2516,抬,tái,持ち上げる（担ぐ）,4,HSKpractice_exercises
2517,抬头,táitóu,頭（顔）を上げる,4,HSKpractice_exercises
2518,弹,tán,（楽器を）弾く、はじく,4,HSKpractice_exercises
2519,躺,tǎng,横になる,4,HSKpractice_exercises
2520,趟,tàng,〜回(量詞),4,HSKpractice_exercises
2521,讨厌,tǎoyàn,嫌う、嫌だ、うっとうしい,4,HSKpractice_exercises
2522,提供,tígōng,提供する,4,HSKpractice_exercises
2523,提醒,tíxǐng,注意を促す,4,HSKpractice_exercises
2524,体检,tǐjiǎn,健康診断,4,HSKpractice_exercises
2525,体温,tǐwēn,体温,4,HSKpractice_exercises
2526,体重,tǐzhòng,体重,4,HSKpractice_exercises
2527,填写,tiánxiě,記入する,4,HSKpractice_exercises
2528,童年,tóngnián,幼少期,4,HSKpractice_exercises
2529,桶,tǒng,桶,4,HSKpractice_exercises
2530,头痛,tóutòng,頭痛,4,HSKpractice_exercises
2531,推迟,tuīchí,延期する,4,HSKpractice_exercises
2532,推出,tuīchū,打ち出す（リリースする）,4,HSKpractice_exercises
2533,脱,tuō,脱ぐ,4,HSKpractice_exercises
2534,袜子,wàzi,靴下,4,HSKpractice_exercises
2535,外出,wàichū,外出する,4,HSKpractice_exercises
2536,外套,wàitào,コート,4,HSKpractice_exercises
2537,网购,wǎnggòu,ネット通販,4,HSKpractice_exercises
2538,网页,wǎngyè,ウェブページ,4,HSKpractice_exercises
2539,网址,wǎngzhǐ,URL,4,HSKpractice_exercises
2540,味,wèi,味,4,HSKpractice_exercises
2541,污染,wūrǎn,汚染,4,HSKpractice_exercises
2542,无,wú,ない,4,HSKpractice_exercises
2543,无法,wúfǎ,〜する方法がない,4,HSKpractice_exercises
2544,无聊,wúliáo,退屈だ,4,HSKpractice_exercises
2545,无论,wúlùn,〜にかかわらず,4,HSKpractice_exercises
2546,误会,wùhuì,誤解,4,HSKpractice_exercises
2547,吸,xī,吸う,4,HSKpractice_exercises
2548,西红柿,xīhóngshì,トマト,4,HSKpractice_exercises
2549,吸引,xīyǐn,引きつける,4,HSKpractice_exercises
2550,细,xì,細い,4,HSKpractice_exercises
2551,细心,xìxīn,細心,4,HSKpractice_exercises
2552,下降,xiàjiàng,下降する,4,HSKpractice_exercises
2553,鲜,xiān,新鮮,4,HSKpractice_exercises
2554,鲜花,xiānhuā,生花,4,HSKpractice_exercises
2555,咸,xián,塩辛い,4,HSKpractice_exercises
2556,羡慕,xiànmù,うらやむ,4,HSKpractice_exercises
2557,线上,xiànshàng,オンライン,4,HSKpractice_exercises
2558,线下,xiànxià,オフライン,4,HSKpractice_exercises
2559,现有,xiànyǒu,現有の,4,HSKpractice_exercises
2560,相反,xiāngfǎn,逆に,4,HSKpractice_exercises
2561,详细,xiángxì,詳しい,4,HSKpractice_exercises
2562,项,xiàng,〜項目(量詞),4,HSKpractice_exercises
2563,小吃,xiǎochī,軽食,4,HSKpractice_exercises
2564,小伙子,xiǎohuǒzi,若者,4,HSKpractice_exercises
2565,辛苦,xīnkǔ,大変だ、苦労する,4,HSKpractice_exercises
2566,兴奋,xīngfèn,興奮する,4,HSKpractice_exercises
2567,醒,xǐng,目が覚める,4,HSKpractice_exercises
2568,兄弟,xiōngdì,兄弟,4,HSKpractice_exercises
2569,熊,xióng,熊,4,HSKpractice_exercises
2570,修理,xiūlǐ,修理する,4,HSKpractice_exercises
2571,牙膏,yágāo,歯磨き粉,4,HSKpractice_exercises
2572,亚洲,Yàzhōu,アジア,4,HSKpractice_exercises
2573,盐,yán,塩,4,HSKpractice_exercises
2574,严格,yángé,厳格,4,HSKpractice_exercises
2575,研究,yánjiū,研究する,4,HSKpractice_exercises
2576,研究生,yánjiūshēng,大学院生,4,HSKpractice_exercises
2577,严重,yánzhòng,深刻だ、重大だ,4,HSKpractice_exercises
2578,眼镜,yǎnjìng,眼鏡,4,HSKpractice_exercises
2579,养成,yǎngchéng,身につける、養成する,4,HSKpractice_exercises
2580,邀请,yāoqǐng,招待する,4,HSKpractice_exercises
2581,钥匙,yàoshi,鍵,4,HSKpractice_exercises
2582,夜晚,yèwǎn,夜,4,HSKpractice_exercises
2583,叶子,yèzi,葉,4,HSKpractice_exercises
2584,以内,yǐnèi,以内,4,HSKpractice_exercises
2585,引起,yǐnqǐ,引き起こす,4,HSKpractice_exercises
2586,赢得,yíngdé,勝ち取る,4,HSKpractice_exercises
2587,应聘,yìngpìn,応募する,4,HSKpractice_exercises
2588,勇敢,yǒnggǎn,勇敢,4,HSKpractice_exercises
2589,用来,yònglái,〜に使う,4,HSKpractice_exercises
2590,用于,yòngyú,〜に用いる,4,HSKpractice_exercises
2591,幽默,yōumò,ユーモアがある,4,HSKpractice_exercises
2592,优秀,yōuxiù,優秀,4,HSKpractice_exercises
2593,尤其,yóuqí,特に,4,HSKpractice_exercises
2594,游玩,yóuwán,遊ぶ、観光する,4,HSKpractice_exercises
2595,友情,yǒuqíng,友情,4,HSKpractice_exercises
2596,有趣,yǒuqù,面白い,4,HSKpractice_exercises
2597,友谊,yǒuyì,友情,4,HSKpractice_exercises
2598,有着,yǒuzhe,持っている,4,HSKpractice_exercises
2599,愉快,yúkuài,楽しい,4,HSKpractice_exercises
2600,于是,yúshì,そこで,4,HSKpractice_exercises
2601,与,yǔ,〜と,4,HSKpractice_exercises
2602,语法,yǔfǎ,文法,4,HSKpractice_exercises
2603,原谅,yuánliàng,許す,4,HSKpractice_exercises
2604,远离,yuǎnlí,遠ざかる,4,HSKpractice_exercises
2605,约会,yuēhuì,デート,4,HSKpractice_exercises
2606,月饼,yuèbǐng,月餅,4,HSKpractice_exercises
2607,阅读,yuèdú,読書する,4,HSKpractice_exercises
2608,允许,yǔnxǔ,許可する,4,HSKpractice_exercises
2609,再次,zàicì,再び,4,HSKpractice_exercises
2610,再说,zàishuō,また今度言う、それに,4,HSKpractice_exercises
2611,暂时,zànshí,一時的に、今のところ,4,HSKpractice_exercises
2612,暂停,zàntíng,一時停止する,4,HSKpractice_exercises
2613,招聘,zhāopìn,募集する,4,HSKpractice_exercises
2614,着火,zháohuǒ,火事になる,4,HSKpractice_exercises
2615,之,zhī,〜の(文語),4,HSKpractice_exercises
2616,之后,zhīhòu,〜の後,4,HSKpractice_exercises
2617,之间,zhījiān,〜の間,4,HSKpractice_exercises
2618,之前,zhīqián,以前、〜前に,4,HSKpractice_exercises
2619,之中,zhīzhōng,〜の中,4,HSKpractice_exercises
2620,植物,zhíwù,植物,4,HSKpractice_exercises
2621,纸巾,zhǐjīn,ティッシュ,4,HSKpractice_exercises
2622,质量,zhìliàng,質,4,HSKpractice_exercises
2623,祝贺,zhùhè,祝う,4,HSKpractice_exercises
2624,著名,zhùmíng,著名,4,HSKpractice_exercises
2625,转发,zhuǎnfā,転送する、シェアする,4,HSKpractice_exercises
2626,转机,zhuǎnjī,乗り継ぐ,4,HSKpractice_exercises
2627,赚,zhuàn,稼ぐ,4,HSKpractice_exercises
2628,准时,zhǔnshí,定刻に,4,HSKpractice_exercises
2629,资料,zīliào,資料,4,HSKpractice_exercises
2630,仔细,zǐxì,注意深い,4,HSKpractice_exercises
2631,自,zì,〜から,4,HSKpractice_exercises
2632,自习,zìxí,自習する,4,HSKpractice_exercises
2633,自信,zìxìn,自信,4,HSKpractice_exercises
2634,自学,zìxué,独学する,4,HSKpractice_exercises
2635,最终,zuìzhōng,最終的に,4,HSKpractice_exercises
2636,尊重,zūnzhòng,尊重する,4,HSKpractice_exercises
2637,做梦,zuòmèng,夢を見る,4,HSKpractice_exercises
2638,作为,zuòwéi,〜として,4,HSKpractice_exercises
2639,座位,zuòwèi,座席,4,HSKpractice_exercises
2640,安慰,ānwèi,慰め,5,user_hsk5_6_list
2641,岸,àn,岸、岸辺,5,user_hsk5_6_list
2642,岸上,ànshàng,岸辺,5,user_hsk5_6_list
2643,按摩,ànmó,マッサージ,5,user_hsk5_6_list
2644,拔,bá,抜く,5,user_hsk5_6_list
2645,拜访,bàifǎng,訪問,5,user_hsk5_6_list
2646,版,bǎn,〜版（例：出版）、版,5,user_hsk5_6_list
2647,扮演,bànyǎn,演じる,5,user_hsk5_6_list
2648,包围,bāowéi,包囲,5,user_hsk5_6_list
2649,包装,bāozhuāng,包装,5,user_hsk5_6_list
2650,保卫,bǎowèi,防衛,5,user_hsk5_6_list
2651,保养,bǎoyǎng,メンテナンス,5,user_hsk5_6_list
2652,报答,bàodá,恩返し,5,user_hsk5_6_list
2653,报警,bàojǐng,通報,5,user_hsk5_6_list
2654,抱怨,bàoyuàn,不満,5,user_hsk5_6_list
2655,悲剧,bēijù,悲劇,5,user_hsk5_6_list
2656,悲伤,bēishāng,悲しみ,5,user_hsk5_6_list
2657,北极,běijí,北極,5,user_hsk5_6_list
2658,被动,bèidòng,受動,5,user_hsk5_6_list
2659,辈,bèi,世代,5,user_hsk5_6_list
2660,本人,běnrén,本人,5,user_hsk5_6_list
2661,比方,bǐfāng,例えば,5,user_hsk5_6_list
2662,比重,bǐzhòng,比重,5,user_hsk5_6_list
2663,彼此,bǐcǐ,互いに,5,user_hsk5_6_list
2664,必,bì,必ず,5,user_hsk5_6_list
2665,必需,bìxū,必須,5,user_hsk5_6_list
2666,毕竟,bìjìng,結局,5,user_hsk5_6_list
2667,闭幕,bìmù,閉幕,5,user_hsk5_6_list
2668,闭幕式,bìmùshì,閉幕式,5,user_hsk5_6_list
2669,边境,biānjìng,国境,5,user_hsk5_6_list
2670,编辑,biānjí,編集,5,user_hsk5_6_list
2671,变动,biàndòng,変動,5,user_hsk5_6_list
2672,便利,biànlì,便利,5,user_hsk5_6_list
2673,便条,biàntiáo,メモ,5,user_hsk5_6_list
2674,宾馆,bīnguǎn,ホテル,5,user_hsk5_6_list
2675,饼,bǐng,ケーキ,5,user_hsk5_6_list
2676,病毒,bìngdú,ウイルス,5,user_hsk5_6_list
2677,玻璃,bōli,ガラス,5,user_hsk5_6_list
2678,博客,bókè,ブログ,5,user_hsk5_6_list
2679,博览会,bólǎnhuì,博覧会,5,user_hsk5_6_list
2680,博物馆,bówùguǎn,博物館,5,user_hsk5_6_list
2681,薄弱,bóruò,脆弱,5,user_hsk5_6_list
2682,不顾,búgù,顧みない,5,user_hsk5_6_list
2683,不利,búlì,不利,5,user_hsk5_6_list
2684,不耐烦,búnàifán,苛立ち,5,user_hsk5_6_list
2685,不幸,búxìng,不幸,5,user_hsk5_6_list
2686,不易,búyì,容易ではない,5,user_hsk5_6_list
2687,补偿,bǔcháng,補償,5,user_hsk5_6_list
2688,补贴,bǔtiē,補助金,5,user_hsk5_6_list
2689,不曾,bùcéng,かつてない,5,user_hsk5_6_list
2690,不得了,búdéliǎo,大変なこと,5,user_hsk5_6_list
2691,不敢当,bùgǎndāng,おこがましい,5,user_hsk5_6_list
2692,不良,bùliáng,悪い、良くない、品質が悪い（形容詞として一般的に使う。日本語の「不良」のような「不良少年・不良品」に限定されたニュアンスではない）,5,user_hsk5_6_list
2693,不免,bùmiǎn,避けられない,5,user_hsk5_6_list
2694,不能不,bùnéngbù,どうしても,5,user_hsk5_6_list
2695,不时,bùshí,時折,5,user_hsk5_6_list
2696,不停,bùtíng,絶えず,5,user_hsk5_6_list
2697,不许,bùxǔ,禁止,5,user_hsk5_6_list
2698,不止,bùzhǐ,止まらない,5,user_hsk5_6_list
2699,不足,bùzú,不足,5,user_hsk5_6_list
2700,部位,bùwèi,部位,5,user_hsk5_6_list
2701,猜测,cāicè,推察,5,user_hsk5_6_list
2702,裁判,cáipàn,審判,5,user_hsk5_6_list
2703,采购,cǎigòu,調達,5,user_hsk5_6_list
2704,彩票,cǎipiào,宝くじ,5,user_hsk5_6_list
2705,餐馆,cānguǎn,食堂,5,user_hsk5_6_list
2706,餐饮,cānyǐn,飲食,5,user_hsk5_6_list
2707,草原,cǎoyuán,草原,5,user_hsk5_6_list
2708,册,cè,冊子,5,user_hsk5_6_list
2709,层次,céngcì,レベル,5,user_hsk5_6_list
2710,叉,chā,フォーク,5,user_hsk5_6_list
2711,叉子,chāzi,フォーク,5,user_hsk5_6_list
2712,差别,chābié,違い,5,user_hsk5_6_list
2713,差距,chājù,差,5,user_hsk5_6_list
2714,插,chā,挿す,5,user_hsk5_6_list
2715,查询,cháxún,検索,5,user_hsk5_6_list
2716,拆,chāi,解体,5,user_hsk5_6_list
2717,拆除,chāichú,解体,5,user_hsk5_6_list
2718,产业,chǎnyè,産業,5,user_hsk5_6_list
2719,长度,chángdù,長さ,5,user_hsk5_6_list
2720,长寿,chángshòu,長寿,5,user_hsk5_6_list
2721,肠,cháng,腸,5,user_hsk5_6_list
2722,尝,cháng,味わう,5,user_hsk5_6_list
2723,尝试,chángshì,試す,5,user_hsk5_6_list
2724,厂长,chǎngzhǎng,工場長,5,user_hsk5_6_list
2725,场面,chǎngmiàn,場面,5,user_hsk5_6_list
2726,倡导,chàngdǎo,提唱,5,user_hsk5_6_list
2727,超越,chāoyuè,超越,5,user_hsk5_6_list
2728,车主,chēzhǔ,車の所有者,5,user_hsk5_6_list
2729,称号,chēnghào,称号,5,user_hsk5_6_list
2730,成本,chéngběn,コスト,5,user_hsk5_6_list
2731,成交,chéngjiāo,成約,5,user_hsk5_6_list
2732,成效,chéngxiào,成果,5,user_hsk5_6_list
2733,成语,chéngyǔ,成語,5,user_hsk5_6_list
2734,承办,chéngbàn,主催,5,user_hsk5_6_list
2735,城里,chénglǐ,街中,5,user_hsk5_6_list
2736,乘车,chéngchē,乗車,5,user_hsk5_6_list
2737,吃力,chīlì,苦労,5,user_hsk5_6_list
2738,池子,chízi,池,5,user_hsk5_6_list
2739,冲动,chōngdòng,衝動,5,user_hsk5_6_list
2740,冲突,chōngtū,衝突,5,user_hsk5_6_list
2741,充足,chōngzú,十分,5,user_hsk5_6_list
2742,愁,chóu,憂い,5,user_hsk5_6_list
2743,丑,chǒu,醜い（みにくい）,5,user_hsk5_6_list
2744,臭,chòu,臭い,5,user_hsk5_6_list
2745,出版,chūbǎn,出版,5,user_hsk5_6_list
2746,出汗,chūhàn,汗をかく,5,user_hsk5_6_list
2747,出于,chūyú,～から,5,user_hsk5_6_list
2748,初期,chūqī,初期,5,user_hsk5_6_list
2749,除非,chúfēi,～でない限り,5,user_hsk5_6_list
2750,除夕,chúxī,大晦日,5,user_hsk5_6_list
2751,处罚,chǔfá,処罰,5,user_hsk5_6_list
2752,处分,chǔfèn,処分,5,user_hsk5_6_list
2753,处在,chǔzài,～にある,5,user_hsk5_6_list
2754,传达,chuándá,伝達,5,user_hsk5_6_list
2755,传递,chuándì,伝達する,5,user_hsk5_6_list
2756,传真,chuánzhēn,ファックス,5,user_hsk5_6_list
2757,窗帘,chuānglián,カーテン,5,user_hsk5_6_list
2758,闯,chuǎng,乱入,5,user_hsk5_6_list
2759,创立,chuànglì,設立,5,user_hsk5_6_list
2760,辞典,cídiǎn,辞書,5,user_hsk5_6_list
2761,辞职,cízhí,辞職,5,user_hsk5_6_list
2762,此后,cǐhòu,その後,5,user_hsk5_6_list
2763,此刻,cǐkè,今この瞬間,5,user_hsk5_6_list
2764,此时,cǐshí,今この時,5,user_hsk5_6_list
2765,聪明,cōngming,賢い,5,user_hsk5_6_list
2766,从而,cóng’ér,それによって,5,user_hsk5_6_list
2767,脆,cuì,もろい,5,user_hsk5_6_list
2768,存款,cúnkuǎn,預金,5,user_hsk5_6_list
2769,寸,cùn,一寸,5,user_hsk5_6_list
2770,达成,dáchéng,達成,5,user_hsk5_6_list
2771,答复,dáfù,返答,5,user_hsk5_6_list
2772,打,dǎ,〜から（起点を表す前置詞、例：打这儿走）,5,user_hsk5_6_list
2773,打扮,dǎban,身だしなみ,5,user_hsk5_6_list
2774,打包,dǎbāo,梱包,5,user_hsk5_6_list
2775,打击,dǎjī,打撃,5,user_hsk5_6_list
2776,打架,dǎjià,喧嘩,5,user_hsk5_6_list
2777,大胆,dàdǎn,大胆,5,user_hsk5_6_list
2778,大都,dàdōu,ほとんど,5,user_hsk5_6_list
2779,大纲,dàgāng,概要,5,user_hsk5_6_list
2780,大伙儿,dàhuǒr,みんな,5,user_hsk5_6_list
2781,大奖赛,dàjiǎngsài,グランプリ,5,user_hsk5_6_list
2782,大脑,dànǎo,脳,5,user_hsk5_6_list
2783,大事,dàshì,重大なこと、大事件（日本語の「大事＝重要」という形容動詞的な使い方より、名詞として「大きな出来事」を指すことが多い）,5,user_hsk5_6_list
2784,大象,dàxiàng,ゾウ,5,user_hsk5_6_list
2785,大熊猫,dàxióngmāo,ジャイアントパンダ,5,user_hsk5_6_list
2786,大于,dàyú,より大きい,5,user_hsk5_6_list
2787,大致,dàzhì,おおよそ,5,user_hsk5_6_list
2788,呆,dāi,ぼんやり,5,user_hsk5_6_list
2789,待,dài,待つ,5,user_hsk5_6_list
2790,代价,dàijià,代償,5,user_hsk5_6_list
2791,代理,dàilǐ,代理人,5,user_hsk5_6_list
2792,带有,dàiyǒu,～を伴う,5,user_hsk5_6_list
2793,贷款,dàikuǎn,ローン,5,user_hsk5_6_list
2794,单一,dānyī,単一,5,user_hsk5_6_list
2795,胆,dǎn,度胸,5,user_hsk5_6_list
2796,胆小,dǎnxiǎo,臆病,5,user_hsk5_6_list
2797,蛋糕,dàngāo,ケーキ,5,user_hsk5_6_list
2798,当场,dāngchǎng,その場,5,user_hsk5_6_list
2799,当代,dāngdài,現代,5,user_hsk5_6_list
2800,当年,dāngnián,当時,5,user_hsk5_6_list
2801,当前,dāngqián,現在,5,user_hsk5_6_list
2802,当选,dāngxuǎn,当選,5,user_hsk5_6_list
2803,挡,dǎng,防ぐ,5,user_hsk5_6_list
2804,倒是,dàoshì,むしろ,5,user_hsk5_6_list
2805,道德,dàodé,道徳,5,user_hsk5_6_list
2806,得了,déle,得た,5,user_hsk5_6_list
2807,得以,déyǐ,～することができた,5,user_hsk5_6_list
2808,等候,děnghòu,待つ,5,user_hsk5_6_list
2809,等级,děngjí,等級,5,user_hsk5_6_list
2810,地带,dìdài,地域,5,user_hsk5_6_list
2811,地形,dìxíng,地形,5,user_hsk5_6_list
2812,地震,dìzhèn,地震,5,user_hsk5_6_list
2813,递,dì,手渡す,5,user_hsk5_6_list
2814,递给,dìgěi,式典,5,user_hsk5_6_list
2815,典礼,diǎnlǐ,式典,5,user_hsk5_6_list
2816,点燃,diǎnrán,点火,5,user_hsk5_6_list
2817,电池,diànchí,電池,5,user_hsk5_6_list
2818,电饭锅,diànfànguō,炊飯器,5,user_hsk5_6_list
2819,电子版,diànzǐbǎn,電子版,5,user_hsk5_6_list
2820,调动,diàodòng,異動,5,user_hsk5_6_list
2821,丢,diū,紛失,5,user_hsk5_6_list
2822,动机,dòngjī,動機,5,user_hsk5_6_list
2823,动手,dòngshǒu,着手,5,user_hsk5_6_list
2824,动态,dòngtài,動向,5,user_hsk5_6_list
2825,动员,dòngyuán,動員,5,user_hsk5_6_list
2826,冻,dòng,凍結,5,user_hsk5_6_list
2827,洞,dòng,穴,5,user_hsk5_6_list
2828,豆制品,dòuzhìpǐn,豆製品,5,user_hsk5_6_list
2829,毒,dú,毒,5,user_hsk5_6_list
2830,堆,duī,山積み,5,user_hsk5_6_list
2831,对立,duìlì,対立,5,user_hsk5_6_list
2832,对应,duìyìng,対応,5,user_hsk5_6_list
2833,吨,dūn,トン,5,user_hsk5_6_list
2834,朵,duǒ,花,5,user_hsk5_6_list
2835,躲,duǒ,隠れる,5,user_hsk5_6_list
2836,儿女,érnǚ,子供,5,user_hsk5_6_list
2837,耳朵,ěrduo,耳,5,user_hsk5_6_list
2838,二维码,èrwéimǎ,QRコード,5,user_hsk5_6_list
2839,发布,fābù,発表,5,user_hsk5_6_list
2840,发觉,fājué,発見,5,user_hsk5_6_list
2841,发射,fāshè,発射,5,user_hsk5_6_list
2842,发行,fāxíng,発行,5,user_hsk5_6_list
2843,罚,fá,罰,5,user_hsk5_6_list
2844,罚款,fákuǎn,罰金,5,user_hsk5_6_list
2845,法规,fǎguī,法規,5,user_hsk5_6_list
2846,法制,fǎzhì,法制,5,user_hsk5_6_list
2847,繁荣,fánróng,繁栄,5,user_hsk5_6_list
2848,返回,fǎnhuí,戻る,5,user_hsk5_6_list
2849,防治,fángzhì,予防・対策,5,user_hsk5_6_list
2850,放大,fàngdà,拡大,5,user_hsk5_6_list
2851,分成,fēnchéng,分割,5,user_hsk5_6_list
2852,分解,fēnjiě,分解,5,user_hsk5_6_list
2853,分类,fēnlèi,分類,5,user_hsk5_6_list
2854,分离,fēnlí,分離,5,user_hsk5_6_list
2855,分析,fēnxī,分析,5,user_hsk5_6_list
2856,分享,fēnxiǎng,共有,5,user_hsk5_6_list
2857,丰收,fēngshōu,豊作,5,user_hsk5_6_list
2858,风度,fēngdù,品格,5,user_hsk5_6_list
2859,风光,fēngguāng,風光明媚,5,user_hsk5_6_list
2860,封,fēng,封をする、閉じる（動詞用法）,5,user_hsk5_6_list
2861,疯,fēng,狂気,5,user_hsk5_6_list
2862,疯狂,fēngkuáng,狂乱,5,user_hsk5_6_list
2863,扶,fú,支援,5,user_hsk5_6_list
2864,服从,fúcóng,服従,5,user_hsk5_6_list
2865,幅度,fúdù,振幅,5,user_hsk5_6_list
2866,福利,fúlì,福利,5,user_hsk5_6_list
2867,辅助,fǔzhù,補助,5,user_hsk5_6_list
2868,附件,fùjiàn,添付ファイル,5,user_hsk5_6_list
2869,改革,gǎigé,改革,5,user_hsk5_6_list
2870,干脆,gāncuì,きっぱり,5,user_hsk5_6_list
2871,干扰,gānrǎo,干渉,5,user_hsk5_6_list
2872,干预,gānyù,介入,5,user_hsk5_6_list
2873,感想,gǎnxiǎng,感想,5,user_hsk5_6_list
2874,钢笔,gāngbǐ,万年筆,5,user_hsk5_6_list
2875,高大,gāodà,背が高い,5,user_hsk5_6_list
2876,高度,gāodù,高さ,5,user_hsk5_6_list
2877,高跟鞋,gāogēnxié,ハイヒール,5,user_hsk5_6_list
2878,高原,gāoyuán,高原,5,user_hsk5_6_list
2879,搞,gǎo,やる,5,user_hsk5_6_list
2880,搞好,gǎohǎo,しっかり,5,user_hsk5_6_list
2881,歌曲,gēqǔ,歌,5,user_hsk5_6_list
2882,隔壁,gébì,隣,5,user_hsk5_6_list
2883,个儿,gèr,一人,5,user_hsk5_6_list
2884,跟前,gēnqián,目の前,5,user_hsk5_6_list
2885,跟随,gēnsuí,従う,5,user_hsk5_6_list
2886,更换,gēnghuàn,交換,5,user_hsk5_6_list
2887,更新,gēngxīn,更新,5,user_hsk5_6_list
2888,工艺,gōngyì,技術,5,user_hsk5_6_list
2889,工作日,gōngzuòrì,平日,5,user_hsk5_6_list
2890,公告,gōnggào,告知,5,user_hsk5_6_list
2891,公认,gōngrèn,公認,5,user_hsk5_6_list
2892,公式,gōngshì,公式（数式・計算式の意味が中心。日本語の「公式（＝official）」の意味は薄い）,5,user_hsk5_6_list
2893,公正,gōngzhèng,公正,5,user_hsk5_6_list
2894,共计,gòngjì,合計,5,user_hsk5_6_list
2895,共享,gòngxiǎng,共有,5,user_hsk5_6_list
2896,沟,gōu,溝,5,user_hsk5_6_list
2897,沟通,gōutōng,コミュニケーション,5,user_hsk5_6_list
2898,古老,gǔlǎo,古くからの,5,user_hsk5_6_list
2899,鼓,gǔ,太鼓,5,user_hsk5_6_list
2900,鼓掌,gǔzhǎng,拍手,5,user_hsk5_6_list
2901,顾问,gùwèn,顧問,5,user_hsk5_6_list
2902,怪,guài,責める、とがめる（動詞用法）,5,user_hsk5_6_list
2903,关怀,guānhuái,思いやり,5,user_hsk5_6_list
2904,冠军,guànjūn,チャンピオン,5,user_hsk5_6_list
2905,光荣,guāngróng,栄光,5,user_hsk5_6_list
2906,光线,guāngxiàn,光線,5,user_hsk5_6_list
2907,广,guǎng,広,5,user_hsk5_6_list
2908,广泛,guǎngfàn,広範囲,5,user_hsk5_6_list
2909,规划,guīhuà,計画,5,user_hsk5_6_list
2910,鬼,guǐ,幽霊,5,user_hsk5_6_list
2911,柜子,guìzi,戸棚,5,user_hsk5_6_list
2912,滚,gǔn,転がる,5,user_hsk5_6_list
2913,锅,guō,鍋,5,user_hsk5_6_list
2914,国民,guómín,国民,5,user_hsk5_6_list
2915,过度,guòdù,過度,5,user_hsk5_6_list
2916,过敏,guòmǐn,アレルギー,5,user_hsk5_6_list
2917,过于,guòyú,過度に,5,user_hsk5_6_list
2918,害,hài,害、害する,5,user_hsk5_6_list
2919,好运,hǎoyùn,幸運,5,user_hsk5_6_list
2920,号召,hàozhào,呼びかけ,5,user_hsk5_6_list
2921,合并,hébìng,合併,5,user_hsk5_6_list
2922,合成,héchéng,合成,5,user_hsk5_6_list
2923,盒,hé,箱,5,user_hsk5_6_list
2924,盒饭,héfàn,弁当,5,user_hsk5_6_list
2925,贺卡,hèkǎ,グリーティングカード,5,user_hsk5_6_list
2926,恨,hèn,恨み,5,user_hsk5_6_list
2927,猴,hóu,猿,5,user_hsk5_6_list
2928,胡同儿,hútòngr,路地,5,user_hsk5_6_list
2929,胡子,húzi,ひげ,5,user_hsk5_6_list
2930,虎,hǔ,虎,5,user_hsk5_6_list
2931,华语,huáyǔ,中国語,5,user_hsk5_6_list
2932,滑,huá,滑る,5,user_hsk5_6_list
2933,化石,huàshí,化石,5,user_hsk5_6_list
2934,划分,huàfēn,区分,5,user_hsk5_6_list
2935,画面,huàmiàn,画面,5,user_hsk5_6_list
2936,环节,huánjié,段階,5,user_hsk5_6_list
2937,慌,huāng,慌て,5,user_hsk5_6_list
2938,慌忙,huāngmáng,慌ただしい,5,user_hsk5_6_list
2939,灰色,huīsè,灰色,5,user_hsk5_6_list
2940,恢复,huīfù,回復,5,user_hsk5_6_list
2941,回报,huíbào,見返り,5,user_hsk5_6_list
2942,回避,huíbì,回避,5,user_hsk5_6_list
2943,回顾,huígù,振り返り,5,user_hsk5_6_list
2944,回收,huíshōu,回収,5,user_hsk5_6_list
2945,回头,huítóu,振り返る,5,user_hsk5_6_list
2946,汇款,huìkuǎn,送金,5,user_hsk5_6_list
2947,会谈,huìtán,会談,5,user_hsk5_6_list
2948,活力,huólì,活力,5,user_hsk5_6_list
2949,火柴,huǒchái,マッチ,5,user_hsk5_6_list
2950,火腿,huǒtuǐ,ハム,5,user_hsk5_6_list
2951,火灾,huǒzāi,火災,5,user_hsk5_6_list
2952,或是,huòshì,あるいは,5,user_hsk5_6_list
2953,机器人,jīqìrén,ロボット,5,user_hsk5_6_list
2954,机制,jīzhì,メカニズム,5,user_hsk5_6_list
2955,肌肉,jīròu,筋肉,5,user_hsk5_6_list
2956,基地,jīdì,基地、拠点（軍事に限らず、研究・生産拠点なども広く指す）,5,user_hsk5_6_list
2957,基金,jījīn,基金、ファンド,5,user_hsk5_6_list
2958,集团,jítuán,グループ,5,user_hsk5_6_list
2959,挤,jǐ,押し込む,5,user_hsk5_6_list
2960,记忆,jìyì,記憶,5,user_hsk5_6_list
2961,技能,jìnéng,スキル,5,user_hsk5_6_list
2962,继承,jìchéng,継承,5,user_hsk5_6_list
2963,加热,jiārè,加熱,5,user_hsk5_6_list
2964,加速,jiāsù,加速,5,user_hsk5_6_list
2965,加以,jiāyǐ,さらに,5,user_hsk5_6_list
2966,夹,jiā,挟む,5,user_hsk5_6_list
2967,甲,jiǎ,甲（第一位、または甲殻）,5,user_hsk5_6_list
2968,价,jià,価格,5,user_hsk5_6_list
2969,驾驶,jiàshǐ,運転,5,user_hsk5_6_list
2970,驾照,jiàzhào,運転免許,5,user_hsk5_6_list
2971,坚定,jiāndìng,確固たる,5,user_hsk5_6_list
2972,肩,jiān,肩,5,user_hsk5_6_list
2973,艰苦,jiānkǔ,過酷な,5,user_hsk5_6_list
2974,艰难,jiānnán,困難な,5,user_hsk5_6_list
2975,检验,jiǎnyàn,検査,5,user_hsk5_6_list
2976,剪,jiǎn,切る,5,user_hsk5_6_list
2977,剪刀,jiǎndāo,はさみ,5,user_hsk5_6_list
2978,剪子,jiǎnzi,ハサミ,5,user_hsk5_6_list
2979,间接,jiànjiē,間接的な,5,user_hsk5_6_list
2980,建造,jiànzào,建設,5,user_hsk5_6_list
2981,建筑,jiànzhù,建築,5,user_hsk5_6_list
2982,健全,jiànquán,健全な,5,user_hsk5_6_list
2983,键,jiàn,キー,5,user_hsk5_6_list
2984,键盘,jiànpán,キーボード,5,user_hsk5_6_list
2985,奖励,jiǎnglì,報酬,5,user_hsk5_6_list
2986,交代,jiāodài,説明,5,user_hsk5_6_list
2987,胶带,jiāodài,テープ,5,user_hsk5_6_list
2988,胶水,jiāoshuǐ,接着剤,5,user_hsk5_6_list
2989,脚步,jiǎobù,足音,5,user_hsk5_6_list
2990,接触,jiēchù,接触,5,user_hsk5_6_list
2991,接连,jiēlián,連続,5,user_hsk5_6_list
2992,解除,jiěchú,解除,5,user_hsk5_6_list
2993,解放,jiěfàng,解放,5,user_hsk5_6_list
2994,戒,jiè,戒律,5,user_hsk5_6_list
2995,届,jiè,任期,5,user_hsk5_6_list
2996,今日,jīnrì,今日,5,user_hsk5_6_list
2997,紧紧,jǐnjǐn,しっかりと,5,user_hsk5_6_list
2998,尽可能,jǐnkěnéng,できる限り,5,user_hsk5_6_list
2999,进化,jìnhuà,進化,5,user_hsk5_6_list
3000,近来,jìnlái,最近,5,user_hsk5_6_list
3001,经费,jīngfèi,経費,5,user_hsk5_6_list
3002,景象,jǐngxiàng,光景,5,user_hsk5_6_list
3003,警告,jǐnggào,警告,5,user_hsk5_6_list
3004,竞赛,jìngsài,競技,5,user_hsk5_6_list
3005,酒鬼,jiǔguǐ,酒飲み,5,user_hsk5_6_list
3006,救灾,jiùzāi,災害救援,5,user_hsk5_6_list
3007,居然,jūrán,まさか,5,user_hsk5_6_list
3008,局面,júmiàn,情勢,5,user_hsk5_6_list
3009,局长,júzhǎng,局長,5,user_hsk5_6_list
3010,举动,jǔdòng,行動,5,user_hsk5_6_list
3011,俱乐部,jùlèbù,クラブ,5,user_hsk5_6_list
3012,剧本,jùběn,脚本,5,user_hsk5_6_list
3013,决不,juébù,決して,5,user_hsk5_6_list
3014,绝望,juéwàng,絶望,5,user_hsk5_6_list
3015,军人,jūnrén,軍人,5,user_hsk5_6_list
3016,开幕,kāimù,開幕,5,user_hsk5_6_list
3017,开幕式,kāimùshì,開会式,5,user_hsk5_6_list
3018,看成,kànchéng,～と見なす,5,user_hsk5_6_list
3019,看出,kànchū,～と見る,5,user_hsk5_6_list
3020,看待,kàndài,～と捉える,5,user_hsk5_6_list
3021,考核,kǎohé,評価,5,user_hsk5_6_list
3022,烤肉,kǎoròu,焼肉,5,user_hsk5_6_list
3023,烤鸭,kǎoyā,北京ダック,5,user_hsk5_6_list
3024,靠近,kàojìn,近づく,5,user_hsk5_6_list
3025,颗,kē,粒,5,user_hsk5_6_list
3026,可,kě,〜できる、可能である（例：可以の可）,5,user_hsk5_6_list
3027,可怜,kělián,哀れ,5,user_hsk5_6_list
3028,渴望,kěwàng,渇望,5,user_hsk5_6_list
3029,客户,kèhù,顧客,5,user_hsk5_6_list
3030,课题,kètí,課題,5,user_hsk5_6_list
3031,空中,kōngzhōng,空中,5,user_hsk5_6_list
3032,控制,kòngzhì,制御,5,user_hsk5_6_list
3033,口号,kǒuhào,スローガン,5,user_hsk5_6_list
3034,库,kù,倉庫,5,user_hsk5_6_list
3035,快活,kuàihuo,陽気,5,user_hsk5_6_list
3036,宽度,kuāndù,幅,5,user_hsk5_6_list
3037,狂,kuáng,狂気,5,user_hsk5_6_list
3038,亏,kuī,損失,5,user_hsk5_6_list
3039,困扰,kùnrǎo,悩み,5,user_hsk5_6_list
3040,落,là,置き忘れる、抜け落ちる、取り残す（第四声 luò「落ちる」とは別の読み）,5,user_hsk5_6_list
3041,来信,láixìn,手紙,5,user_hsk5_6_list
3042,烂,làn,腐った,5,user_hsk5_6_list
3043,朗读,lǎngdú,朗読,5,user_hsk5_6_list
3044,劳动,láodòng,労働,5,user_hsk5_6_list
3045,梨,lí,梨,5,user_hsk5_6_list
3046,礼,lǐ,礼、礼儀、贈り物,5,user_hsk5_6_list
3047,礼拜,lǐbài,礼拝,5,user_hsk5_6_list
3048,立,lì,立つ,5,user_hsk5_6_list
3049,立场,lìchǎng,立場,5,user_hsk5_6_list
3050,利润,lìrùn,利益,5,user_hsk5_6_list
3051,例外,lìwài,例外,5,user_hsk5_6_list
3052,连接,liánjiē,接続,5,user_hsk5_6_list
3053,联络,liánluò,連絡,5,user_hsk5_6_list
3054,联想,liánxiǎng,連想,5,user_hsk5_6_list
3055,脸盆,liǎnpén,洗面器,5,user_hsk5_6_list
3056,脸色,liǎnsè,顔色,5,user_hsk5_6_list
3057,恋爱,liàn’ài,恋愛,5,user_hsk5_6_list
3058,两岸,liǎngàn,両岸,5,user_hsk5_6_list
3059,邻居,línjū,隣人,5,user_hsk5_6_list
3060,铃,líng,鈴,5,user_hsk5_6_list
3061,铃声,língshēng,鈴の音,5,user_hsk5_6_list
3062,领带,lǐngdài,ネクタイ,5,user_hsk5_6_list
3063,令,lìng,命令する、〜させる（使役）,5,user_hsk5_6_list
3064,流动,liúdòng,流動,5,user_hsk5_6_list
3065,流通,liútōng,流通,5,user_hsk5_6_list
3066,漏,lòu,漏れ,5,user_hsk5_6_list
3067,漏洞,lòudòng,抜け穴,5,user_hsk5_6_list
3068,逻辑,luóji,論理,5,user_hsk5_6_list
3069,落实,luòshí,実行,5,user_hsk5_6_list
3070,码头,mǎtóu,埠頭,5,user_hsk5_6_list
3071,骂,mà,罵る,5,user_hsk5_6_list
3072,买卖,mǎimài,売買,5,user_hsk5_6_list
3073,漫长,màncháng,長い,5,user_hsk5_6_list
3074,漫画,mànhuà,漫画,5,user_hsk5_6_list
3075,毛笔,máobǐ,筆,5,user_hsk5_6_list
3076,矛盾,máodùn,矛盾,5,user_hsk5_6_list
3077,冒,mào,冒す、（危険を）おかす,5,user_hsk5_6_list
3078,贸易,màoyì,貿易,5,user_hsk5_6_list
3079,煤,méi,石炭,5,user_hsk5_6_list
3080,煤气,méiqì,ガス,5,user_hsk5_6_list
3081,门诊,ménzhěn,外来診療,5,user_hsk5_6_list
3082,迷人,mírén,魅力的な,5,user_hsk5_6_list
3083,迷信,míxìn,迷信,5,user_hsk5_6_list
3084,面貌,miànmào,様子,5,user_hsk5_6_list
3085,面子,miànzi,体面,5,user_hsk5_6_list
3086,敏感,mǐngǎn,敏感,5,user_hsk5_6_list
3087,明亮,míngliàng,明るい,5,user_hsk5_6_list
3088,明明,míngmíng,明らかに,5,user_hsk5_6_list
3089,命令,mìnglìng,命令,5,user_hsk5_6_list
3090,模范,mófàn,模範,5,user_hsk5_6_list
3091,模仿,mófǎng,模倣,5,user_hsk5_6_list
3092,模糊,móhu,ぼやけ,5,user_hsk5_6_list
3093,模式,móshì,パターン,5,user_hsk5_6_list
3094,摩擦,mócā,摩擦,5,user_hsk5_6_list
3095,摩托,mótuō,バイク,5,user_hsk5_6_list
3096,模样,múyàng,姿,5,user_hsk5_6_list
3097,目光,mùguāng,視線,5,user_hsk5_6_list
3098,南北,nánběi,南北,5,user_hsk5_6_list
3099,南极,nánjí,南極,5,user_hsk5_6_list
3100,难得,nándé,めったにない,5,user_hsk5_6_list
3101,难以,nányǐ,難しい,5,user_hsk5_6_list
3102,脑子,nǎozi,頭,5,user_hsk5_6_list
3103,内在,nèizài,内面,5,user_hsk5_6_list
3104,能量,néngliàng,エネルギー,5,user_hsk5_6_list
3105,年度,niándù,年度,5,user_hsk5_6_list
3106,年前,niánqián,数年前,5,user_hsk5_6_list
3107,牛,niú,すごい、やり手だ（俗語・形容詞用法）,5,user_hsk5_6_list
3108,牛仔裤,niúzǎikù,ジーンズ,5,user_hsk5_6_list
3109,农产品,nóngchǎnpǐn,農産物,5,user_hsk5_6_list
3110,暖,nuǎn,暖かい,5,user_hsk5_6_list
3111,偶然,ǒurán,偶然,5,user_hsk5_6_list
3112,偶像,ǒuxiàng,アイドル,5,user_hsk5_6_list
3113,拍摄,pāishè,撮影,5,user_hsk5_6_list
3114,排除,páichú,除外,5,user_hsk5_6_list
3115,旁,páng,傍ら,5,user_hsk5_6_list
3116,赔,péi,賠償,5,user_hsk5_6_list
3117,赔偿,péicháng,補償,5,user_hsk5_6_list
3118,配备,pèibèi,装備,5,user_hsk5_6_list
3119,配套,pèitào,セット,5,user_hsk5_6_list
3120,喷,pēn,噴射,5,user_hsk5_6_list
3121,盆,pén,洗面器,5,user_hsk5_6_list
3122,披,pī,羽織る,5,user_hsk5_6_list
3123,匹,pǐ,（馬・布などを数える）量詞,5,user_hsk5_6_list
3124,骗,piàn,だます,5,user_hsk5_6_list
3125,骗子,piànzi,詐欺師,5,user_hsk5_6_list
3126,拼,pīn,つなぎ合わせる、力を尽くす,5,user_hsk5_6_list
3127,频道,píndào,チャンネル,5,user_hsk5_6_list
3128,频繁,pínfán,頻繁,5,user_hsk5_6_list
3129,品,pǐn,品物,5,user_hsk5_6_list
3130,品,pǐn,〜品（名詞に付く用法、例：工艺品＝工芸品）,5,user_hsk5_6_list
3131,品种,pǐnzhǒng,品種,5,user_hsk5_6_list
3132,平坦,píngtǎn,平坦な,5,user_hsk5_6_list
3133,平原,píngyuán,平原,5,user_hsk5_6_list
3134,评估,pínggū,評価する,5,user_hsk5_6_list
3135,评论,pínglùn,論評、コメント,5,user_hsk5_6_list
3136,凭,píng,～に基づいて,5,user_hsk5_6_list
3137,泼,pō,まく、浴びせる,5,user_hsk5_6_list
3138,期望,qīwàng,期待,5,user_hsk5_6_list
3139,齐全,qíquán,揃っている,5,user_hsk5_6_list
3140,其,qí,その,5,user_hsk5_6_list
3141,启动,qǐdòng,起動,5,user_hsk5_6_list
3142,启发,qǐfā,啓発,5,user_hsk5_6_list
3143,启事,qǐshì,告知,5,user_hsk5_6_list
3144,起码,qǐmǎ,少なくとも,5,user_hsk5_6_list
3145,气体,qìtǐ,気体,5,user_hsk5_6_list
3146,气象,qìxiàng,気象,5,user_hsk5_6_list
3147,签,qiān,署名する、サインする（動詞用法）,5,user_hsk5_6_list
3148,签订,qiāndìng,締結,5,user_hsk5_6_list
3149,签名,qiānmíng,署名,5,user_hsk5_6_list
3150,签约,qiānyuē,契約,5,user_hsk5_6_list
3151,签字,qiānzì,署名,5,user_hsk5_6_list
3152,前景,qiánjǐng,見通し,5,user_hsk5_6_list
3153,前提,qiántí,前提,5,user_hsk5_6_list
3154,欠,qiàn,不足,5,user_hsk5_6_list
3155,枪,qiāng,銃,5,user_hsk5_6_list
3156,强度,qiángdù,強度,5,user_hsk5_6_list
3157,墙壁,qiángbì,壁,5,user_hsk5_6_list
3158,抢,qiǎng,奪う,5,user_hsk5_6_list
3159,抢救,qiǎngjiù,救助,5,user_hsk5_6_list
3160,强迫,qiǎngpò,強制,5,user_hsk5_6_list
3161,悄悄,qiāoqiāo,こっそり,5,user_hsk5_6_list
3162,敲门,qiāomén,ドアをノックする,5,user_hsk5_6_list
3163,瞧,qiáo,見て,5,user_hsk5_6_list
3164,勤奋,qínfèn,勤勉,5,user_hsk5_6_list
3165,青,qīng,青、青緑色（また「若い」の意も、例：青年）,5,user_hsk5_6_list
3166,清晨,qīngchén,早朝,5,user_hsk5_6_list
3167,清理,qīnglǐ,片付ける,5,user_hsk5_6_list
3168,情节,qíngjié,筋書き,5,user_hsk5_6_list
3169,情形,qíngxíng,状況,5,user_hsk5_6_list
3170,晴朗,qínglǎng,晴れ,5,user_hsk5_6_list
3171,区域,qūyù,地域,5,user_hsk5_6_list
3172,全世界,quánshìjiè,全世界,5,user_hsk5_6_list
3173,泉,quán,泉,5,user_hsk5_6_list
3174,劝,quàn,説得,5,user_hsk5_6_list
3175,缺乏,quēfá,欠如,5,user_hsk5_6_list
3176,确立,quèlì,確立,5,user_hsk5_6_list
3177,群体,qúntǐ,集団,5,user_hsk5_6_list
3178,群众,qúnzhòng,大衆,5,user_hsk5_6_list
3179,染,rǎn,染まる,5,user_hsk5_6_list
3180,绕,rào,絡まる,5,user_hsk5_6_list
3181,热量,rèliàng,熱量,5,user_hsk5_6_list
3182,热门,rèmén,人気,5,user_hsk5_6_list
3183,人间,rénjiān,人間界,5,user_hsk5_6_list
3184,人力,rénlì,人力,5,user_hsk5_6_list
3185,人士,rénshì,関係者,5,user_hsk5_6_list
3186,人物,rénwù,人物,5,user_hsk5_6_list
3187,忍,rěn,忍耐,5,user_hsk5_6_list
3188,忍不住,rěnbuzhù,我慢できない,5,user_hsk5_6_list
3189,忍受,rěnshòu,耐える,5,user_hsk5_6_list
3190,认,rèn,認める,5,user_hsk5_6_list
3191,认定,rèndìng,認定する,5,user_hsk5_6_list
3192,仍旧,réngjiù,相変わらず,5,user_hsk5_6_list
3193,如此,rúcǐ,そのように,5,user_hsk5_6_list
3194,如同,rútóng,～のように,5,user_hsk5_6_list
3195,如下,rúxià,以下の通り,5,user_hsk5_6_list
3196,入门,rùmén,入門,5,user_hsk5_6_list
3197,软,ruǎn,ソフト,5,user_hsk5_6_list
3198,软件,ruǎnjiàn,ソフトウェア,5,user_hsk5_6_list
3199,洒,sǎ,散,5,user_hsk5_6_list
3200,散,sǎn,散文,5,user_hsk5_6_list
3201,散文,sǎnwén,殺,5,user_hsk5_6_list
3202,杀,shā,ウイルス対策,5,user_hsk5_6_list
3203,杀毒,shādú,砂漠,5,user_hsk5_6_list
3204,沙漠,shāmò,愚か,5,user_hsk5_6_list
3205,傻,shǎ,山間部,5,user_hsk5_6_list
3206,山区,shānqū,扇,5,user_hsk5_6_list
3207,扇,shān,あおぐ、扇ぐ（動詞用法。名詞「扇子」はshànと読む別項目）,5,user_hsk5_6_list
3208,扇,shàn,扇子,5,user_hsk5_6_list
3209,扇子,shànzi,商標,5,user_hsk5_6_list
3210,商标,shāngbiāo,上級,5,user_hsk5_6_list
3211,上级,shàngjí,上下,5,user_hsk5_6_list
3212,上下,shàngxià,上昇,5,user_hsk5_6_list
3213,上涨,shàngzhǎng,上昇,5,user_hsk5_6_list
3214,蛇,shé,蛇,5,user_hsk5_6_list
3215,舍不得,shěbude,惜しい,5,user_hsk5_6_list
3216,舍得,shěde,惜しまない,5,user_hsk5_6_list
3217,设想,shèxiǎng,想定,5,user_hsk5_6_list
3218,社,shè,〜社（組織・団体を表す語、例：报社＝新聞社）,5,user_hsk5_6_list
3219,社区,shèqū,コミュニティ,5,user_hsk5_6_list
3220,射,shè,射る、発射する（動詞用法）,5,user_hsk5_6_list
3221,射击,shèjī,射撃,5,user_hsk5_6_list
3222,摄像,shèxiàng,撮影,5,user_hsk5_6_list
3223,摄像机,shèxiàngjī,カメラ,5,user_hsk5_6_list
3224,摄影,shèyǐng,写真,5,user_hsk5_6_list
3225,摄影师,shèyǐngshī,写真家,5,user_hsk5_6_list
3226,伸,shēn,伸ばす,5,user_hsk5_6_list
3227,深处,shēnchù,奥深く,5,user_hsk5_6_list
3228,深度,shēndù,深さ,5,user_hsk5_6_list
3229,神,shén,神,5,user_hsk5_6_list
3230,神经,shénjīng,神経,5,user_hsk5_6_list
3231,神奇,shénqí,不思議,5,user_hsk5_6_list
3232,神情,shénqíng,表情,5,user_hsk5_6_list
3233,升高,shēnggāo,上昇,5,user_hsk5_6_list
3234,生成,shēngchéng,生成,5,user_hsk5_6_list
3235,声,shēng,声,5,user_hsk5_6_list
3236,胜负,shèngfù,勝敗,5,user_hsk5_6_list
3237,剩下,shèngxià,残った,5,user_hsk5_6_list
3238,失误,shīwù,ミス,5,user_hsk5_6_list
3239,诗歌,shīgē,詩,5,user_hsk5_6_list
3240,十足,shízú,十分,5,user_hsk5_6_list
3241,时常,shícháng,しばしば,5,user_hsk5_6_list
3242,时光,shíguāng,時間,5,user_hsk5_6_list
3243,时机,shíjī,好機,5,user_hsk5_6_list
3244,时事,shíshì,時事,5,user_hsk5_6_list
3245,实惠,shíhuì,実益,5,user_hsk5_6_list
3246,拾,shí,拾う,5,user_hsk5_6_list
3247,使得,shǐde,～させる,5,user_hsk5_6_list
3248,示范,shìfàn,模範,5,user_hsk5_6_list
3249,式,shì,式、〜式（儀式・形式・数式）,5,user_hsk5_6_list
3250,势力,shìlì,勢力,5,user_hsk5_6_list
3251,试图,shìtú,試みる,5,user_hsk5_6_list
3252,视为,shìwéi,見なす,5,user_hsk5_6_list
3253,收购,shōugòu,買収,5,user_hsk5_6_list
3254,收集,shōují,収集,5,user_hsk5_6_list
3255,手段,shǒuduàn,手段,5,user_hsk5_6_list
3256,手法,shǒufǎ,手法,5,user_hsk5_6_list
3257,寿司,shòusī,寿司,5,user_hsk5_6_list
3258,受灾,shòuzāi,被災,5,user_hsk5_6_list
3259,瘦,shòu,痩せた,5,user_hsk5_6_list
3260,书法,shūfǎ,書道,5,user_hsk5_6_list
3261,书柜,shūguì,本棚,5,user_hsk5_6_list
3262,书桌,shūzhuō,机,5,user_hsk5_6_list
3263,输出,shūchū,出力,5,user_hsk5_6_list
3264,蔬菜,shūcài,野菜,5,user_hsk5_6_list
3265,鼠,shǔ,ネズミ,5,user_hsk5_6_list
3266,鼠标,shǔbiāo,マウス,5,user_hsk5_6_list
3267,数目,shùmù,数,5,user_hsk5_6_list
3268,摔,shuāi,転ぶ,5,user_hsk5_6_list
3269,摔倒,shuāidǎo,転倒,5,user_hsk5_6_list
3270,率领,shuàilǐng,率いる,5,user_hsk5_6_list
3271,双手,shuāngshǒu,両手,5,user_hsk5_6_list
3272,水产品,shuǐchǎnpǐn,水産物,5,user_hsk5_6_list
3273,水分,shuǐfèn,水分,5,user_hsk5_6_list
3274,水库,shuǐkù,貯水池,5,user_hsk5_6_list
3275,水灾,shuǐzāi,水害,5,user_hsk5_6_list
3276,睡眠,shuìmián,睡眠,5,user_hsk5_6_list
3277,私人,sīrén,個人,5,user_hsk5_6_list
3278,思维,sīwéi,思考,5,user_hsk5_6_list
3279,四周,sìzhōu,周囲,5,user_hsk5_6_list
3280,搜,sōu,探す,5,user_hsk5_6_list
3281,搜索,sōusuǒ,検索,5,user_hsk5_6_list
3282,宿舍,sùshè,寮,5,user_hsk5_6_list
3283,酸甜苦辣,suāntiánkǔlà,酸・甘・苦・辛,5,user_hsk5_6_list
3284,随后,suíhòu,その後,5,user_hsk5_6_list
3285,随意,suíyì,気ままに,5,user_hsk5_6_list
3286,岁月,suìyuè,砕ける,5,user_hsk5_6_list
3287,碎,suì,損傷,5,user_hsk5_6_list
3288,损害,sǔnhài,損失,5,user_hsk5_6_list
3289,损失,sǔnshī,場所,5,user_hsk5_6_list
3290,所在,suǒzài,鍵,5,user_hsk5_6_list
3291,锁,suǒ,台風,5,user_hsk5_6_list
3292,台风,táifēng,持ち上げる,5,user_hsk5_6_list
3293,太空,tàikōng,宇宙、大気圏外,5,user_hsk5_6_list
3294,逃,táo,逃げる,5,user_hsk5_6_list
3295,逃跑,táopǎo,逃げ出す,5,user_hsk5_6_list
3296,逃走,táozǒu,逃走する,5,user_hsk5_6_list
3297,桃,táo,桃,5,user_hsk5_6_list
3298,桃花,táohuā,桃の花,5,user_hsk5_6_list
3299,桃树,táoshù,桃の木,5,user_hsk5_6_list
3300,特定,tèdìng,特定の,5,user_hsk5_6_list
3301,特性,tèxìng,特性,5,user_hsk5_6_list
3302,特有,tèyǒu,特有,5,user_hsk5_6_list
3303,提倡,tíchàng,提唱,5,user_hsk5_6_list
3304,提起,tíqǐ,話題に出す、持ち出す（また「提起する」の意も、例：提起诉讼＝訴訟を起こす）,5,user_hsk5_6_list
3305,提示,tíshì,ヒント,5,user_hsk5_6_list
3306,题材,tícái,題材,5,user_hsk5_6_list
3307,体积,tǐjī,体積,5,user_hsk5_6_list
3308,体力,tǐlì,体力,5,user_hsk5_6_list
3309,天才,tiāncái,天才,5,user_hsk5_6_list
3310,天然气,tiānránqì,天然ガス,5,user_hsk5_6_list
3311,天文,tiānwén,天文,5,user_hsk5_6_list
3312,调节,tiáojié,調整,5,user_hsk5_6_list
3313,调解,tiáojiě,調停,5,user_hsk5_6_list
3314,厅,tīng,ホール,5,user_hsk5_6_list
3315,停留,tíngliú,滞在,5,user_hsk5_6_list
3316,通用,tōngyòng,汎用,5,user_hsk5_6_list
3317,偷,tōu,盗む,5,user_hsk5_6_list
3318,偷偷,tōutōu,こっそり,5,user_hsk5_6_list
3319,突破,tūpò,突破,5,user_hsk5_6_list
3320,土豆,tǔdòu,ジャガイモ,5,user_hsk5_6_list
3321,吐,tǔ,吐く,5,user_hsk5_6_list
3322,吐,tù,吐く,5,user_hsk5_6_list
3323,兔,tù,ウサギ,5,user_hsk5_6_list
3324,团长,tuánzhǎng,団長,5,user_hsk5_6_list
3325,推行,tuīxíng,推進,5,user_hsk5_6_list
3326,脱离,tuōlí,離脱,5,user_hsk5_6_list
3327,外界,wàijiè,外界,5,user_hsk5_6_list
3328,完了,wánle,終わった,5,user_hsk5_6_list
3329,微博,wēibó,ウェイボー,5,user_hsk5_6_list
3330,为难,wéinán,困惑,5,user_hsk5_6_list
3331,为期,wéiqī,期間,5,user_hsk5_6_list
3332,为止,wéizhǐ,まで,5,user_hsk5_6_list
3333,为主,wéizhǔ,中心,5,user_hsk5_6_list
3334,违法,wéifǎ,違法,5,user_hsk5_6_list
3335,违反,wéifǎn,違反,5,user_hsk5_6_list
3336,违规,wéiguī,規則違反,5,user_hsk5_6_list
3337,围绕,wéirào,巡る,5,user_hsk5_6_list
3338,唯一,wéiyī,唯一,5,user_hsk5_6_list
3339,委托,wěituō,委託,5,user_hsk5_6_list
3340,卫星,wèixīng,衛星,5,user_hsk5_6_list
3341,胃,wèi,胃,5,user_hsk5_6_list
3342,慰问,wèiwèn,慰問,5,user_hsk5_6_list
3343,温和,wēnhé,穏やか,5,user_hsk5_6_list
3344,文艺,wényì,文芸,5,user_hsk5_6_list
3345,卧室,wòshì,寝室,5,user_hsk5_6_list
3346,握,wò,握る,5,user_hsk5_6_list
3347,污水,wūshuǐ,汚水,5,user_hsk5_6_list
3348,屋,wū,家,5,user_hsk5_6_list
3349,无奈,wúnài,仕方なく,5,user_hsk5_6_list
3350,无疑,wúyí,間違いなく,5,user_hsk5_6_list
3351,舞,wǔ,踊り,5,user_hsk5_6_list
3352,物价,wùjià,物価,5,user_hsk5_6_list
3353,物业,wùyè,不動産,5,user_hsk5_6_list
3354,物质,wùzhì,物質,5,user_hsk5_6_list
3355,误解,wùjiě,誤解,5,user_hsk5_6_list
3356,西装,xīzhuāng,スーツ,5,user_hsk5_6_list
3357,喜剧,xǐjù,コメディ,5,user_hsk5_6_list
3358,戏,xì,芝居,5,user_hsk5_6_list
3359,戏剧,xìjù,演劇,5,user_hsk5_6_list
3360,吓,xià,怖がらせる,5,user_hsk5_6_list
3361,先后,xiānhòu,前後,5,user_hsk5_6_list
3362,先前,xiānqián,以前,5,user_hsk5_6_list
3363,鲜艳,xiānyàn,鮮やか,5,user_hsk5_6_list
3364,闲,xián,暇,5,user_hsk5_6_list
3365,显,xiǎn,顕著,5,user_hsk5_6_list
3366,现状,xiànzhuàng,現状,5,user_hsk5_6_list
3367,线索,xiànsuǒ,手がかり,5,user_hsk5_6_list
3368,献,xiàn,捧げる,5,user_hsk5_6_list
3369,乡,xiāng,郷,5,user_hsk5_6_list
3370,乡村,xiāngcūn,田舎,5,user_hsk5_6_list
3371,相等,xiāngděng,等しい,5,user_hsk5_6_list
3372,相应,xiāngyìng,相応の,5,user_hsk5_6_list
3373,香肠,xiāngcháng,ソーセージ,5,user_hsk5_6_list
3374,享受,xiǎngshòu,楽しむ,5,user_hsk5_6_list
3375,向导,xiàngdǎo,ガイド,5,user_hsk5_6_list
3376,向前,xiàngqián,前へ,5,user_hsk5_6_list
3377,向上,xiàngshàng,上へ,5,user_hsk5_6_list
3378,相声,xiàngsheng,相声（シャンション）、漫才に似た中国の伝統的な掛け合い話芸,5,user_hsk5_6_list
3379,象征,xiàngzhēng,象徴,5,user_hsk5_6_list
3380,消除,xiāochú,消去,5,user_hsk5_6_list
3381,消毒,xiāodú,消毒,5,user_hsk5_6_list
3382,消防,xiāofáng,消防,5,user_hsk5_6_list
3383,消费者,xiāofèizhě,消費者,5,user_hsk5_6_list
3384,消极,xiāojí,消極的,5,user_hsk5_6_list
3385,小偷儿,xiǎotōur,泥棒,5,user_hsk5_6_list
3386,歇,xiē,休憩,5,user_hsk5_6_list
3387,协议,xiéyì,協定,5,user_hsk5_6_list
3388,协议书,xiéyìshū,協定書,5,user_hsk5_6_list
3389,斜,xié,斜め,5,user_hsk5_6_list
3390,心态,xīntài,心構え,5,user_hsk5_6_list
3391,心疼,xīnténg,胸が痛む,5,user_hsk5_6_list
3392,欣赏,xīnshǎng,鑑賞,5,user_hsk5_6_list
3393,信念,xìnniàn,信念,5,user_hsk5_6_list
3394,信箱,xìnxiāng,メールボックス,5,user_hsk5_6_list
3395,行驶,xíngshǐ,走行,5,user_hsk5_6_list
3396,形态,xíngtài,形態,5,user_hsk5_6_list
3397,性能,xìngnéng,性能,5,user_hsk5_6_list
3398,雄伟,xióngwěi,雄大,5,user_hsk5_6_list
3399,休闲,xiūxián,レジャー,5,user_hsk5_6_list
3400,修复,xiūfù,修復,5,user_hsk5_6_list
3401,修建,xiūjiàn,建設,5,user_hsk5_6_list
3402,修养,xiūyǎng,修養,5,user_hsk5_6_list
3403,虚心,xūxīn,謙虚,5,user_hsk5_6_list
3404,许可,xǔkě,許可,5,user_hsk5_6_list
3405,选修,xuǎnxiū,選択科目,5,user_hsk5_6_list
3406,学科,xuékē,学科,5,user_hsk5_6_list
3407,学位,xuéwèi,学位,5,user_hsk5_6_list
3408,学者,xuézhě,学者,5,user_hsk5_6_list
3409,寻求,xúnqiú,探求,5,user_hsk5_6_list
3410,询问,xúnwèn,問い合わせ,5,user_hsk5_6_list
3411,押金,yājīn,保証金,5,user_hsk5_6_list
3412,鸭子,yāzi,アヒル,5,user_hsk5_6_list
3413,亚军,yàjūn,準優勝,5,user_hsk5_6_list
3414,延伸,yánshēn,拡大,5,user_hsk5_6_list
3415,严厉,yánlì,厳格,5,user_hsk5_6_list
3416,严肃,yánsù,厳粛,5,user_hsk5_6_list
3417,言语,yányǔ,言葉,5,user_hsk5_6_list
3418,研究所,yánjiūsuǒ,研究所、研究機関,5,user_hsk5_6_list
3419,眼光,yǎnguāng,見識,5,user_hsk5_6_list
3420,摇头,yáotóu,首を振る,5,user_hsk5_6_list
3421,咬,yǎo,噛む,5,user_hsk5_6_list
3422,也好,yěhǎo,まあいいか,5,user_hsk5_6_list
3423,业务,yèwù,業務,5,user_hsk5_6_list
3424,夜间,yèjiān,夜間,5,user_hsk5_6_list
3425,一流,yīliú,一流,5,user_hsk5_6_list
3426,依法,yīfǎ,法に基づき,5,user_hsk5_6_list
3427,依旧,yījiù,相変わらず,5,user_hsk5_6_list
3428,依据,yījù,根拠,5,user_hsk5_6_list
3429,依照,yīzhào,従って,5,user_hsk5_6_list
3430,一辈子,yíbèizi,一生,5,user_hsk5_6_list
3431,一带,yídài,一帯,5,user_hsk5_6_list
3432,一旦,yídàn,ひとたび,5,user_hsk5_6_list
3433,一句话,yíjùhuà,一言,5,user_hsk5_6_list
3434,一路,yílù,ずっと,5,user_hsk5_6_list
3435,一下子,yíxiàzi,一気に,5,user_hsk5_6_list
3436,一向,yíxiàng,一貫して,5,user_hsk5_6_list
3437,乙,yǐ,乙（第二位）,5,user_hsk5_6_list
3438,以便,yǐbiàn,～するために,5,user_hsk5_6_list
3439,以往,yǐwǎng,これまで,5,user_hsk5_6_list
3440,一口气,yìkǒuqì,一気に,5,user_hsk5_6_list
3441,一身,yìshēn,全身,5,user_hsk5_6_list
3442,意识,yìshí,意識,5,user_hsk5_6_list
3443,意味着,yìwèizhe,意味する,5,user_hsk5_6_list
3444,意志,yìzhì,意志,5,user_hsk5_6_list
3445,因而,yīn’ér,したがって,5,user_hsk5_6_list
3446,饮料,yǐnliào,飲み物,5,user_hsk5_6_list
3447,饮食,yǐnshí,飲食,5,user_hsk5_6_list
3448,印刷,yìnshuā,印刷,5,user_hsk5_6_list
3449,应,yīng,～すべき,5,user_hsk5_6_list
3450,硬,yìng,硬い,5,user_hsk5_6_list
3451,硬件,yìngjiàn,ハードウェア,5,user_hsk5_6_list
3452,拥抱,yōngbào,抱擁,5,user_hsk5_6_list
3453,拥有,yōngyǒu,所有,5,user_hsk5_6_list
3454,用不着,yòngbùzháo,必要ない,5,user_hsk5_6_list
3455,用户,yònghù,ユーザー,5,user_hsk5_6_list
3456,优惠,yōuhuì,割引,5,user_hsk5_6_list
3457,优先,yōuxiān,優先,5,user_hsk5_6_list
3458,由此,yóucǐ,それゆえ,5,user_hsk5_6_list
3459,犹豫,yóuyù,躊躇,5,user_hsk5_6_list
3460,游泳池,yóuyǒngchí,プール,5,user_hsk5_6_list
3461,有毒,yǒudú,有毒,5,user_hsk5_6_list
3462,有害,yǒuhài,有害,5,user_hsk5_6_list
3463,有力,yǒulì,力強い,5,user_hsk5_6_list
3464,有利于,yǒulìyú,有益,5,user_hsk5_6_list
3465,羽毛球,yǔmáoqiú,バドミントン,5,user_hsk5_6_list
3466,羽绒服,yǔróngfú,ダウンジャケット,5,user_hsk5_6_list
3467,雨水,yǔshuǐ,雨水,5,user_hsk5_6_list
3468,预备,yùbèi,準備,5,user_hsk5_6_list
3469,预期,yùqī,予想,5,user_hsk5_6_list
3470,元旦,yuándàn,元旦,5,user_hsk5_6_list
3471,园林,yuánlín,庭園,5,user_hsk5_6_list
3472,原理,yuánlǐ,原理,5,user_hsk5_6_list
3473,原始,yuánshǐ,原始的な,5,user_hsk5_6_list
3474,原先,yuánxiān,もともと,5,user_hsk5_6_list
3475,原有,yuányǒu,元々,5,user_hsk5_6_list
3476,远处,yuǎnchù,遠く,5,user_hsk5_6_list
3477,怨,yuàn,怨み,5,user_hsk5_6_list
3478,愿,yuàn,願い,5,user_hsk5_6_list
3479,约束,yuēshù,制約,5,user_hsk5_6_list
3480,月球,yuèqiú,月,5,user_hsk5_6_list
3481,阅览室,yuèlǎnshì,閲覧室,5,user_hsk5_6_list
3482,运,yùn,運,5,user_hsk5_6_list
3483,运行,yùnxíng,運行,5,user_hsk5_6_list
3484,灾,zāi,災,5,user_hsk5_6_list
3485,灾害,zāihài,災害,5,user_hsk5_6_list
3486,灾难,zāinàn,大災害,5,user_hsk5_6_list
3487,灾区,zāiqū,被災地,5,user_hsk5_6_list
3488,再也,zàiyě,二度と,5,user_hsk5_6_list
3489,在场,zàichǎng,現場,5,user_hsk5_6_list
3490,在内,zàinèi,内部,5,user_hsk5_6_list
3491,糟,zāo,ひどい,5,user_hsk5_6_list
3492,糟糕,zāogāo,最悪,5,user_hsk5_6_list
3493,早期,zǎoqī,初期,5,user_hsk5_6_list
3494,增,zēng,増,5,user_hsk5_6_list
3495,增产,zēngchǎn,増産,5,user_hsk5_6_list
3496,增大,zēngdà,拡大,5,user_hsk5_6_list
3497,增多,zēngduō,増加,5,user_hsk5_6_list
3498,增强,zēngqiáng,強化,5,user_hsk5_6_list
3499,赠,zèng,贈,5,user_hsk5_6_list
3500,赠送,zèngsòng,贈呈,5,user_hsk5_6_list
3501,摘,zhāi,摘む、摘み取る（動詞用法）,5,user_hsk5_6_list
3502,展览,zhǎnlǎn,展覧会,5,user_hsk5_6_list
3503,展示,zhǎnshì,展示する、見せる（また「（能力などを）発揮する」の意でも使う）,5,user_hsk5_6_list
3504,展现,zhǎnxiàn,披露,5,user_hsk5_6_list
3505,占领,zhànlǐng,占領,5,user_hsk5_6_list
3506,占有,zhànyǒu,占める、占有する（日本語の「占有」より日常的に広く使う）,5,user_hsk5_6_list
3507,涨,zhǎng,上昇,5,user_hsk5_6_list
3508,涨价,zhǎngjià,値上げ,5,user_hsk5_6_list
3509,掌握,zhǎngwò,把握,5,user_hsk5_6_list
3510,招生,zhāoshēng,学生募集,5,user_hsk5_6_list
3511,招手,zhāoshǒu,手を振る,5,user_hsk5_6_list
3512,珍贵,zhēnguì,貴重な,5,user_hsk5_6_list
3513,珍惜,zhēnxī,大切にする,5,user_hsk5_6_list
3514,珍珠,zhēnzhū,真珠,5,user_hsk5_6_list
3515,真诚,zhēnchéng,誠実,5,user_hsk5_6_list
3516,真理,zhēnlǐ,真理,5,user_hsk5_6_list
3517,真相,zhēnxiàng,真相,5,user_hsk5_6_list
3518,诊断,zhěnduàn,診断,5,user_hsk5_6_list
3519,振动,zhèndòng,振動,5,user_hsk5_6_list
3520,震惊,zhènjīng,衝撃,5,user_hsk5_6_list
3521,争议,zhēngyì,論争,5,user_hsk5_6_list
3522,正版,zhèngbǎn,正規版,5,user_hsk5_6_list
3523,正规,zhèngguī,正規の,5,user_hsk5_6_list
3524,正如,zhèngrú,まさに,5,user_hsk5_6_list
3525,正义,zhèngyì,正義,5,user_hsk5_6_list
3526,证实,zhèngshí,立証,5,user_hsk5_6_list
3527,证书,zhèngshū,証明書,5,user_hsk5_6_list
3528,挣,zhèng,稼ぐ,5,user_hsk5_6_list
3529,挣钱,zhèngqián,お金を稼ぐ,5,user_hsk5_6_list
3530,之内,zhīnèi,～以内,5,user_hsk5_6_list
3531,之外,zhīwài,～以外,5,user_hsk5_6_list
3532,之下,zhīxià,～の下,5,user_hsk5_6_list
3533,支出,zhīchū,支出,5,user_hsk5_6_list
3534,支配,zhīpèi,支配する（また「（感情・時間を）コントロールする」の意でも使う）,5,user_hsk5_6_list
3535,执行,zhíxíng,実行,5,user_hsk5_6_list
3536,直线,zhíxiàn,直線,5,user_hsk5_6_list
3537,值班,zhíbān,当直,5,user_hsk5_6_list
3538,职能,zhínéng,職能,5,user_hsk5_6_list
3539,职位,zhíwèi,役職,5,user_hsk5_6_list
3540,职务,zhíwù,職務,5,user_hsk5_6_list
3541,只不过,zhǐbúguò,ただ,5,user_hsk5_6_list
3542,只见,zhǐjiàn,ただ見られる,5,user_hsk5_6_list
3543,指标,zhǐbiāo,指標,5,user_hsk5_6_list
3544,指甲,zhǐjia,爪,5,user_hsk5_6_list
3545,指示,zhǐshì,指示する（動詞用法が非常によく使われる）、指示,5,user_hsk5_6_list
3546,指责,zhǐzé,非難,5,user_hsk5_6_list
3547,至,zhì,至る、〜に至るまで（動詞・前置詞的用法）,5,user_hsk5_6_list
3548,制成,zhìchéng,製造,5,user_hsk5_6_list
3549,制约,zhìyuē,制約,5,user_hsk5_6_list
3550,治安,zhì’ān,治安,5,user_hsk5_6_list
3551,治理,zhìlǐ,統治,5,user_hsk5_6_list
3552,中断,zhōngduàn,中断,5,user_hsk5_6_list
3553,中秋节,zhōngqiūjié,中秋節,5,user_hsk5_6_list
3554,中央,zhōngyāng,中央,5,user_hsk5_6_list
3555,中药,zhōngyào,漢方薬,5,user_hsk5_6_list
3556,终点,zhōngdiǎn,終点,5,user_hsk5_6_list
3557,终身,zhōngshēn,終身,5,user_hsk5_6_list
3558,终止,zhōngzhǐ,終了,5,user_hsk5_6_list
3559,中毒,zhòngdú,中毒になる、（食べ物に）あたる（また「（コンピューターが）ウイルスに感染する」の意でも使う）,5,user_hsk5_6_list
3560,众多,zhòngduō,多数,5,user_hsk5_6_list
3561,周期,zhōuqī,周期,5,user_hsk5_6_list
3562,竹子,zhúzi,竹,5,user_hsk5_6_list
3563,主办,zhǔbàn,主催,5,user_hsk5_6_list
3564,主导,zhǔdǎo,主導,5,user_hsk5_6_list
3565,主观,zhǔguān,主観,5,user_hsk5_6_list
3566,主管,zhǔguǎn,主管する（動詞）、責任者・担当者（名詞、例：部門のマネージャー）,5,user_hsk5_6_list
3567,主体,zhǔtǐ,主体,5,user_hsk5_6_list
3568,助理,zhùlǐ,アシスタント（職名・役職）,5,user_hsk5_6_list
3569,助手,zhùshǒu,アシスタント（作業の補助）,5,user_hsk5_6_list
3570,注册,zhùcè,登録,5,user_hsk5_6_list
3571,注射,zhùshè,注射,5,user_hsk5_6_list
3572,注视,zhùshì,注視,5,user_hsk5_6_list
3573,注重,zhùzhòng,重視,5,user_hsk5_6_list
3574,专辑,zhuānjí,アルバム,5,user_hsk5_6_list
3575,专利,zhuānlì,特許,5,user_hsk5_6_list
3576,转化,zhuǎnhuà,転換,5,user_hsk5_6_list
3577,转换,zhuǎnhuàn,変換,5,user_hsk5_6_list
3578,转让,zhuǎnràng,譲渡,5,user_hsk5_6_list
3579,转向,zhuǎnxiàng,転換,5,user_hsk5_6_list
3580,装饰,zhuāngshì,装飾,5,user_hsk5_6_list
3581,撞,zhuàng,衝突,5,user_hsk5_6_list
3582,资本,zīběn,資本,5,user_hsk5_6_list
3583,资产,zīchǎn,資産,5,user_hsk5_6_list
3584,资助,zīzhù,助成,5,user_hsk5_6_list
3585,子弹,zǐdàn,弾丸,5,user_hsk5_6_list
3586,紫,zǐ,紫,5,user_hsk5_6_list
3587,自豪,zìháo,誇り,5,user_hsk5_6_list
3588,自杀,zìshā,自殺,5,user_hsk5_6_list
3589,自愿,zìyuàn,自発的,5,user_hsk5_6_list
3590,总裁,zǒngcái,社長,5,user_hsk5_6_list
3591,总数,zǒngshù,合計,5,user_hsk5_6_list
3592,总算,zǒngsuàn,ようやく,5,user_hsk5_6_list
3593,总体,zǒngtǐ,全体,5,user_hsk5_6_list
3594,阻碍,zǔ’ài,妨げ,5,user_hsk5_6_list
3595,组织,zǔzhī,組織,5,user_hsk5_6_list
3596,醉,zuì,酔い,5,user_hsk5_6_list
3597,尊敬,zūnjìng,敬意,5,user_hsk5_6_list
3598,遵守,zūnshǒu,遵守,5,user_hsk5_6_list
3599,挨着,āizhe,隣り合う,6,user_hsk5_6_list
3600,挨,ái,近づく,6,user_hsk5_6_list
3601,挨打,áidǎ,殴られる,6,user_hsk5_6_list
3602,罢工,bàgōng,ストライキ,6,user_hsk5_6_list
3603,罢了,bàle,もういい,6,user_hsk5_6_list
3604,白领,báilǐng,ホワイトカラー,6,user_hsk5_6_list
3605,百分点,bǎifēndiǎn,パーセントポイント,6,user_hsk5_6_list
3606,办事处,bànshìchù,事務所,6,user_hsk5_6_list
3607,办学,bànxué,学校運営,6,user_hsk5_6_list
3608,半决赛,bànjuésài,準決勝,6,user_hsk5_6_list
3609,傍晚,bàngwǎn,夕方,6,user_hsk5_6_list
3610,保健,bǎojiàn,保健,6,user_hsk5_6_list
3611,报刊,bàokān,新聞・雑誌,6,user_hsk5_6_list
3612,暴风雨,bàofēngyǔ,嵐,6,user_hsk5_6_list
3613,暴力,bàolì,暴力,6,user_hsk5_6_list
3614,暴露,bàolù,さらす、露出する、明らかになる（また日本語同様「（秘密を）暴露する」の意でも使う）,6,user_hsk5_6_list
3615,暴雨,bàoyǔ,豪雨,6,user_hsk5_6_list
3616,爆,bào,爆発,6,user_hsk5_6_list
3617,爆发,bàofā,発生,6,user_hsk5_6_list
3618,爆炸,bàozhà,爆発,6,user_hsk5_6_list
3619,悲惨,bēicǎn,悲惨,6,user_hsk5_6_list
3620,背心,bèixīn,ベスト,6,user_hsk5_6_list
3621,背着,bèizhe,背負って,6,user_hsk5_6_list
3622,被告,bèigào,被告,6,user_hsk5_6_list
3623,奔跑,bēnpǎo,走る,6,user_hsk5_6_list
3624,本,běn,この、元々（代名詞・副詞用法、例：本人・本来）,6,user_hsk5_6_list
3625,本地,běndì,地元,6,user_hsk5_6_list
3626,本期,běnqī,今期,6,user_hsk5_6_list
3627,本身,běnshēn,それ自体,6,user_hsk5_6_list
3628,本土,běntǔ,本土、現地（文脈により指す範囲が変わる場合がある）,6,user_hsk5_6_list
3629,本质,běnzhì,本質,6,user_hsk5_6_list
3630,逼,bī,迫る,6,user_hsk5_6_list
3631,必将,bìjiāng,必ず,6,user_hsk5_6_list
3632,必修,bìxiū,必修,6,user_hsk5_6_list
3633,闭,bì,閉,6,user_hsk5_6_list
3634,边缘,biānyuán,端,6,user_hsk5_6_list
3635,编制,biānzhì,編成,6,user_hsk5_6_list
3636,扁,biǎn,平ら,6,user_hsk5_6_list
3637,变更,biàngēng,変更,6,user_hsk5_6_list
3638,变换,biànhuàn,変換,6,user_hsk5_6_list
3639,变形,biànxíng,変形,6,user_hsk5_6_list
3640,便,biàn,便利,6,user_hsk5_6_list
3641,便是,biànshì,つまり,6,user_hsk5_6_list
3642,遍地,biàndì,至る所,6,user_hsk5_6_list
3643,表面上,biǎomiànshàng,表面的には,6,user_hsk5_6_list
3644,病房,bìngfáng,病室,6,user_hsk5_6_list
3645,病情,bìngqíng,病状,6,user_hsk5_6_list
3646,拨打,bōdǎ,電話をかける,6,user_hsk5_6_list
3647,波动,bōdòng,変動,6,user_hsk5_6_list
3648,波浪,bōlàng,波,6,user_hsk5_6_list
3649,播,bō,放送,6,user_hsk5_6_list
3650,不见,bújiàn,見えない,6,user_hsk5_6_list
3651,不料,búliào,まさか,6,user_hsk5_6_list
3652,不再,búzài,もう二度と,6,user_hsk5_6_list
3653,不至于,búzhìyú,そこまでではない,6,user_hsk5_6_list
3654,补考,bǔkǎo,追試験,6,user_hsk5_6_list
3655,补课,bǔkè,補講,6,user_hsk5_6_list
3656,补习,bǔxí,補習,6,user_hsk5_6_list
3657,补助,bǔzhù,補助金,6,user_hsk5_6_list
3658,捕,bǔ,捕まえる,6,user_hsk5_6_list
3659,不成,bùchéng,うまくいかない,6,user_hsk5_6_list
3660,不禁,bùjīn,思わず,6,user_hsk5_6_list
3661,不仅仅,bùjǐnjǐn,ただそれだけではない,6,user_hsk5_6_list
3662,不通,bùtōng,通じない,6,user_hsk5_6_list
3663,不怎么,bùzěnme,あまり,6,user_hsk5_6_list
3664,不怎么样,bùzěnmeyàng,大したことない,6,user_hsk5_6_list
3665,不值,bùzhí,価値がない,6,user_hsk5_6_list
3666,布满,bùmǎn,満ちている,6,user_hsk5_6_list
3667,部队,bùduì,部隊,6,user_hsk5_6_list
3668,采纳,cǎinà,採用する,6,user_hsk5_6_list
3669,踩,cǎi,踏む,6,user_hsk5_6_list
3670,参展,cānzhǎn,出展する,6,user_hsk5_6_list
3671,餐,cān,食事,6,user_hsk5_6_list
3672,残疾,cánjí,障害,6,user_hsk5_6_list
3673,残疾人,cánjírén,障害者,6,user_hsk5_6_list
3674,残酷,cánkù,残酷,6,user_hsk5_6_list
3675,惨,cǎn,悲惨な、むごい,6,user_hsk5_6_list
3676,仓库,cāngkù,倉庫,6,user_hsk5_6_list
3677,藏,cáng,隠す,6,user_hsk5_6_list
3678,操纵,cāozòng,操作,6,user_hsk5_6_list
3679,侧,cè,側面,6,user_hsk5_6_list
3680,测定,cèdìng,測定,6,user_hsk5_6_list
3681,策划,cèhuà,企画,6,user_hsk5_6_list
3682,策略,cèlüè,戦略,6,user_hsk5_6_list
3683,层面,céngmiàn,レベル,6,user_hsk5_6_list
3684,差异,chāyì,差異,6,user_hsk5_6_list
3685,查出,cháchū,発見,6,user_hsk5_6_list
3686,拆迁,chāiqiān,立ち退き,6,user_hsk5_6_list
3687,产量,chǎnliàng,生産量,6,user_hsk5_6_list
3688,昌盛,chāngshèng,繁栄,6,user_hsk5_6_list
3689,长短,chángduǎn,長短,6,user_hsk5_6_list
3690,长假,chángjià,長期休暇,6,user_hsk5_6_list
3691,长久,chángjiǔ,長期,6,user_hsk5_6_list
3692,长跑,chángpǎo,長距離走,6,user_hsk5_6_list
3693,长远,chángyuǎn,長期的な,6,user_hsk5_6_list
3694,常规,chángguī,通常の,6,user_hsk5_6_list
3695,常年,chángnián,通年の,6,user_hsk5_6_list
3696,厂商,chǎngshāng,メーカー,6,user_hsk5_6_list
3697,场地,chǎngdì,会場,6,user_hsk5_6_list
3698,场馆,chǎngguǎn,施設,6,user_hsk5_6_list
3699,场景,chǎngjǐng,シーン,6,user_hsk5_6_list
3700,畅通,chàngtōng,円滑,6,user_hsk5_6_list
3701,超,chāo,超える、超〜（接頭辞、例：超市＝スーパー）,6,user_hsk5_6_list
3702,超出,chāochū,超える,6,user_hsk5_6_list
3703,炒,chǎo,投機,6,user_hsk5_6_list
3704,炒股,chǎogǔ,株式投資,6,user_hsk5_6_list
3705,炒作,chǎozuò,誇大宣伝,6,user_hsk5_6_list
3706,车号,chēhào,車番,6,user_hsk5_6_list
3707,车牌,chēpái,ナンバープレート,6,user_hsk5_6_list
3708,车展,chēzhǎn,モーターショー,6,user_hsk5_6_list
3709,撤离,chèlí,避難,6,user_hsk5_6_list
3710,撤销,chèxiāo,取り消し,6,user_hsk5_6_list
3711,撑,chēng,支える,6,user_hsk5_6_list
3712,成,chéng,〜割（10分の1を表す量詞、例：三成＝3割）,6,user_hsk5_6_list
3713,成分,chéngfèn,成分,6,user_hsk5_6_list
3714,成品,chéngpǐn,完成品,6,user_hsk5_6_list
3715,承诺,chéngnuò,約束,6,user_hsk5_6_list
3716,城区,chéngqū,市街地,6,user_hsk5_6_list
3717,城乡,chéngxiāng,都市と農村,6,user_hsk5_6_list
3718,城镇,chéngzhèn,町,6,user_hsk5_6_list
3719,持有,chíyǒu,保有,6,user_hsk5_6_list
3720,冲击,chōngjī,衝撃,6,user_hsk5_6_list
3721,重建,chóngjiàn,再建,6,user_hsk5_6_list
3722,重组,chóngzǔ,再編,6,user_hsk5_6_list
3723,崇拜,chóngbài,崇拝,6,user_hsk5_6_list
3724,宠物,chǒngwù,ペット,6,user_hsk5_6_list
3725,冲,chōng,突撃,6,user_hsk5_6_list
3726,出场,chūchǎng,登場,6,user_hsk5_6_list
3727,出动,chūdòng,出動,6,user_hsk5_6_list
3728,出访,chūfǎng,訪問,6,user_hsk5_6_list
3729,出路,chūlù,活路,6,user_hsk5_6_list
3730,出面,chūmiàn,前面に立つ,6,user_hsk5_6_list
3731,出名,chūmíng,有名になる,6,user_hsk5_6_list
3732,出入,chūrù,出入り,6,user_hsk5_6_list
3733,出事,chūshì,事故,6,user_hsk5_6_list
3734,出台,chūtái,発表,6,user_hsk5_6_list
3735,初等,chūděng,初等の（例：初等教育、初等数学）,6,user_hsk5_6_list
3736,除,chú,除く、取り除く（動詞用法。「除了」＝〜を除いて）,6,user_hsk5_6_list
3737,储存,chǔcún,保管,6,user_hsk5_6_list
3738,处处,chùchù,至る所,6,user_hsk5_6_list
3739,处长,chùzhǎng,課長,6,user_hsk5_6_list
3740,传出,chuánchū,伝えられる,6,user_hsk5_6_list
3741,传媒,chuánméi,メディア,6,user_hsk5_6_list
3742,传输,chuánshū,伝送,6,user_hsk5_6_list
3743,传言,chuányán,噂,6,user_hsk5_6_list
3744,船员,chuányuán,乗組員,6,user_hsk5_6_list
3745,船长,chuánzhǎng,船長,6,user_hsk5_6_list
3746,船只,chuánzhī,船舶,6,user_hsk5_6_list
3747,串,chuàn,串刺しにする、〜串（動詞・量詞用法）,6,user_hsk5_6_list
3748,窗口,chuāngkǒu,ウィンドウ,6,user_hsk5_6_list
3749,创办,chuàngbàn,設立,6,user_hsk5_6_list
3750,创建,chuàngjiàn,作成,6,user_hsk5_6_list
3751,创意,chuàngyì,アイデア,6,user_hsk5_6_list
3752,此处,cǐchù,ここ,6,user_hsk5_6_list
3753,此前,cǐqián,以前,6,user_hsk5_6_list
3754,此事,cǐshì,この件,6,user_hsk5_6_list
3755,此致,cǐzhì,敬具,6,user_hsk5_6_list
3756,次数,cìshù,回数,6,user_hsk5_6_list
3757,从不,cóngbù,決して,6,user_hsk5_6_list
3758,从没,cóngméi,一度も,6,user_hsk5_6_list
3759,醋,cù,酢,6,user_hsk5_6_list
3760,村庄,cūnzhuāng,村,6,user_hsk5_6_list
3761,搭,dā,乗る,6,user_hsk5_6_list
3762,搭档,dādàng,相棒,6,user_hsk5_6_list
3763,搭配,dāpèi,組み合わせ,6,user_hsk5_6_list
3764,打动,dǎdòng,感動させる,6,user_hsk5_6_list
3765,打断,dǎduàn,遮る,6,user_hsk5_6_list
3766,打发,dǎfa,生クリームを泡立てる,6,user_hsk5_6_list
3767,打官司,dǎguānsi,訴訟を起こす,6,user_hsk5_6_list
3768,打牌,dǎpái,トランプをする,6,user_hsk5_6_list
3769,打造,dǎzào,作り上げる,6,user_hsk5_6_list
3770,大道,dàdào,大通り,6,user_hsk5_6_list
3771,大街,dàjiē,大通り,6,user_hsk5_6_list
3772,大力,dàlì,力強く,6,user_hsk5_6_list
3773,大米,dàmǐ,米,6,user_hsk5_6_list
3774,大批,dàpī,大量,6,user_hsk5_6_list
3775,大师,dàshī,巨匠,6,user_hsk5_6_list
3776,大使,dàshǐ,大使,6,user_hsk5_6_list
3777,待会儿,dāihuìr,後ほど,6,user_hsk5_6_list
3778,担忧,dānyōu,懸念,6,user_hsk5_6_list
3779,单打,dāndǎ,シングル,6,user_hsk5_6_list
3780,诞生,dànshēng,誕生,6,user_hsk5_6_list
3781,党,dǎng,党、政党,6,user_hsk5_6_list
3782,当成,dāngchéng,～と見なす,6,user_hsk5_6_list
3783,当天,dāngtiān,当日,6,user_hsk5_6_list
3784,当作,dàngzuò,～として扱う,6,user_hsk5_6_list
3785,档,dàng,ファイル,6,user_hsk5_6_list
3786,档案,dàng’àn,ファイル,6,user_hsk5_6_list
3787,岛,dǎo,島,6,user_hsk5_6_list
3788,到期,dàoqī,期限切れ,6,user_hsk5_6_list
3789,盗版,dàobǎn,海賊版,6,user_hsk5_6_list
3790,道教,dàojiào,道教,6,user_hsk5_6_list
3791,低头,dītóu,うつむく,6,user_hsk5_6_list
3792,滴,dī,滴る、しずく（動詞・量詞用法）,6,user_hsk5_6_list
3793,抵达,dǐdá,到着,6,user_hsk5_6_list
3794,抵抗,dǐkàng,抵抗,6,user_hsk5_6_list
3795,地板,dìbǎn,床,6,user_hsk5_6_list
3796,地名,dìmíng,地名,6,user_hsk5_6_list
3797,地下室,dìxiàshì,地下室,6,user_hsk5_6_list
3798,电车,diànchē,電車,6,user_hsk5_6_list
3799,电动,diàndòng,電動,6,user_hsk5_6_list
3800,电力,diànlì,電力,6,user_hsk5_6_list
3801,电器,diànqì,電気製品,6,user_hsk5_6_list
3802,吊,diào,吊るす,6,user_hsk5_6_list
3803,调研,diàoyán,調査,6,user_hsk5_6_list
3804,跌,diē,転ぶ,6,user_hsk5_6_list
3805,定价,dìngjià,価格設定,6,user_hsk5_6_list
3806,定时,dìngshí,タイマー,6,user_hsk5_6_list
3807,定位,dìngwèi,位置情報,6,user_hsk5_6_list
3808,动画,dònghuà,アニメーション,6,user_hsk5_6_list
3809,斗争,dòuzhēng,闘争,6,user_hsk5_6_list
3810,都市,dūshì,都市,6,user_hsk5_6_list
3811,毒品,dúpǐn,麻薬,6,user_hsk5_6_list
3812,赌,dǔ,賭け,6,user_hsk5_6_list
3813,赌博,dǔbó,ギャンブル,6,user_hsk5_6_list
3814,渡,dù,渡る、渡す（動詞用法）,6,user_hsk5_6_list
3815,端,duān,端、はし（また「端正＝きちんとした」の意も）,6,user_hsk5_6_list
3816,端午节,duānwǔjié,端午の節句,6,user_hsk5_6_list
3817,短片,duǎnpiàn,短編,6,user_hsk5_6_list
3818,队伍,duìwu,隊列,6,user_hsk5_6_list
3819,对抗,duìkàng,対抗,6,user_hsk5_6_list
3820,对外,duìwài,対外,6,user_hsk5_6_list
3821,蹲,dūn,しゃがむ,6,user_hsk5_6_list
3822,多半,duōbàn,多くの場合,6,user_hsk5_6_list
3823,多方面,duōfāngmiàn,多方面,6,user_hsk5_6_list
3824,多媒体,duōméitǐ,マルチメディア,6,user_hsk5_6_list
3825,夺,duó,奪う,6,user_hsk5_6_list
3826,夺取,duóqǔ,奪取,6,user_hsk5_6_list
3827,恩人,ēnrén,恩人,6,user_hsk5_6_list
3828,儿科,érkē,小児科,6,user_hsk5_6_list
3829,发病,fābìng,発症,6,user_hsk5_6_list
3830,发电,fādiàn,発電,6,user_hsk5_6_list
3831,发放,fāfàng,配布,6,user_hsk5_6_list
3832,发怒,fānù,激怒,6,user_hsk5_6_list
3833,发起,fāqǐ,発起,6,user_hsk5_6_list
3834,发言人,fāyánrén,スポークスパーソン,6,user_hsk5_6_list
3835,发炎,fāyán,炎症,6,user_hsk5_6_list
3836,法庭,fǎtíng,法廷,6,user_hsk5_6_list
3837,法语,fǎyǔ,フランス語,6,user_hsk5_6_list
3838,番,fān,回、〜回（量詞・回数を表す用法、例：说一番话＝一通り話す）,6,user_hsk5_6_list
3839,番茄,fānqié,トマト,6,user_hsk5_6_list
3840,凡是,fánshì,あらゆる,6,user_hsk5_6_list
3841,繁殖,fánzhí,繁殖,6,user_hsk5_6_list
3842,反抗,fǎnkàng,反抗,6,user_hsk5_6_list
3843,反问,fǎnwèn,反問,6,user_hsk5_6_list
3844,反响,fǎnxiǎng,反響,6,user_hsk5_6_list
3845,犯,fàn,犯す、違反する（動詞用法）,6,user_hsk5_6_list
3846,犯规,fànguī,反則,6,user_hsk5_6_list
3847,犯罪,fànzuì,犯罪,6,user_hsk5_6_list
3848,防范,fángfàn,防犯,6,user_hsk5_6_list
3849,防守,fángshǒu,守備,6,user_hsk5_6_list
3850,房价,fángjià,住宅価格,6,user_hsk5_6_list
3851,仿佛,fǎngfú,まるで,6,user_hsk5_6_list
3852,飞船,fēichuán,宇宙船,6,user_hsk5_6_list
3853,飞行员,fēixíngyuán,パイロット,6,user_hsk5_6_list
3854,肺,fèi,肺,6,user_hsk5_6_list
3855,分工,fēngōng,分業,6,user_hsk5_6_list
3856,分裂,fēnliè,分裂,6,user_hsk5_6_list
3857,愤怒,fènnù,怒り,6,user_hsk5_6_list
3858,风暴,fēngbào,嵐,6,user_hsk5_6_list
3859,峰会,fēnghuì,サミット,6,user_hsk5_6_list
3860,奉献,fèngxiàn,献身,6,user_hsk5_6_list
3861,佛,fó,仏,6,user_hsk5_6_list
3862,佛教,fójiào,仏教,6,user_hsk5_6_list
3863,服,fú,服従する、（薬を）飲む（動詞用法。「衣服」の服とは別の用法）,6,user_hsk5_6_list
3864,浮,fú,浮く、浮かぶ（動詞用法）,6,user_hsk5_6_list
3865,负,fù,負,6,user_hsk5_6_list
3866,妇女,fùnǚ,女性,6,user_hsk5_6_list
3867,复苏,fùsū,回復,6,user_hsk5_6_list
3868,副,fù,〜な様子をした（形容詞用法、例：一副着急的样子）,6,user_hsk5_6_list
3869,副,fù,〜組、〜そろい（対になったものを数える量詞、例：一副眼镜）,6,user_hsk5_6_list
3870,富人,fùrén,金持ち,6,user_hsk5_6_list
3871,富有,fùyǒu,裕福,6,user_hsk5_6_list
3872,改装,gǎizhuāng,改造,6,user_hsk5_6_list
3873,干涉,gānshè,干渉,6,user_hsk5_6_list
3874,肝,gān,肝臓（また「肝っ玉」のように度胸の意も）,6,user_hsk5_6_list
3875,杆,gān,棒,6,user_hsk5_6_list
3876,赶不上,gǎnbúshàng,追いつけない,6,user_hsk5_6_list
3877,赶忙,gǎnmáng,急いで,6,user_hsk5_6_list
3878,敢于,gǎnyú,敢えて,6,user_hsk5_6_list
3879,刚好,gānghǎo,ちょうど,6,user_hsk5_6_list
3880,岗位,gǎngwèi,職場,6,user_hsk5_6_list
3881,港口,gǎngkǒu,港,6,user_hsk5_6_list
3882,高层,gāocéng,上層部,6,user_hsk5_6_list
3883,高档,gāodàng,高級,6,user_hsk5_6_list
3884,高等,gāoděng,高等,6,user_hsk5_6_list
3885,高峰,gāofēng,ピーク,6,user_hsk5_6_list
3886,高科技,gāokējì,ハイテク,6,user_hsk5_6_list
3887,高手,gāoshǒu,達人,6,user_hsk5_6_list
3888,稿子,gǎozi,原稿,6,user_hsk5_6_list
3889,歌唱,gēchàng,歌唱,6,user_hsk5_6_list
3890,歌词,gēcí,歌詞,6,user_hsk5_6_list
3891,歌星,gēxīng,歌手,6,user_hsk5_6_list
3892,革新,géxīn,革新,6,user_hsk5_6_list
3893,更是,gèngshì,さらに,6,user_hsk5_6_list
3894,工商,gōngshāng,商工,6,user_hsk5_6_list
3895,公,gōng,公の、公平な（また動物の「オス」の意も）,6,user_hsk5_6_list
3896,公安,gōngān,警察、公安（機関）（日本語の「公安」より意味が広く、通常の警察全般を指す）,6,user_hsk5_6_list
3897,公鸡,gōngjī,雄鶏,6,user_hsk5_6_list
3898,公众,gōngzhòng,大衆,6,user_hsk5_6_list
3899,公主,gōngzhǔ,王女,6,user_hsk5_6_list
3900,攻击,gōngjī,攻撃,6,user_hsk5_6_list
3901,供给,gōngjǐ,供給,6,user_hsk5_6_list
3902,宫,gōng,宮,6,user_hsk5_6_list
3903,巩固,gǒnggù,強化,6,user_hsk5_6_list
3904,贡献,gòngxiàn,貢献,6,user_hsk5_6_list
3905,构建,gòujiàn,構築,6,user_hsk5_6_list
3906,孤独,gūdú,孤独,6,user_hsk5_6_list
3907,孤儿,gūér,孤児,6,user_hsk5_6_list
3908,姑姑,gūgu,叔母,6,user_hsk5_6_list
3909,古典,gǔdiǎn,古典,6,user_hsk5_6_list
3910,股,gǔ,株,6,user_hsk5_6_list
3911,股东,gǔdōng,株主,6,user_hsk5_6_list
3912,股票,gǔpiào,株式,6,user_hsk5_6_list
3913,故障,gùzhàng,故障,6,user_hsk5_6_list
3914,顾,gù,顧,6,user_hsk5_6_list
3915,刮,guā,削る,6,user_hsk5_6_list
3916,拐,guǎi,曲がり角,6,user_hsk5_6_list
3917,关爱,guānài,思いやり,6,user_hsk5_6_list
3918,关联,guānlián,関連,6,user_hsk5_6_list
3919,观光,guānguāng,観光,6,user_hsk5_6_list
3920,官司,guānsi,訴訟,6,user_hsk5_6_list
3921,管道,guǎndào,パイプライン,6,user_hsk5_6_list
3922,光辉,guānghuī,輝き,6,user_hsk5_6_list
3923,广阔,guǎngkuò,広大,6,user_hsk5_6_list
3924,轨道,guǐdào,軌道,6,user_hsk5_6_list
3925,跪,guì,ひざまずく,6,user_hsk5_6_list
3926,国产,guóchǎn,国産,6,user_hsk5_6_list
3927,国歌,guógē,国歌,6,user_hsk5_6_list
3928,国会,guóhuì,国会、議会（各国の議会を指す一般名詞としても使う）,6,user_hsk5_6_list
3929,国旗,guóqí,国旗,6,user_hsk5_6_list
3930,国王,guówáng,国王,6,user_hsk5_6_list
3931,果酱,guǒjiàng,ジャム,6,user_hsk5_6_list
3932,果树,guǒshù,果樹,6,user_hsk5_6_list
3933,过渡,guòdù,移行,6,user_hsk5_6_list
3934,过后,guòhòu,その後,6,user_hsk5_6_list
3935,过时,guòshí,時代遅れ,6,user_hsk5_6_list
3936,海报,hǎibào,ポスター,6,user_hsk5_6_list
3937,海底,hǎidǐ,海底,6,user_hsk5_6_list
3938,海军,hǎijūn,海軍,6,user_hsk5_6_list
3939,海浪,hǎilàng,波,6,user_hsk5_6_list
3940,海外,hǎiwài,海外,6,user_hsk5_6_list
3941,海湾,hǎiwān,湾,6,user_hsk5_6_list
3942,好不容易,hǎobùróngyì,やっとのことで、苦労の末に（＝好容易とも言う）,6,user_hsk5_6_list
3943,好似,hǎosì,まるで,6,user_hsk5_6_list
3944,好转,hǎozhuǎn,好転,6,user_hsk5_6_list
3945,好学,hàoxué,学問好きな、勉強熱心な,6,user_hsk5_6_list
3946,合约,héyuē,契約,6,user_hsk5_6_list
3947,和谐,héxié,調和,6,user_hsk5_6_list
3948,核心,héxīn,核心,6,user_hsk5_6_list
3949,黑夜,hēiyè,夜,6,user_hsk5_6_list
3950,很难说,hěnnánshuō,何とも言えない,6,user_hsk5_6_list
3951,狠,hěn,残酷,6,user_hsk5_6_list
3952,横,héng,横暴,6,user_hsk5_6_list
3953,衡量,héngliáng,比較検討する、はかりにかける（日本語では「衡量」という言葉はあまり使われないため意訳）,6,user_hsk5_6_list
3954,宏大,hóngdà,壮大,6,user_hsk5_6_list
3955,洪水,hóngshuǐ,洪水,6,user_hsk5_6_list
3956,忽略,hūlüè,無視,6,user_hsk5_6_list
3957,壶,hú,急須,6,user_hsk5_6_list
3958,互动,hùdòng,交流,6,user_hsk5_6_list
3959,户外,hùwài,屋外,6,user_hsk5_6_list
3960,护,hù,保護,6,user_hsk5_6_list
3961,花费,huāfèi,費用,6,user_hsk5_6_list
3962,花瓶,huāpíng,花瓶（また比喩的に「見た目だけで実力のない人」の意でも使うことがある）,6,user_hsk5_6_list
3963,花生,huāshēng,ピーナッツ,6,user_hsk5_6_list
3964,化解,huàjiě,解消,6,user_hsk5_6_list
3965,幻想,huànxiǎng,幻想,6,user_hsk5_6_list
3966,患者,huànzhě,患者,6,user_hsk5_6_list
3967,皇帝,huángdì,皇帝,6,user_hsk5_6_list
3968,回应,huíyìng,応答,6,user_hsk5_6_list
3969,毁,huǐ,破壊,6,user_hsk5_6_list
3970,会见,huìjiàn,面会,6,user_hsk5_6_list
3971,会长,huìzhǎng,会長,6,user_hsk5_6_list
3972,绘画,huìhuà,絵画,6,user_hsk5_6_list
3973,昏,hūn,薄暗い、意識がもうろうとする（例：黄昏＝夕暮れ、昏迷＝意識不明）,6,user_hsk5_6_list
3974,混,hùn,混ざる、混ぜる（動詞用法）,6,user_hsk5_6_list
3975,混合,hùnhé,混合,6,user_hsk5_6_list
3976,混乱,hùnluàn,混乱,6,user_hsk5_6_list
3977,活跃,huóyuè,活発,6,user_hsk5_6_list
3978,火箭,huǒjiàn,ロケット,6,user_hsk5_6_list
3979,机动车,jīdòngchē,自動車,6,user_hsk5_6_list
3980,机关,jīguān,機関,6,user_hsk5_6_list
3981,机械,jīxiè,機械,6,user_hsk5_6_list
3982,基督教,jīdūjiào,キリスト教,6,user_hsk5_6_list
3983,激情,jīqíng,情熱,6,user_hsk5_6_list
3984,吉利,jílì,縁起が良い、めでたい（日本語の「吉利」はあまり一般的ではないため意訳）,6,user_hsk5_6_list
3985,吉祥,jíxiáng,縁起が良い、めでたい,6,user_hsk5_6_list
3986,极端,jíduān,極端,6,user_hsk5_6_list
3987,急救,jíjiù,救急,6,user_hsk5_6_list
3988,疾病,jíbìng,病気,6,user_hsk5_6_list
3989,集,jí,集まる、集める、〜集（動詞・名詞用法）,6,user_hsk5_6_list
3990,给予,jǐyǔ,与える,6,user_hsk5_6_list
3991,加盟,jiāméng,加盟,6,user_hsk5_6_list
3992,家电,jiādiàn,家電,6,user_hsk5_6_list
3993,家园,jiāyuán,家,6,user_hsk5_6_list
3994,嘉宾,jiābīn,ゲスト,6,user_hsk5_6_list
3995,尖,jiān,尖った、とがっている（形容詞用法）,6,user_hsk5_6_list
3996,监测,jiāncè,監視,6,user_hsk5_6_list
3997,监督,jiāndū,監督,6,user_hsk5_6_list
3998,捡,jiǎn,拾う,6,user_hsk5_6_list
3999,简介,jiǎnjiè,概要,6,user_hsk5_6_list
4000,剑,jiàn,剣,6,user_hsk5_6_list
4001,鉴定,jiàndìng,鑑定,6,user_hsk5_6_list
4002,箭,jiàn,矢,6,user_hsk5_6_list
4003,将军,jiāngjūn,将軍,6,user_hsk5_6_list
4004,讲课,jiǎngkè,講義,6,user_hsk5_6_list
4005,酱,jiàng,醤,6,user_hsk5_6_list
4006,酱油,jiàngyóu,醤油,6,user_hsk5_6_list
4007,焦点,jiāodiǎn,焦点,6,user_hsk5_6_list
4008,脚印,jiǎoyìn,足跡,6,user_hsk5_6_list
4009,觉,jiào,覚,6,user_hsk5_6_list
4010,教堂,jiàotáng,教会,6,user_hsk5_6_list
4011,教育部,jiàoyùbù,教育部（中国の教育行政を担当する政府機関。日本の「文部科学省」に相当）,6,user_hsk5_6_list
4012,接收,jiēshōu,受信,6,user_hsk5_6_list
4013,揭,jiē,明かす,6,user_hsk5_6_list
4014,街头,jiētóu,街頭,6,user_hsk5_6_list
4015,节,jié,節約する（動詞用法）,6,user_hsk5_6_list
4016,节能,jiénéng,省エネ,6,user_hsk5_6_list
4017,节奏,jiézòu,リズム,6,user_hsk5_6_list
4018,杰出,jiéchū,傑出,6,user_hsk5_6_list
4019,截止,jiézhǐ,締切,6,user_hsk5_6_list
4020,截至,jiézhì,～時点で,6,user_hsk5_6_list
4021,解,jiě,解説,6,user_hsk5_6_list
4022,解说,jiěshuō,解説,6,user_hsk5_6_list
4023,界,jiè,境界、〜界（分野・世界を表す語、例：世界＝世界）,6,user_hsk5_6_list
4024,界,jiè,〜界（分野・業界を表す接尾辞、例：文艺界＝文芸界）,6,user_hsk5_6_list
4025,借鉴,jièjiàn,参考,6,user_hsk5_6_list
4026,金额,jīné,金額,6,user_hsk5_6_list
4027,金钱,jīnqián,金銭,6,user_hsk5_6_list
4028,金融,jīnróng,金融,6,user_hsk5_6_list
4029,尽,jìn,尽くす,6,user_hsk5_6_list
4030,进攻,jìngōng,攻撃,6,user_hsk5_6_list
4031,近日,jìnrì,最近,6,user_hsk5_6_list
4032,近视,jìnshì,近視,6,user_hsk5_6_list
4033,惊人,jīngrén,驚くべき,6,user_hsk5_6_list
4034,惊喜,jīngxǐ,嬉しい驚き,6,user_hsk5_6_list
4035,精,jīng,精、エネルギー（また「巧み、賢い」の意も）,6,user_hsk5_6_list
4036,精美,jīngměi,美しい,6,user_hsk5_6_list
4037,精品,jīngpǐn,逸品,6,user_hsk5_6_list
4038,井,jǐng,井戸（水を汲む穴）,6,user_hsk5_6_list
4039,景,jǐng,景色,6,user_hsk5_6_list
4040,净,jìng,清,6,user_hsk5_6_list
4041,纠纷,jiūfēn,紛争,6,user_hsk5_6_list
4042,纠正,jiūzhèng,是正,6,user_hsk5_6_list
4043,酒水,jiǔshuǐ,酒類,6,user_hsk5_6_list
4044,救命,jiùmìng,命を救う（動詞）、助けて！（叫び声としての用法も、例：救命啊！）,6,user_hsk5_6_list
4045,救援,jiùyuán,救援,6,user_hsk5_6_list
4046,救助,jiùzhù,救助,6,user_hsk5_6_list
4047,就是说,jiùshìshuō,つまり,6,user_hsk5_6_list
4048,就算,jiùsuàn,たとえ,6,user_hsk5_6_list
4049,局,jú,勝負の回数（1局、2局）やテニス・卓球などのゲーム・セット（1セット）を数える量詞,6,user_hsk5_6_list
4050,剧,jù,劇,6,user_hsk5_6_list
4051,据,jù,〜に基づいて、占める（例：根据＝〜に基づいて、占据＝占領する）,6,user_hsk5_6_list
4052,捐,juān,寄付,6,user_hsk5_6_list
4053,捐款,juānkuǎn,寄付金,6,user_hsk5_6_list
4054,捐赠,juānzèng,寄贈,6,user_hsk5_6_list
4055,捐助,juānzhù,支援,6,user_hsk5_6_list
4056,决策,juécè,意思決定,6,user_hsk5_6_list
4057,觉悟,juéwù,自覚,6,user_hsk5_6_list
4058,绝,jué,絶,6,user_hsk5_6_list
4059,绝大多数,juédàduōshù,大多数,6,user_hsk5_6_list
4060,军队,jūnduì,軍隊,6,user_hsk5_6_list
4061,军舰,jūnjiàn,軍艦,6,user_hsk5_6_list
4062,军事,jūnshì,軍事,6,user_hsk5_6_list
4063,开创,kāichuàng,開拓,6,user_hsk5_6_list
4064,开关,kāiguān,スイッチ,6,user_hsk5_6_list
4065,开设,kāishè,開設,6,user_hsk5_6_list
4066,开通,kāitōng,開設,6,user_hsk5_6_list
4067,开头,kāitóu,冒頭,6,user_hsk5_6_list
4068,开夜车,kāiyèchē,夜通し働く,6,user_hsk5_6_list
4069,看,kān,見張る、番をする、世話をする（第四声 kàn「見る」とは別の読み）,6,user_hsk5_6_list
4070,看管,kānguǎn,管理する,6,user_hsk5_6_list
4071,看得见,kàndejiàn,見える,6,user_hsk5_6_list
4072,看得起,kàndeqǐ,見下さない,6,user_hsk5_6_list
4073,看好,kànhǎo,見守る,6,user_hsk5_6_list
4074,看作,kànzuò,～と見なす,6,user_hsk5_6_list
4075,康复,kāngfù,回復,6,user_hsk5_6_list
4076,抗议,kàngyì,抗議,6,user_hsk5_6_list
4077,考场,kǎochǎng,試験会場,6,user_hsk5_6_list
4078,考题,kǎotí,試験問題,6,user_hsk5_6_list
4079,科研,kēyán,科学研究,6,user_hsk5_6_list
4080,客车,kèchē,バス,6,user_hsk5_6_list
4081,肯,kěn,肯定する,6,user_hsk5_6_list
4082,空军,kōngjūn,空軍,6,user_hsk5_6_list
4083,口试,kǒushì,面接,6,user_hsk5_6_list
4084,扣,kòu,差し引く,6,user_hsk5_6_list
4085,酷,kù,クール,6,user_hsk5_6_list
4086,跨,kuà,跨ぐ,6,user_hsk5_6_list
4087,快车,kuàichē,特急,6,user_hsk5_6_list
4088,宽阔,kuānkuò,広々とした,6,user_hsk5_6_list
4089,矿,kuàng,鉱山,6,user_hsk5_6_list
4090,阔,kuò,広い,6,user_hsk5_6_list
4091,啦,la,より陽気で人間味のある響き明るい、軽い、または感情的（喜び、驚き、強調）なニュアンス、「了」よりも感情がこもる。「下雪啦 (雪が降ったよ！)」、「A啦，B啦…」という形で例を挙げる、疑問文や命令文を和らげたり、強調したりする。「快走啦 (早く行こうよ)」,6,user_hsk5_6_list
4092,来往,láiwǎng,行き来,6,user_hsk5_6_list
4093,赖,lài,頼る,6,user_hsk5_6_list
4094,栏目,lánmù,カテゴリ,6,user_hsk5_6_list
4095,蓝领,lánlǐng,ブルーカラー,6,user_hsk5_6_list
4096,蓝天,lántiān,青空,6,user_hsk5_6_list
4097,牢,láo,牢屋,6,user_hsk5_6_list
4098,老乡,lǎoxiāng,同郷,6,user_hsk5_6_list
4099,冷气,lěngqì,冷房,6,user_hsk5_6_list
4100,冷水,lěngshuǐ,冷水,6,user_hsk5_6_list
4101,礼堂,lǐtáng,講堂,6,user_hsk5_6_list
4102,理,lǐ,道理、理屈（また「処理する」等の動詞用法も）,6,user_hsk5_6_list
4103,理财,lǐcái,資産運用,6,user_hsk5_6_list
4104,理智,lǐzhì,理性,6,user_hsk5_6_list
4105,利,lì,利益、有利（形容詞的にも使う）,6,user_hsk5_6_list
4106,联盟,liánméng,連盟,6,user_hsk5_6_list
4107,联赛,liánsài,リーグ,6,user_hsk5_6_list
4108,联手,liánshǒu,協力,6,user_hsk5_6_list
4109,凉鞋,liángxié,サンダル,6,user_hsk5_6_list
4110,两侧,liǎngcè,両側,6,user_hsk5_6_list
4111,两手,liǎngshǒu,両手,6,user_hsk5_6_list
4112,聊,liáo,おしゃべり,6,user_hsk5_6_list
4113,聊天儿,liáotiānr,おしゃべり,6,user_hsk5_6_list
4114,料,liào,推測する、予想する、見積もる（動詞用法）,6,user_hsk5_6_list
4115,料,liào,材料、素材、原料（名詞用法）,6,user_hsk5_6_list
4116,裂,liè,裂ける,6,user_hsk5_6_list
4117,灵活,línghuó,柔軟,6,user_hsk5_6_list
4118,领取,lǐngqǔ,受け取る,6,user_hsk5_6_list
4119,领袖,lǐngxiù,リーダー,6,user_hsk5_6_list
4120,留言,liúyán,メッセージ,6,user_hsk5_6_list
4121,流感,liúgǎn,インフルエンザ,6,user_hsk5_6_list
4122,楼道,lóudào,廊下,6,user_hsk5_6_list
4123,楼房,lóufáng,建物,6,user_hsk5_6_list
4124,露,lòu,露呈する,6,user_hsk5_6_list
4125,陆军,lùjūn,陸軍,6,user_hsk5_6_list
4126,录像,lùxiàng,ビデオ,6,user_hsk5_6_list
4127,录音机,lùyīnjī,テープレコーダー,6,user_hsk5_6_list
4128,露,lù,（水に濡れる意の）露,6,user_hsk5_6_list
4129,旅店,lǚdiàn,旅館,6,user_hsk5_6_list
4130,绿化,lǜhuà,緑化,6,user_hsk5_6_list
4131,马车,mǎchē,馬車,6,user_hsk5_6_list
4132,嘛,ma,まあ,6,user_hsk5_6_list
4133,埋,mái,埋める,6,user_hsk5_6_list
4134,慢车,mànchē,ローカル列車,6,user_hsk5_6_list
4135,盲人,mángrén,盲人,6,user_hsk5_6_list
4136,梅花,méihuā,梅の花,6,user_hsk5_6_list
4137,美容,měiróng,美容,6,user_hsk5_6_list
4138,蒙,mēng,覆う,6,user_hsk5_6_list
4139,蒙,méng,蒙る,6,user_hsk5_6_list
4140,猛,měng,猛烈,6,user_hsk5_6_list
4141,棉,mián,綿,6,user_hsk5_6_list
4142,免得,miǎndé,免れる,6,user_hsk5_6_list
4143,面对面,miànduìmiàn,対面,6,user_hsk5_6_list
4144,面向,miànxiàng,向け,6,user_hsk5_6_list
4145,妙,miào,巧み、優れている（※日本語の「妙」＝奇妙な、とは意味がずれるため注意）,6,user_hsk5_6_list
4146,灭,miè,滅ぼす,6,user_hsk5_6_list
4147,民歌,míngē,民謡,6,user_hsk5_6_list
4148,民工,míngōng,出稼ぎ労働者,6,user_hsk5_6_list
4149,民警,mínjǐng,警察官,6,user_hsk5_6_list
4150,民意,mínyì,民意,6,user_hsk5_6_list
4151,民主,mínzhǔ,民主主義,6,user_hsk5_6_list
4152,名额,míng’é,定員,6,user_hsk5_6_list
4153,名胜,míngshèng,名所,6,user_hsk5_6_list
4154,名义,míngyì,名目,6,user_hsk5_6_list
4155,名誉,míngyù,名誉,6,user_hsk5_6_list
4156,明日,míngrì,明日（あす）※書き言葉。口語では「明天」を使う,6,user_hsk5_6_list
4157,命,mìng,命、運命（名詞用法）,6,user_hsk5_6_list
4158,膜,mó,膜,6,user_hsk5_6_list
4159,磨,mó,磨く,6,user_hsk5_6_list
4160,没收,mòshōu,没収,6,user_hsk5_6_list
4161,墨水,mòshuǐ,インク,6,user_hsk5_6_list
4162,母,mǔ,母（また動物の「メス」の意も）,6,user_hsk5_6_list
4163,母鸡,mǔjī,雌鶏,6,user_hsk5_6_list
4164,墓,mù,墓,6,user_hsk5_6_list
4165,拿走,názǒu,持ち去る,6,user_hsk5_6_list
4166,奶粉,nǎifěn,粉ミルク,6,user_hsk5_6_list
4167,奶牛,nǎiniú,乳牛,6,user_hsk5_6_list
4168,内地,nèidì,中国本土,6,user_hsk5_6_list
4169,内外,nèiwài,内外,6,user_hsk5_6_list
4170,内衣,nèiyī,下着,6,user_hsk5_6_list
4171,泥,ní,泥,6,user_hsk5_6_list
4172,扭,niǔ,ひねる,6,user_hsk5_6_list
4173,排行榜,páihángbǎng,ランキング,6,user_hsk5_6_list
4174,派出,pàichū,派遣する,6,user_hsk5_6_list
4175,判,pàn,判決,6,user_hsk5_6_list
4176,盼望,pànwàng,期待,6,user_hsk5_6_list
4177,泡,pào,泡、（水に）浸す、（お茶を）いれる（動詞用法も）,6,user_hsk5_6_list
4178,炮,pào,大砲,6,user_hsk5_6_list
4179,陪同,péitóng,同伴,6,user_hsk5_6_list
4180,配置,pèizhì,構成,6,user_hsk5_6_list
4181,皮球,píqiú,ボール,6,user_hsk5_6_list
4182,偏,piān,偏り,6,user_hsk5_6_list
4183,贫困,pínkùn,貧困,6,user_hsk5_6_list
4184,品牌,pǐnpái,ブランド,6,user_hsk5_6_list
4185,聘请,pìnqǐng,採用,6,user_hsk5_6_list
4186,平凡,píngfán,平凡,6,user_hsk5_6_list
4187,平方米,píngfāngmǐ,平方メートル,6,user_hsk5_6_list
4188,平衡,pínghéng,バランス,6,user_hsk5_6_list
4189,平台,píngtái,プラットフォーム,6,user_hsk5_6_list
4190,评,píng,評価,6,user_hsk5_6_list
4191,评选,píngxuǎn,選考,6,user_hsk5_6_list
4192,屏幕,píngmù,画面,6,user_hsk5_6_list
4193,坡,pō,坂,6,user_hsk5_6_list
4194,扑,pū,飛びかかる,6,user_hsk5_6_list
4195,铺,pū,敷く,6,user_hsk5_6_list
4196,欺负,qīfu,いじめ,6,user_hsk5_6_list
4197,奇妙,qímiào,不思議,6,user_hsk5_6_list
4198,企图,qǐtú,企て,6,user_hsk5_6_list
4199,起点,qǐdiǎn,起点,6,user_hsk5_6_list
4200,起诉,qǐsù,提訴,6,user_hsk5_6_list
4201,气氛,qìfēn,雰囲気,6,user_hsk5_6_list
4202,恰当,qiàdàng,適切,6,user_hsk5_6_list
4203,恰好,qiàhǎo,ちょうど,6,user_hsk5_6_list
4204,恰恰,qiàqià,ちょうど,6,user_hsk5_6_list
4205,牵,qiān,引く,6,user_hsk5_6_list
4206,铅笔,qiānbǐ,鉛筆,6,user_hsk5_6_list
4207,谦虚,qiānxū,謙虚,6,user_hsk5_6_list
4208,前来,qiánlái,やってくる,6,user_hsk5_6_list
4209,潜力,qiánlì,潜在能力,6,user_hsk5_6_list
4210,强盗,qiángdào,強盗,6,user_hsk5_6_list
4211,强化,qiánghuà,強化,6,user_hsk5_6_list
4212,强势,qiángshì,強気,6,user_hsk5_6_list
4213,强壮,qiángzhuàng,たくましい,6,user_hsk5_6_list
4214,桥梁,qiáoliáng,橋,6,user_hsk5_6_list
4215,巧妙,qiǎomiào,巧み,6,user_hsk5_6_list
4216,茄子,qiézi,ナス,6,user_hsk5_6_list
4217,切实,qièshí,確実,6,user_hsk5_6_list
4218,侵犯,qīnfàn,侵害,6,user_hsk5_6_list
4219,亲属,qīnshǔ,親族,6,user_hsk5_6_list
4220,亲眼,qīnyǎn,この目で,6,user_hsk5_6_list
4221,倾向,qīngxiàng,傾向,6,user_hsk5_6_list
4222,清,qīng,清らか,6,user_hsk5_6_list
4223,清洁,qīngjié,清潔,6,user_hsk5_6_list
4224,清洁工,qīngjiégōng,清掃員,6,user_hsk5_6_list
4225,清明节,qīngmíngjié,清明節,6,user_hsk5_6_list
4226,清洗,qīngxǐ,洗浄,6,user_hsk5_6_list
4227,情绪,qíngxù,感情,6,user_hsk5_6_list
4228,求职,qiúzhí,就職活動,6,user_hsk5_6_list
4229,球拍,qiúpāi,ラケット,6,user_hsk5_6_list
4230,球星,qiúxīng,スター選手,6,user_hsk5_6_list
4231,球员,qiúyuán,選手,6,user_hsk5_6_list
4232,区分,qūfēn,区別,6,user_hsk5_6_list
4233,渠道,qúdào,チャネル,6,user_hsk5_6_list
4234,取款,qǔkuǎn,出金,6,user_hsk5_6_list
4235,取款机,qǔkuǎnjī,ATM,6,user_hsk5_6_list
4236,去掉,qùdiào,取り除く,6,user_hsk5_6_list
4237,权,quán,権利,6,user_hsk5_6_list
4238,权力,quánlì,権力,6,user_hsk5_6_list
4239,全力,quánlì,全力を尽くす,6,user_hsk5_6_list
4240,全新,quánxīn,全く新しい,6,user_hsk5_6_list
4241,券,quàn,クーポン,6,user_hsk5_6_list
4242,缺陷,quēxiàn,欠陥,6,user_hsk5_6_list
4243,却是,quèshì,しかし,6,user_hsk5_6_list
4244,让座,ràngzuò,席を譲る,6,user_hsk5_6_list
4245,热点,rèdiǎn,話題,6,user_hsk5_6_list
4246,热水,rèshuǐ,お湯,6,user_hsk5_6_list
4247,热水器,rèshuǐqì,給湯器,6,user_hsk5_6_list
4248,热线,rèxiàn,ホットライン,6,user_hsk5_6_list
4249,人权,rénquán,人権,6,user_hsk5_6_list
4250,认同,rèntóng,アイデンティティ,6,user_hsk5_6_list
4251,日夜,rìyè,昼夜,6,user_hsk5_6_list
4252,日语,rìyǔ,日本語,6,user_hsk5_6_list
4253,融合,rónghé,融合,6,user_hsk5_6_list
4254,融入,róngrù,溶け込む,6,user_hsk5_6_list
4255,如,rú,〜のようだ、もし〜なら（例：如果＝もし）,6,user_hsk5_6_list
4256,如一,rúyī,終始一貫している（多くは「始终如一」の形で使う）,6,user_hsk5_6_list
4257,乳制品,rǔzhìpǐn,乳製品,6,user_hsk5_6_list
4258,若,ruò,もし,6,user_hsk5_6_list
4259,塞,sāi,詰める,6,user_hsk5_6_list
4260,赛,sài,試合,6,user_hsk5_6_list
4261,赛场,sàichǎng,競技場,6,user_hsk5_6_list
4262,三明治,sānmíngzhì,サンドイッチ,6,user_hsk5_6_list
4263,丧失,sàngshī,喪失,6,user_hsk5_6_list
4264,山峰,shānfēng,山頂,6,user_hsk5_6_list
4265,山谷,shāngǔ,谷,6,user_hsk5_6_list
4266,山坡,shānpō,斜面,6,user_hsk5_6_list
4267,伤口,shāngkǒu,傷口,6,user_hsk5_6_list
4268,伤亡,shāngwáng,死傷者,6,user_hsk5_6_list
4269,伤员,shāngyuán,負傷者,6,user_hsk5_6_list
4270,商城,shāngchéng,ショッピングモール,6,user_hsk5_6_list
4271,上当,shàngdàng,騙される,6,user_hsk5_6_list
4272,上帝,shàngdì,神様,6,user_hsk5_6_list
4273,上市,shàngshì,上場,6,user_hsk5_6_list
4274,上台,shàngtái,登壇,6,user_hsk5_6_list
4275,上演,shàngyǎn,上演,6,user_hsk5_6_list
4276,勺,sháo,スプーン,6,user_hsk5_6_list
4277,少儿,shàoér,子供,6,user_hsk5_6_list
4278,舌头,shétou,舌,6,user_hsk5_6_list
4279,设计师,shèjìshī,デザイナー,6,user_hsk5_6_list
4280,涉及,shèjí,関わる,6,user_hsk5_6_list
4281,深化,shēnhuà,深化,6,user_hsk5_6_list
4282,深深,shēnshēn,深く,6,user_hsk5_6_list
4283,审查,shěnchá,審査,6,user_hsk5_6_list
4284,升级,shēngjí,アップグレード,6,user_hsk5_6_list
4285,升学,shēngxué,進学,6,user_hsk5_6_list
4286,升值,shēngzhí,価値の上昇,6,user_hsk5_6_list
4287,生活费,shēnghuófèi,生活費,6,user_hsk5_6_list
4288,省钱,shěngqián,節約,6,user_hsk5_6_list
4289,圣诞节,shèngdànjié,クリスマス,6,user_hsk5_6_list
4290,盛行,shèngxíng,流行,6,user_hsk5_6_list
4291,师父,shīfu,師匠,6,user_hsk5_6_list
4292,时而,shí’ér,時折,6,user_hsk5_6_list
4293,时节,shíjié,季節,6,user_hsk5_6_list
4294,时期,shíqī,時期,6,user_hsk5_6_list
4295,时时,shíshí,常に,6,user_hsk5_6_list
4296,时装,shízhuāng,ファッション,6,user_hsk5_6_list
4297,识,shí,知識,6,user_hsk5_6_list
4298,识字,shízì,識字,6,user_hsk5_6_list
4299,实践,shíjiàn,実践,6,user_hsk5_6_list
4300,食欲,shíyù,食欲,6,user_hsk5_6_list
4301,市民,shìmín,市民,6,user_hsk5_6_list
4302,事后,shìhòu,事後,6,user_hsk5_6_list
4303,试点,shìdiǎn,パイロット事業,6,user_hsk5_6_list
4304,适当,shìdàng,適切,6,user_hsk5_6_list
4305,收藏,shōucáng,お気に入り,6,user_hsk5_6_list
4306,收取,shōuqǔ,徴収,6,user_hsk5_6_list
4307,收养,shōuyǎng,養子縁組,6,user_hsk5_6_list
4308,手续费,shǒuxùfèi,手数料,6,user_hsk5_6_list
4309,首,shǒu,長、トップ（例：元首＝国家元首）,6,user_hsk5_6_list
4310,首次,shǒucì,初回,6,user_hsk5_6_list
4311,首脑,shǒunǎo,首脳,6,user_hsk5_6_list
4312,首席,shǒuxí,首席、第一人者（日本語の「首席」より使用範囲が広い）,6,user_hsk5_6_list
4313,首相,shǒuxiàng,首相,6,user_hsk5_6_list
4314,书房,shūfáng,書斎,6,user_hsk5_6_list
4315,薯片,shǔpiàn,ポテトチップス,6,user_hsk5_6_list
4316,薯条,shǔtiáo,フライドポテト,6,user_hsk5_6_list
4317,双打,shuāngdǎ,ダブルス,6,user_hsk5_6_list
4318,爽,shuǎng,爽快,6,user_hsk5_6_list
4319,水泥,shuǐní,セメント,6,user_hsk5_6_list
4320,税,shuì,税金,6,user_hsk5_6_list
4321,顺,shùn,順調,6,user_hsk5_6_list
4322,说实话,shuōshíhuà,正直に言うと,6,user_hsk5_6_list
4323,司长,sīzhǎng,局長,6,user_hsk5_6_list
4324,死亡,sǐwáng,死亡,6,user_hsk5_6_list
4325,四处,sìchù,あちこち,6,user_hsk5_6_list
4326,寺,sì,寺（仏教寺院）,6,user_hsk5_6_list
4327,送礼,sònglǐ,贈り物,6,user_hsk5_6_list
4328,送行,sòngxíng,見送り,6,user_hsk5_6_list
4329,素质,sùzhì,素質,6,user_hsk5_6_list
4330,算了,suànle,もういいや,6,user_hsk5_6_list
4331,算是,suànshì,まあ,6,user_hsk5_6_list
4332,虽,suī,とはいえ,6,user_hsk5_6_list
4333,岁数,suìshù,年齢,6,user_hsk5_6_list
4334,所,suǒ,〜するところの（「所＋動詞」の形で名詞化する助詞、例：所说＝言うところのこと）,6,user_hsk5_6_list
4335,踏实,tāshi,堅実,6,user_hsk5_6_list
4336,塔,tǎ,塔,6,user_hsk5_6_list
4337,踏,tà,踏む,6,user_hsk5_6_list
4338,台灯,táidēng,テーブルランプ,6,user_hsk5_6_list
4339,太阳能,tàiyángnéng,太陽光発電,6,user_hsk5_6_list
4340,叹气,tànqì,ため息,6,user_hsk5_6_list
4341,探索,tànsuǒ,探求,6,user_hsk5_6_list
4342,探讨,tàntǎo,検討,6,user_hsk5_6_list
4343,掏,tāo,取り出す,6,user_hsk5_6_list
4344,特,tè,特に,6,user_hsk5_6_list
4345,特大,tèdà,特大,6,user_hsk5_6_list
4346,特地,tèdì,わざわざ,6,user_hsk5_6_list
4347,特快,tèkuài,特急,6,user_hsk5_6_list
4348,特意,tèyì,わざわざ,6,user_hsk5_6_list
4349,疼痛,téngtòng,痛み,6,user_hsk5_6_list
4350,踢,tī,蹴る,6,user_hsk5_6_list
4351,提交,tíjiāo,提出,6,user_hsk5_6_list
4352,提升,tíshēng,向上,6,user_hsk5_6_list
4353,天然,tiānrán,天然,6,user_hsk5_6_list
4354,天堂,tiāntáng,天国,6,user_hsk5_6_list
4355,天下,tiānxià,天下,6,user_hsk5_6_list
4356,添,tiān,添える,6,user_hsk5_6_list
4357,田,tián,田、田畑,6,user_hsk5_6_list
4358,田径,tiánjìng,陸上競技,6,user_hsk5_6_list
4359,跳水,tiàoshuǐ,飛び込み,6,user_hsk5_6_list
4360,听取,tīngqǔ,聴取,6,user_hsk5_6_list
4361,通报,tōngbào,通報,6,user_hsk5_6_list
4362,通道,tōngdào,通路,6,user_hsk5_6_list
4363,通红,tōnghóng,真っ赤,6,user_hsk5_6_list
4364,通话,tōnghuà,通話,6,user_hsk5_6_list
4365,通行,tōngxíng,通行する（また「（考え方・言い方などが）広く通用する」の意でも使うことがある）,6,user_hsk5_6_list
4366,通讯,tōngxùn,通信,6,user_hsk5_6_list
4367,同,tóng,同じ（接頭辞的用法、例：同上）,6,user_hsk5_6_list
4368,同胞,tóngbāo,同胞、同じ国・民族の人（日本語の「同胞（はらから）」＝実の兄弟姉妹、とは意味の範囲が異なるため注意）,6,user_hsk5_6_list
4369,同行,tóngháng,同業者、同僚（同じ職業の人。日本語の「同行する（一緒に行く）」とは意味が異なるため注意）,6,user_hsk5_6_list
4370,同期,tóngqī,同じ時期（例：同期＝前年同期比較などで使う。日本語の「同期（入社が同じ）」とはニュアンスが異なる場合があるため注意）,6,user_hsk5_6_list
4371,同一,tóngyī,同一,6,user_hsk5_6_list
4372,铜牌,tóngpái,銅メダル,6,user_hsk5_6_list
4373,头疼,tóuténg,頭痛,6,user_hsk5_6_list
4374,投票,tóupiào,投票,6,user_hsk5_6_list
4375,透露,tòulù,明かす,6,user_hsk5_6_list
4376,图书,túshū,図書,6,user_hsk5_6_list
4377,徒弟,túdì,弟子,6,user_hsk5_6_list
4378,途径,tújìng,方法,6,user_hsk5_6_list
4379,团队,tuánduì,チーム,6,user_hsk5_6_list
4380,退票,tuìpiào,払い戻し,6,user_hsk5_6_list
4381,吞,tūn,飲み込む,6,user_hsk5_6_list
4382,托,tuō,預ける,6,user_hsk5_6_list
4383,拖,tuō,引き延ばす,6,user_hsk5_6_list
4384,拖鞋,tuōxié,スリッパ,6,user_hsk5_6_list
4385,挖,wā,掘る,6,user_hsk5_6_list
4386,娃娃,wáwa,人形,6,user_hsk5_6_list
4387,哇,wa,わあ,6,user_hsk5_6_list
4388,外币,wàibì,外貨,6,user_hsk5_6_list
4389,外部,wàibù,外部,6,user_hsk5_6_list
4390,外观,wàiguān,外観,6,user_hsk5_6_list
4391,外科,wàikē,外科,6,user_hsk5_6_list
4392,外来,wàilái,外部から来た、外来の（例：外来语＝外来語、外来人口＝流入人口。日本語の「外来（病院の外来）」とは異なる意味なので注意）,6,user_hsk5_6_list
4393,外头,wàitou,外,6,user_hsk5_6_list
4394,外衣,wàiyī,上着,6,user_hsk5_6_list
4395,外资,wàizī,外資,6,user_hsk5_6_list
4396,弯曲,wānqū,曲がり,6,user_hsk5_6_list
4397,顽皮,wánpí,いたずらっ子,6,user_hsk5_6_list
4398,顽强,wánqiáng,不屈,6,user_hsk5_6_list
4399,王后,wánghòu,女王,6,user_hsk5_6_list
4400,王子,wángzǐ,王子,6,user_hsk5_6_list
4401,网吧,wǎngbā,インターネットカフェ,6,user_hsk5_6_list
4402,往后,wǎnghòu,次へ,6,user_hsk5_6_list
4403,往来,wǎnglái,行き来,6,user_hsk5_6_list
4404,往年,wǎngnián,昨年,6,user_hsk5_6_list
4405,望见,wàngjiàn,見かける,6,user_hsk5_6_list
4406,危机,wēijī,危機,6,user_hsk5_6_list
4407,威胁,wēixié,脅威,6,user_hsk5_6_list
4408,微波炉,wēibōlú,電子レンジ,6,user_hsk5_6_list
4409,维生素,wéishēngsù,ビタミン,6,user_hsk5_6_list
4410,为此,wèicǐ,そのため,6,user_hsk5_6_list
4411,为何,wèihé,なぜ,6,user_hsk5_6_list
4412,文娱,wényú,娯楽,6,user_hsk5_6_list
4413,卧铺,wòpù,寝台,6,user_hsk5_6_list
4414,乌云,wūyún,暗雲,6,user_hsk5_6_list
4415,无边,wúbiān,果てしなく,6,user_hsk5_6_list
4416,无关,wúguān,無関係,6,user_hsk5_6_list
4417,无效,wúxiào,無効,6,user_hsk5_6_list
4418,舞蹈,wǔdǎo,ダンス,6,user_hsk5_6_list
4419,物品,wùpǐn,物品,6,user_hsk5_6_list
4420,误,wù,間違い,6,user_hsk5_6_list
4421,西班牙语,xībānyáyǔ,スペイン語,6,user_hsk5_6_list
4422,吸毒,xīdú,薬物使用,6,user_hsk5_6_list
4423,牺牲,xīshēng,犠牲,6,user_hsk5_6_list
4424,洗衣粉,xǐyīfěn,洗濯洗剤,6,user_hsk5_6_list
4425,戏曲,xìqǔ,伝統演劇,6,user_hsk5_6_list
4426,细胞,xìbāo,細胞,6,user_hsk5_6_list
4427,细菌,xìjūn,細菌,6,user_hsk5_6_list
4428,先锋,xiānfēng,先駆者,6,user_hsk5_6_list
4429,嫌,xián,嫌う,6,user_hsk5_6_list
4430,显出,xiǎnchū,現れる,6,user_hsk5_6_list
4431,险,xiǎn,危険,6,user_hsk5_6_list
4432,线路,xiànlù,路線,6,user_hsk5_6_list
4433,陷入,xiànrù,陥る,6,user_hsk5_6_list
4434,响声,xiǎngshēng,音,6,user_hsk5_6_list
4435,想不到,xiǎngbúdào,まさか,6,user_hsk5_6_list
4436,消耗,xiāohào,消費,6,user_hsk5_6_list
4437,消灭,xiāomiè,消滅,6,user_hsk5_6_list
4438,小费,xiǎofèi,チップ,6,user_hsk5_6_list
4439,小麦,xiǎomài,小麦,6,user_hsk5_6_list
4440,小于,xiǎoyú,より小さい,6,user_hsk5_6_list
4441,晓得,xiǎodé,知っている,6,user_hsk5_6_list
4442,笑脸,xiàoliǎn,笑顔,6,user_hsk5_6_list
4443,笑容,xiàoróng,笑み,6,user_hsk5_6_list
4444,笑声,xiàoshēng,笑い声,6,user_hsk5_6_list
4445,协会,xiéhuì,協会,6,user_hsk5_6_list
4446,协商,xiéshāng,協議,6,user_hsk5_6_list
4447,协调,xiétiáo,調整,6,user_hsk5_6_list
4448,协助,xiézhù,協力,6,user_hsk5_6_list
4449,写字楼,xiězìlóu,オフィスビル,6,user_hsk5_6_list
4450,写字台,xiězìtái,デスク,6,user_hsk5_6_list
4451,心灵,xīnlíng,心,6,user_hsk5_6_list
4452,心愿,xīnyuàn,願い,6,user_hsk5_6_list
4453,心脏,xīnzàng,心臓,6,user_hsk5_6_list
4454,心脏病,xīnzàngbìng,心臓病,6,user_hsk5_6_list
4455,新人,xīnrén,新人（また結婚式での「新郎新婦」を指すこともある）,6,user_hsk5_6_list
4456,新兴,xīnxīng,新興,6,user_hsk5_6_list
4457,薪水,xīnshui,給料,6,user_hsk5_6_list
4458,信仰,xìnyǎng,信仰,6,user_hsk5_6_list
4459,信用,xìnyòng,信用、信頼（また金融用語としての「クレジット」の意味も重要）。文語的に「信用して用いる」という動詞の用法もある,6,user_hsk5_6_list
4460,兴旺,xīngwàng,繁栄,6,user_hsk5_6_list
4461,行程,xíngchéng,旅程,6,user_hsk5_6_list
4462,形,xíng,形,6,user_hsk5_6_list
4463,凶,xiōng,凶、不吉な,6,user_hsk5_6_list
4464,凶手,xiōngshǒu,犯人,6,user_hsk5_6_list
4465,修车,xiūchē,車の修理,6,user_hsk5_6_list
4466,袖珍,xiùzhēn,ポケットサイズ,6,user_hsk5_6_list
4467,悬,xuán,宙吊り,6,user_hsk5_6_list
4468,旋转,xuánzhuǎn,回転,6,user_hsk5_6_list
4469,选拔,xuǎnbá,選抜,6,user_hsk5_6_list
4470,选举,xuǎnjǔ,選挙,6,user_hsk5_6_list
4471,学会,xuéhuì,（技能などを）身につける、マスターする（動詞用法。例：学会了游泳＝泳げるようになった。※日本語の「学会（がっかい）」＝学術団体とは意味が異なるため注意）,6,user_hsk5_6_list
4472,学员,xuéyuán,受講生,6,user_hsk5_6_list
4473,血管,xuèguǎn,血管,6,user_hsk5_6_list
4474,血液,xuèyè,血液,6,user_hsk5_6_list
4475,循环,xúnhuán,循環,6,user_hsk5_6_list
4476,压迫,yāpò,圧迫,6,user_hsk5_6_list
4477,烟花,yānhuā,花火,6,user_hsk5_6_list
4478,沿,yán,沿う,6,user_hsk5_6_list
4479,沿海,yánhǎi,沿岸,6,user_hsk5_6_list
4480,沿着,yánzhe,沿って,6,user_hsk5_6_list
4481,研发,yánfā,研究開発,6,user_hsk5_6_list
4482,眼看,yǎnkàn,目前,6,user_hsk5_6_list
4483,演奏,yǎnzòu,演奏,6,user_hsk5_6_list
4484,宴会,yànhuì,宴会,6,user_hsk5_6_list
4485,洋,yáng,西洋の、洋風の（また「海」の意も）,6,user_hsk5_6_list
4486,仰,yǎng,仰ぐ,6,user_hsk5_6_list
4487,养老,yǎnglǎo,老後,6,user_hsk5_6_list
4488,氧气,yǎngqì,酸素,6,user_hsk5_6_list
4489,样,yàng,様,6,user_hsk5_6_list
4490,药品,yàopǐn,医薬品,6,user_hsk5_6_list
4491,要不然,yàobùrán,そうでなければ,6,user_hsk5_6_list
4492,要好,yàohǎo,仲が良い,6,user_hsk5_6_list
4493,要么,yàome,あるいは,6,user_hsk5_6_list
4494,要素,yàosù,要素,6,user_hsk5_6_list
4495,野,yě,野、野原（また「野生の」の意も）,6,user_hsk5_6_list
4496,野生,yěshēng,野生,6,user_hsk5_6_list
4497,医药,yīyào,医薬,6,user_hsk5_6_list
4498,依次,yīcì,順に,6,user_hsk5_6_list
4499,依赖,yīlài,依存,6,user_hsk5_6_list
4500,一次性,yícìxìng,使い捨て,6,user_hsk5_6_list
4501,一代,yídài,第一世代,6,user_hsk5_6_list
4502,一道,yídào,一筋,6,user_hsk5_6_list
4503,一贯,yíguàn,一貫して,6,user_hsk5_6_list
4504,一路上,yílùshàng,道中,6,user_hsk5_6_list
4505,仪器,yíqì,器具,6,user_hsk5_6_list
4506,仪式,yíshì,儀式,6,user_hsk5_6_list
4507,遗憾,yíhàn,残念,6,user_hsk5_6_list
4508,一番,yìfān,一通り、一しきり（量詞的用法。例：说一番话＝一通り話す。※日本語の「一番＝No.1、最も」とは意味が異なるため注意）,6,user_hsk5_6_list
4509,一模一样,yìmúyíyàng,全く同じ,6,user_hsk5_6_list
4510,一齐,yìqí,一緒に,6,user_hsk5_6_list
4511,一时,yìshí,一時,6,user_hsk5_6_list
4512,一同,yìtóng,共に,6,user_hsk5_6_list
4513,一行,yìxíng,一行（いっこう）、同行する人々の一団（※日本語で「一行」は「1行の文章（いちぎょう）」の意味にもなるため文脈に注意）,6,user_hsk5_6_list
4514,艺人,yìrén,芸能人,6,user_hsk5_6_list
4515,议题,yìtí,議題,6,user_hsk5_6_list
4516,异常,yìcháng,異常,6,user_hsk5_6_list
4517,意想不到,yìxiǎngbùdào,思いがけない,6,user_hsk5_6_list
4518,意愿,yìyuàn,意思,6,user_hsk5_6_list
4519,因,yīn,原因,6,user_hsk5_6_list
4520,因素,yīnsù,要因,6,user_hsk5_6_list
4521,阴谋,yīnmóu,陰謀,6,user_hsk5_6_list
4522,阴影,yīnyǐng,影,6,user_hsk5_6_list
4523,音量,yīnliàng,音量,6,user_hsk5_6_list
4524,音像,yīnxiàng,映像,6,user_hsk5_6_list
4525,隐藏,yǐncáng,非表示,6,user_hsk5_6_list
4526,隐私,yǐnsī,プライバシー,6,user_hsk5_6_list
4527,印,yìn,印、しるし（また「印刷する」の動詞用法も）,6,user_hsk5_6_list
4528,英雄,yīngxióng,ヒーロー,6,user_hsk5_6_list
4529,迎来,yínglái,迎える,6,user_hsk5_6_list
4530,影迷,yǐngmí,映画ファン,6,user_hsk5_6_list
4531,影星,yǐngxīng,映画スター,6,user_hsk5_6_list
4532,应对,yìngduì,対応,6,user_hsk5_6_list
4533,应急,yìngjí,緊急時,6,user_hsk5_6_list
4534,用处,yòngchù,用途,6,user_hsk5_6_list
4535,用得着,yòngdezháo,役に立つ,6,user_hsk5_6_list
4536,用法,yòngfǎ,使い方,6,user_hsk5_6_list
4537,用品,yòngpǐn,用品、用具（多くは「生活用品」「日用品」のように複合語で使う）,6,user_hsk5_6_list
4538,用心,yòngxīn,心を込める,6,user_hsk5_6_list
4539,优质,yōuzhì,高品質,6,user_hsk5_6_list
4540,游人,yóurén,観光客,6,user_hsk5_6_list
4541,游戏机,yóuxìjī,ゲーム機,6,user_hsk5_6_list
4542,游行,yóuxíng,パレード,6,user_hsk5_6_list
4543,有关,yǒuguān,～について,6,user_hsk5_6_list
4544,有没有,yǒuméiyǒu,～はあるか,6,user_hsk5_6_list
4545,有事,yǒushì,用事がある,6,user_hsk5_6_list
4546,于,yú,～について,6,user_hsk5_6_list
4547,娱乐,yúlè,娯楽,6,user_hsk5_6_list
4548,宇航员,yǔhángyuán,宇宙飛行士,6,user_hsk5_6_list
4549,雨衣,yǔyī,レインコート,6,user_hsk5_6_list
4550,预约,yùyuē,予約,6,user_hsk5_6_list
4551,元素,yuánsù,元素,6,user_hsk5_6_list
4552,园,yuán,園,6,user_hsk5_6_list
4553,园地,yuándì,園地,6,user_hsk5_6_list
4554,原,yuán,原、元々の（また「野原」の意も）,6,user_hsk5_6_list
4555,原告,yuángào,原告,6,user_hsk5_6_list
4556,圆珠笔,yuánzhūbǐ,ボールペン,6,user_hsk5_6_list
4557,援助,yuánzhù,援助,6,user_hsk5_6_list
4558,缘故,yuángù,理由,6,user_hsk5_6_list
4559,远方,yuǎnfāng,遠方,6,user_hsk5_6_list
4560,远远,yuǎnyuǎn,はるか,6,user_hsk5_6_list
4561,约定,yuēdìng,約束,6,user_hsk5_6_list
4562,乐曲,yuèqǔ,楽曲,6,user_hsk5_6_list
4563,晕,yūn,くらくらする,6,user_hsk5_6_list
4564,运作,yùnzuò,運営,6,user_hsk5_6_list
4565,晕车,yùnchē,乗り物酔い,6,user_hsk5_6_list
4566,杂,zá,雑,6,user_hsk5_6_list
4567,再生,zàishēng,再生する、生まれ変わる（また「（資源を）リサイクルする」の意でも使う）,6,user_hsk5_6_list
4568,遭到,zāodào,被る,6,user_hsk5_6_list
4569,遭受,zāoshòu,受ける,6,user_hsk5_6_list
4570,遭遇,zāoyù,遭遇する,6,user_hsk5_6_list
4571,早晚,zǎowǎn,遅かれ早かれ,6,user_hsk5_6_list
4572,增进,zēngjìn,促進,6,user_hsk5_6_list
4573,增值,zēngzhí,付加価値,6,user_hsk5_6_list
4574,扎,zhā,しっかり,6,user_hsk5_6_list
4575,扎实,zhāshi,着実,6,user_hsk5_6_list
4576,炸,zhà,爆破,6,user_hsk5_6_list
4577,炸弹,zhàdàn,爆弾,6,user_hsk5_6_list
4578,炸药,zhàyào,爆薬,6,user_hsk5_6_list
4579,债,zhài,負債,6,user_hsk5_6_list
4580,占据,zhànjù,占拠,6,user_hsk5_6_list
4581,战场,zhànchǎng,戦場,6,user_hsk5_6_list
4582,战略,zhànlüè,戦略,6,user_hsk5_6_list
4583,战术,zhànshù,戦術,6,user_hsk5_6_list
4584,战友,zhànyǒu,戦友,6,user_hsk5_6_list
4585,站台,zhàntái,プラットフォーム,6,user_hsk5_6_list
4586,章,zhāng,章、〜章（また「バッジ」の意も）,6,user_hsk5_6_list
4587,长,zhǎng,〜長（役職を表す接尾辞、例：秘书长＝事務局長）,6,user_hsk5_6_list
4588,掌声,zhǎngshēng,拍手,6,user_hsk5_6_list
4589,账,zhàng,帳簿,6,user_hsk5_6_list
4590,账户,zhànghù,口座,6,user_hsk5_6_list
4591,涨,zhǎng,上昇,6,user_hsk5_6_list
4592,障碍,zhàng’ài,障害,6,user_hsk5_6_list
4593,招,zhāo,募集,6,user_hsk5_6_list
4594,照样,zhàoyàng,相変わらず,6,user_hsk5_6_list
4595,照耀,zhàoyào,照らす,6,user_hsk5_6_list
4596,哲学,zhéxué,哲学,6,user_hsk5_6_list
4597,这就是说,zhèjiùshìshuō,つまり,6,user_hsk5_6_list
4598,镇,zhèn,町,6,user_hsk5_6_list
4599,争夺,zhēngduó,争奪,6,user_hsk5_6_list
4600,整顿,zhěngdùn,整備,6,user_hsk5_6_list
4601,整治,zhěngzhì,是正,6,user_hsk5_6_list
4602,正当,zhèngdāng,正当な、適切な（形容詞）。また「ちょうど〜する時に」という意味でも使う（例：正当我准备走的时候）,6,user_hsk5_6_list
4603,政策,zhèngcè,政策,6,user_hsk5_6_list
4604,政党,zhèngdǎng,政党,6,user_hsk5_6_list
4605,政权,zhèngquán,政権,6,user_hsk5_6_list
4606,症状,zhèngzhuàng,症状,6,user_hsk5_6_list
4607,之类,zhīlèi,など,6,user_hsk5_6_list
4608,支撑,zhīchēng,支え,6,user_hsk5_6_list
4609,支援,zhīyuán,支援,6,user_hsk5_6_list
4610,枝,zhī,枝（木の枝。ペンなどを数える量詞としても使う）,6,user_hsk5_6_list
4611,知名,zhīmíng,有名,6,user_hsk5_6_list
4612,织,zhī,織る,6,user_hsk5_6_list
4613,直升机,zhíshēngjī,ヘリコプター,6,user_hsk5_6_list
4614,职责,zhízé,職責,6,user_hsk5_6_list
4615,止,zhǐ,止まる,6,user_hsk5_6_list
4616,只得,zhǐdé,しか,6,user_hsk5_6_list
4617,只顾,zhǐgù,ばかり,6,user_hsk5_6_list
4618,只管,zhǐguǎn,ばかり,6,user_hsk5_6_list
4619,指定,zhǐdìng,指定,6,user_hsk5_6_list
4620,指数,zhǐshù,指数、指標（数学の「指数（exponent）」の意味も、経済などの「指数（index）」の意味もある）,6,user_hsk5_6_list
4621,指头,zhǐtou,指,6,user_hsk5_6_list
4622,指着,zhǐzhe,指さす,6,user_hsk5_6_list
4623,至于,zhìyú,さて,6,user_hsk5_6_list
4624,治病,zhìbìng,治療,6,user_hsk5_6_list
4625,智慧,zhìhuì,知恵,6,user_hsk5_6_list
4626,中等,zhōngděng,中等,6,user_hsk5_6_list
4627,中华,zhōnghuá,中華,6,user_hsk5_6_list
4628,中期,zhōngqī,中期,6,user_hsk5_6_list
4629,中外,zhōngwài,中国と外国、国内外（「中国」と「外国」を合わせた特有の表現）,6,user_hsk5_6_list
4630,忠心,zhōngxīn,忠誠,6,user_hsk5_6_list
4631,钟头,zhōngtóu,時間,6,user_hsk5_6_list
4632,肿,zhǒng,腫れ,6,user_hsk5_6_list
4633,种种,zhǒngzhǒng,様々な,6,user_hsk5_6_list
4634,粥,zhōu,お粥,6,user_hsk5_6_list
4635,珠宝,zhūbǎo,宝石,6,user_hsk5_6_list
4636,诸位,zhūwèi,皆様,6,user_hsk5_6_list
4637,主持人,zhǔchírén,司会者,6,user_hsk5_6_list
4638,主角,zhǔjué,主人公,6,user_hsk5_6_list
4639,主流,zhǔliú,主流,6,user_hsk5_6_list
4640,煮,zhǔ,煮る,6,user_hsk5_6_list
4641,住宅,zhùzhái,住宅,6,user_hsk5_6_list
4642,驻,zhù,駐在,6,user_hsk5_6_list
4643,柱子,zhùzi,柱,6,user_hsk5_6_list
4644,祝愿,zhùyuàn,願い,6,user_hsk5_6_list
4645,专用,zhuānyòng,専用,6,user_hsk5_6_list
4646,转,zhuàn,回る,6,user_hsk5_6_list
4647,转动,zhuàndòng,回転する,6,user_hsk5_6_list
4648,赚钱,zhuànqián,お金を稼ぐ,6,user_hsk5_6_list
4649,装备,zhuāngbèi,装備,6,user_hsk5_6_list
4650,壮观,zhuàngguān,壮観,6,user_hsk5_6_list
4651,追究,zhuījiū,追及,6,user_hsk5_6_list
4652,捉,zhuō,捕まえる,6,user_hsk5_6_list
4653,咨询,zīxún,相談,6,user_hsk5_6_list
4654,自来水,zìláishuǐ,水道水,6,user_hsk5_6_list
4655,自我,zìwǒ,自己,6,user_hsk5_6_list
4656,自言自语,zìyánzìyǔ,独り言,6,user_hsk5_6_list
4657,自在,zìzài,自由,6,user_hsk5_6_list
4658,宗教,zōngjiào,宗教,6,user_hsk5_6_list
4659,总部,zǒngbù,本部,6,user_hsk5_6_list
4660,总监,zǒngjiān,ディレクター,6,user_hsk5_6_list
4661,总经理,zǒngjīnglǐ,総支配人,6,user_hsk5_6_list
4662,总量,zǒngliàng,総量,6,user_hsk5_6_list
4663,走私,zǒusī,密輸,6,user_hsk5_6_list
4664,奏,zòu,奏でる,6,user_hsk5_6_list
4665,租金,zūjīn,家賃,6,user_hsk5_6_list
4666,足,zú,十分,6,user_hsk5_6_list
4667,足以,zúyǐ,十分にある,6,user_hsk5_6_list
4668,族,zú,〜族（民族・グループを表す語、例：家族）,6,user_hsk5_6_list
4669,族,zú,〜族（グループを表す接尾辞、例：上班族＝サラリーマン）,6,user_hsk5_6_list
4670,祖父,zǔfù,（父方の）祖父 ※書き言葉。口語では「爷爷」を使う,6,user_hsk5_6_list
4671,祖国,zǔguó,祖国、母国（自国を親しみを込めて呼ぶ、やや愛国的なニュアンスを含む）,6,user_hsk5_6_list
4672,祖母,zǔmǔ,（父方の）祖母 ※書き言葉。口語では「奶奶」を使う,6,user_hsk5_6_list
4673,钻,zuàn,ドリル,6,user_hsk5_6_list
4674,最佳,zuìjiā,最高,6,user_hsk5_6_list
4675,罪,zuì,罪,6,user_hsk5_6_list
4676,罪恶,zuìè,罪悪,6,user_hsk5_6_list
4677,作,zuò,作る、行う（動詞用法。また「作品」のように名詞的にも使う）,6,user_hsk5_6_list
4678,作废,zuòfèi,無効,6,user_hsk5_6_list
4679,作战,zuòzhàn,戦闘,6,user_hsk5_6_list
4680,座谈会,zuòtánhuì,座談会,6,user_hsk5_6_list
